subject,hearing_status,group_HI,trial_index,correct,score,r_att_envelope,r_ign_envelope,diff_envelope,r_att_onset,r_ign_onset,diff_onset,r_diff_combined,subject_decoding_accuracy,subject_n_trials,subject_n_features,predictor_names,input_path,tstart,tstop,basis,basis_window,test,partitions,error,selective_stopping,scale_data,score_mode,feature_weights,summary_path,trial_csv_path
sub-001,,,0,1,0.0750237347317015,0.1069121409915486,0.0452544361315807,0.0616577048599678,0.1330782293872634,0.0446884647838281,0.0883897646034352,0.0750237347317015,0.9375,32,2,"envelope,onset",data/processed/env_onset/sub-001_mtrf_env_onset.npz,-0.5,0.0,0.05,hamming,1,,l2,1,True,mean,"1.0,1.0",results_env_onset\sub-001\sub-001_backward_mtrf_env_onset.summary.json,results_env_onset\sub-001\sub-001_backward_mtrf_env_onset.trial_results.csv
sub-001,,,1,1,0.1295501185165273,0.1550281279572823,0.0157468504533054,0.1392812775039769,0.1777186931480653,0.0578997336189876,0.1198189595290777,0.1295501185165273,0.9375,32,2,"envelope,onset",data/processed/env_onset/sub-001_mtrf_env_onset.npz,-0.5,0.0,0.05,hamming,1,,l2,1,True,mean,"1.0,1.0",results_env_onset\sub-001\sub-001_backward_mtrf_env_onset.summary.json,results_env_onset\sub-001\sub-001_backward_mtrf_env_onset.trial_results.csv
sub-001,,,2,1,0.100021799679509,0.0703987505174224,-0.0081138507991146,0.078512601316537,0.0834314537085973,-0.0380995443338837,0.1215309980424811,0.100021799679509,0.9375,32,2,"envelope,onset",data/processed/env_onset/sub-001_mtrf_env_onset.npz,-0.5,0.0,0.05,hamming,1,,l2,1,True,mean,"1.0,1.0",results_env_onset\sub-001\sub-001_backward_mtrf_env_onset.summary.json,results_env_onset\sub-001\sub-001_backward_mtrf_env_onset.trial_results.csv
sub-001,,,3,0,-0.0189670177846236,0.1176748498219625,0.0839602143379485,0.0337146354840139,0.04895272093117,0.1206013919844312,-0.0716486710532611,-0.0189670177846236,0.9375,32,2,"envelope,onset",data/processed/env_onset/sub-001_mtrf_env_onset.npz,-0.5,0.0,0.05,hamming,1,,l2,1,True,mean,"1.0,1.0",results_env_onset\sub-001\sub-001_backward_mtrf_env_onset.summary.json,results_env_onset\sub-001\sub-001_backward_mtrf_env_onset.trial_results.csv
sub-001,,,4,1,0.1232319149460431,0.0685914827928526,-0.0316454187014001,0.1002369014942527,0.1129758780382539,-0.0332510503595795,0.1462269283978334,0.1232319149460431,0.9375,32,2,"envelope,onset",data/processed/env_onset/sub-001_mtrf_env_onset.npz,-0.5,0.0,0.05,hamming,1,,l2,1,True,mean,"1.0,1.0",results_env_onset\sub-001\sub-001_backward_mtrf_env_onset.summary.json,results_env_onset\sub-001\sub-001_backward_mtrf_env_onset.trial_results.csv
sub-001,,,5,1,0.0435838611837029,0.108550747751439,0.0363158001935098,0.0722349475579291,0.1097132538291662,0.0947804790196894,0.0149327748094767,0.0435838611837029,0.9375,32,2,"envelope,onset",data/processed/env_onset/sub-001_mtrf_env_onset.npz,-0.5,0.0,0.05,hamming,1,,l2,1,True,mean,"1.0,1.0",results_env_onset\sub-001\sub-001_backward_mtrf_env_onset.summary.json,results_env_onset\sub-001\sub-001_backward_mtrf_env_onset.trial_results.csv
sub-001,,,6,1,0.1118159034446914,0.153606139309526,0.0261186327284768,0.1274875065810491,0.1260724019071377,0.029928101598804,0.0961443003083336,0.1118159034446914,0.9375,32,2,"envelope,onset",data/processed/env_onset/sub-001_mtrf_env_onset.npz,-0.5,0.0,0.05,hamming,1,,l2,1,True,mean,"1.0,1.0",results_env_onset\sub-001\sub-001_backward_mtrf_env_onset.summary.json,results_env_onset\sub-001\sub-001_backward_mtrf_env_onset.trial_results.csv
sub-001,,,7,1,0.0795106341045098,0.1499701871568614,0.0271745736029335,0.1227956135539278,0.1326356537734587,0.0964099991183668,0.0362256546550918,0.0795106341045098,0.9375,32,2,"envelope,onset",data/processed/env_onset/sub-001_mtrf_env_onset.npz,-0.5,0.0,0.05,hamming,1,,l2,1,True,mean,"1.0,1.0",results_env_onset\sub-001\sub-001_backward_mtrf_env_onset.summary.json,results_env_onset\sub-001\sub-001_backward_mtrf_env_onset.trial_results.csv
sub-001,,,8,1,0.0834096180045597,0.1635635044765271,0.0503282351105648,0.1132352693659622,0.1660444324686735,0.1124604658255163,0.0535839666431572,0.0834096180045597,0.9375,32,2,"envelope,onset",data/processed/env_onset/sub-001_mtrf_env_onset.npz,-0.5,0.0,0.05,hamming,1,,l2,1,True,mean,"1.0,1.0",results_env_onset\sub-001\sub-001_backward_mtrf_env_onset.summary.json,results_env_onset\sub-001\sub-001_backward_mtrf_env_onset.trial_results.csv
sub-001,,,9,1,0.0044910189029927,0.0213888994307887,-0.0142848376225617,0.0356737370533505,-0.0098395479229387,0.0168521513244261,-0.0266916992473649,0.0044910189029927,0.9375,32,2,"envelope,onset",data/processed/env_onset/sub-001_mtrf_env_onset.npz,-0.5,0.0,0.05,hamming,1,,l2,1,True,mean,"1.0,1.0",results_env_onset\sub-001\sub-001_backward_mtrf_env_onset.summary.json,results_env_onset\sub-001\sub-001_backward_mtrf_env_onset.trial_results.csv
sub-001,,,10,1,0.0475364802391222,0.1502589633500531,0.053484678811119,0.0967742845389341,0.1252259837376148,0.1269273077983045,-0.0017013240606896,0.0475364802391222,0.9375,32,2,"envelope,onset",data/processed/env_onset/sub-001_mtrf_env_onset.npz,-0.5,0.0,0.05,hamming,1,,l2,1,True,mean,"1.0,1.0",results_env_onset\sub-001\sub-001_backward_mtrf_env_onset.summary.json,results_env_onset\sub-001\sub-001_backward_mtrf_env_onset.trial_results.csv
sub-001,,,11,1,0.0983536461572696,0.1286803480767036,0.0447138062956117,0.0839665417810918,0.168115053384161,0.0553743028507135,0.1127407505334475,0.0983536461572696,0.9375,32,2,"envelope,onset",data/processed/env_onset/sub-001_mtrf_env_onset.npz,-0.5,0.0,0.05,hamming,1,,l2,1,True,mean,"1.0,1.0",results_env_onset\sub-001\sub-001_backward_mtrf_env_onset.summary.json,results_env_onset\sub-001\sub-001_backward_mtrf_env_onset.trial_results.csv
sub-001,,,12,1,0.0873684272715772,0.1299783519054138,0.0824482198561255,0.0475301320492883,0.1674752677124757,0.0402685452186095,0.1272067224938662,0.0873684272715772,0.9375,32,2,"envelope,onset",data/processed/env_onset/sub-001_mtrf_env_onset.npz,-0.5,0.0,0.05,hamming,1,,l2,1,True,mean,"1.0,1.0",results_env_onset\sub-001\sub-001_backward_mtrf_env_onset.summary.json,results_env_onset\sub-001\sub-001_backward_mtrf_env_onset.trial_results.csv
sub-001,,,13,1,0.1421110700801,0.111889761050815,-0.0323774742648009,0.1442672353156159,0.1070846786430387,-0.0328702262015454,0.1399549048445841,0.1421110700801,0.9375,32,2,"envelope,onset",data/processed/env_onset/sub-001_mtrf_env_onset.npz,-0.5,0.0,0.05,hamming,1,,l2,1,True,mean,"1.0,1.0",results_env_onset\sub-001\sub-001_backward_mtrf_env_onset.summary.json,results_env_onset\sub-001\sub-001_backward_mtrf_env_onset.trial_results.csv
sub-001,,,14,1,0.1201168184699177,0.1099752422379889,0.0174625240581317,0.0925127181798571,0.1695507850780528,0.0218298663180745,0.1477209187599782,0.1201168184699177,0.9375,32,2,"envelope,onset",data/processed/env_onset/sub-001_mtrf_env_onset.npz,-0.5,0.0,0.05,hamming,1,,l2,1,True,mean,"1.0,1.0",results_env_onset\sub-001\sub-001_backward_mtrf_env_onset.summary.json,results_env_onset\sub-001\sub-001_backward_mtrf_env_onset.trial_results.csv
sub-001,,,15,1,0.0669386811319301,0.0828326670215239,0.037939353947011,0.0448933130745129,0.1193160668574746,0.0303320176681271,0.0889840491893474,0.0669386811319301,0.9375,32,2,"envelope,onset",data/processed/env_onset/sub-001_mtrf_env_onset.npz,-0.5,0.0,0.05,hamming,1,,l2,1,True,mean,"1.0,1.0",results_env_onset\sub-001\sub-001_backward_mtrf_env_onset.summary.json,results_env_onset\sub-001\sub-001_backward_mtrf_env_onset.trial_results.csv
sub-001,,,16,1,0.035357526875592,0.0565018019430463,0.0298255244574599,0.0266762774855864,0.1021534768334732,0.0581147005678755,0.0440387762655976,0.035357526875592,0.9375,32,2,"envelope,onset",data/processed/env_onset/sub-001_mtrf_env_onset.npz,-0.5,0.0,0.05,hamming,1,,l2,1,True,mean,"1.0,1.0",results_env_onset\sub-001\sub-001_backward_mtrf_env_onset.summary.json,results_env_onset\sub-001\sub-001_backward_mtrf_env_onset.trial_results.csv
sub-001,,,17,1,0.1537697834533776,0.1479727932968087,-0.0034378001892202,0.1514105934860289,0.1621323857371572,0.0060034123164308,0.1561289734207263,0.1537697834533776,0.9375,32,2,"envelope,onset",data/processed/env_onset/sub-001_mtrf_env_onset.npz,-0.5,0.0,0.05,hamming,1,,l2,1,True,mean,"1.0,1.0",results_env_onset\sub-001\sub-001_backward_mtrf_env_onset.summary.json,results_env_onset\sub-001\sub-001_backward_mtrf_env_onset.trial_results.csv
sub-001,,,18,1,0.0036074263948804,0.1014335547718304,0.1028425549777139,-0.0014090002058834,0.08708864201105,0.0784647890154055,0.0086238529956444,0.0036074263948804,0.9375,32,2,"envelope,onset",data/processed/env_onset/sub-001_mtrf_env_onset.npz,-0.5,0.0,0.05,hamming,1,,l2,1,True,mean,"1.0,1.0",results_env_onset\sub-001\sub-001_backward_mtrf_env_onset.summary.json,results_env_onset\sub-001\sub-001_backward_mtrf_env_onset.trial_results.csv
sub-001,,,19,1,0.0028992988049991,0.068334823667822,0.0670997728343573,0.0012350508334647,0.0624055298858454,0.0578419831093118,0.0045635467765336,0.0028992988049991,0.9375,32,2,"envelope,onset",data/processed/env_onset/sub-001_mtrf_env_onset.npz,-0.5,0.0,0.05,hamming,1,,l2,1,True,mean,"1.0,1.0",results_env_onset\sub-001\sub-001_backward_mtrf_env_onset.summary.json,results_env_onset\sub-001\sub-001_backward_mtrf_env_onset.trial_results.csv
sub-001,,,20,1,0.0288717073276024,0.1109781246694435,0.0903999699933966,0.0205781546760469,0.1160245513506787,0.0788592913715208,0.0371652599791579,0.0288717073276024,0.9375,32,2,"envelope,onset",data/processed/env_onset/sub-001_mtrf_env_onset.npz,-0.5,0.0,0.05,hamming,1,,l2,1,True,mean,"1.0,1.0",results_env_onset\sub-001\sub-001_backward_mtrf_env_onset.summary.json,results_env_onset\sub-001\sub-001_backward_mtrf_env_onset.trial_results.csv
sub-001,,,21,1,0.1045267351483695,0.1261571701621575,0.0174490619423936,0.1087081082197639,0.0893624856992701,-0.0109828763777048,0.100345362076975,0.1045267351483695,0.9375,32,2,"envelope,onset",data/processed/env_onset/sub-001_mtrf_env_onset.npz,-0.5,0.0,0.05,hamming,1,,l2,1,True,mean,"1.0,1.0",results_env_onset\sub-001\sub-001_backward_mtrf_env_onset.summary.json,results_env_onset\sub-001\sub-001_backward_mtrf_env_onset.trial_results.csv
sub-001,,,22,0,-0.01874479904251,0.1228852300267693,0.122939404318424,-5.417429165470444e-05,0.1015166129417484,0.1389520367351138,-0.0374354237933654,-0.01874479904251,0.9375,32,2,"envelope,onset",data/processed/env_onset/sub-001_mtrf_env_onset.npz,-0.5,0.0,0.05,hamming,1,,l2,1,True,mean,"1.0,1.0",results_env_onset\sub-001\sub-001_backward_mtrf_env_onset.summary.json,results_env_onset\sub-001\sub-001_backward_mtrf_env_onset.trial_results.csv
sub-001,,,23,1,0.0655206762423683,0.1149633897581549,0.0442130576169163,0.0707503321412385,0.1184097308672302,0.0581187105237321,0.0602910203434981,0.0655206762423683,0.9375,32,2,"envelope,onset",data/processed/env_onset/sub-001_mtrf_env_onset.npz,-0.5,0.0,0.05,hamming,1,,l2,1,True,mean,"1.0,1.0",results_env_onset\sub-001\sub-001_backward_mtrf_env_onset.summary.json,results_env_onset\sub-001\sub-001_backward_mtrf_env_onset.trial_results.csv
sub-001,,,24,1,0.0400926829842198,0.1257564512116172,0.0760674149963533,0.0496890362152639,0.1096004768802966,0.0791041471271209,0.0304963297531757,0.0400926829842198,0.9375,32,2,"envelope,onset",data/processed/env_onset/sub-001_mtrf_env_onset.npz,-0.5,0.0,0.05,hamming,1,,l2,1,True,mean,"1.0,1.0",results_env_onset\sub-001\sub-001_backward_mtrf_env_onset.summary.json,results_env_onset\sub-001\sub-001_backward_mtrf_env_onset.trial_results.csv
sub-001,,,25,1,0.0660198946171725,0.1282570966649948,0.0548233560102751,0.0734337406547197,0.1417414628459609,0.0831354142663356,0.0586060485796253,0.0660198946171725,0.9375,32,2,"envelope,onset",data/processed/env_onset/sub-001_mtrf_env_onset.npz,-0.5,0.0,0.05,hamming,1,,l2,1,True,mean,"1.0,1.0",results_env_onset\sub-001\sub-001_backward_mtrf_env_onset.summary.json,results_env_onset\sub-001\sub-001_backward_mtrf_env_onset.trial_results.csv
sub-001,,,26,1,0.0389628016426373,0.1593608098076286,0.1351530130325209,0.0242077967751076,0.1893092984311491,0.1355914919209821,0.053717806510167,0.0389628016426373,0.9375,32,2,"envelope,onset",data/processed/env_onset/sub-001_mtrf_env_onset.npz,-0.5,0.0,0.05,hamming,1,,l2,1,True,mean,"1.0,1.0",results_env_onset\sub-001\sub-001_backward_mtrf_env_onset.summary.json,results_env_onset\sub-001\sub-001_backward_mtrf_env_onset.trial_results.csv
sub-001,,,27,1,0.0221301791288855,0.0950014109757792,0.0775797827762411,0.017421628199538,0.0639500792572131,0.03711134919898,0.026838730058233,0.0221301791288855,0.9375,32,2,"envelope,onset",data/processed/env_onset/sub-001_mtrf_env_onset.npz,-0.5,0.0,0.05,hamming,1,,l2,1,True,mean,"1.0,1.0",results_env_onset\sub-001\sub-001_backward_mtrf_env_onset.summary.json,results_env_onset\sub-001\sub-001_backward_mtrf_env_onset.trial_results.csv
sub-001,,,28,1,0.0144420936665658,0.0674953489301831,0.062813347130095,0.004682001800088,0.1113371089040268,0.0871349233709831,0.0242021855330436,0.0144420936665658,0.9375,32,2,"envelope,onset",data/processed/env_onset/sub-001_mtrf_env_onset.npz,-0.5,0.0,0.05,hamming,1,,l2,1,True,mean,"1.0,1.0",results_env_onset\sub-001\sub-001_backward_mtrf_env_onset.summary.json,results_env_onset\sub-001\sub-001_backward_mtrf_env_onset.trial_results.csv
sub-001,,,29,1,0.0664714507896806,0.1250612042002216,0.0377126887347203,0.0873485154655012,0.1516085562725642,0.1060141701587042,0.0455943861138599,0.0664714507896806,0.9375,32,2,"envelope,onset",data/processed/env_onset/sub-001_mtrf_env_onset.npz,-0.5,0.0,0.05,hamming,1,,l2,1,True,mean,"1.0,1.0",results_env_onset\sub-001\sub-001_backward_mtrf_env_onset.summary.json,results_env_onset\sub-001\sub-001_backward_mtrf_env_onset.trial_results.csv
sub-001,,,30,1,0.0954061261010908,0.1630779699104115,0.0543533936573717,0.1087245762530398,0.1509245646633785,0.0688368887142366,0.0820876759491418,0.0954061261010908,0.9375,32,2,"envelope,onset",data/processed/env_onset/sub-001_mtrf_env_onset.npz,-0.5,0.0,0.05,hamming,1,,l2,1,True,mean,"1.0,1.0",results_env_onset\sub-001\sub-001_backward_mtrf_env_onset.summary.json,results_env_onset\sub-001\sub-001_backward_mtrf_env_onset.trial_results.csv
sub-001,,,31,1,0.0319091487421484,0.1445966883566302,0.1261471869262405,0.0184495014303896,0.142999927992439,0.0976311319385317,0.0453687960539072,0.0319091487421484,0.9375,32,2,"envelope,onset",data/processed/env_onset/sub-001_mtrf_env_onset.npz,-0.5,0.0,0.05,hamming,1,,l2,1,True,mean,"1.0,1.0",results_env_onset\sub-001\sub-001_backward_mtrf_env_onset.summary.json,results_env_onset\sub-001\sub-001_backward_mtrf_env_onset.trial_results.csv
sub-002,,,0,1,0.1311876005010738,0.0887811066470372,-0.0437374077236322,0.1325185143706695,0.1344156617587828,0.0045589751273045,0.1298566866314782,0.1311876005010738,0.9375,32,2,"envelope,onset",data/processed/env_onset/sub-002_mtrf_env_onset.npz,-0.5,0.0,0.05,hamming,1,,l2,1,True,mean,"1.0,1.0",results_env_onset\sub-002\sub-002_backward_mtrf_env_onset.summary.json,results_env_onset\sub-002\sub-002_backward_mtrf_env_onset.trial_results.csv
sub-002,,,1,1,0.1014698107597163,0.1433891669944425,0.0208089713023602,0.1225801956920823,0.1439408925518923,0.063581466724542,0.0803594258273503,0.1014698107597163,0.9375,32,2,"envelope,onset",data/processed/env_onset/sub-002_mtrf_env_onset.npz,-0.5,0.0,0.05,hamming,1,,l2,1,True,mean,"1.0,1.0",results_env_onset\sub-002\sub-002_backward_mtrf_env_onset.summary.json,results_env_onset\sub-002\sub-002_backward_mtrf_env_onset.trial_results.csv
sub-002,,,2,1,0.0851612062659767,0.1475708287582009,0.0491342678294926,0.0984365609287082,0.0984532902454757,0.0265674386422306,0.0718858516032451,0.0851612062659767,0.9375,32,2,"envelope,onset",data/processed/env_onset/sub-002_mtrf_env_onset.npz,-0.5,0.0,0.05,hamming,1,,l2,1,True,mean,"1.0,1.0",results_env_onset\sub-002\sub-002_backward_mtrf_env_onset.summary.json,results_env_onset\sub-002\sub-002_backward_mtrf_env_onset.trial_results.csv
sub-002,,,3,1,0.1988025344167467,0.1551307791698665,-0.0424202523319925,0.197551031501859,0.1653840877894859,-0.0346699495421485,0.2000540373316345,0.1988025344167467,0.9375,32,2,"envelope,onset",data/processed/env_onset/sub-002_mtrf_env_onset.npz,-0.5,0.0,0.05,hamming,1,,l2,1,True,mean,"1.0,1.0",results_env_onset\sub-002\sub-002_backward_mtrf_env_onset.summary.json,results_env_onset\sub-002\sub-002_backward_mtrf_env_onset.trial_results.csv
sub-002,,,4,1,0.0663866191083759,0.0977780456126194,0.0032000920659244,0.0945779535466949,0.0565550468450898,0.0183597621750329,0.0381952846700568,0.0663866191083759,0.9375,32,2,"envelope,onset",data/processed/env_onset/sub-002_mtrf_env_onset.npz,-0.5,0.0,0.05,hamming,1,,l2,1,True,mean,"1.0,1.0",results_env_onset\sub-002\sub-002_backward_mtrf_env_onset.summary.json,results_env_onset\sub-002\sub-002_backward_mtrf_env_onset.trial_results.csv
sub-002,,,5,1,0.1008458897763238,0.1556117106938228,0.0409228331739037,0.114688877519919,0.1148405823371539,0.0278376803044252,0.0870029020327286,0.1008458897763238,0.9375,32,2,"envelope,onset",data/processed/env_onset/sub-002_mtrf_env_onset.npz,-0.5,0.0,0.05,hamming,1,,l2,1,True,mean,"1.0,1.0",results_env_onset\sub-002\sub-002_backward_mtrf_env_onset.summary.json,results_env_onset\sub-002\sub-002_backward_mtrf_env_onset.trial_results.csv
sub-002,,,6,1,0.1101348504163188,0.1337446178852381,0.0315747049680637,0.1021699129171744,0.1407742548315639,0.0226744669161006,0.1180997879154632,0.1101348504163188,0.9375,32,2,"envelope,onset",data/processed/env_onset/sub-002_mtrf_env_onset.npz,-0.5,0.0,0.05,hamming,1,,l2,1,True,mean,"1.0,1.0",results_env_onset\sub-002\sub-002_backward_mtrf_env_onset.summary.json,results_env_onset\sub-002\sub-002_backward_mtrf_env_onset.trial_results.csv
sub-002,,,7,1,0.0929293299725959,0.1551008800188081,0.0337164862128042,0.1213843938060038,0.1137231668786613,0.0492489007394734,0.0644742661391879,0.0929293299725959,0.9375,32,2,"envelope,onset",data/processed/env_onset/sub-002_mtrf_env_onset.npz,-0.5,0.0,0.05,hamming,1,,l2,1,True,mean,"1.0,1.0",results_env_onset\sub-002\sub-002_backward_mtrf_env_onset.summary.json,results_env_onset\sub-002\sub-002_backward_mtrf_env_onset.trial_results.csv
sub-002,,,8,1,0.1617715786129007,0.1408019130577443,-0.0640706171623215,0.2048725302200658,0.0902704359325104,-0.0284001910732251,0.1186706270057355,0.1617715786129007,0.9375,32,2,"envelope,onset",data/processed/env_onset/sub-002_mtrf_env_onset.npz,-0.5,0.0,0.05,hamming,1,,l2,1,True,mean,"1.0,1.0",results_env_onset\sub-002\sub-002_backward_mtrf_env_onset.summary.json,results_env_onset\sub-002\sub-002_backward_mtrf_env_onset.trial_results.csv
sub-002,,,9,1,0.1318550259169174,0.0166490688998331,-0.110599711375507,0.1272487802753402,0.0298763701599444,-0.1065849013985501,0.1364612715584946,0.1318550259169174,0.9375,32,2,"envelope,onset",data/processed/env_onset/sub-002_mtrf_env_onset.npz,-0.5,0.0,0.05,hamming,1,,l2,1,True,mean,"1.0,1.0",results_env_onset\sub-002\sub-002_backward_mtrf_env_onset.summary.json,results_env_onset\sub-002\sub-002_backward_mtrf_env_onset.trial_results.csv
sub-002,,,10,1,0.0744343857231483,0.1210893089877415,0.0698771553052356,0.0512121536825059,0.1466189293934924,0.0489623116297016,0.0976566177637908,0.0744343857231483,0.9375,32,2,"envelope,onset",data/processed/env_onset/sub-002_mtrf_env_onset.npz,-0.5,0.0,0.05,hamming,1,,l2,1,True,mean,"1.0,1.0",results_env_onset\sub-002\sub-002_backward_mtrf_env_onset.summary.json,results_env_onset\sub-002\sub-002_backward_mtrf_env_onset.trial_results.csv
sub-002,,,11,1,0.1548901777572266,0.1322220008240156,-0.0420323848192359,0.1742543856432516,0.1310551317981592,-0.0044708380730423,0.1355259698712016,0.1548901777572266,0.9375,32,2,"envelope,onset",data/processed/env_onset/sub-002_mtrf_env_onset.npz,-0.5,0.0,0.05,hamming,1,,l2,1,True,mean,"1.0,1.0",results_env_onset\sub-002\sub-002_backward_mtrf_env_onset.summary.json,results_env_onset\sub-002\sub-002_backward_mtrf_env_onset.trial_results.csv
sub-002,,,12,1,0.101353352480501,0.1506295144090771,0.0382510430370092,0.1123784713720678,0.1084140964714548,0.0180858628825205,0.0903282335889342,0.101353352480501,0.9375,32,2,"envelope,onset",data/processed/env_onset/sub-002_mtrf_env_onset.npz,-0.5,0.0,0.05,hamming,1,,l2,1,True,mean,"1.0,1.0",results_env_onset\sub-002\sub-002_backward_mtrf_env_onset.summary.json,results_env_onset\sub-002\sub-002_backward_mtrf_env_onset.trial_results.csv
sub-002,,,13,1,0.1473997076271877,0.1237695624660248,-0.0286899170590434,0.1524594795250682,0.1305920764563019,-0.0117478592730053,0.1423399357293072,0.1473997076271877,0.9375,32,2,"envelope,onset",data/processed/env_onset/sub-002_mtrf_env_onset.npz,-0.5,0.0,0.05,hamming,1,,l2,1,True,mean,"1.0,1.0",results_env_onset\sub-002\sub-002_backward_mtrf_env_onset.summary.json,results_env_onset\sub-002\sub-002_backward_mtrf_env_onset.trial_results.csv
sub-002,,,14,1,0.122631571859697,0.1001488333707428,-0.0380036281036038,0.1381524614743466,0.1139832556179502,0.0068725733729027,0.1071106822450474,0.122631571859697,0.9375,32,2,"envelope,onset",data/processed/env_onset/sub-002_mtrf_env_onset.npz,-0.5,0.0,0.05,hamming,1,,l2,1,True,mean,"1.0,1.0",results_env_onset\sub-002\sub-002_backward_mtrf_env_onset.summary.json,results_env_onset\sub-002\sub-002_backward_mtrf_env_onset.trial_results.csv
sub-002,,,15,1,0.1077754379917881,0.0680142700482635,-0.0629521927398504,0.1309664627881139,0.0787196138346735,-0.0058647993607887,0.0845844131954622,0.1077754379917881,0.9375,32,2,"envelope,onset",data/processed/env_onset/sub-002_mtrf_env_onset.npz,-0.5,0.0,0.05,hamming,1,,l2,1,True,mean,"1.0,1.0",results_env_onset\sub-002\sub-002_backward_mtrf_env_onset.summary.json,results_env_onset\sub-002\sub-002_backward_mtrf_env_onset.trial_results.csv
sub-002,,,16,1,0.0558653685006357,0.1313789493917844,0.0551071300827364,0.0762718193090479,0.1025980457595645,0.0671391280673411,0.0354589176922234,0.0558653685006357,0.9375,32,2,"envelope,onset",data/processed/env_onset/sub-002_mtrf_env_onset.npz,-0.5,0.0,0.05,hamming,1,,l2,1,True,mean,"1.0,1.0",results_env_onset\sub-002\sub-002_backward_mtrf_env_onset.summary.json,results_env_onset\sub-002\sub-002_backward_mtrf_env_onset.trial_results.csv
sub-002,,,17,1,0.1471566008498094,0.1741231898718357,0.0174901124704296,0.156633077401406,0.1440372580393712,0.0063571337411584,0.1376801242982127,0.1471566008498094,0.9375,32,2,"envelope,onset",data/processed/env_onset/sub-002_mtrf_env_onset.npz,-0.5,0.0,0.05,hamming,1,,l2,1,True,mean,"1.0,1.0",results_env_onset\sub-002\sub-002_backward_mtrf_env_onset.summary.json,results_env_onset\sub-002\sub-002_backward_mtrf_env_onset.trial_results.csv
sub-002,,,18,1,0.1613788404218377,0.2322387829622313,0.0619290438494658,0.1703097391127654,0.2269112718686012,0.0744633301376913,0.1524479417309099,0.1613788404218377,0.9375,32,2,"envelope,onset",data/processed/env_onset/sub-002_mtrf_env_onset.npz,-0.5,0.0,0.05,hamming,1,,l2,1,True,mean,"1.0,1.0",results_env_onset\sub-002\sub-002_backward_mtrf_env_onset.summary.json,results_env_onset\sub-002\sub-002_backward_mtrf_env_onset.trial_results.csv
sub-002,,,19,1,0.1168508388870332,0.1499134364653088,0.0107414469987725,0.1391719894665363,0.1031125339826992,0.008582845675169,0.0945296883075301,0.1168508388870332,0.9375,32,2,"envelope,onset",data/processed/env_onset/sub-002_mtrf_env_onset.npz,-0.5,0.0,0.05,hamming,1,,l2,1,True,mean,"1.0,1.0",results_env_onset\sub-002\sub-002_backward_mtrf_env_onset.summary.json,results_env_onset\sub-002\sub-002_backward_mtrf_env_onset.trial_results.csv
sub-002,,,20,1,0.0426849763389848,0.1203913019268081,0.0507452443524915,0.0696460575743165,0.0877594851586279,0.0720355900549748,0.0157238951036531,0.0426849763389848,0.9375,32,2,"envelope,onset",data/processed/env_onset/sub-002_mtrf_env_onset.npz,-0.5,0.0,0.05,hamming,1,,l2,1,True,mean,"1.0,1.0",results_env_onset\sub-002\sub-002_backward_mtrf_env_onset.summary.json,results_env_onset\sub-002\sub-002_backward_mtrf_env_onset.trial_results.csv
sub-002,,,21,1,0.0734222469208976,0.177698405509621,0.0744314172939035,0.1032669882157174,0.1379186708286386,0.0943411652025608,0.0435775056260778,0.0734222469208976,0.9375,32,2,"envelope,onset",data/processed/env_onset/sub-002_mtrf_env_onset.npz,-0.5,0.0,0.05,hamming,1,,l2,1,True,mean,"1.0,1.0",results_env_onset\sub-002\sub-002_backward_mtrf_env_onset.summary.json,results_env_onset\sub-002\sub-002_backward_mtrf_env_onset.trial_results.csv
sub-002,,,22,0,-0.0030414172535893,0.1134867144165339,0.0887753262659657,0.0247113881505681,0.0883312696159031,0.11912549227365,-0.0307942226577469,-0.0030414172535893,0.9375,32,2,"envelope,onset",data/processed/env_onset/sub-002_mtrf_env_onset.npz,-0.5,0.0,0.05,hamming,1,,l2,1,True,mean,"1.0,1.0",results_env_onset\sub-002\sub-002_backward_mtrf_env_onset.summary.json,results_env_onset\sub-002\sub-002_backward_mtrf_env_onset.trial_results.csv
sub-002,,,23,1,0.1128813438598321,0.1509024385408935,0.0138859790221234,0.1370164595187701,0.1173906463484886,0.0286444181475944,0.0887462282008941,0.1128813438598321,0.9375,32,2,"envelope,onset",data/processed/env_onset/sub-002_mtrf_env_onset.npz,-0.5,0.0,0.05,hamming,1,,l2,1,True,mean,"1.0,1.0",results_env_onset\sub-002\sub-002_backward_mtrf_env_onset.summary.json,results_env_onset\sub-002\sub-002_backward_mtrf_env_onset.trial_results.csv
sub-002,,,24,1,0.0814575524785775,0.1136761043192466,0.0015418518512442,0.1121342524680023,0.08918014821522,0.0383992957260672,0.0507808524891527,0.0814575524785775,0.9375,32,2,"envelope,onset",data/processed/env_onset/sub-002_mtrf_env_onset.npz,-0.5,0.0,0.05,hamming,1,,l2,1,True,mean,"1.0,1.0",results_env_onset\sub-002\sub-002_backward_mtrf_env_onset.summary.json,results_env_onset\sub-002\sub-002_backward_mtrf_env_onset.trial_results.csv
sub-002,,,25,1,0.0671445857851819,0.1024740670593496,6.223424516237955e-05,0.1024118328141873,0.1087350171368083,0.0768576783806317,0.0318773387561766,0.0671445857851819,0.9375,32,2,"envelope,onset",data/processed/env_onset/sub-002_mtrf_env_onset.npz,-0.5,0.0,0.05,hamming,1,,l2,1,True,mean,"1.0,1.0",results_env_onset\sub-002\sub-002_backward_mtrf_env_onset.summary.json,results_env_onset\sub-002\sub-002_backward_mtrf_env_onset.trial_results.csv
sub-002,,,26,0,-0.0003790153311276,0.0702693001282614,0.056180164921873,0.0140891352063884,0.102781250382534,0.1176284162511776,-0.0148471658686436,-0.0003790153311276,0.9375,32,2,"envelope,onset",data/processed/env_onset/sub-002_mtrf_env_onset.npz,-0.5,0.0,0.05,hamming,1,,l2,1,True,mean,"1.0,1.0",results_env_onset\sub-002\sub-002_backward_mtrf_env_onset.summary.json,results_env_onset\sub-002\sub-002_backward_mtrf_env_onset.trial_results.csv
sub-002,,,27,1,0.0664410914389268,0.1633657932211636,0.0809894771978596,0.082376316023304,0.1405747055542757,0.090068838699726,0.0505058668545497,0.0664410914389268,0.9375,32,2,"envelope,onset",data/processed/env_onset/sub-002_mtrf_env_onset.npz,-0.5,0.0,0.05,hamming,1,,l2,1,True,mean,"1.0,1.0",results_env_onset\sub-002\sub-002_backward_mtrf_env_onset.summary.json,results_env_onset\sub-002\sub-002_backward_mtrf_env_onset.trial_results.csv
sub-002,,,28,1,0.1300453003338325,0.131843298729003,0.018168154629867,0.113675144099136,0.1687537762506872,0.0223383196821583,0.1464154565685289,0.1300453003338325,0.9375,32,2,"envelope,onset",data/processed/env_onset/sub-002_mtrf_env_onset.npz,-0.5,0.0,0.05,hamming,1,,l2,1,True,mean,"1.0,1.0",results_env_onset\sub-002\sub-002_backward_mtrf_env_onset.summary.json,results_env_onset\sub-002\sub-002_backward_mtrf_env_onset.trial_results.csv
sub-002,,,29,1,0.0032998317329584,0.0726374910886158,0.0450027438418159,0.0276347472467998,0.0629941566099067,0.0840292403907896,-0.0210350837808829,0.0032998317329584,0.9375,32,2,"envelope,onset",data/processed/env_onset/sub-002_mtrf_env_onset.npz,-0.5,0.0,0.05,hamming,1,,l2,1,True,mean,"1.0,1.0",results_env_onset\sub-002\sub-002_backward_mtrf_env_onset.summary.json,results_env_onset\sub-002\sub-002_backward_mtrf_env_onset.trial_results.csv
sub-002,,,30,1,0.0492325975428349,0.1140236568615355,0.0584739881256534,0.0555496687358821,0.127135097645925,0.0842195712961372,0.0429155263497878,0.0492325975428349,0.9375,32,2,"envelope,onset",data/processed/env_onset/sub-002_mtrf_env_onset.npz,-0.5,0.0,0.05,hamming,1,,l2,1,True,mean,"1.0,1.0",results_env_onset\sub-002\sub-002_backward_mtrf_env_onset.summary.json,results_env_onset\sub-002\sub-002_backward_mtrf_env_onset.trial_results.csv
sub-002,,,31,1,0.0639973657444926,0.0968001015447684,0.0202493181503563,0.0765507833944121,0.1104199797942154,0.0589760316996423,0.0514439480945731,0.0639973657444926,0.9375,32,2,"envelope,onset",data/processed/env_onset/sub-002_mtrf_env_onset.npz,-0.5,0.0,0.05,hamming,1,,l2,1,True,mean,"1.0,1.0",results_env_onset\sub-002\sub-002_backward_mtrf_env_onset.summary.json,results_env_onset\sub-002\sub-002_backward_mtrf_env_onset.trial_results.csv
sub-003,,,0,1,0.0922746026823798,0.1938391335759842,0.0951416321475774,0.0986975014284068,0.1772656990641479,0.0914139951277952,0.0858517039363527,0.0922746026823798,0.65625,32,2,"envelope,onset",data/processed/env_onset/sub-003_mtrf_env_onset.npz,-0.5,0.0,0.05,hamming,1,,l2,1,True,mean,"1.0,1.0",results_env_onset\sub-003\sub-003_backward_mtrf_env_onset.summary.json,results_env_onset\sub-003\sub-003_backward_mtrf_env_onset.trial_results.csv
sub-003,,,1,1,0.0983979641976859,0.0923437683788232,-0.0207756454699165,0.1131194138487397,0.0711085377812447,-0.0125679767653873,0.0836765145466321,0.0983979641976859,0.65625,32,2,"envelope,onset",data/processed/env_onset/sub-003_mtrf_env_onset.npz,-0.5,0.0,0.05,hamming,1,,l2,1,True,mean,"1.0,1.0",results_env_onset\sub-003\sub-003_backward_mtrf_env_onset.summary.json,results_env_onset\sub-003\sub-003_backward_mtrf_env_onset.trial_results.csv
sub-003,,,2,0,-0.072532232266046,0.1169297529481254,0.1534360640551302,-0.0365063111070047,0.063122366842014,0.1716805202671013,-0.1085581534250873,-0.072532232266046,0.65625,32,2,"envelope,onset",data/processed/env_onset/sub-003_mtrf_env_onset.npz,-0.5,0.0,0.05,hamming,1,,l2,1,True,mean,"1.0,1.0",results_env_onset\sub-003\sub-003_backward_mtrf_env_onset.summary.json,results_env_onset\sub-003\sub-003_backward_mtrf_env_onset.trial_results.csv
sub-003,,,3,1,0.0555247846562156,0.0437794552621415,-0.0300548636652992,0.0738343189274407,0.058802505832044,0.0215872554470534,0.0372152503849905,0.0555247846562156,0.65625,32,2,"envelope,onset",data/processed/env_onset/sub-003_mtrf_env_onset.npz,-0.5,0.0,0.05,hamming,1,,l2,1,True,mean,"1.0,1.0",results_env_onset\sub-003\sub-003_backward_mtrf_env_onset.summary.json,results_env_onset\sub-003\sub-003_backward_mtrf_env_onset.trial_results.csv
sub-003,,,4,0,-0.0012833367994661,0.0941314791009655,0.0457699710480803,0.0483615080528852,0.0446674579540883,0.0955956396059057,-0.0509281816518174,-0.0012833367994661,0.65625,32,2,"envelope,onset",data/processed/env_onset/sub-003_mtrf_env_onset.npz,-0.5,0.0,0.05,hamming,1,,l2,1,True,mean,"1.0,1.0",results_env_onset\sub-003\sub-003_backward_mtrf_env_onset.summary.json,results_env_onset\sub-003\sub-003_backward_mtrf_env_onset.trial_results.csv
sub-003,,,5,0,-0.0116781078968338,0.0467157301291097,0.0279181833039315,0.0187975468251782,-0.0147730735027653,0.0273806891160806,-0.0421537626188459,-0.0116781078968338,0.65625,32,2,"envelope,onset",data/processed/env_onset/sub-003_mtrf_env_onset.npz,-0.5,0.0,0.05,hamming,1,,l2,1,True,mean,"1.0,1.0",results_env_onset\sub-003\sub-003_backward_mtrf_env_onset.summary.json,results_env_onset\sub-003\sub-003_backward_mtrf_env_onset.trial_results.csv
sub-003,,,6,0,-0.0311976315686055,0.0216130543754066,0.0978987196988511,-0.0762856653234445,0.0522353777864745,0.0383449756002411,0.0138904021862333,-0.0311976315686055,0.65625,32,2,"envelope,onset",data/processed/env_onset/sub-003_mtrf_env_onset.npz,-0.5,0.0,0.05,hamming,1,,l2,1,True,mean,"1.0,1.0",results_env_onset\sub-003\sub-003_backward_mtrf_env_onset.summary.json,results_env_onset\sub-003\sub-003_backward_mtrf_env_onset.trial_results.csv
sub-003,,,7,1,0.1957983737309275,0.1318589974004076,-0.0380068844802152,0.1698658818806228,0.163907543964721,-0.0578233216165111,0.2217308655812321,0.1957983737309275,0.65625,32,2,"envelope,onset",data/processed/env_onset/sub-003_mtrf_env_onset.npz,-0.5,0.0,0.05,hamming,1,,l2,1,True,mean,"1.0,1.0",results_env_onset\sub-003\sub-003_backward_mtrf_env_onset.summary.json,results_env_onset\sub-003\sub-003_backward_mtrf_env_onset.trial_results.csv
sub-003,,,8,0,-0.0207805174827032,0.0515808532979951,0.0655434137859683,-0.0139625604879732,0.0559009753327127,0.083499449810146,-0.0275984744774333,-0.0207805174827032,0.65625,32,2,"envelope,onset",data/processed/env_onset/sub-003_mtrf_env_onset.npz,-0.5,0.0,0.05,hamming,1,,l2,1,True,mean,"1.0,1.0",results_env_onset\sub-003\sub-003_backward_mtrf_env_onset.summary.json,results_env_onset\sub-003\sub-003_backward_mtrf_env_onset.trial_results.csv
sub-003,,,9,1,0.0881990406734354,0.052170186870138,-0.0468208798810241,0.0989910667511621,0.0589963792390306,-0.0184106353566781,0.0774070145957088,0.0881990406734354,0.65625,32,2,"envelope,onset",data/processed/env_onset/sub-003_mtrf_env_onset.npz,-0.5,0.0,0.05,hamming,1,,l2,1,True,mean,"1.0,1.0",results_env_onset\sub-003\sub-003_backward_mtrf_env_onset.summary.json,results_env_onset\sub-003\sub-003_backward_mtrf_env_onset.trial_results.csv
sub-003,,,10,1,0.0368444493484405,0.0947058009965744,0.0592643861266323,0.035441414869942,0.0934306620869714,0.0551831782600323,0.038247483826939,0.0368444493484405,0.65625,32,2,"envelope,onset",data/processed/env_onset/sub-003_mtrf_env_onset.npz,-0.5,0.0,0.05,hamming,1,,l2,1,True,mean,"1.0,1.0",results_env_onset\sub-003\sub-003_backward_mtrf_env_onset.summary.json,results_env_onset\sub-003\sub-003_backward_mtrf_env_onset.trial_results.csv
sub-003,,,11,0,-0.0775764669378468,0.0747396438491135,0.1383971725264468,-0.0636575286773332,0.0094043444942479,0.1008997496926084,-0.0914954051983604,-0.0775764669378468,0.65625,32,2,"envelope,onset",data/processed/env_onset/sub-003_mtrf_env_onset.npz,-0.5,0.0,0.05,hamming,1,,l2,1,True,mean,"1.0,1.0",results_env_onset\sub-003\sub-003_backward_mtrf_env_onset.summary.json,results_env_onset\sub-003\sub-003_backward_mtrf_env_onset.trial_results.csv
sub-003,,,12,1,0.0280694004080299,0.1194096050246744,0.079858650758531,0.0395509542661433,0.097904834607628,0.0813169880577115,0.0165878465499164,0.0280694004080299,0.65625,32,2,"envelope,onset",data/processed/env_onset/sub-003_mtrf_env_onset.npz,-0.5,0.0,0.05,hamming,1,,l2,1,True,mean,"1.0,1.0",results_env_onset\sub-003\sub-003_backward_mtrf_env_onset.summary.json,results_env_onset\sub-003\sub-003_backward_mtrf_env_onset.trial_results.csv
sub-003,,,13,0,-0.0427111183193249,0.0692085695367628,0.0923165140915642,-0.0231079445548014,0.0414871421760701,0.1038014342599185,-0.0623142920838483,-0.0427111183193249,0.65625,32,2,"envelope,onset",data/processed/env_onset/sub-003_mtrf_env_onset.npz,-0.5,0.0,0.05,hamming,1,,l2,1,True,mean,"1.0,1.0",results_env_onset\sub-003\sub-003_backward_mtrf_env_onset.summary.json,results_env_onset\sub-003\sub-003_backward_mtrf_env_onset.trial_results.csv
sub-003,,,14,1,0.0277011518759227,0.0600639619692645,0.049464411019872,0.0105995509493925,0.0734694467386267,0.0286666939361738,0.0448027528024529,0.0277011518759227,0.65625,32,2,"envelope,onset",data/processed/env_onset/sub-003_mtrf_env_onset.npz,-0.5,0.0,0.05,hamming,1,,l2,1,True,mean,"1.0,1.0",results_env_onset\sub-003\sub-003_backward_mtrf_env_onset.summary.json,results_env_onset\sub-003\sub-003_backward_mtrf_env_onset.trial_results.csv
sub-003,,,15,1,0.0735237922748202,0.061484765270262,-0.0037563375796761,0.0652411028499382,0.0918563468858223,0.0100498651861201,0.0818064816997022,0.0735237922748202,0.65625,32,2,"envelope,onset",data/processed/env_onset/sub-003_mtrf_env_onset.npz,-0.5,0.0,0.05,hamming,1,,l2,1,True,mean,"1.0,1.0",results_env_onset\sub-003\sub-003_backward_mtrf_env_onset.summary.json,results_env_onset\sub-003\sub-003_backward_mtrf_env_onset.trial_results.csv
sub-003,,,16,0,-0.0244764931749056,0.0603659126351516,0.1248676500948023,-0.0645017374596506,0.0833560448005151,0.0678072936906759,0.0155487511098392,-0.0244764931749056,0.65625,32,2,"envelope,onset",data/processed/env_onset/sub-003_mtrf_env_onset.npz,-0.5,0.0,0.05,hamming,1,,l2,1,True,mean,"1.0,1.0",results_env_onset\sub-003\sub-003_backward_mtrf_env_onset.summary.json,results_env_onset\sub-003\sub-003_backward_mtrf_env_onset.trial_results.csv
sub-003,,,17,1,0.078538978647167,0.1464759104930768,0.0417113141462315,0.1047645963468453,0.176505190808502,0.1241918298610133,0.0523133609474887,0.078538978647167,0.65625,32,2,"envelope,onset",data/processed/env_onset/sub-003_mtrf_env_onset.npz,-0.5,0.0,0.05,hamming,1,,l2,1,True,mean,"1.0,1.0",results_env_onset\sub-003\sub-003_backward_mtrf_env_onset.summary.json,results_env_onset\sub-003\sub-003_backward_mtrf_env_onset.trial_results.csv
sub-003,,,18,0,-0.0367333146070627,0.0511567465941684,0.0545719491806185,-0.0034152025864501,0.0692796085987508,0.1393310352264261,-0.0700514266276752,-0.0367333146070627,0.65625,32,2,"envelope,onset",data/processed/env_onset/sub-003_mtrf_env_onset.npz,-0.5,0.0,0.05,hamming,1,,l2,1,True,mean,"1.0,1.0",results_env_onset\sub-003\sub-003_backward_mtrf_env_onset.summary.json,results_env_onset\sub-003\sub-003_backward_mtrf_env_onset.trial_results.csv
sub-003,,,19,1,0.0796113799086557,0.1133573165621744,-0.0031555505014957,0.1165128670636702,0.0853841215025584,0.0426742287489172,0.0427098927536412,0.0796113799086557,0.65625,32,2,"envelope,onset",data/processed/env_onset/sub-003_mtrf_env_onset.npz,-0.5,0.0,0.05,hamming,1,,l2,1,True,mean,"1.0,1.0",results_env_onset\sub-003\sub-003_backward_mtrf_env_onset.summary.json,results_env_onset\sub-003\sub-003_backward_mtrf_env_onset.trial_results.csv
sub-003,,,20,0,-0.0888888877419409,-0.0065840366283167,0.0903866551507558,-0.0969706917790725,-0.0038972511496223,0.0769098325551869,-0.0808070837048092,-0.0888888877419409,0.65625,32,2,"envelope,onset",data/processed/env_onset/sub-003_mtrf_env_onset.npz,-0.5,0.0,0.05,hamming,1,,l2,1,True,mean,"1.0,1.0",results_env_onset\sub-003\sub-003_backward_mtrf_env_onset.summary.json,results_env_onset\sub-003\sub-003_backward_mtrf_env_onset.trial_results.csv
sub-003,,,21,1,0.0474967512633126,0.1052791893794965,0.0682197213266641,0.0370594680528324,0.0864085827398709,0.0284745482660781,0.0579340344737927,0.0474967512633126,0.65625,32,2,"envelope,onset",data/processed/env_onset/sub-003_mtrf_env_onset.npz,-0.5,0.0,0.05,hamming,1,,l2,1,True,mean,"1.0,1.0",results_env_onset\sub-003\sub-003_backward_mtrf_env_onset.summary.json,results_env_onset\sub-003\sub-003_backward_mtrf_env_onset.trial_results.csv
sub-003,,,22,0,-0.0137694917038009,0.0516674249332377,0.0509865284498363,0.0006808964834014,0.0201612641973935,0.0483811440883968,-0.0282198798910033,-0.0137694917038009,0.65625,32,2,"envelope,onset",data/processed/env_onset/sub-003_mtrf_env_onset.npz,-0.5,0.0,0.05,hamming,1,,l2,1,True,mean,"1.0,1.0",results_env_onset\sub-003\sub-003_backward_mtrf_env_onset.summary.json,results_env_onset\sub-003\sub-003_backward_mtrf_env_onset.trial_results.csv
sub-003,,,23,1,0.0279856252684315,0.0839281791761157,0.0774845093627754,0.0064436698133402,0.1063854399974101,0.0568578592738872,0.0495275807235228,0.0279856252684315,0.65625,32,2,"envelope,onset",data/processed/env_onset/sub-003_mtrf_env_onset.npz,-0.5,0.0,0.05,hamming,1,,l2,1,True,mean,"1.0,1.0",results_env_onset\sub-003\sub-003_backward_mtrf_env_onset.summary.json,results_env_onset\sub-003\sub-003_backward_mtrf_env_onset.trial_results.csv
sub-003,,,24,1,0.0323274925770713,0.127109756029739,0.121532992426499,0.00557676360324,0.1255675668172317,0.066489345266329,0.0590782215509027,0.0323274925770713,0.65625,32,2,"envelope,onset",data/processed/env_onset/sub-003_mtrf_env_onset.npz,-0.5,0.0,0.05,hamming,1,,l2,1,True,mean,"1.0,1.0",results_env_onset\sub-003\sub-003_backward_mtrf_env_onset.summary.json,results_env_onset\sub-003\sub-003_backward_mtrf_env_onset.trial_results.csv
sub-003,,,25,1,0.1672477548106863,0.1791276241509553,-0.0254575191567432,0.2045851433076986,0.1390676822371326,0.0091573159234585,0.129910366313674,0.1672477548106863,0.65625,32,2,"envelope,onset",data/processed/env_onset/sub-003_mtrf_env_onset.npz,-0.5,0.0,0.05,hamming,1,,l2,1,True,mean,"1.0,1.0",results_env_onset\sub-003\sub-003_backward_mtrf_env_onset.summary.json,results_env_onset\sub-003\sub-003_backward_mtrf_env_onset.trial_results.csv
sub-003,,,26,1,0.0639778369427777,0.105726340201998,0.0397552094529882,0.0659711307490097,0.1240020704767352,0.0620175273401894,0.0619845431365457,0.0639778369427777,0.65625,32,2,"envelope,onset",data/processed/env_onset/sub-003_mtrf_env_onset.npz,-0.5,0.0,0.05,hamming,1,,l2,1,True,mean,"1.0,1.0",results_env_onset\sub-003\sub-003_backward_mtrf_env_onset.summary.json,results_env_onset\sub-003\sub-003_backward_mtrf_env_onset.trial_results.csv
sub-003,,,27,1,0.0465471423954784,0.1095241168620838,0.0668046817697893,0.0427194350922945,0.0934233826888477,0.0430485329901853,0.0503748496986624,0.0465471423954784,0.65625,32,2,"envelope,onset",data/processed/env_onset/sub-003_mtrf_env_onset.npz,-0.5,0.0,0.05,hamming,1,,l2,1,True,mean,"1.0,1.0",results_env_onset\sub-003\sub-003_backward_mtrf_env_onset.summary.json,results_env_onset\sub-003\sub-003_backward_mtrf_env_onset.trial_results.csv
sub-003,,,28,1,0.0439925565360706,0.1350611375861009,0.0566171705741506,0.0784439670119503,0.0755952444616987,0.0660540984015076,0.009541146060191,0.0439925565360706,0.65625,32,2,"envelope,onset",data/processed/env_onset/sub-003_mtrf_env_onset.npz,-0.5,0.0,0.05,hamming,1,,l2,1,True,mean,"1.0,1.0",results_env_onset\sub-003\sub-003_backward_mtrf_env_onset.summary.json,results_env_onset\sub-003\sub-003_backward_mtrf_env_onset.trial_results.csv
sub-003,,,29,1,0.0723664007685531,0.1161036398920163,0.0115001422207651,0.1046034976712512,0.0950912827164986,0.0549619788506436,0.040129303865855,0.0723664007685531,0.65625,32,2,"envelope,onset",data/processed/env_onset/sub-003_mtrf_env_onset.npz,-0.5,0.0,0.05,hamming,1,,l2,1,True,mean,"1.0,1.0",results_env_onset\sub-003\sub-003_backward_mtrf_env_onset.summary.json,results_env_onset\sub-003\sub-003_backward_mtrf_env_onset.trial_results.csv
sub-003,,,30,1,0.0432884557516828,0.1284185858012772,0.053786009392556,0.0746325764087212,0.0680642562578969,0.0561199211632525,0.0119443350946443,0.0432884557516828,0.65625,32,2,"envelope,onset",data/processed/env_onset/sub-003_mtrf_env_onset.npz,-0.5,0.0,0.05,hamming,1,,l2,1,True,mean,"1.0,1.0",results_env_onset\sub-003\sub-003_backward_mtrf_env_onset.summary.json,results_env_onset\sub-003\sub-003_backward_mtrf_env_onset.trial_results.csv
sub-003,,,31,1,0.0433262865944816,0.0480023568376518,0.0007193839219444,0.0472829729157074,0.0483657151284582,0.0089961148552023,0.0393696002732559,0.0433262865944816,0.65625,32,2,"envelope,onset",data/processed/env_onset/sub-003_mtrf_env_onset.npz,-0.5,0.0,0.05,hamming,1,,l2,1,True,mean,"1.0,1.0",results_env_onset\sub-003\sub-003_backward_mtrf_env_onset.summary.json,results_env_onset\sub-003\sub-003_backward_mtrf_env_onset.trial_results.csv
sub-004,,,0,1,0.0777576045824191,0.1360356298993066,0.0656897807078447,0.0703458491914618,0.1407000466345161,0.0555306866611397,0.0851693599733763,0.0777576045824191,0.9375,32,2,"envelope,onset",data/processed/env_onset/sub-004_mtrf_env_onset.npz,-0.5,0.0,0.05,hamming,1,,l2,1,True,mean,"1.0,1.0",results_env_onset\sub-004\sub-004_backward_mtrf_env_onset.summary.json,results_env_onset\sub-004\sub-004_backward_mtrf_env_onset.trial_results.csv
sub-004,,,1,1,0.1446592006724963,0.1562544128004817,-0.0049778049291276,0.1612322177296093,0.1319695802111822,0.0038833965957988,0.1280861836153834,0.1446592006724963,0.9375,32,2,"envelope,onset",data/processed/env_onset/sub-004_mtrf_env_onset.npz,-0.5,0.0,0.05,hamming,1,,l2,1,True,mean,"1.0,1.0",results_env_onset\sub-004\sub-004_backward_mtrf_env_onset.summary.json,results_env_onset\sub-004\sub-004_backward_mtrf_env_onset.trial_results.csv
sub-004,,,2,1,0.0106847699017281,0.1549923139083214,0.1350128413733742,0.0199794725349472,0.1198388224108882,0.1184487551423791,0.0013900672685091,0.0106847699017281,0.9375,32,2,"envelope,onset",data/processed/env_onset/sub-004_mtrf_env_onset.npz,-0.5,0.0,0.05,hamming,1,,l2,1,True,mean,"1.0,1.0",results_env_onset\sub-004\sub-004_backward_mtrf_env_onset.summary.json,results_env_onset\sub-004\sub-004_backward_mtrf_env_onset.trial_results.csv
sub-004,,,3,1,0.0366507316597597,0.1329673472627335,0.0850356116920052,0.0479317355707282,0.085017953837149,0.0596482260883577,0.0253697277487912,0.0366507316597597,0.9375,32,2,"envelope,onset",data/processed/env_onset/sub-004_mtrf_env_onset.npz,-0.5,0.0,0.05,hamming,1,,l2,1,True,mean,"1.0,1.0",results_env_onset\sub-004\sub-004_backward_mtrf_env_onset.summary.json,results_env_onset\sub-004\sub-004_backward_mtrf_env_onset.trial_results.csv
sub-004,,,4,1,0.064362289120707,0.2078606637106847,0.0959353137583325,0.1119253499523522,0.1500807950729779,0.1332815667839161,0.0167992282890618,0.064362289120707,0.9375,32,2,"envelope,onset",data/processed/env_onset/sub-004_mtrf_env_onset.npz,-0.5,0.0,0.05,hamming,1,,l2,1,True,mean,"1.0,1.0",results_env_onset\sub-004\sub-004_backward_mtrf_env_onset.summary.json,results_env_onset\sub-004\sub-004_backward_mtrf_env_onset.trial_results.csv
sub-004,,,5,1,0.1721718714601198,0.1935525403257908,0.0269965068615224,0.1665560334642683,0.1874073277605671,0.0096196183045958,0.1777877094559712,0.1721718714601198,0.9375,32,2,"envelope,onset",data/processed/env_onset/sub-004_mtrf_env_onset.npz,-0.5,0.0,0.05,hamming,1,,l2,1,True,mean,"1.0,1.0",results_env_onset\sub-004\sub-004_backward_mtrf_env_onset.summary.json,results_env_onset\sub-004\sub-004_backward_mtrf_env_onset.trial_results.csv
sub-004,,,6,1,0.1653142714874587,0.1843783513756842,0.0188317707201641,0.1655465806555201,0.1848050428808399,0.0197230805614425,0.1650819623193973,0.1653142714874587,0.9375,32,2,"envelope,onset",data/processed/env_onset/sub-004_mtrf_env_onset.npz,-0.5,0.0,0.05,hamming,1,,l2,1,True,mean,"1.0,1.0",results_env_onset\sub-004\sub-004_backward_mtrf_env_onset.summary.json,results_env_onset\sub-004\sub-004_backward_mtrf_env_onset.trial_results.csv
sub-004,,,7,1,0.0543159753750262,0.122417442134295,0.087296527709523,0.0351209144247719,0.1224870659507731,0.0489760296254926,0.0735110363252805,0.0543159753750262,0.9375,32,2,"envelope,onset",data/processed/env_onset/sub-004_mtrf_env_onset.npz,-0.5,0.0,0.05,hamming,1,,l2,1,True,mean,"1.0,1.0",results_env_onset\sub-004\sub-004_backward_mtrf_env_onset.summary.json,results_env_onset\sub-004\sub-004_backward_mtrf_env_onset.trial_results.csv
sub-004,,,8,1,0.1132627252771385,0.1676738644121878,0.0642260886733303,0.1034477757388575,0.1503919756240778,0.0273143008086583,0.1230776748154195,0.1132627252771385,0.9375,32,2,"envelope,onset",data/processed/env_onset/sub-004_mtrf_env_onset.npz,-0.5,0.0,0.05,hamming,1,,l2,1,True,mean,"1.0,1.0",results_env_onset\sub-004\sub-004_backward_mtrf_env_onset.summary.json,results_env_onset\sub-004\sub-004_backward_mtrf_env_onset.trial_results.csv
sub-004,,,9,1,0.1440139310977969,0.213085580803142,0.0423363548073958,0.1707492259957462,0.1915059333693043,0.0742272971694567,0.1172786361998476,0.1440139310977969,0.9375,32,2,"envelope,onset",data/processed/env_onset/sub-004_mtrf_env_onset.npz,-0.5,0.0,0.05,hamming,1,,l2,1,True,mean,"1.0,1.0",results_env_onset\sub-004\sub-004_backward_mtrf_env_onset.summary.json,results_env_onset\sub-004\sub-004_backward_mtrf_env_onset.trial_results.csv
sub-004,,,10,0,-0.0389093759352238,0.0438019270735888,0.0764407432179946,-0.0326388161444057,0.0694068330948397,0.1145867688208817,-0.0451799357260419,-0.0389093759352238,0.9375,32,2,"envelope,onset",data/processed/env_onset/sub-004_mtrf_env_onset.npz,-0.5,0.0,0.05,hamming,1,,l2,1,True,mean,"1.0,1.0",results_env_onset\sub-004\sub-004_backward_mtrf_env_onset.summary.json,results_env_onset\sub-004\sub-004_backward_mtrf_env_onset.trial_results.csv
sub-004,,,11,1,0.1561203701044546,0.1543326329367573,0.022850274715471,0.1314823582212862,0.1728577669645933,-0.0079006150230297,0.180758381987623,0.1561203701044546,0.9375,32,2,"envelope,onset",data/processed/env_onset/sub-004_mtrf_env_onset.npz,-0.5,0.0,0.05,hamming,1,,l2,1,True,mean,"1.0,1.0",results_env_onset\sub-004\sub-004_backward_mtrf_env_onset.summary.json,results_env_onset\sub-004\sub-004_backward_mtrf_env_onset.trial_results.csv
sub-004,,,12,1,0.0683729470496656,0.1988364531054166,0.1289133494302867,0.0699231036751299,0.1883511146588779,0.1215283242346765,0.0668227904242013,0.0683729470496656,0.9375,32,2,"envelope,onset",data/processed/env_onset/sub-004_mtrf_env_onset.npz,-0.5,0.0,0.05,hamming,1,,l2,1,True,mean,"1.0,1.0",results_env_onset\sub-004\sub-004_backward_mtrf_env_onset.summary.json,results_env_onset\sub-004\sub-004_backward_mtrf_env_onset.trial_results.csv
sub-004,,,13,1,0.0201337008049317,0.1854108330272148,0.1633226616165982,0.0220881714106166,0.1825946895002589,0.1644154593010119,0.0181792301992469,0.0201337008049317,0.9375,32,2,"envelope,onset",data/processed/env_onset/sub-004_mtrf_env_onset.npz,-0.5,0.0,0.05,hamming,1,,l2,1,True,mean,"1.0,1.0",results_env_onset\sub-004\sub-004_backward_mtrf_env_onset.summary.json,results_env_onset\sub-004\sub-004_backward_mtrf_env_onset.trial_results.csv
sub-004,,,14,1,0.0010964595970502,0.1230418624106451,0.1355922801764373,-0.0125504177657921,0.1524536071183014,0.1377102701584088,0.0147433369598925,0.0010964595970502,0.9375,32,2,"envelope,onset",data/processed/env_onset/sub-004_mtrf_env_onset.npz,-0.5,0.0,0.05,hamming,1,,l2,1,True,mean,"1.0,1.0",results_env_onset\sub-004\sub-004_backward_mtrf_env_onset.summary.json,results_env_onset\sub-004\sub-004_backward_mtrf_env_onset.trial_results.csv
sub-004,,,15,1,0.2206223881470866,0.2751472537727313,0.0492382350061403,0.2259090187665909,0.2576761033138653,0.042340345786283,0.2153357575275822,0.2206223881470866,0.9375,32,2,"envelope,onset",data/processed/env_onset/sub-004_mtrf_env_onset.npz,-0.5,0.0,0.05,hamming,1,,l2,1,True,mean,"1.0,1.0",results_env_onset\sub-004\sub-004_backward_mtrf_env_onset.summary.json,results_env_onset\sub-004\sub-004_backward_mtrf_env_onset.trial_results.csv
sub-004,,,16,1,0.105532231705348,0.2008227114164151,0.0566138572983527,0.1442088541180623,0.1383380393632559,0.0714824300706221,0.0668556092926337,0.105532231705348,0.9375,32,2,"envelope,onset",data/processed/env_onset/sub-004_mtrf_env_onset.npz,-0.5,0.0,0.05,hamming,1,,l2,1,True,mean,"1.0,1.0",results_env_onset\sub-004\sub-004_backward_mtrf_env_onset.summary.json,results_env_onset\sub-004\sub-004_backward_mtrf_env_onset.trial_results.csv
sub-004,,,17,1,0.0184396911489104,0.1331644183482142,0.1077736249923409,0.0253907933558733,0.139503717511896,0.1280151285699483,0.0114885889419476,0.0184396911489104,0.9375,32,2,"envelope,onset",data/processed/env_onset/sub-004_mtrf_env_onset.npz,-0.5,0.0,0.05,hamming,1,,l2,1,True,mean,"1.0,1.0",results_env_onset\sub-004\sub-004_backward_mtrf_env_onset.summary.json,results_env_onset\sub-004\sub-004_backward_mtrf_env_onset.trial_results.csv
sub-004,,,18,1,0.1604076518399417,0.2174157902013382,0.0438857725380492,0.1735300176632889,0.1767647297937382,0.0294794437771436,0.1472852860165945,0.1604076518399417,0.9375,32,2,"envelope,onset",data/processed/env_onset/sub-004_mtrf_env_onset.npz,-0.5,0.0,0.05,hamming,1,,l2,1,True,mean,"1.0,1.0",results_env_onset\sub-004\sub-004_backward_mtrf_env_onset.summary.json,results_env_onset\sub-004\sub-004_backward_mtrf_env_onset.trial_results.csv
sub-004,,,19,1,0.0896905477558334,0.1902859731078253,0.1245884006546872,0.0656975724531381,0.2278161671984649,0.1141326441399361,0.1136835230585287,0.0896905477558334,0.9375,32,2,"envelope,onset",data/processed/env_onset/sub-004_mtrf_env_onset.npz,-0.5,0.0,0.05,hamming,1,,l2,1,True,mean,"1.0,1.0",results_env_onset\sub-004\sub-004_backward_mtrf_env_onset.summary.json,results_env_onset\sub-004\sub-004_backward_mtrf_env_onset.trial_results.csv
sub-004,,,20,1,0.1505301529521683,0.2016989263199255,0.0427582403620323,0.1589406859578931,0.1868647089111714,0.0447450889647279,0.1421196199464435,0.1505301529521683,0.9375,32,2,"envelope,onset",data/processed/env_onset/sub-004_mtrf_env_onset.npz,-0.5,0.0,0.05,hamming,1,,l2,1,True,mean,"1.0,1.0",results_env_onset\sub-004\sub-004_backward_mtrf_env_onset.summary.json,results_env_onset\sub-004\sub-004_backward_mtrf_env_onset.trial_results.csv
sub-004,,,21,1,0.1543577493846395,0.238987703298609,0.054246725653721,0.1847409776448879,0.1836490122565546,0.0596744911321635,0.123974521124391,0.1543577493846395,0.9375,32,2,"envelope,onset",data/processed/env_onset/sub-004_mtrf_env_onset.npz,-0.5,0.0,0.05,hamming,1,,l2,1,True,mean,"1.0,1.0",results_env_onset\sub-004\sub-004_backward_mtrf_env_onset.summary.json,results_env_onset\sub-004\sub-004_backward_mtrf_env_onset.trial_results.csv
sub-004,,,22,0,-0.0256513385214195,0.1244876540557975,0.1340188363351998,-0.0095311822794022,0.1065137112006457,0.1482852059640825,-0.0417714947634367,-0.0256513385214195,0.9375,32,2,"envelope,onset",data/processed/env_onset/sub-004_mtrf_env_onset.npz,-0.5,0.0,0.05,hamming,1,,l2,1,True,mean,"1.0,1.0",results_env_onset\sub-004\sub-004_backward_mtrf_env_onset.summary.json,results_env_onset\sub-004\sub-004_backward_mtrf_env_onset.trial_results.csv
sub-004,,,23,1,0.0775093317628962,0.2078117559117756,0.085041500163234,0.1227702557485415,0.119851161737328,0.0876027539600771,0.0322484077772508,0.0775093317628962,0.9375,32,2,"envelope,onset",data/processed/env_onset/sub-004_mtrf_env_onset.npz,-0.5,0.0,0.05,hamming,1,,l2,1,True,mean,"1.0,1.0",results_env_onset\sub-004\sub-004_backward_mtrf_env_onset.summary.json,results_env_onset\sub-004\sub-004_backward_mtrf_env_onset.trial_results.csv
sub-004,,,24,1,0.1899544101072688,0.2267662269354546,0.0004570437127381,0.2263091832227165,0.1997653256417064,0.0461656886498851,0.1535996369918212,0.1899544101072688,0.9375,32,2,"envelope,onset",data/processed/env_onset/sub-004_mtrf_env_onset.npz,-0.5,0.0,0.05,hamming,1,,l2,1,True,mean,"1.0,1.0",results_env_onset\sub-004\sub-004_backward_mtrf_env_onset.summary.json,results_env_onset\sub-004\sub-004_backward_mtrf_env_onset.trial_results.csv
sub-004,,,25,1,0.0526571544684888,0.1411498590247306,0.0515244726317492,0.0896253863929814,0.0910819951806851,0.0753930726366887,0.0156889225439963,0.0526571544684888,0.9375,32,2,"envelope,onset",data/processed/env_onset/sub-004_mtrf_env_onset.npz,-0.5,0.0,0.05,hamming,1,,l2,1,True,mean,"1.0,1.0",results_env_onset\sub-004\sub-004_backward_mtrf_env_onset.summary.json,results_env_onset\sub-004\sub-004_backward_mtrf_env_onset.trial_results.csv
sub-004,,,26,1,0.1030921450964811,0.1780477340779158,0.0705371278766437,0.107510606201272,0.1383118347673799,0.0396381507756896,0.0986736839916902,0.1030921450964811,0.9375,32,2,"envelope,onset",data/processed/env_onset/sub-004_mtrf_env_onset.npz,-0.5,0.0,0.05,hamming,1,,l2,1,True,mean,"1.0,1.0",results_env_onset\sub-004\sub-004_backward_mtrf_env_onset.summary.json,results_env_onset\sub-004\sub-004_backward_mtrf_env_onset.trial_results.csv
sub-004,,,27,1,0.061607771691329,0.143895950457149,0.075683406615104,0.0682125438420449,0.1783433838153227,0.1233403842747097,0.055002999540613,0.061607771691329,0.9375,32,2,"envelope,onset",data/processed/env_onset/sub-004_mtrf_env_onset.npz,-0.5,0.0,0.05,hamming,1,,l2,1,True,mean,"1.0,1.0",results_env_onset\sub-004\sub-004_backward_mtrf_env_onset.summary.json,results_env_onset\sub-004\sub-004_backward_mtrf_env_onset.trial_results.csv
sub-004,,,28,1,0.0884485029472249,0.1306746277204743,0.0261925611473217,0.1044820665731526,0.1264370208817923,0.054022081560495,0.0724149393212972,0.0884485029472249,0.9375,32,2,"envelope,onset",data/processed/env_onset/sub-004_mtrf_env_onset.npz,-0.5,0.0,0.05,hamming,1,,l2,1,True,mean,"1.0,1.0",results_env_onset\sub-004\sub-004_backward_mtrf_env_onset.summary.json,results_env_onset\sub-004\sub-004_backward_mtrf_env_onset.trial_results.csv
sub-004,,,29,1,0.0733592726349915,0.14632488083337,0.0704134221243008,0.0759114587090691,0.1156484439240688,0.0448413573631549,0.0708070865609139,0.0733592726349915,0.9375,32,2,"envelope,onset",data/processed/env_onset/sub-004_mtrf_env_onset.npz,-0.5,0.0,0.05,hamming,1,,l2,1,True,mean,"1.0,1.0",results_env_onset\sub-004\sub-004_backward_mtrf_env_onset.summary.json,results_env_onset\sub-004\sub-004_backward_mtrf_env_onset.trial_results.csv
sub-004,,,30,1,0.0792535630690475,0.14142902486225,0.0274133112483981,0.1140157136138518,0.1219439509925456,0.0774525384683024,0.0444914125242432,0.0792535630690475,0.9375,32,2,"envelope,onset",data/processed/env_onset/sub-004_mtrf_env_onset.npz,-0.5,0.0,0.05,hamming,1,,l2,1,True,mean,"1.0,1.0",results_env_onset\sub-004\sub-004_backward_mtrf_env_onset.summary.json,results_env_onset\sub-004\sub-004_backward_mtrf_env_onset.trial_results.csv
sub-004,,,31,1,0.0698482311572211,0.1331295759916828,0.0369515954094037,0.0961779805822791,0.1211781990628516,0.0776597173306885,0.0435184817321631,0.0698482311572211,0.9375,32,2,"envelope,onset",data/processed/env_onset/sub-004_mtrf_env_onset.npz,-0.5,0.0,0.05,hamming,1,,l2,1,True,mean,"1.0,1.0",results_env_onset\sub-004\sub-004_backward_mtrf_env_onset.summary.json,results_env_onset\sub-004\sub-004_backward_mtrf_env_onset.trial_results.csv
sub-005,,,0,1,0.11081076026943,0.0804924649490175,-0.0361008173373542,0.1165932822863718,0.0976920362409984,-0.0073362020114897,0.1050282382524882,0.11081076026943,0.90625,32,2,"envelope,onset",data/processed/env_onset/sub-005_mtrf_env_onset.npz,-0.5,0.0,0.05,hamming,1,,l2,1,True,mean,"1.0,1.0",results_env_onset\sub-005\sub-005_backward_mtrf_env_onset.summary.json,results_env_onset\sub-005\sub-005_backward_mtrf_env_onset.trial_results.csv
sub-005,,,1,1,0.0320756932680503,-0.00226467576001,0.0169283857860631,-0.0191930615460732,0.0112127713253307,-0.0721316767568431,0.0833444480821739,0.0320756932680503,0.90625,32,2,"envelope,onset",data/processed/env_onset/sub-005_mtrf_env_onset.npz,-0.5,0.0,0.05,hamming,1,,l2,1,True,mean,"1.0,1.0",results_env_onset\sub-005\sub-005_backward_mtrf_env_onset.summary.json,results_env_onset\sub-005\sub-005_backward_mtrf_env_onset.trial_results.csv
sub-005,,,2,1,0.0376218898251339,0.0565553622710349,0.0318772689063191,0.0246780933647158,0.0394885991745536,-0.0110770871109982,0.0505656862855519,0.0376218898251339,0.90625,32,2,"envelope,onset",data/processed/env_onset/sub-005_mtrf_env_onset.npz,-0.5,0.0,0.05,hamming,1,,l2,1,True,mean,"1.0,1.0",results_env_onset\sub-005\sub-005_backward_mtrf_env_onset.summary.json,results_env_onset\sub-005\sub-005_backward_mtrf_env_onset.trial_results.csv
sub-005,,,3,1,0.0316382886198132,0.0179794748576459,-0.0114678804010451,0.0294473552586911,-0.0032683422700088,-0.0370975642509441,0.0338292219809352,0.0316382886198132,0.90625,32,2,"envelope,onset",data/processed/env_onset/sub-005_mtrf_env_onset.npz,-0.5,0.0,0.05,hamming,1,,l2,1,True,mean,"1.0,1.0",results_env_onset\sub-005\sub-005_backward_mtrf_env_onset.summary.json,results_env_onset\sub-005\sub-005_backward_mtrf_env_onset.trial_results.csv
sub-005,,,4,1,0.0584989237377775,0.0144300448874214,-0.0130859726471503,0.0275160175345717,0.0613094927717703,-0.028172337169213,0.0894818299409833,0.0584989237377775,0.90625,32,2,"envelope,onset",data/processed/env_onset/sub-005_mtrf_env_onset.npz,-0.5,0.0,0.05,hamming,1,,l2,1,True,mean,"1.0,1.0",results_env_onset\sub-005\sub-005_backward_mtrf_env_onset.summary.json,results_env_onset\sub-005\sub-005_backward_mtrf_env_onset.trial_results.csv
sub-005,,,5,1,0.1788515333638421,0.1303402583384118,-0.0431743036324605,0.1735145619708723,0.1554527752543213,-0.0287357295024906,0.1841885047568119,0.1788515333638421,0.90625,32,2,"envelope,onset",data/processed/env_onset/sub-005_mtrf_env_onset.npz,-0.5,0.0,0.05,hamming,1,,l2,1,True,mean,"1.0,1.0",results_env_onset\sub-005\sub-005_backward_mtrf_env_onset.summary.json,results_env_onset\sub-005\sub-005_backward_mtrf_env_onset.trial_results.csv
sub-005,,,6,1,0.0455728652172145,0.066004220915054,0.0036876111846653,0.0623166097303886,0.0392986850275654,0.0104695643235248,0.0288291207040405,0.0455728652172145,0.90625,32,2,"envelope,onset",data/processed/env_onset/sub-005_mtrf_env_onset.npz,-0.5,0.0,0.05,hamming,1,,l2,1,True,mean,"1.0,1.0",results_env_onset\sub-005\sub-005_backward_mtrf_env_onset.summary.json,results_env_onset\sub-005\sub-005_backward_mtrf_env_onset.trial_results.csv
sub-005,,,7,1,0.0372890758020861,0.0753354071986344,0.0539883280830172,0.0213470791156171,0.0642871636489582,0.0110560911604031,0.053231072488555,0.0372890758020861,0.90625,32,2,"envelope,onset",data/processed/env_onset/sub-005_mtrf_env_onset.npz,-0.5,0.0,0.05,hamming,1,,l2,1,True,mean,"1.0,1.0",results_env_onset\sub-005\sub-005_backward_mtrf_env_onset.summary.json,results_env_onset\sub-005\sub-005_backward_mtrf_env_onset.trial_results.csv
sub-005,,,8,1,0.1253933205619757,0.1650941030791479,0.0195169582629789,0.1455771448161689,0.1303176862922706,0.025108189984488,0.1052094963077825,0.1253933205619757,0.90625,32,2,"envelope,onset",data/processed/env_onset/sub-005_mtrf_env_onset.npz,-0.5,0.0,0.05,hamming,1,,l2,1,True,mean,"1.0,1.0",results_env_onset\sub-005\sub-005_backward_mtrf_env_onset.summary.json,results_env_onset\sub-005\sub-005_backward_mtrf_env_onset.trial_results.csv
sub-005,,,9,1,0.1468915061594449,0.0864028277877924,-0.0184773024345782,0.1048801302223706,0.0964071709325982,-0.0924957111639209,0.1889028820965192,0.1468915061594449,0.90625,32,2,"envelope,onset",data/processed/env_onset/sub-005_mtrf_env_onset.npz,-0.5,0.0,0.05,hamming,1,,l2,1,True,mean,"1.0,1.0",results_env_onset\sub-005\sub-005_backward_mtrf_env_onset.summary.json,results_env_onset\sub-005\sub-005_backward_mtrf_env_onset.trial_results.csv
sub-005,,,10,1,0.0594911633968865,0.0847650553899784,0.0215500764968959,0.0632149788930824,0.0702697367509918,0.0145023888503013,0.0557673479006905,0.0594911633968865,0.90625,32,2,"envelope,onset",data/processed/env_onset/sub-005_mtrf_env_onset.npz,-0.5,0.0,0.05,hamming,1,,l2,1,True,mean,"1.0,1.0",results_env_onset\sub-005\sub-005_backward_mtrf_env_onset.summary.json,results_env_onset\sub-005\sub-005_backward_mtrf_env_onset.trial_results.csv
sub-005,,,11,1,0.0555029722933688,0.0870486897746312,0.0205379743626425,0.0665107154119887,0.0509923681869647,0.0064971390122157,0.0444952291747489,0.0555029722933688,0.90625,32,2,"envelope,onset",data/processed/env_onset/sub-005_mtrf_env_onset.npz,-0.5,0.0,0.05,hamming,1,,l2,1,True,mean,"1.0,1.0",results_env_onset\sub-005\sub-005_backward_mtrf_env_onset.summary.json,results_env_onset\sub-005\sub-005_backward_mtrf_env_onset.trial_results.csv
sub-005,,,12,1,0.0662798712074067,0.0632834247413437,0.0013826522191953,0.0619007725221484,0.0996787783682421,0.0290198084755772,0.0706589698926649,0.0662798712074067,0.90625,32,2,"envelope,onset",data/processed/env_onset/sub-005_mtrf_env_onset.npz,-0.5,0.0,0.05,hamming,1,,l2,1,True,mean,"1.0,1.0",results_env_onset\sub-005\sub-005_backward_mtrf_env_onset.summary.json,results_env_onset\sub-005\sub-005_backward_mtrf_env_onset.trial_results.csv
sub-005,,,13,1,0.0951275829977693,0.0973863060411174,-0.0056585814116724,0.1030448874527899,0.0525430163896955,-0.0346672621530531,0.0872102785427487,0.0951275829977693,0.90625,32,2,"envelope,onset",data/processed/env_onset/sub-005_mtrf_env_onset.npz,-0.5,0.0,0.05,hamming,1,,l2,1,True,mean,"1.0,1.0",results_env_onset\sub-005\sub-005_backward_mtrf_env_onset.summary.json,results_env_onset\sub-005\sub-005_backward_mtrf_env_onset.trial_results.csv
sub-005,,,14,1,0.1007887203999206,0.1277434972438043,-0.0244869166667552,0.1522304139105596,0.0222089742433974,-0.0271380526458842,0.0493470268892816,0.1007887203999206,0.90625,32,2,"envelope,onset",data/processed/env_onset/sub-005_mtrf_env_onset.npz,-0.5,0.0,0.05,hamming,1,,l2,1,True,mean,"1.0,1.0",results_env_onset\sub-005\sub-005_backward_mtrf_env_onset.summary.json,results_env_onset\sub-005\sub-005_backward_mtrf_env_onset.trial_results.csv
sub-005,,,15,1,0.1846300941518552,0.1364418556262226,-0.0361650644214322,0.1726069200476549,0.1261536265549133,-0.0704996417011422,0.1966532682560556,0.1846300941518552,0.90625,32,2,"envelope,onset",data/processed/env_onset/sub-005_mtrf_env_onset.npz,-0.5,0.0,0.05,hamming,1,,l2,1,True,mean,"1.0,1.0",results_env_onset\sub-005\sub-005_backward_mtrf_env_onset.summary.json,results_env_onset\sub-005\sub-005_backward_mtrf_env_onset.trial_results.csv
sub-005,,,16,1,0.1534035247115286,0.1065063300781764,-0.058872765922096,0.1653790960002724,0.0360175536024497,-0.1054103998203351,0.1414279534227848,0.1534035247115286,0.90625,32,2,"envelope,onset",data/processed/env_onset/sub-005_mtrf_env_onset.npz,-0.5,0.0,0.05,hamming,1,,l2,1,True,mean,"1.0,1.0",results_env_onset\sub-005\sub-005_backward_mtrf_env_onset.summary.json,results_env_onset\sub-005\sub-005_backward_mtrf_env_onset.trial_results.csv
sub-005,,,17,1,0.0833220740507493,0.0802850338843395,0.0388422919801091,0.0414427419042303,0.1250541358151594,-0.0001472703821089,0.1252014061972683,0.0833220740507493,0.90625,32,2,"envelope,onset",data/processed/env_onset/sub-005_mtrf_env_onset.npz,-0.5,0.0,0.05,hamming,1,,l2,1,True,mean,"1.0,1.0",results_env_onset\sub-005\sub-005_backward_mtrf_env_onset.summary.json,results_env_onset\sub-005\sub-005_backward_mtrf_env_onset.trial_results.csv
sub-005,,,18,0,-0.0107045580323382,0.0539181147204868,0.0741880622597373,-0.0202699475392504,0.039801201966472,0.040940370491898,-0.0011391685254259,-0.0107045580323382,0.90625,32,2,"envelope,onset",data/processed/env_onset/sub-005_mtrf_env_onset.npz,-0.5,0.0,0.05,hamming,1,,l2,1,True,mean,"1.0,1.0",results_env_onset\sub-005\sub-005_backward_mtrf_env_onset.summary.json,results_env_onset\sub-005\sub-005_backward_mtrf_env_onset.trial_results.csv
sub-005,,,19,1,0.0231763925229803,0.0757275268382677,0.0670274415026982,0.0087000853355695,0.0825777030193722,0.0449250033089811,0.0376526997103911,0.0231763925229803,0.90625,32,2,"envelope,onset",data/processed/env_onset/sub-005_mtrf_env_onset.npz,-0.5,0.0,0.05,hamming,1,,l2,1,True,mean,"1.0,1.0",results_env_onset\sub-005\sub-005_backward_mtrf_env_onset.summary.json,results_env_onset\sub-005\sub-005_backward_mtrf_env_onset.trial_results.csv
sub-005,,,20,1,0.1018615748993077,0.1243666908282853,0.0313884161208145,0.0929782747074708,0.1013854598344283,-0.0093594152567162,0.1107448750911445,0.1018615748993077,0.90625,32,2,"envelope,onset",data/processed/env_onset/sub-005_mtrf_env_onset.npz,-0.5,0.0,0.05,hamming,1,,l2,1,True,mean,"1.0,1.0",results_env_onset\sub-005\sub-005_backward_mtrf_env_onset.summary.json,results_env_onset\sub-005\sub-005_backward_mtrf_env_onset.trial_results.csv
sub-005,,,21,1,0.0823509646010118,0.0671878735112032,0.0203975429990764,0.0467903305121268,0.0831432429563792,-0.0347683557335175,0.1179115986898967,0.0823509646010118,0.90625,32,2,"envelope,onset",data/processed/env_onset/sub-005_mtrf_env_onset.npz,-0.5,0.0,0.05,hamming,1,,l2,1,True,mean,"1.0,1.0",results_env_onset\sub-005\sub-005_backward_mtrf_env_onset.summary.json,results_env_onset\sub-005\sub-005_backward_mtrf_env_onset.trial_results.csv
sub-005,,,22,1,0.1010138855177074,0.101010973924643,-0.022258320374002,0.1232692942986451,0.0948215716919228,0.016063094955153,0.0787584767367697,0.1010138855177074,0.90625,32,2,"envelope,onset",data/processed/env_onset/sub-005_mtrf_env_onset.npz,-0.5,0.0,0.05,hamming,1,,l2,1,True,mean,"1.0,1.0",results_env_onset\sub-005\sub-005_backward_mtrf_env_onset.summary.json,results_env_onset\sub-005\sub-005_backward_mtrf_env_onset.trial_results.csv
sub-005,,,23,1,0.0665679793565638,0.070919698898752,-0.0056349538376915,0.0765546527364436,0.0484785054541413,-0.0081028005225425,0.0565813059766839,0.0665679793565638,0.90625,32,2,"envelope,onset",data/processed/env_onset/sub-005_mtrf_env_onset.npz,-0.5,0.0,0.05,hamming,1,,l2,1,True,mean,"1.0,1.0",results_env_onset\sub-005\sub-005_backward_mtrf_env_onset.summary.json,results_env_onset\sub-005\sub-005_backward_mtrf_env_onset.trial_results.csv
sub-005,,,24,0,-0.0264015180203623,0.0312237097044791,0.0508431422432214,-0.0196194325387423,0.0354851506353621,0.0686687541373444,-0.0331836035019822,-0.0264015180203623,0.90625,32,2,"envelope,onset",data/processed/env_onset/sub-005_mtrf_env_onset.npz,-0.5,0.0,0.05,hamming,1,,l2,1,True,mean,"1.0,1.0",results_env_onset\sub-005\sub-005_backward_mtrf_env_onset.summary.json,results_env_onset\sub-005\sub-005_backward_mtrf_env_onset.trial_results.csv
sub-005,,,25,1,0.0822075585419569,0.1082248622738806,0.050368855986945,0.0578560062869356,0.1439059851313508,0.0373468743343725,0.1065591107969782,0.0822075585419569,0.90625,32,2,"envelope,onset",data/processed/env_onset/sub-005_mtrf_env_onset.npz,-0.5,0.0,0.05,hamming,1,,l2,1,True,mean,"1.0,1.0",results_env_onset\sub-005\sub-005_backward_mtrf_env_onset.summary.json,results_env_onset\sub-005\sub-005_backward_mtrf_env_onset.trial_results.csv
sub-005,,,26,1,0.0487046091142562,0.1205079940538459,0.0745933625897783,0.0459146314640676,0.1317936377528016,0.0802990509883568,0.0514945867644447,0.0487046091142562,0.90625,32,2,"envelope,onset",data/processed/env_onset/sub-005_mtrf_env_onset.npz,-0.5,0.0,0.05,hamming,1,,l2,1,True,mean,"1.0,1.0",results_env_onset\sub-005\sub-005_backward_mtrf_env_onset.summary.json,results_env_onset\sub-005\sub-005_backward_mtrf_env_onset.trial_results.csv
sub-005,,,27,0,-0.0057538096349728,0.0691229995751937,0.0278025971009982,0.0413204024741955,-0.0102068474212375,0.0426211743229035,-0.0528280217441411,-0.0057538096349728,0.90625,32,2,"envelope,onset",data/processed/env_onset/sub-005_mtrf_env_onset.npz,-0.5,0.0,0.05,hamming,1,,l2,1,True,mean,"1.0,1.0",results_env_onset\sub-005\sub-005_backward_mtrf_env_onset.summary.json,results_env_onset\sub-005\sub-005_backward_mtrf_env_onset.trial_results.csv
sub-005,,,28,1,0.0375244220039037,0.0428524710091976,0.0084124143936916,0.0344400566155059,0.0422664475380261,0.0016576601457245,0.0406087873923016,0.0375244220039037,0.90625,32,2,"envelope,onset",data/processed/env_onset/sub-005_mtrf_env_onset.npz,-0.5,0.0,0.05,hamming,1,,l2,1,True,mean,"1.0,1.0",results_env_onset\sub-005\sub-005_backward_mtrf_env_onset.summary.json,results_env_onset\sub-005\sub-005_backward_mtrf_env_onset.trial_results.csv
sub-005,,,29,1,0.1002582009423091,0.1311702992446268,-0.0147775885304959,0.1459478877751227,0.0322439267318962,-0.0223245873775993,0.0545685141094956,0.1002582009423091,0.90625,32,2,"envelope,onset",data/processed/env_onset/sub-005_mtrf_env_onset.npz,-0.5,0.0,0.05,hamming,1,,l2,1,True,mean,"1.0,1.0",results_env_onset\sub-005\sub-005_backward_mtrf_env_onset.summary.json,results_env_onset\sub-005\sub-005_backward_mtrf_env_onset.trial_results.csv
sub-005,,,30,1,0.0272518723229537,0.0941432076549709,0.0354852586269815,0.0586579490279894,0.0817709113617098,0.0859251157437917,-0.0041542043820819,0.0272518723229537,0.90625,32,2,"envelope,onset",data/processed/env_onset/sub-005_mtrf_env_onset.npz,-0.5,0.0,0.05,hamming,1,,l2,1,True,mean,"1.0,1.0",results_env_onset\sub-005\sub-005_backward_mtrf_env_onset.summary.json,results_env_onset\sub-005\sub-005_backward_mtrf_env_onset.trial_results.csv
sub-005,,,31,1,0.1713984355555067,0.1177615616650138,-0.0028231889385165,0.1205847506035303,0.14639043708856,-0.075821683418923,0.222212120507483,0.1713984355555067,0.90625,32,2,"envelope,onset",data/processed/env_onset/sub-005_mtrf_env_onset.npz,-0.5,0.0,0.05,hamming,1,,l2,1,True,mean,"1.0,1.0",results_env_onset\sub-005\sub-005_backward_mtrf_env_onset.summary.json,results_env_onset\sub-005\sub-005_backward_mtrf_env_onset.trial_results.csv
sub-006,,,0,1,0.0505051501769881,0.1268786768918765,0.0613160053947008,0.0655626714971757,0.1096668356347005,0.0742192067779,0.0354476288568005,0.0505051501769881,1.0,32,2,"envelope,onset",data/processed/env_onset/sub-006_mtrf_env_onset.npz,-0.5,0.0,0.05,hamming,1,,l2,1,True,mean,"1.0,1.0",results_env_onset\sub-006\sub-006_backward_mtrf_env_onset.summary.json,results_env_onset\sub-006\sub-006_backward_mtrf_env_onset.trial_results.csv
sub-006,,,1,1,0.0355297095290847,0.0879797741050113,0.0837321963575698,0.0042475777474415,0.13848824901144,0.071676407700712,0.0668118413107279,0.0355297095290847,1.0,32,2,"envelope,onset",data/processed/env_onset/sub-006_mtrf_env_onset.npz,-0.5,0.0,0.05,hamming,1,,l2,1,True,mean,"1.0,1.0",results_env_onset\sub-006\sub-006_backward_mtrf_env_onset.summary.json,results_env_onset\sub-006\sub-006_backward_mtrf_env_onset.trial_results.csv
sub-006,,,2,1,0.1808370394699208,0.1333643272370334,-0.0126002484371315,0.145964575674165,0.1707970188305511,-0.0449124844351255,0.2157095032656766,0.1808370394699208,1.0,32,2,"envelope,onset",data/processed/env_onset/sub-006_mtrf_env_onset.npz,-0.5,0.0,0.05,hamming,1,,l2,1,True,mean,"1.0,1.0",results_env_onset\sub-006\sub-006_backward_mtrf_env_onset.summary.json,results_env_onset\sub-006\sub-006_backward_mtrf_env_onset.trial_results.csv
sub-006,,,3,1,0.1261314437357198,0.1577650668348693,0.0331022918916679,0.1246627749432014,0.1715975333772352,0.0439974208489969,0.1276001125282383,0.1261314437357198,1.0,32,2,"envelope,onset",data/processed/env_onset/sub-006_mtrf_env_onset.npz,-0.5,0.0,0.05,hamming,1,,l2,1,True,mean,"1.0,1.0",results_env_onset\sub-006\sub-006_backward_mtrf_env_onset.summary.json,results_env_onset\sub-006\sub-006_backward_mtrf_env_onset.trial_results.csv
sub-006,,,4,1,0.0736039068859149,0.1032356818331894,0.0188238339585916,0.0844118478745978,0.125691491643988,0.0628955257467561,0.0627959658972319,0.0736039068859149,1.0,32,2,"envelope,onset",data/processed/env_onset/sub-006_mtrf_env_onset.npz,-0.5,0.0,0.05,hamming,1,,l2,1,True,mean,"1.0,1.0",results_env_onset\sub-006\sub-006_backward_mtrf_env_onset.summary.json,results_env_onset\sub-006\sub-006_backward_mtrf_env_onset.trial_results.csv
sub-006,,,5,1,0.0803597132243063,0.1191370723079839,0.0602358456087067,0.0589012266992772,0.1187247663320196,0.0169065665826841,0.1018181997493355,0.0803597132243063,1.0,32,2,"envelope,onset",data/processed/env_onset/sub-006_mtrf_env_onset.npz,-0.5,0.0,0.05,hamming,1,,l2,1,True,mean,"1.0,1.0",results_env_onset\sub-006\sub-006_backward_mtrf_env_onset.summary.json,results_env_onset\sub-006\sub-006_backward_mtrf_env_onset.trial_results.csv
sub-006,,,6,1,0.1241322133229756,0.1344978741833128,0.0059424020840168,0.1285554720992959,0.1387339549935671,0.0190250004469118,0.1197089545466553,0.1241322133229756,1.0,32,2,"envelope,onset",data/processed/env_onset/sub-006_mtrf_env_onset.npz,-0.5,0.0,0.05,hamming,1,,l2,1,True,mean,"1.0,1.0",results_env_onset\sub-006\sub-006_backward_mtrf_env_onset.summary.json,results_env_onset\sub-006\sub-006_backward_mtrf_env_onset.trial_results.csv
sub-006,,,7,1,0.1431426641719721,0.1766796289936715,-0.0069459167226128,0.1836255457162843,0.1297369703023773,0.0270771876747174,0.1026597826276599,0.1431426641719721,1.0,32,2,"envelope,onset",data/processed/env_onset/sub-006_mtrf_env_onset.npz,-0.5,0.0,0.05,hamming,1,,l2,1,True,mean,"1.0,1.0",results_env_onset\sub-006\sub-006_backward_mtrf_env_onset.summary.json,results_env_onset\sub-006\sub-006_backward_mtrf_env_onset.trial_results.csv
sub-006,,,8,1,0.0625973896883221,0.12739154291387,0.0346343427961828,0.0927572001176871,0.1323940335821746,0.0999564543232176,0.032437579258957,0.0625973896883221,1.0,32,2,"envelope,onset",data/processed/env_onset/sub-006_mtrf_env_onset.npz,-0.5,0.0,0.05,hamming,1,,l2,1,True,mean,"1.0,1.0",results_env_onset\sub-006\sub-006_backward_mtrf_env_onset.summary.json,results_env_onset\sub-006\sub-006_backward_mtrf_env_onset.trial_results.csv
sub-006,,,9,1,0.1062192388962365,0.0573123220327199,-0.0294916312266154,0.0868039532593353,0.1239214171878929,-0.0017131073452447,0.1256345245331377,0.1062192388962365,1.0,32,2,"envelope,onset",data/processed/env_onset/sub-006_mtrf_env_onset.npz,-0.5,0.0,0.05,hamming,1,,l2,1,True,mean,"1.0,1.0",results_env_onset\sub-006\sub-006_backward_mtrf_env_onset.summary.json,results_env_onset\sub-006\sub-006_backward_mtrf_env_onset.trial_results.csv
sub-006,,,10,1,0.041175025618016,0.1129661464327652,0.0836549997271445,0.0293111467056207,0.1290028579620378,0.0759639534316265,0.0530389045304112,0.041175025618016,1.0,32,2,"envelope,onset",data/processed/env_onset/sub-006_mtrf_env_onset.npz,-0.5,0.0,0.05,hamming,1,,l2,1,True,mean,"1.0,1.0",results_env_onset\sub-006\sub-006_backward_mtrf_env_onset.summary.json,results_env_onset\sub-006\sub-006_backward_mtrf_env_onset.trial_results.csv
sub-006,,,11,1,0.2004354677598804,0.1573499486978524,-0.0605158822807211,0.2178658309785736,0.2278718778624981,0.0448667733213108,0.1830051045411872,0.2004354677598804,1.0,32,2,"envelope,onset",data/processed/env_onset/sub-006_mtrf_env_onset.npz,-0.5,0.0,0.05,hamming,1,,l2,1,True,mean,"1.0,1.0",results_env_onset\sub-006\sub-006_backward_mtrf_env_onset.summary.json,results_env_onset\sub-006\sub-006_backward_mtrf_env_onset.trial_results.csv
sub-006,,,12,1,0.1148556842561746,0.1686946094606229,0.0328333170608873,0.1358612923997355,0.1697058282746321,0.0758557521620183,0.0938500761126137,0.1148556842561746,1.0,32,2,"envelope,onset",data/processed/env_onset/sub-006_mtrf_env_onset.npz,-0.5,0.0,0.05,hamming,1,,l2,1,True,mean,"1.0,1.0",results_env_onset\sub-006\sub-006_backward_mtrf_env_onset.summary.json,results_env_onset\sub-006\sub-006_backward_mtrf_env_onset.trial_results.csv
sub-006,,,13,1,0.2170995956880904,0.1925565566455349,-0.0422838353877342,0.2348403920332691,0.2437808540141223,0.0444220546712106,0.1993587993429117,0.2170995956880904,1.0,32,2,"envelope,onset",data/processed/env_onset/sub-006_mtrf_env_onset.npz,-0.5,0.0,0.05,hamming,1,,l2,1,True,mean,"1.0,1.0",results_env_onset\sub-006\sub-006_backward_mtrf_env_onset.summary.json,results_env_onset\sub-006\sub-006_backward_mtrf_env_onset.trial_results.csv
sub-006,,,14,1,0.1485423910159041,0.199135912673489,0.0511935087593209,0.1479424039141681,0.246972179757816,0.0978298016401759,0.14914237811764,0.1485423910159041,1.0,32,2,"envelope,onset",data/processed/env_onset/sub-006_mtrf_env_onset.npz,-0.5,0.0,0.05,hamming,1,,l2,1,True,mean,"1.0,1.0",results_env_onset\sub-006\sub-006_backward_mtrf_env_onset.summary.json,results_env_onset\sub-006\sub-006_backward_mtrf_env_onset.trial_results.csv
sub-006,,,15,1,0.1656072976576341,0.1837060073681716,-0.0040822062857834,0.1877882136539551,0.1884158116387728,0.0449894299774597,0.1434263816613131,0.1656072976576341,1.0,32,2,"envelope,onset",data/processed/env_onset/sub-006_mtrf_env_onset.npz,-0.5,0.0,0.05,hamming,1,,l2,1,True,mean,"1.0,1.0",results_env_onset\sub-006\sub-006_backward_mtrf_env_onset.summary.json,results_env_onset\sub-006\sub-006_backward_mtrf_env_onset.trial_results.csv
sub-006,,,16,1,0.0729388651110552,0.1514116555787814,0.0631424293539186,0.0882692262248627,0.1701576533271267,0.112549149329879,0.0576085039972476,0.0729388651110552,1.0,32,2,"envelope,onset",data/processed/env_onset/sub-006_mtrf_env_onset.npz,-0.5,0.0,0.05,hamming,1,,l2,1,True,mean,"1.0,1.0",results_env_onset\sub-006\sub-006_backward_mtrf_env_onset.summary.json,results_env_onset\sub-006\sub-006_backward_mtrf_env_onset.trial_results.csv
sub-006,,,17,1,0.0153104050306765,0.0785188020552887,0.0785050519045255,1.3750150763214286e-05,0.0930364034126095,0.0624293435020196,0.0306070599105899,0.0153104050306765,1.0,32,2,"envelope,onset",data/processed/env_onset/sub-006_mtrf_env_onset.npz,-0.5,0.0,0.05,hamming,1,,l2,1,True,mean,"1.0,1.0",results_env_onset\sub-006\sub-006_backward_mtrf_env_onset.summary.json,results_env_onset\sub-006\sub-006_backward_mtrf_env_onset.trial_results.csv
sub-006,,,18,1,0.134105541373348,0.1335387602850884,-0.0102963566552006,0.143835116940289,0.1675981295578068,0.0432221637513998,0.1243759658064069,0.134105541373348,1.0,32,2,"envelope,onset",data/processed/env_onset/sub-006_mtrf_env_onset.npz,-0.5,0.0,0.05,hamming,1,,l2,1,True,mean,"1.0,1.0",results_env_onset\sub-006\sub-006_backward_mtrf_env_onset.summary.json,results_env_onset\sub-006\sub-006_backward_mtrf_env_onset.trial_results.csv
sub-006,,,19,1,0.1138608859624939,0.1590737663519817,0.0556064673421127,0.1034672990098689,0.1984111532128199,0.074156680297701,0.1242544729151189,0.1138608859624939,1.0,32,2,"envelope,onset",data/processed/env_onset/sub-006_mtrf_env_onset.npz,-0.5,0.0,0.05,hamming,1,,l2,1,True,mean,"1.0,1.0",results_env_onset\sub-006\sub-006_backward_mtrf_env_onset.summary.json,results_env_onset\sub-006\sub-006_backward_mtrf_env_onset.trial_results.csv
sub-006,,,20,1,0.1504743042607001,0.1956236632215656,0.0268455233151187,0.1687781399064469,0.1583408849660489,0.0261704163510955,0.1321704686149533,0.1504743042607001,1.0,32,2,"envelope,onset",data/processed/env_onset/sub-006_mtrf_env_onset.npz,-0.5,0.0,0.05,hamming,1,,l2,1,True,mean,"1.0,1.0",results_env_onset\sub-006\sub-006_backward_mtrf_env_onset.summary.json,results_env_onset\sub-006\sub-006_backward_mtrf_env_onset.trial_results.csv
sub-006,,,21,1,0.0937837040751555,0.1463398933456269,0.0115647144942985,0.1347751788513284,0.1422382740899105,0.0894460447909279,0.0527922292989826,0.0937837040751555,1.0,32,2,"envelope,onset",data/processed/env_onset/sub-006_mtrf_env_onset.npz,-0.5,0.0,0.05,hamming,1,,l2,1,True,mean,"1.0,1.0",results_env_onset\sub-006\sub-006_backward_mtrf_env_onset.summary.json,results_env_onset\sub-006\sub-006_backward_mtrf_env_onset.trial_results.csv
sub-006,,,22,1,0.1531062778048185,0.2236782186066816,0.0566721474066632,0.1670060712000183,0.1880152002346601,0.0488087158250412,0.1392064844096188,0.1531062778048185,1.0,32,2,"envelope,onset",data/processed/env_onset/sub-006_mtrf_env_onset.npz,-0.5,0.0,0.05,hamming,1,,l2,1,True,mean,"1.0,1.0",results_env_onset\sub-006\sub-006_backward_mtrf_env_onset.summary.json,results_env_onset\sub-006\sub-006_backward_mtrf_env_onset.trial_results.csv
sub-006,,,23,1,0.0400005236857027,0.1080799896818592,0.0889376693675825,0.0191423203142766,0.1375267000939084,0.0766679730367796,0.0608587270571287,0.0400005236857027,1.0,32,2,"envelope,onset",data/processed/env_onset/sub-006_mtrf_env_onset.npz,-0.5,0.0,0.05,hamming,1,,l2,1,True,mean,"1.0,1.0",results_env_onset\sub-006\sub-006_backward_mtrf_env_onset.summary.json,results_env_onset\sub-006\sub-006_backward_mtrf_env_onset.trial_results.csv
sub-006,,,24,1,0.127842581227702,0.1429890449094399,0.0143104363689174,0.1286786085405225,0.1755561157226823,0.0485495618078007,0.1270065539148816,0.127842581227702,1.0,32,2,"envelope,onset",data/processed/env_onset/sub-006_mtrf_env_onset.npz,-0.5,0.0,0.05,hamming,1,,l2,1,True,mean,"1.0,1.0",results_env_onset\sub-006\sub-006_backward_mtrf_env_onset.summary.json,results_env_onset\sub-006\sub-006_backward_mtrf_env_onset.trial_results.csv
sub-006,,,25,1,0.0858910793086256,0.1065116976598351,0.0076117238124264,0.0988999738474086,0.1504953982750529,0.0776132135052104,0.0728821847698425,0.0858910793086256,1.0,32,2,"envelope,onset",data/processed/env_onset/sub-006_mtrf_env_onset.npz,-0.5,0.0,0.05,hamming,1,,l2,1,True,mean,"1.0,1.0",results_env_onset\sub-006\sub-006_backward_mtrf_env_onset.summary.json,results_env_onset\sub-006\sub-006_backward_mtrf_env_onset.trial_results.csv
sub-006,,,26,1,0.1228314880509511,0.1657293798746102,0.0619283745360084,0.1038010053386018,0.1897212815142639,0.0478593107509634,0.1418619707633005,0.1228314880509511,1.0,32,2,"envelope,onset",data/processed/env_onset/sub-006_mtrf_env_onset.npz,-0.5,0.0,0.05,hamming,1,,l2,1,True,mean,"1.0,1.0",results_env_onset\sub-006\sub-006_backward_mtrf_env_onset.summary.json,results_env_onset\sub-006\sub-006_backward_mtrf_env_onset.trial_results.csv
sub-006,,,27,1,0.2222805040710682,0.2102519444641667,-0.0371361053880806,0.2473880498522474,0.2084050451487875,0.0112320868588985,0.197172958289889,0.2222805040710682,1.0,32,2,"envelope,onset",data/processed/env_onset/sub-006_mtrf_env_onset.npz,-0.5,0.0,0.05,hamming,1,,l2,1,True,mean,"1.0,1.0",results_env_onset\sub-006\sub-006_backward_mtrf_env_onset.summary.json,results_env_onset\sub-006\sub-006_backward_mtrf_env_onset.trial_results.csv
sub-006,,,28,1,0.1240936989158423,0.0879013958118767,-0.030408357547208,0.1183097533590848,0.1712941930048064,0.0414165485322066,0.1298776444725998,0.1240936989158423,1.0,32,2,"envelope,onset",data/processed/env_onset/sub-006_mtrf_env_onset.npz,-0.5,0.0,0.05,hamming,1,,l2,1,True,mean,"1.0,1.0",results_env_onset\sub-006\sub-006_backward_mtrf_env_onset.summary.json,results_env_onset\sub-006\sub-006_backward_mtrf_env_onset.trial_results.csv
sub-006,,,29,1,0.1655102557258285,0.1558708742322871,-0.0490092666620453,0.2048801408943324,0.1498219907661985,0.0236816202088739,0.1261403705573246,0.1655102557258285,1.0,32,2,"envelope,onset",data/processed/env_onset/sub-006_mtrf_env_onset.npz,-0.5,0.0,0.05,hamming,1,,l2,1,True,mean,"1.0,1.0",results_env_onset\sub-006\sub-006_backward_mtrf_env_onset.summary.json,results_env_onset\sub-006\sub-006_backward_mtrf_env_onset.trial_results.csv
sub-006,,,30,1,0.0408550102346863,0.1539701989092232,0.1021167954102794,0.0518534034989437,0.1577034792291088,0.1278468622586799,0.0298566169704289,0.0408550102346863,1.0,32,2,"envelope,onset",data/processed/env_onset/sub-006_mtrf_env_onset.npz,-0.5,0.0,0.05,hamming,1,,l2,1,True,mean,"1.0,1.0",results_env_onset\sub-006\sub-006_backward_mtrf_env_onset.summary.json,results_env_onset\sub-006\sub-006_backward_mtrf_env_onset.trial_results.csv
sub-006,,,31,1,0.1401127010857731,0.197082947906576,0.0606092684116245,0.1364736794949514,0.2520500777438887,0.108298355067294,0.1437517226765947,0.1401127010857731,1.0,32,2,"envelope,onset",data/processed/env_onset/sub-006_mtrf_env_onset.npz,-0.5,0.0,0.05,hamming,1,,l2,1,True,mean,"1.0,1.0",results_env_onset\sub-006\sub-006_backward_mtrf_env_onset.summary.json,results_env_onset\sub-006\sub-006_backward_mtrf_env_onset.trial_results.csv
sub-007,,,0,1,0.0296788980234567,0.0507407382757293,0.0152284419748904,0.0355122963008388,0.0191239409708358,-0.0047215587752388,0.0238454997460746,0.0296788980234567,0.78125,32,2,"envelope,onset",data/processed/env_onset/sub-007_mtrf_env_onset.npz,-0.5,0.0,0.05,hamming,1,,l2,1,True,mean,"1.0,1.0",results_env_onset\sub-007\sub-007_backward_mtrf_env_onset.summary.json,results_env_onset\sub-007\sub-007_backward_mtrf_env_onset.trial_results.csv
sub-007,,,1,1,0.0573444406179028,0.0647000870693932,-0.0095263967165097,0.0742264837859029,0.0417601230230533,0.0012977255731506,0.0404623974499026,0.0573444406179028,0.78125,32,2,"envelope,onset",data/processed/env_onset/sub-007_mtrf_env_onset.npz,-0.5,0.0,0.05,hamming,1,,l2,1,True,mean,"1.0,1.0",results_env_onset\sub-007\sub-007_backward_mtrf_env_onset.summary.json,results_env_onset\sub-007\sub-007_backward_mtrf_env_onset.trial_results.csv
sub-007,,,2,1,0.060231139368567,-0.0442547176150757,-0.0653955509123478,0.0211408332972721,-0.0264634429167801,-0.1257848883566421,0.0993214454398618,0.060231139368567,0.78125,32,2,"envelope,onset",data/processed/env_onset/sub-007_mtrf_env_onset.npz,-0.5,0.0,0.05,hamming,1,,l2,1,True,mean,"1.0,1.0",results_env_onset\sub-007\sub-007_backward_mtrf_env_onset.summary.json,results_env_onset\sub-007\sub-007_backward_mtrf_env_onset.trial_results.csv
sub-007,,,3,1,0.0380027656034723,0.0762008244863622,0.0473161311072792,0.0288846933790829,0.0464613621565206,-0.000659475671341,0.0471208378278616,0.0380027656034723,0.78125,32,2,"envelope,onset",data/processed/env_onset/sub-007_mtrf_env_onset.npz,-0.5,0.0,0.05,hamming,1,,l2,1,True,mean,"1.0,1.0",results_env_onset\sub-007\sub-007_backward_mtrf_env_onset.summary.json,results_env_onset\sub-007\sub-007_backward_mtrf_env_onset.trial_results.csv
sub-007,,,4,1,0.0649348711145563,0.1379654516756912,0.0820400696812899,0.0559253819944013,0.1409738336899614,0.0670294734552501,0.0739443602347112,0.0649348711145563,0.78125,32,2,"envelope,onset",data/processed/env_onset/sub-007_mtrf_env_onset.npz,-0.5,0.0,0.05,hamming,1,,l2,1,True,mean,"1.0,1.0",results_env_onset\sub-007\sub-007_backward_mtrf_env_onset.summary.json,results_env_onset\sub-007\sub-007_backward_mtrf_env_onset.trial_results.csv
sub-007,,,5,1,0.1323625476589666,0.1271274987476488,-0.0408086204537732,0.1679361192014221,0.0993796555208832,0.0025906794043721,0.096788976116511,0.1323625476589666,0.78125,32,2,"envelope,onset",data/processed/env_onset/sub-007_mtrf_env_onset.npz,-0.5,0.0,0.05,hamming,1,,l2,1,True,mean,"1.0,1.0",results_env_onset\sub-007\sub-007_backward_mtrf_env_onset.summary.json,results_env_onset\sub-007\sub-007_backward_mtrf_env_onset.trial_results.csv
sub-007,,,6,1,0.0362510256395007,0.0746081262356688,-0.0139568612479169,0.0885649874835857,0.0378815473263398,0.0539444835309241,-0.0160629362045842,0.0362510256395007,0.78125,32,2,"envelope,onset",data/processed/env_onset/sub-007_mtrf_env_onset.npz,-0.5,0.0,0.05,hamming,1,,l2,1,True,mean,"1.0,1.0",results_env_onset\sub-007\sub-007_backward_mtrf_env_onset.summary.json,results_env_onset\sub-007\sub-007_backward_mtrf_env_onset.trial_results.csv
sub-007,,,7,0,-0.0537801625982821,0.0762728407715497,0.0867852125298286,-0.0105123717582788,0.0344069876465417,0.1314549410848271,-0.0970479534382854,-0.0537801625982821,0.78125,32,2,"envelope,onset",data/processed/env_onset/sub-007_mtrf_env_onset.npz,-0.5,0.0,0.05,hamming,1,,l2,1,True,mean,"1.0,1.0",results_env_onset\sub-007\sub-007_backward_mtrf_env_onset.summary.json,results_env_onset\sub-007\sub-007_backward_mtrf_env_onset.trial_results.csv
sub-007,,,8,1,0.0561945657095226,0.0135800524162995,-0.0368239487239872,0.0504040011402868,0.0500235282385148,-0.0119616020402434,0.0619851302787583,0.0561945657095226,0.78125,32,2,"envelope,onset",data/processed/env_onset/sub-007_mtrf_env_onset.npz,-0.5,0.0,0.05,hamming,1,,l2,1,True,mean,"1.0,1.0",results_env_onset\sub-007\sub-007_backward_mtrf_env_onset.summary.json,results_env_onset\sub-007\sub-007_backward_mtrf_env_onset.trial_results.csv
sub-007,,,9,1,0.0544770978390035,0.0785716969711595,-0.0023600023031644,0.080931699274324,0.0631540609821999,0.0351315645785169,0.0280224964036829,0.0544770978390035,0.78125,32,2,"envelope,onset",data/processed/env_onset/sub-007_mtrf_env_onset.npz,-0.5,0.0,0.05,hamming,1,,l2,1,True,mean,"1.0,1.0",results_env_onset\sub-007\sub-007_backward_mtrf_env_onset.summary.json,results_env_onset\sub-007\sub-007_backward_mtrf_env_onset.trial_results.csv
sub-007,,,10,1,0.0600104928145889,0.0704105700636391,0.0118725206585932,0.0585380494050458,0.0759291482066967,0.0144462119825647,0.0614829362241319,0.0600104928145889,0.78125,32,2,"envelope,onset",data/processed/env_onset/sub-007_mtrf_env_onset.npz,-0.5,0.0,0.05,hamming,1,,l2,1,True,mean,"1.0,1.0",results_env_onset\sub-007\sub-007_backward_mtrf_env_onset.summary.json,results_env_onset\sub-007\sub-007_backward_mtrf_env_onset.trial_results.csv
sub-007,,,11,0,-0.001207452777114,0.0427502441629019,0.0341248619722727,0.0086253821906291,0.0080900092233323,0.0191302969681894,-0.0110402877448571,-0.001207452777114,0.78125,32,2,"envelope,onset",data/processed/env_onset/sub-007_mtrf_env_onset.npz,-0.5,0.0,0.05,hamming,1,,l2,1,True,mean,"1.0,1.0",results_env_onset\sub-007\sub-007_backward_mtrf_env_onset.summary.json,results_env_onset\sub-007\sub-007_backward_mtrf_env_onset.trial_results.csv
sub-007,,,12,1,0.0878022321423449,0.0558685072651186,-0.0713813499341013,0.12724985719922,0.0253619452882745,-0.0229926617971951,0.0483546070854697,0.0878022321423449,0.78125,32,2,"envelope,onset",data/processed/env_onset/sub-007_mtrf_env_onset.npz,-0.5,0.0,0.05,hamming,1,,l2,1,True,mean,"1.0,1.0",results_env_onset\sub-007\sub-007_backward_mtrf_env_onset.summary.json,results_env_onset\sub-007\sub-007_backward_mtrf_env_onset.trial_results.csv
sub-007,,,13,1,0.0335456546418846,0.0312855281988562,0.0135638821249111,0.017721646073945,-0.0295518774584066,-0.0789215406682309,0.0493696632098242,0.0335456546418846,0.78125,32,2,"envelope,onset",data/processed/env_onset/sub-007_mtrf_env_onset.npz,-0.5,0.0,0.05,hamming,1,,l2,1,True,mean,"1.0,1.0",results_env_onset\sub-007\sub-007_backward_mtrf_env_onset.summary.json,results_env_onset\sub-007\sub-007_backward_mtrf_env_onset.trial_results.csv
sub-007,,,14,1,0.0110623112509843,-0.0205762307059937,-0.0412507633750989,0.0206745326691051,-0.0004176502085763,-0.0018677400414398,0.0014500898328634,0.0110623112509843,0.78125,32,2,"envelope,onset",data/processed/env_onset/sub-007_mtrf_env_onset.npz,-0.5,0.0,0.05,hamming,1,,l2,1,True,mean,"1.0,1.0",results_env_onset\sub-007\sub-007_backward_mtrf_env_onset.summary.json,results_env_onset\sub-007\sub-007_backward_mtrf_env_onset.trial_results.csv
sub-007,,,15,0,-0.0133493687079038,0.0199866457756353,0.0238732881308412,-0.0038866423552059,-0.0441291710091897,-0.0213170759485878,-0.0228120950606018,-0.0133493687079038,0.78125,32,2,"envelope,onset",data/processed/env_onset/sub-007_mtrf_env_onset.npz,-0.5,0.0,0.05,hamming,1,,l2,1,True,mean,"1.0,1.0",results_env_onset\sub-007\sub-007_backward_mtrf_env_onset.summary.json,results_env_onset\sub-007\sub-007_backward_mtrf_env_onset.trial_results.csv
sub-007,,,16,1,0.0156242399841412,0.0543119066474147,0.0276310186287802,0.0266808880186344,0.049461336966488,0.0448937450168399,0.004567591949648,0.0156242399841412,0.78125,32,2,"envelope,onset",data/processed/env_onset/sub-007_mtrf_env_onset.npz,-0.5,0.0,0.05,hamming,1,,l2,1,True,mean,"1.0,1.0",results_env_onset\sub-007\sub-007_backward_mtrf_env_onset.summary.json,results_env_onset\sub-007\sub-007_backward_mtrf_env_onset.trial_results.csv
sub-007,,,17,0,-0.0052443695714494,0.1388984400638431,0.1179641026198246,0.0209343374440184,0.0670744067048377,0.098497483291755,-0.0314230765869172,-0.0052443695714494,0.78125,32,2,"envelope,onset",data/processed/env_onset/sub-007_mtrf_env_onset.npz,-0.5,0.0,0.05,hamming,1,,l2,1,True,mean,"1.0,1.0",results_env_onset\sub-007\sub-007_backward_mtrf_env_onset.summary.json,results_env_onset\sub-007\sub-007_backward_mtrf_env_onset.trial_results.csv
sub-007,,,18,1,0.0616540894786092,0.0252463954530313,-0.0250118646435145,0.0502582600965458,0.0091870445994069,-0.0638628742612657,0.0730499188606726,0.0616540894786092,0.78125,32,2,"envelope,onset",data/processed/env_onset/sub-007_mtrf_env_onset.npz,-0.5,0.0,0.05,hamming,1,,l2,1,True,mean,"1.0,1.0",results_env_onset\sub-007\sub-007_backward_mtrf_env_onset.summary.json,results_env_onset\sub-007\sub-007_backward_mtrf_env_onset.trial_results.csv
sub-007,,,19,1,0.0406372440180841,-0.0282906330799488,0.0003308840115859,-0.0286215170915347,0.0674163522688773,-0.0424796528588258,0.1098960051277031,0.0406372440180841,0.78125,32,2,"envelope,onset",data/processed/env_onset/sub-007_mtrf_env_onset.npz,-0.5,0.0,0.05,hamming,1,,l2,1,True,mean,"1.0,1.0",results_env_onset\sub-007\sub-007_backward_mtrf_env_onset.summary.json,results_env_onset\sub-007\sub-007_backward_mtrf_env_onset.trial_results.csv
sub-007,,,20,1,0.1214206084646262,0.0803055332336782,-0.0500857641808438,0.1303912974145221,0.0857890054945581,-0.0266609140201721,0.1124499195147303,0.1214206084646262,0.78125,32,2,"envelope,onset",data/processed/env_onset/sub-007_mtrf_env_onset.npz,-0.5,0.0,0.05,hamming,1,,l2,1,True,mean,"1.0,1.0",results_env_onset\sub-007\sub-007_backward_mtrf_env_onset.summary.json,results_env_onset\sub-007\sub-007_backward_mtrf_env_onset.trial_results.csv
sub-007,,,21,1,0.0194485665684925,0.055905817262768,0.0203536491893851,0.0355521680733828,0.0382490691213762,0.034904104057774,0.0033449650636022,0.0194485665684925,0.78125,32,2,"envelope,onset",data/processed/env_onset/sub-007_mtrf_env_onset.npz,-0.5,0.0,0.05,hamming,1,,l2,1,True,mean,"1.0,1.0",results_env_onset\sub-007\sub-007_backward_mtrf_env_onset.summary.json,results_env_onset\sub-007\sub-007_backward_mtrf_env_onset.trial_results.csv
sub-007,,,22,1,0.0817199765424313,0.1231927021830404,0.0226035879173337,0.1005891142657066,0.0942627632640314,0.0314119244448755,0.0628508388191559,0.0817199765424313,0.78125,32,2,"envelope,onset",data/processed/env_onset/sub-007_mtrf_env_onset.npz,-0.5,0.0,0.05,hamming,1,,l2,1,True,mean,"1.0,1.0",results_env_onset\sub-007\sub-007_backward_mtrf_env_onset.summary.json,results_env_onset\sub-007\sub-007_backward_mtrf_env_onset.trial_results.csv
sub-007,,,23,1,0.0720497932797192,0.060558456797211,-0.0068259167410338,0.0673843735382448,0.0543147652386339,-0.0224004477825595,0.0767152130211935,0.0720497932797192,0.78125,32,2,"envelope,onset",data/processed/env_onset/sub-007_mtrf_env_onset.npz,-0.5,0.0,0.05,hamming,1,,l2,1,True,mean,"1.0,1.0",results_env_onset\sub-007\sub-007_backward_mtrf_env_onset.summary.json,results_env_onset\sub-007\sub-007_backward_mtrf_env_onset.trial_results.csv
sub-007,,,24,1,0.0385227930428799,0.0446250047189654,-0.0186028580970312,0.0632278628159967,0.0600255575608455,0.0462078342910824,0.0138177232697631,0.0385227930428799,0.78125,32,2,"envelope,onset",data/processed/env_onset/sub-007_mtrf_env_onset.npz,-0.5,0.0,0.05,hamming,1,,l2,1,True,mean,"1.0,1.0",results_env_onset\sub-007\sub-007_backward_mtrf_env_onset.summary.json,results_env_onset\sub-007\sub-007_backward_mtrf_env_onset.trial_results.csv
sub-007,,,25,1,0.060563408035584,0.0420795214178926,0.0269537998246209,0.0151257215932717,0.0711721490708386,-0.0348289454070578,0.1060010944778964,0.060563408035584,0.78125,32,2,"envelope,onset",data/processed/env_onset/sub-007_mtrf_env_onset.npz,-0.5,0.0,0.05,hamming,1,,l2,1,True,mean,"1.0,1.0",results_env_onset\sub-007\sub-007_backward_mtrf_env_onset.summary.json,results_env_onset\sub-007\sub-007_backward_mtrf_env_onset.trial_results.csv
sub-007,,,26,1,0.092369098460471,0.0695254685057899,-0.0476389076524506,0.1171643761582406,0.0452246191930645,-0.0223492015696369,0.0675738207627014,0.092369098460471,0.78125,32,2,"envelope,onset",data/processed/env_onset/sub-007_mtrf_env_onset.npz,-0.5,0.0,0.05,hamming,1,,l2,1,True,mean,"1.0,1.0",results_env_onset\sub-007\sub-007_backward_mtrf_env_onset.summary.json,results_env_onset\sub-007\sub-007_backward_mtrf_env_onset.trial_results.csv
sub-007,,,27,0,-0.0390869343694328,0.050671361270595,0.098805233229205,-0.04813387195861,0.018146839154448,0.0481868359347036,-0.0300399967802556,-0.0390869343694328,0.78125,32,2,"envelope,onset",data/processed/env_onset/sub-007_mtrf_env_onset.npz,-0.5,0.0,0.05,hamming,1,,l2,1,True,mean,"1.0,1.0",results_env_onset\sub-007\sub-007_backward_mtrf_env_onset.summary.json,results_env_onset\sub-007\sub-007_backward_mtrf_env_onset.trial_results.csv
sub-007,,,28,1,0.0075257122245655,0.0827586970398183,0.0688311215763215,0.0139275754634968,0.0587114745209341,0.0575876255352998,0.0011238489856343,0.0075257122245655,0.78125,32,2,"envelope,onset",data/processed/env_onset/sub-007_mtrf_env_onset.npz,-0.5,0.0,0.05,hamming,1,,l2,1,True,mean,"1.0,1.0",results_env_onset\sub-007\sub-007_backward_mtrf_env_onset.summary.json,results_env_onset\sub-007\sub-007_backward_mtrf_env_onset.trial_results.csv
sub-007,,,29,1,0.0051774140158118,0.0182098228768331,0.0309427767367896,-0.0127329538599565,0.0581034762525351,0.0350156943609548,0.0230877818915803,0.0051774140158118,0.78125,32,2,"envelope,onset",data/processed/env_onset/sub-007_mtrf_env_onset.npz,-0.5,0.0,0.05,hamming,1,,l2,1,True,mean,"1.0,1.0",results_env_onset\sub-007\sub-007_backward_mtrf_env_onset.summary.json,results_env_onset\sub-007\sub-007_backward_mtrf_env_onset.trial_results.csv
sub-007,,,30,0,-0.0383268611524618,-0.0242988291965686,-0.0139931895123926,-0.0103056396841759,-0.0734876565606013,-0.0071395739398536,-0.0663480826207476,-0.0383268611524618,0.78125,32,2,"envelope,onset",data/processed/env_onset/sub-007_mtrf_env_onset.npz,-0.5,0.0,0.05,hamming,1,,l2,1,True,mean,"1.0,1.0",results_env_onset\sub-007\sub-007_backward_mtrf_env_onset.summary.json,results_env_onset\sub-007\sub-007_backward_mtrf_env_onset.trial_results.csv
sub-007,,,31,0,-0.0109059743127754,-0.0150367042796843,0.0393343187295529,-0.0543710230092373,0.0689350410751143,0.0363759666914279,0.0325590743836863,-0.0109059743127754,0.78125,32,2,"envelope,onset",data/processed/env_onset/sub-007_mtrf_env_onset.npz,-0.5,0.0,0.05,hamming,1,,l2,1,True,mean,"1.0,1.0",results_env_onset\sub-007\sub-007_backward_mtrf_env_onset.summary.json,results_env_onset\sub-007\sub-007_backward_mtrf_env_onset.trial_results.csv
sub-008,,,0,1,0.1021910877486855,0.1486410277214259,0.018081260384206,0.1305597673372198,0.1245707112000461,0.0507483030398949,0.0738224081601512,0.1021910877486855,0.875,32,2,"envelope,onset",data/processed/env_onset/sub-008_mtrf_env_onset.npz,-0.5,0.0,0.05,hamming,1,,l2,1,True,mean,"1.0,1.0",results_env_onset\sub-008\sub-008_backward_mtrf_env_onset.summary.json,results_env_onset\sub-008\sub-008_backward_mtrf_env_onset.trial_results.csv
sub-008,,,1,1,0.0839451058416147,0.16469773992231,0.0803351897179273,0.0843625502043826,0.1326768526088385,0.0491491911299917,0.0835276614788467,0.0839451058416147,0.875,32,2,"envelope,onset",data/processed/env_onset/sub-008_mtrf_env_onset.npz,-0.5,0.0,0.05,hamming,1,,l2,1,True,mean,"1.0,1.0",results_env_onset\sub-008\sub-008_backward_mtrf_env_onset.summary.json,results_env_onset\sub-008\sub-008_backward_mtrf_env_onset.trial_results.csv
sub-008,,,2,1,0.06119129812582,0.0864732690890401,0.0140743230399668,0.0723989460490732,0.0925187438815414,0.0425350936789745,0.0499836502025669,0.06119129812582,0.875,32,2,"envelope,onset",data/processed/env_onset/sub-008_mtrf_env_onset.npz,-0.5,0.0,0.05,hamming,1,,l2,1,True,mean,"1.0,1.0",results_env_onset\sub-008\sub-008_backward_mtrf_env_onset.summary.json,results_env_onset\sub-008\sub-008_backward_mtrf_env_onset.trial_results.csv
sub-008,,,3,0,-0.0258197230593105,0.0560801817136079,0.0788912533983846,-0.0228110716847766,0.0454614094696328,0.0742897839034772,-0.0288283744338443,-0.0258197230593105,0.875,32,2,"envelope,onset",data/processed/env_onset/sub-008_mtrf_env_onset.npz,-0.5,0.0,0.05,hamming,1,,l2,1,True,mean,"1.0,1.0",results_env_onset\sub-008\sub-008_backward_mtrf_env_onset.summary.json,results_env_onset\sub-008\sub-008_backward_mtrf_env_onset.trial_results.csv
sub-008,,,4,1,0.065675558278764,0.1085174010424032,0.0662337291324754,0.0422836719099278,0.1243633651050063,0.0352959204574061,0.0890674446476002,0.065675558278764,0.875,32,2,"envelope,onset",data/processed/env_onset/sub-008_mtrf_env_onset.npz,-0.5,0.0,0.05,hamming,1,,l2,1,True,mean,"1.0,1.0",results_env_onset\sub-008\sub-008_backward_mtrf_env_onset.summary.json,results_env_onset\sub-008\sub-008_backward_mtrf_env_onset.trial_results.csv
sub-008,,,5,1,0.1214954481687022,0.1126137113895582,-0.0014925084167927,0.1141062198063509,0.1334247633930086,0.004540086861955,0.1288846765310535,0.1214954481687022,0.875,32,2,"envelope,onset",data/processed/env_onset/sub-008_mtrf_env_onset.npz,-0.5,0.0,0.05,hamming,1,,l2,1,True,mean,"1.0,1.0",results_env_onset\sub-008\sub-008_backward_mtrf_env_onset.summary.json,results_env_onset\sub-008\sub-008_backward_mtrf_env_onset.trial_results.csv
sub-008,,,6,1,0.1334927472207721,0.1005198527592254,-0.0215440231837412,0.1220638759429667,0.122804161634937,-0.0221174568636404,0.1449216184985774,0.1334927472207721,0.875,32,2,"envelope,onset",data/processed/env_onset/sub-008_mtrf_env_onset.npz,-0.5,0.0,0.05,hamming,1,,l2,1,True,mean,"1.0,1.0",results_env_onset\sub-008\sub-008_backward_mtrf_env_onset.summary.json,results_env_onset\sub-008\sub-008_backward_mtrf_env_onset.trial_results.csv
sub-008,,,7,1,0.074615569384857,0.1153997394932086,0.016522091050799,0.0988776484424095,0.0906535412830239,0.0403000509557194,0.0503534903273045,0.074615569384857,0.875,32,2,"envelope,onset",data/processed/env_onset/sub-008_mtrf_env_onset.npz,-0.5,0.0,0.05,hamming,1,,l2,1,True,mean,"1.0,1.0",results_env_onset\sub-008\sub-008_backward_mtrf_env_onset.summary.json,results_env_onset\sub-008\sub-008_backward_mtrf_env_onset.trial_results.csv
sub-008,,,8,1,0.0619201502777392,0.1100792173424835,0.015797634000174,0.0942815833423095,0.0793878008045472,0.0498290835913782,0.029558717213169,0.0619201502777392,0.875,32,2,"envelope,onset",data/processed/env_onset/sub-008_mtrf_env_onset.npz,-0.5,0.0,0.05,hamming,1,,l2,1,True,mean,"1.0,1.0",results_env_onset\sub-008\sub-008_backward_mtrf_env_onset.summary.json,results_env_onset\sub-008\sub-008_backward_mtrf_env_onset.trial_results.csv
sub-008,,,9,1,0.0636365811920686,0.1128140247766567,0.0525697827540404,0.0602442420226162,0.0937487444408183,0.0267198240792973,0.0670289203615209,0.0636365811920686,0.875,32,2,"envelope,onset",data/processed/env_onset/sub-008_mtrf_env_onset.npz,-0.5,0.0,0.05,hamming,1,,l2,1,True,mean,"1.0,1.0",results_env_onset\sub-008\sub-008_backward_mtrf_env_onset.summary.json,results_env_onset\sub-008\sub-008_backward_mtrf_env_onset.trial_results.csv
sub-008,,,10,0,-0.0533311064317604,0.0346219087867227,0.1041803090348984,-0.0695584002481757,0.056759296180456,0.0938631087958012,-0.0371038126153452,-0.0533311064317604,0.875,32,2,"envelope,onset",data/processed/env_onset/sub-008_mtrf_env_onset.npz,-0.5,0.0,0.05,hamming,1,,l2,1,True,mean,"1.0,1.0",results_env_onset\sub-008\sub-008_backward_mtrf_env_onset.summary.json,results_env_onset\sub-008\sub-008_backward_mtrf_env_onset.trial_results.csv
sub-008,,,11,0,-0.0673323630398497,0.0343651636858815,0.0966371564328501,-0.0622719927469686,0.0039748771098073,0.0763676104425382,-0.0723927333327308,-0.0673323630398497,0.875,32,2,"envelope,onset",data/processed/env_onset/sub-008_mtrf_env_onset.npz,-0.5,0.0,0.05,hamming,1,,l2,1,True,mean,"1.0,1.0",results_env_onset\sub-008\sub-008_backward_mtrf_env_onset.summary.json,results_env_onset\sub-008\sub-008_backward_mtrf_env_onset.trial_results.csv
sub-008,,,12,1,0.15870080923123,0.1419175792612501,-0.0247091923473592,0.1666267716086094,0.1122956532787068,-0.0384791935751438,0.1507748468538506,0.15870080923123,0.875,32,2,"envelope,onset",data/processed/env_onset/sub-008_mtrf_env_onset.npz,-0.5,0.0,0.05,hamming,1,,l2,1,True,mean,"1.0,1.0",results_env_onset\sub-008\sub-008_backward_mtrf_env_onset.summary.json,results_env_onset\sub-008\sub-008_backward_mtrf_env_onset.trial_results.csv
sub-008,,,13,1,0.0415640110762032,0.089572689346226,0.0572956673283137,0.0322770220179123,0.123604176220842,0.0727531760863478,0.0508510001344942,0.0415640110762032,0.875,32,2,"envelope,onset",data/processed/env_onset/sub-008_mtrf_env_onset.npz,-0.5,0.0,0.05,hamming,1,,l2,1,True,mean,"1.0,1.0",results_env_onset\sub-008\sub-008_backward_mtrf_env_onset.summary.json,results_env_onset\sub-008\sub-008_backward_mtrf_env_onset.trial_results.csv
sub-008,,,14,1,0.0364929104552958,0.092819613441559,0.0644677453674219,0.0283518680741371,0.0949208100291873,0.0502868571927329,0.0446339528364544,0.0364929104552958,0.875,32,2,"envelope,onset",data/processed/env_onset/sub-008_mtrf_env_onset.npz,-0.5,0.0,0.05,hamming,1,,l2,1,True,mean,"1.0,1.0",results_env_onset\sub-008\sub-008_backward_mtrf_env_onset.summary.json,results_env_onset\sub-008\sub-008_backward_mtrf_env_onset.trial_results.csv
sub-008,,,15,0,-0.0096454435034552,0.0984312183485144,0.0829159368023632,0.0155152815461511,0.0584069357041749,0.0932131042572365,-0.0348061685530615,-0.0096454435034552,0.875,32,2,"envelope,onset",data/processed/env_onset/sub-008_mtrf_env_onset.npz,-0.5,0.0,0.05,hamming,1,,l2,1,True,mean,"1.0,1.0",results_env_onset\sub-008\sub-008_backward_mtrf_env_onset.summary.json,results_env_onset\sub-008\sub-008_backward_mtrf_env_onset.trial_results.csv
sub-008,,,16,1,0.1643565070249495,0.1280566358816778,-0.0377600170280255,0.1658166529097033,0.1276014080994701,-0.0352949530407256,0.1628963611401957,0.1643565070249495,0.875,32,2,"envelope,onset",data/processed/env_onset/sub-008_mtrf_env_onset.npz,-0.5,0.0,0.05,hamming,1,,l2,1,True,mean,"1.0,1.0",results_env_onset\sub-008\sub-008_backward_mtrf_env_onset.summary.json,results_env_onset\sub-008\sub-008_backward_mtrf_env_onset.trial_results.csv
sub-008,,,17,1,0.0100613239845681,0.0330019096649228,0.0207440484814648,0.012257861183458,0.0539328078241435,0.0460680210384654,0.0078647867856781,0.0100613239845681,0.875,32,2,"envelope,onset",data/processed/env_onset/sub-008_mtrf_env_onset.npz,-0.5,0.0,0.05,hamming,1,,l2,1,True,mean,"1.0,1.0",results_env_onset\sub-008\sub-008_backward_mtrf_env_onset.summary.json,results_env_onset\sub-008\sub-008_backward_mtrf_env_onset.trial_results.csv
sub-008,,,18,1,0.1021631735260022,0.1541264797646375,0.0354656202662258,0.1186608594984117,0.139028967448148,0.0533634798945552,0.0856654875535928,0.1021631735260022,0.875,32,2,"envelope,onset",data/processed/env_onset/sub-008_mtrf_env_onset.npz,-0.5,0.0,0.05,hamming,1,,l2,1,True,mean,"1.0,1.0",results_env_onset\sub-008\sub-008_backward_mtrf_env_onset.summary.json,results_env_onset\sub-008\sub-008_backward_mtrf_env_onset.trial_results.csv
sub-008,,,19,1,0.025577069346307,0.0612995211719555,0.0204339766819385,0.040865544490017,0.0428749269849593,0.0325863327823623,0.010288594202597,0.025577069346307,0.875,32,2,"envelope,onset",data/processed/env_onset/sub-008_mtrf_env_onset.npz,-0.5,0.0,0.05,hamming,1,,l2,1,True,mean,"1.0,1.0",results_env_onset\sub-008\sub-008_backward_mtrf_env_onset.summary.json,results_env_onset\sub-008\sub-008_backward_mtrf_env_onset.trial_results.csv
sub-008,,,20,1,0.1296817316522302,0.1343166323225885,0.0067192629326848,0.1275973693899036,0.1173100526288444,-0.0144560412857124,0.1317660939145569,0.1296817316522302,0.875,32,2,"envelope,onset",data/processed/env_onset/sub-008_mtrf_env_onset.npz,-0.5,0.0,0.05,hamming,1,,l2,1,True,mean,"1.0,1.0",results_env_onset\sub-008\sub-008_backward_mtrf_env_onset.summary.json,results_env_onset\sub-008\sub-008_backward_mtrf_env_onset.trial_results.csv
sub-008,,,21,1,0.0503840426097449,0.115154771302641,0.0705085453038015,0.0446462259988394,0.1041653951777391,0.0480435359570888,0.0561218592206503,0.0503840426097449,0.875,32,2,"envelope,onset",data/processed/env_onset/sub-008_mtrf_env_onset.npz,-0.5,0.0,0.05,hamming,1,,l2,1,True,mean,"1.0,1.0",results_env_onset\sub-008\sub-008_backward_mtrf_env_onset.summary.json,results_env_onset\sub-008\sub-008_backward_mtrf_env_onset.trial_results.csv
sub-008,,,22,1,0.079484355632518,0.0905166224915199,0.0487957074734456,0.0417209150180743,0.1185926647232695,0.0013448684763078,0.1172477962469617,0.079484355632518,0.875,32,2,"envelope,onset",data/processed/env_onset/sub-008_mtrf_env_onset.npz,-0.5,0.0,0.05,hamming,1,,l2,1,True,mean,"1.0,1.0",results_env_onset\sub-008\sub-008_backward_mtrf_env_onset.summary.json,results_env_onset\sub-008\sub-008_backward_mtrf_env_onset.trial_results.csv
sub-008,,,23,1,0.0081795847578054,0.0928425890465516,0.1118780395717767,-0.019035450525225,0.0956239454537183,0.0602293254128824,0.0353946200408358,0.0081795847578054,0.875,32,2,"envelope,onset",data/processed/env_onset/sub-008_mtrf_env_onset.npz,-0.5,0.0,0.05,hamming,1,,l2,1,True,mean,"1.0,1.0",results_env_onset\sub-008\sub-008_backward_mtrf_env_onset.summary.json,results_env_onset\sub-008\sub-008_backward_mtrf_env_onset.trial_results.csv
sub-008,,,24,1,0.0628325021164696,0.1417483003526744,0.0597819421477097,0.0819663582049647,0.1342696439992747,0.0905709979713,0.0436986460279746,0.0628325021164696,0.875,32,2,"envelope,onset",data/processed/env_onset/sub-008_mtrf_env_onset.npz,-0.5,0.0,0.05,hamming,1,,l2,1,True,mean,"1.0,1.0",results_env_onset\sub-008\sub-008_backward_mtrf_env_onset.summary.json,results_env_onset\sub-008\sub-008_backward_mtrf_env_onset.trial_results.csv
sub-008,,,25,1,0.1529890184109644,0.1502587784750481,0.014664951772861,0.1355938267021871,0.1650923891337697,-0.0052918209859719,0.1703842101197417,0.1529890184109644,0.875,32,2,"envelope,onset",data/processed/env_onset/sub-008_mtrf_env_onset.npz,-0.5,0.0,0.05,hamming,1,,l2,1,True,mean,"1.0,1.0",results_env_onset\sub-008\sub-008_backward_mtrf_env_onset.summary.json,results_env_onset\sub-008\sub-008_backward_mtrf_env_onset.trial_results.csv
sub-008,,,26,1,0.0387965151107477,0.0388871117738109,0.0465491367595839,-0.0076620249857729,0.1321416664523873,0.0468866112451187,0.0852550552072685,0.0387965151107477,0.875,32,2,"envelope,onset",data/processed/env_onset/sub-008_mtrf_env_onset.npz,-0.5,0.0,0.05,hamming,1,,l2,1,True,mean,"1.0,1.0",results_env_onset\sub-008\sub-008_backward_mtrf_env_onset.summary.json,results_env_onset\sub-008\sub-008_backward_mtrf_env_onset.trial_results.csv
sub-008,,,27,1,0.1027625849204823,0.1268967933744758,-0.0038711359963114,0.1307679293707872,0.1027989976572893,0.0280417571871119,0.0747572404701774,0.1027625849204823,0.875,32,2,"envelope,onset",data/processed/env_onset/sub-008_mtrf_env_onset.npz,-0.5,0.0,0.05,hamming,1,,l2,1,True,mean,"1.0,1.0",results_env_onset\sub-008\sub-008_backward_mtrf_env_onset.summary.json,results_env_onset\sub-008\sub-008_backward_mtrf_env_onset.trial_results.csv
sub-008,,,28,1,0.1219600618081298,0.0793315462370928,-0.0747973468728629,0.1541288931099557,0.0481319269175123,-0.0416593035887915,0.0897912305063039,0.1219600618081298,0.875,32,2,"envelope,onset",data/processed/env_onset/sub-008_mtrf_env_onset.npz,-0.5,0.0,0.05,hamming,1,,l2,1,True,mean,"1.0,1.0",results_env_onset\sub-008\sub-008_backward_mtrf_env_onset.summary.json,results_env_onset\sub-008\sub-008_backward_mtrf_env_onset.trial_results.csv
sub-008,,,29,1,0.0487610999457234,0.0907418612416372,0.0349785391505863,0.0557633220910509,0.0624831420172969,0.0207242642169008,0.041758877800396,0.0487610999457234,0.875,32,2,"envelope,onset",data/processed/env_onset/sub-008_mtrf_env_onset.npz,-0.5,0.0,0.05,hamming,1,,l2,1,True,mean,"1.0,1.0",results_env_onset\sub-008\sub-008_backward_mtrf_env_onset.summary.json,results_env_onset\sub-008\sub-008_backward_mtrf_env_onset.trial_results.csv
sub-008,,,30,1,0.0554253733734903,0.1020467916574318,0.0431094628877379,0.0589373287696939,0.0938028129121956,0.0418893949349088,0.0519134179772867,0.0554253733734903,0.875,32,2,"envelope,onset",data/processed/env_onset/sub-008_mtrf_env_onset.npz,-0.5,0.0,0.05,hamming,1,,l2,1,True,mean,"1.0,1.0",results_env_onset\sub-008\sub-008_backward_mtrf_env_onset.summary.json,results_env_onset\sub-008\sub-008_backward_mtrf_env_onset.trial_results.csv
sub-008,,,31,1,0.0525169897803414,0.0525448194809988,-0.009793757401134,0.0623385768821328,0.0572195744245725,0.0145241717460224,0.04269540267855,0.0525169897803414,0.875,32,2,"envelope,onset",data/processed/env_onset/sub-008_mtrf_env_onset.npz,-0.5,0.0,0.05,hamming,1,,l2,1,True,mean,"1.0,1.0",results_env_onset\sub-008\sub-008_backward_mtrf_env_onset.summary.json,results_env_onset\sub-008\sub-008_backward_mtrf_env_onset.trial_results.csv
sub-009,,,0,1,0.0738050491320885,0.0787847927203391,-0.0006402338177475,0.0794250265380867,0.1048929601651092,0.0367078884390188,0.0681850717260904,0.0738050491320885,0.9375,32,2,"envelope,onset",data/processed/env_onset/sub-009_mtrf_env_onset.npz,-0.5,0.0,0.05,hamming,1,,l2,1,True,mean,"1.0,1.0",results_env_onset\sub-009\sub-009_backward_mtrf_env_onset.summary.json,results_env_onset\sub-009\sub-009_backward_mtrf_env_onset.trial_results.csv
sub-009,,,1,1,0.1852819184544254,0.1985515330375863,0.0060036387375231,0.1925478943000632,0.1863272859976058,0.0083113433888182,0.1780159426087876,0.1852819184544254,0.9375,32,2,"envelope,onset",data/processed/env_onset/sub-009_mtrf_env_onset.npz,-0.5,0.0,0.05,hamming,1,,l2,1,True,mean,"1.0,1.0",results_env_onset\sub-009\sub-009_backward_mtrf_env_onset.summary.json,results_env_onset\sub-009\sub-009_backward_mtrf_env_onset.trial_results.csv
sub-009,,,2,1,0.090384762736522,0.1406400317171458,0.0377659530182961,0.1028740786988497,0.145141981411671,0.0672465346374766,0.0778954467741944,0.090384762736522,0.9375,32,2,"envelope,onset",data/processed/env_onset/sub-009_mtrf_env_onset.npz,-0.5,0.0,0.05,hamming,1,,l2,1,True,mean,"1.0,1.0",results_env_onset\sub-009\sub-009_backward_mtrf_env_onset.summary.json,results_env_onset\sub-009\sub-009_backward_mtrf_env_onset.trial_results.csv
sub-009,,,3,1,0.1484874225062126,0.2303803517627631,0.0479077683344906,0.1824725834282725,0.1919804604303514,0.0774781988461987,0.1145022615841527,0.1484874225062126,0.9375,32,2,"envelope,onset",data/processed/env_onset/sub-009_mtrf_env_onset.npz,-0.5,0.0,0.05,hamming,1,,l2,1,True,mean,"1.0,1.0",results_env_onset\sub-009\sub-009_backward_mtrf_env_onset.summary.json,results_env_onset\sub-009\sub-009_backward_mtrf_env_onset.trial_results.csv
sub-009,,,4,1,0.1117551614026319,0.1968138261357303,0.0967677177603646,0.1000461083753656,0.2139512640558032,0.0904870496259049,0.1234642144298982,0.1117551614026319,0.9375,32,2,"envelope,onset",data/processed/env_onset/sub-009_mtrf_env_onset.npz,-0.5,0.0,0.05,hamming,1,,l2,1,True,mean,"1.0,1.0",results_env_onset\sub-009\sub-009_backward_mtrf_env_onset.summary.json,results_env_onset\sub-009\sub-009_backward_mtrf_env_onset.trial_results.csv
sub-009,,,5,1,0.1242366568499526,0.1693053858626479,0.0325342067489272,0.1367711791137206,0.1965218281838815,0.0848196935976969,0.1117021345861845,0.1242366568499526,0.9375,32,2,"envelope,onset",data/processed/env_onset/sub-009_mtrf_env_onset.npz,-0.5,0.0,0.05,hamming,1,,l2,1,True,mean,"1.0,1.0",results_env_onset\sub-009\sub-009_backward_mtrf_env_onset.summary.json,results_env_onset\sub-009\sub-009_backward_mtrf_env_onset.trial_results.csv
sub-009,,,6,1,0.1914338592142033,0.1889999732922286,0.036788080428455,0.1522118928637735,0.2459200047750623,0.0152641792104293,0.230655825564633,0.1914338592142033,0.9375,32,2,"envelope,onset",data/processed/env_onset/sub-009_mtrf_env_onset.npz,-0.5,0.0,0.05,hamming,1,,l2,1,True,mean,"1.0,1.0",results_env_onset\sub-009\sub-009_backward_mtrf_env_onset.summary.json,results_env_onset\sub-009\sub-009_backward_mtrf_env_onset.trial_results.csv
sub-009,,,7,1,0.0093806735869325,0.1356096547590271,0.1417938971104105,-0.0061842423513833,0.1795822140432738,0.1546366245180254,0.0249455895252483,0.0093806735869325,0.9375,32,2,"envelope,onset",data/processed/env_onset/sub-009_mtrf_env_onset.npz,-0.5,0.0,0.05,hamming,1,,l2,1,True,mean,"1.0,1.0",results_env_onset\sub-009\sub-009_backward_mtrf_env_onset.summary.json,results_env_onset\sub-009\sub-009_backward_mtrf_env_onset.trial_results.csv
sub-009,,,8,1,0.0545469899871053,0.1496842545073681,0.0980647296312879,0.0516195248760802,0.1702786472429282,0.1128041921447976,0.0574744550981305,0.0545469899871053,0.9375,32,2,"envelope,onset",data/processed/env_onset/sub-009_mtrf_env_onset.npz,-0.5,0.0,0.05,hamming,1,,l2,1,True,mean,"1.0,1.0",results_env_onset\sub-009\sub-009_backward_mtrf_env_onset.summary.json,results_env_onset\sub-009\sub-009_backward_mtrf_env_onset.trial_results.csv
sub-009,,,9,1,0.010285098162509,0.1061732232205837,0.1420954090896936,-0.0359221858691098,0.1552058392644071,0.0987134570702792,0.0564923821941278,0.010285098162509,0.9375,32,2,"envelope,onset",data/processed/env_onset/sub-009_mtrf_env_onset.npz,-0.5,0.0,0.05,hamming,1,,l2,1,True,mean,"1.0,1.0",results_env_onset\sub-009\sub-009_backward_mtrf_env_onset.summary.json,results_env_onset\sub-009\sub-009_backward_mtrf_env_onset.trial_results.csv
sub-009,,,10,1,0.1485114849154938,0.2568239093692562,0.0952277698184696,0.1615961395507865,0.2271938392268524,0.0917670089466513,0.1354268302802011,0.1485114849154938,0.9375,32,2,"envelope,onset",data/processed/env_onset/sub-009_mtrf_env_onset.npz,-0.5,0.0,0.05,hamming,1,,l2,1,True,mean,"1.0,1.0",results_env_onset\sub-009\sub-009_backward_mtrf_env_onset.summary.json,results_env_onset\sub-009\sub-009_backward_mtrf_env_onset.trial_results.csv
sub-009,,,11,0,-0.0247291516176875,0.0799127906741913,0.0999962290720318,-0.0200834383978405,0.0954427844048102,0.1248176492423448,-0.0293748648375346,-0.0247291516176875,0.9375,32,2,"envelope,onset",data/processed/env_onset/sub-009_mtrf_env_onset.npz,-0.5,0.0,0.05,hamming,1,,l2,1,True,mean,"1.0,1.0",results_env_onset\sub-009\sub-009_backward_mtrf_env_onset.summary.json,results_env_onset\sub-009\sub-009_backward_mtrf_env_onset.trial_results.csv
sub-009,,,12,1,0.10003054410604,0.2262483958565697,0.0948303669714419,0.1314180288851277,0.2023099630629353,0.133666903735983,0.0686430593269523,0.10003054410604,0.9375,32,2,"envelope,onset",data/processed/env_onset/sub-009_mtrf_env_onset.npz,-0.5,0.0,0.05,hamming,1,,l2,1,True,mean,"1.0,1.0",results_env_onset\sub-009\sub-009_backward_mtrf_env_onset.summary.json,results_env_onset\sub-009\sub-009_backward_mtrf_env_onset.trial_results.csv
sub-009,,,13,1,0.130947410476972,0.1866621913479299,0.0718998880016178,0.1147623033463121,0.2291963459883183,0.0820638283806864,0.1471325176076319,0.130947410476972,0.9375,32,2,"envelope,onset",data/processed/env_onset/sub-009_mtrf_env_onset.npz,-0.5,0.0,0.05,hamming,1,,l2,1,True,mean,"1.0,1.0",results_env_onset\sub-009\sub-009_backward_mtrf_env_onset.summary.json,results_env_onset\sub-009\sub-009_backward_mtrf_env_onset.trial_results.csv
sub-009,,,14,0,-0.0224610172107714,0.1025962786775118,0.115644964495099,-0.0130486858175872,0.138553567950744,0.1704269165546996,-0.0318733486039556,-0.0224610172107714,0.9375,32,2,"envelope,onset",data/processed/env_onset/sub-009_mtrf_env_onset.npz,-0.5,0.0,0.05,hamming,1,,l2,1,True,mean,"1.0,1.0",results_env_onset\sub-009\sub-009_backward_mtrf_env_onset.summary.json,results_env_onset\sub-009\sub-009_backward_mtrf_env_onset.trial_results.csv
sub-009,,,15,1,0.072208151116749,0.1897501025161929,0.1143531410627466,0.0753969614534462,0.1644775206558016,0.0954581798757498,0.0690193407800518,0.072208151116749,0.9375,32,2,"envelope,onset",data/processed/env_onset/sub-009_mtrf_env_onset.npz,-0.5,0.0,0.05,hamming,1,,l2,1,True,mean,"1.0,1.0",results_env_onset\sub-009\sub-009_backward_mtrf_env_onset.summary.json,results_env_onset\sub-009\sub-009_backward_mtrf_env_onset.trial_results.csv
sub-009,,,16,1,0.089961705057829,0.201300247187955,0.0939076936751408,0.1073925535128142,0.187713301050765,0.1151824444479211,0.0725308566028438,0.089961705057829,0.9375,32,2,"envelope,onset",data/processed/env_onset/sub-009_mtrf_env_onset.npz,-0.5,0.0,0.05,hamming,1,,l2,1,True,mean,"1.0,1.0",results_env_onset\sub-009\sub-009_backward_mtrf_env_onset.summary.json,results_env_onset\sub-009\sub-009_backward_mtrf_env_onset.trial_results.csv
sub-009,,,17,1,0.0992574195178876,0.2687942905515582,0.1617426314153272,0.1070516591362309,0.2520746532793341,0.1606114733797896,0.0914631798995444,0.0992574195178876,0.9375,32,2,"envelope,onset",data/processed/env_onset/sub-009_mtrf_env_onset.npz,-0.5,0.0,0.05,hamming,1,,l2,1,True,mean,"1.0,1.0",results_env_onset\sub-009\sub-009_backward_mtrf_env_onset.summary.json,results_env_onset\sub-009\sub-009_backward_mtrf_env_onset.trial_results.csv
sub-009,,,18,1,0.1928277353802063,0.2101057949677544,-0.0086390236715802,0.2187448186393347,0.2125830027149526,0.0456723505938747,0.1669106521210779,0.1928277353802063,0.9375,32,2,"envelope,onset",data/processed/env_onset/sub-009_mtrf_env_onset.npz,-0.5,0.0,0.05,hamming,1,,l2,1,True,mean,"1.0,1.0",results_env_onset\sub-009\sub-009_backward_mtrf_env_onset.summary.json,results_env_onset\sub-009\sub-009_backward_mtrf_env_onset.trial_results.csv
sub-009,,,19,1,0.2060984251603534,0.2155466121755248,0.0151884743507597,0.2003581378247651,0.2331151784124598,0.021276465916518,0.2118387124959417,0.2060984251603534,0.9375,32,2,"envelope,onset",data/processed/env_onset/sub-009_mtrf_env_onset.npz,-0.5,0.0,0.05,hamming,1,,l2,1,True,mean,"1.0,1.0",results_env_onset\sub-009\sub-009_backward_mtrf_env_onset.summary.json,results_env_onset\sub-009\sub-009_backward_mtrf_env_onset.trial_results.csv
sub-009,,,20,1,0.0514640899097041,0.1540905916650768,0.0528234576791128,0.101267133985964,0.1104673499426584,0.1088063041092142,0.0016610458334442,0.0514640899097041,0.9375,32,2,"envelope,onset",data/processed/env_onset/sub-009_mtrf_env_onset.npz,-0.5,0.0,0.05,hamming,1,,l2,1,True,mean,"1.0,1.0",results_env_onset\sub-009\sub-009_backward_mtrf_env_onset.summary.json,results_env_onset\sub-009\sub-009_backward_mtrf_env_onset.trial_results.csv
sub-009,,,21,1,0.0020520720871434,0.1014872592668222,0.0804564904736303,0.0210307687931919,0.087841906574527,0.104768531193432,-0.0169266246189049,0.0020520720871434,0.9375,32,2,"envelope,onset",data/processed/env_onset/sub-009_mtrf_env_onset.npz,-0.5,0.0,0.05,hamming,1,,l2,1,True,mean,"1.0,1.0",results_env_onset\sub-009\sub-009_backward_mtrf_env_onset.summary.json,results_env_onset\sub-009\sub-009_backward_mtrf_env_onset.trial_results.csv
sub-009,,,22,1,0.0873800959721126,0.1430138297343162,0.0812239832143726,0.0617898465199435,0.1814708792686357,0.068500533844354,0.1129703454242817,0.0873800959721126,0.9375,32,2,"envelope,onset",data/processed/env_onset/sub-009_mtrf_env_onset.npz,-0.5,0.0,0.05,hamming,1,,l2,1,True,mean,"1.0,1.0",results_env_onset\sub-009\sub-009_backward_mtrf_env_onset.summary.json,results_env_onset\sub-009\sub-009_backward_mtrf_env_onset.trial_results.csv
sub-009,,,23,1,0.0876729939741254,0.181050586296622,0.0884593424036827,0.0925912438929393,0.1604032983794671,0.0776485543241555,0.0827547440553116,0.0876729939741254,0.9375,32,2,"envelope,onset",data/processed/env_onset/sub-009_mtrf_env_onset.npz,-0.5,0.0,0.05,hamming,1,,l2,1,True,mean,"1.0,1.0",results_env_onset\sub-009\sub-009_backward_mtrf_env_onset.summary.json,results_env_onset\sub-009\sub-009_backward_mtrf_env_onset.trial_results.csv
sub-009,,,24,1,0.1317008735791195,0.1328045663188552,0.0383656491012679,0.0944389172175872,0.1801519619642458,0.011189132023594,0.1689628299406518,0.1317008735791195,0.9375,32,2,"envelope,onset",data/processed/env_onset/sub-009_mtrf_env_onset.npz,-0.5,0.0,0.05,hamming,1,,l2,1,True,mean,"1.0,1.0",results_env_onset\sub-009\sub-009_backward_mtrf_env_onset.summary.json,results_env_onset\sub-009\sub-009_backward_mtrf_env_onset.trial_results.csv
sub-009,,,25,1,0.0608944273646916,0.1779788488221723,0.1009462684939477,0.0770325803282245,0.1609729176401055,0.1162166432389468,0.0447562744011586,0.0608944273646916,0.9375,32,2,"envelope,onset",data/processed/env_onset/sub-009_mtrf_env_onset.npz,-0.5,0.0,0.05,hamming,1,,l2,1,True,mean,"1.0,1.0",results_env_onset\sub-009\sub-009_backward_mtrf_env_onset.summary.json,results_env_onset\sub-009\sub-009_backward_mtrf_env_onset.trial_results.csv
sub-009,,,26,1,0.0197464139255925,0.1546522870428601,0.1205117313813293,0.0341405556615307,0.1437507322582911,0.1383984600686367,0.0053522721896543,0.0197464139255925,0.9375,32,2,"envelope,onset",data/processed/env_onset/sub-009_mtrf_env_onset.npz,-0.5,0.0,0.05,hamming,1,,l2,1,True,mean,"1.0,1.0",results_env_onset\sub-009\sub-009_backward_mtrf_env_onset.summary.json,results_env_onset\sub-009\sub-009_backward_mtrf_env_onset.trial_results.csv
sub-009,,,27,1,0.114583309595872,0.1375390099066661,-0.003185398110193,0.1407244080168591,0.1454669728463463,0.0570247616714615,0.0884422111748848,0.114583309595872,0.9375,32,2,"envelope,onset",data/processed/env_onset/sub-009_mtrf_env_onset.npz,-0.5,0.0,0.05,hamming,1,,l2,1,True,mean,"1.0,1.0",results_env_onset\sub-009\sub-009_backward_mtrf_env_onset.summary.json,results_env_onset\sub-009\sub-009_backward_mtrf_env_onset.trial_results.csv
sub-009,,,28,1,0.0382977958655076,0.0867607098152234,0.0501049985182312,0.0366557112969922,0.1195992691539489,0.0796593887199259,0.0399398804340229,0.0382977958655076,0.9375,32,2,"envelope,onset",data/processed/env_onset/sub-009_mtrf_env_onset.npz,-0.5,0.0,0.05,hamming,1,,l2,1,True,mean,"1.0,1.0",results_env_onset\sub-009\sub-009_backward_mtrf_env_onset.summary.json,results_env_onset\sub-009\sub-009_backward_mtrf_env_onset.trial_results.csv
sub-009,,,29,1,0.0679890414806182,0.1021561179733006,0.063449293029846,0.0387068249434546,0.1161164849775247,0.0188452269597429,0.0972712580177818,0.0679890414806182,0.9375,32,2,"envelope,onset",data/processed/env_onset/sub-009_mtrf_env_onset.npz,-0.5,0.0,0.05,hamming,1,,l2,1,True,mean,"1.0,1.0",results_env_onset\sub-009\sub-009_backward_mtrf_env_onset.summary.json,results_env_onset\sub-009\sub-009_backward_mtrf_env_onset.trial_results.csv
sub-009,,,30,1,0.1012123765492045,0.1338471927961595,0.0252769355647283,0.1085702572314311,0.2022573770919517,0.1084028812249738,0.0938544958669779,0.1012123765492045,0.9375,32,2,"envelope,onset",data/processed/env_onset/sub-009_mtrf_env_onset.npz,-0.5,0.0,0.05,hamming,1,,l2,1,True,mean,"1.0,1.0",results_env_onset\sub-009\sub-009_backward_mtrf_env_onset.summary.json,results_env_onset\sub-009\sub-009_backward_mtrf_env_onset.trial_results.csv
sub-009,,,31,1,0.0682530651004806,0.1358352743804604,0.0926566185230624,0.0431786558573979,0.1666392122401212,0.0733117378965578,0.0933274743435634,0.0682530651004806,0.9375,32,2,"envelope,onset",data/processed/env_onset/sub-009_mtrf_env_onset.npz,-0.5,0.0,0.05,hamming,1,,l2,1,True,mean,"1.0,1.0",results_env_onset\sub-009\sub-009_backward_mtrf_env_onset.summary.json,results_env_onset\sub-009\sub-009_backward_mtrf_env_onset.trial_results.csv
sub-010,,,0,1,0.0959352092649845,0.1435208180283029,0.0326735496766442,0.1108472683516586,0.1538979805542148,0.0728748303759044,0.0810231501783103,0.0959352092649845,0.8125,32,2,"envelope,onset",data/processed/env_onset/sub-010_mtrf_env_onset.npz,-0.5,0.0,0.05,hamming,1,,l2,1,True,mean,"1.0,1.0",results_env_onset\sub-010\sub-010_backward_mtrf_env_onset.summary.json,results_env_onset\sub-010\sub-010_backward_mtrf_env_onset.trial_results.csv
sub-010,,,1,1,0.0811292625376818,0.0704094987025542,-0.0270108806473748,0.097420379349929,0.0487221311622892,-0.0161160145631452,0.0648381457254345,0.0811292625376818,0.8125,32,2,"envelope,onset",data/processed/env_onset/sub-010_mtrf_env_onset.npz,-0.5,0.0,0.05,hamming,1,,l2,1,True,mean,"1.0,1.0",results_env_onset\sub-010\sub-010_backward_mtrf_env_onset.summary.json,results_env_onset\sub-010\sub-010_backward_mtrf_env_onset.trial_results.csv
sub-010,,,2,0,-1.1946092920756685e-05,0.0575573171849883,0.0536882421654979,0.0038690750194903,0.0514951427562111,0.055388109961543,-0.0038929672053318,-1.1946092920756685e-05,0.8125,32,2,"envelope,onset",data/processed/env_onset/sub-010_mtrf_env_onset.npz,-0.5,0.0,0.05,hamming,1,,l2,1,True,mean,"1.0,1.0",results_env_onset\sub-010\sub-010_backward_mtrf_env_onset.summary.json,results_env_onset\sub-010\sub-010_backward_mtrf_env_onset.trial_results.csv
sub-010,,,3,1,0.0678418647659063,0.064744699518659,0.015246615967208,0.0494980835514509,0.0694984894253741,-0.0166871565549876,0.0861856459803617,0.0678418647659063,0.8125,32,2,"envelope,onset",data/processed/env_onset/sub-010_mtrf_env_onset.npz,-0.5,0.0,0.05,hamming,1,,l2,1,True,mean,"1.0,1.0",results_env_onset\sub-010\sub-010_backward_mtrf_env_onset.summary.json,results_env_onset\sub-010\sub-010_backward_mtrf_env_onset.trial_results.csv
sub-010,,,4,1,0.0056463472808097,0.0856385352846755,0.0474142170327023,0.0382243182519732,0.0025782211083504,0.0295098447987041,-0.0269316236903536,0.0056463472808097,0.8125,32,2,"envelope,onset",data/processed/env_onset/sub-010_mtrf_env_onset.npz,-0.5,0.0,0.05,hamming,1,,l2,1,True,mean,"1.0,1.0",results_env_onset\sub-010\sub-010_backward_mtrf_env_onset.summary.json,results_env_onset\sub-010\sub-010_backward_mtrf_env_onset.trial_results.csv
sub-010,,,5,0,-0.0267150875407148,0.0417968134594026,0.0536387020040071,-0.0118418885446045,0.0529577196855363,0.0945460062223614,-0.0415882865368251,-0.0267150875407148,0.8125,32,2,"envelope,onset",data/processed/env_onset/sub-010_mtrf_env_onset.npz,-0.5,0.0,0.05,hamming,1,,l2,1,True,mean,"1.0,1.0",results_env_onset\sub-010\sub-010_backward_mtrf_env_onset.summary.json,results_env_onset\sub-010\sub-010_backward_mtrf_env_onset.trial_results.csv
sub-010,,,6,1,0.1154598006205853,0.1039546760302664,-0.0425682778927651,0.1465229539230315,0.1058219619172885,0.0214253145991493,0.0843966473181391,0.1154598006205853,0.8125,32,2,"envelope,onset",data/processed/env_onset/sub-010_mtrf_env_onset.npz,-0.5,0.0,0.05,hamming,1,,l2,1,True,mean,"1.0,1.0",results_env_onset\sub-010\sub-010_backward_mtrf_env_onset.summary.json,results_env_onset\sub-010\sub-010_backward_mtrf_env_onset.trial_results.csv
sub-010,,,7,1,0.1176173278735164,0.1665827325225677,0.0210755731328788,0.1455071593896888,0.1161477518351292,0.0264202554777853,0.0897274963573439,0.1176173278735164,0.8125,32,2,"envelope,onset",data/processed/env_onset/sub-010_mtrf_env_onset.npz,-0.5,0.0,0.05,hamming,1,,l2,1,True,mean,"1.0,1.0",results_env_onset\sub-010\sub-010_backward_mtrf_env_onset.summary.json,results_env_onset\sub-010\sub-010_backward_mtrf_env_onset.trial_results.csv
sub-010,,,8,1,0.161551579078914,0.1370529907087963,-0.0543722056650465,0.1914251963738428,0.1332805107955395,0.0016025490115542,0.1316779617839852,0.161551579078914,0.8125,32,2,"envelope,onset",data/processed/env_onset/sub-010_mtrf_env_onset.npz,-0.5,0.0,0.05,hamming,1,,l2,1,True,mean,"1.0,1.0",results_env_onset\sub-010\sub-010_backward_mtrf_env_onset.summary.json,results_env_onset\sub-010\sub-010_backward_mtrf_env_onset.trial_results.csv
sub-010,,,9,0,-0.021141704902569,-0.0123433431977719,-0.0008944324785803,-0.0114489107191915,-0.0274943799840102,0.0033401191019363,-0.0308344990859465,-0.021141704902569,0.8125,32,2,"envelope,onset",data/processed/env_onset/sub-010_mtrf_env_onset.npz,-0.5,0.0,0.05,hamming,1,,l2,1,True,mean,"1.0,1.0",results_env_onset\sub-010\sub-010_backward_mtrf_env_onset.summary.json,results_env_onset\sub-010\sub-010_backward_mtrf_env_onset.trial_results.csv
sub-010,,,10,1,0.106416666935808,0.1718428770776852,0.0331639454843385,0.1386789315933467,0.1063028779364143,0.0321484756581451,0.0741544022782692,0.106416666935808,0.8125,32,2,"envelope,onset",data/processed/env_onset/sub-010_mtrf_env_onset.npz,-0.5,0.0,0.05,hamming,1,,l2,1,True,mean,"1.0,1.0",results_env_onset\sub-010\sub-010_backward_mtrf_env_onset.summary.json,results_env_onset\sub-010\sub-010_backward_mtrf_env_onset.trial_results.csv
sub-010,,,11,1,0.0327719433059813,0.0589175134271548,-0.0010448006145696,0.0599623140417245,0.0607166178143786,0.0551350452441404,0.0055815725702381,0.0327719433059813,0.8125,32,2,"envelope,onset",data/processed/env_onset/sub-010_mtrf_env_onset.npz,-0.5,0.0,0.05,hamming,1,,l2,1,True,mean,"1.0,1.0",results_env_onset\sub-010\sub-010_backward_mtrf_env_onset.summary.json,results_env_onset\sub-010\sub-010_backward_mtrf_env_onset.trial_results.csv
sub-010,,,12,1,0.1250466105115908,0.1798392545259461,0.0635409659324747,0.1162982885934714,0.1191320797068668,-0.0146628527228433,0.1337949324297102,0.1250466105115908,0.8125,32,2,"envelope,onset",data/processed/env_onset/sub-010_mtrf_env_onset.npz,-0.5,0.0,0.05,hamming,1,,l2,1,True,mean,"1.0,1.0",results_env_onset\sub-010\sub-010_backward_mtrf_env_onset.summary.json,results_env_onset\sub-010\sub-010_backward_mtrf_env_onset.trial_results.csv
sub-010,,,13,1,0.0685716349211495,0.0717921966073701,-0.0238333243656399,0.0956255209730101,0.0561387970618926,0.0146210481926036,0.041517748869289,0.0685716349211495,0.8125,32,2,"envelope,onset",data/processed/env_onset/sub-010_mtrf_env_onset.npz,-0.5,0.0,0.05,hamming,1,,l2,1,True,mean,"1.0,1.0",results_env_onset\sub-010\sub-010_backward_mtrf_env_onset.summary.json,results_env_onset\sub-010\sub-010_backward_mtrf_env_onset.trial_results.csv
sub-010,,,14,1,0.0256494941751153,0.0310891845053067,0.0329808345682638,-0.001891650062957,0.047897514520515,-0.0052931238926726,0.0531906384131877,0.0256494941751153,0.8125,32,2,"envelope,onset",data/processed/env_onset/sub-010_mtrf_env_onset.npz,-0.5,0.0,0.05,hamming,1,,l2,1,True,mean,"1.0,1.0",results_env_onset\sub-010\sub-010_backward_mtrf_env_onset.summary.json,results_env_onset\sub-010\sub-010_backward_mtrf_env_onset.trial_results.csv
sub-010,,,15,1,0.0324613324794136,0.0596822951945103,0.0327286132563867,0.0269536819381235,0.0826036514300063,0.0446346684093026,0.0379689830207037,0.0324613324794136,0.8125,32,2,"envelope,onset",data/processed/env_onset/sub-010_mtrf_env_onset.npz,-0.5,0.0,0.05,hamming,1,,l2,1,True,mean,"1.0,1.0",results_env_onset\sub-010\sub-010_backward_mtrf_env_onset.summary.json,results_env_onset\sub-010\sub-010_backward_mtrf_env_onset.trial_results.csv
sub-010,,,16,1,0.1187500099624829,0.1991052757884033,0.0385047726553123,0.160600503133091,0.0862945666008786,0.0093950498090036,0.0768995167918749,0.1187500099624829,0.8125,32,2,"envelope,onset",data/processed/env_onset/sub-010_mtrf_env_onset.npz,-0.5,0.0,0.05,hamming,1,,l2,1,True,mean,"1.0,1.0",results_env_onset\sub-010\sub-010_backward_mtrf_env_onset.summary.json,results_env_onset\sub-010\sub-010_backward_mtrf_env_onset.trial_results.csv
sub-010,,,17,1,0.1116089221049415,0.1824519938821802,0.0633429796883503,0.1191090141938298,0.1702062383067906,0.0660974082907374,0.1041088300160532,0.1116089221049415,0.8125,32,2,"envelope,onset",data/processed/env_onset/sub-010_mtrf_env_onset.npz,-0.5,0.0,0.05,hamming,1,,l2,1,True,mean,"1.0,1.0",results_env_onset\sub-010\sub-010_backward_mtrf_env_onset.summary.json,results_env_onset\sub-010\sub-010_backward_mtrf_env_onset.trial_results.csv
sub-010,,,18,1,0.1018068933396352,0.0937429078966364,-0.0040017387083907,0.0977446466050271,0.1099711332860062,0.0041019932117628,0.1058691400742433,0.1018068933396352,0.8125,32,2,"envelope,onset",data/processed/env_onset/sub-010_mtrf_env_onset.npz,-0.5,0.0,0.05,hamming,1,,l2,1,True,mean,"1.0,1.0",results_env_onset\sub-010\sub-010_backward_mtrf_env_onset.summary.json,results_env_onset\sub-010\sub-010_backward_mtrf_env_onset.trial_results.csv
sub-010,,,19,1,0.1609311853712361,0.1087749207150121,-0.044883056921611,0.1536579776366231,0.1491679331268355,-0.0190364599790136,0.1682043931058492,0.1609311853712361,0.8125,32,2,"envelope,onset",data/processed/env_onset/sub-010_mtrf_env_onset.npz,-0.5,0.0,0.05,hamming,1,,l2,1,True,mean,"1.0,1.0",results_env_onset\sub-010\sub-010_backward_mtrf_env_onset.summary.json,results_env_onset\sub-010\sub-010_backward_mtrf_env_onset.trial_results.csv
sub-010,,,20,1,0.0296613680742185,0.106947536946546,0.0440350260724833,0.0629125108740627,0.0638485828889884,0.067438357614614,-0.0035897747256255,0.0296613680742185,0.8125,32,2,"envelope,onset",data/processed/env_onset/sub-010_mtrf_env_onset.npz,-0.5,0.0,0.05,hamming,1,,l2,1,True,mean,"1.0,1.0",results_env_onset\sub-010\sub-010_backward_mtrf_env_onset.summary.json,results_env_onset\sub-010\sub-010_backward_mtrf_env_onset.trial_results.csv
sub-010,,,21,1,0.0892493537414923,0.0765534219534623,0.0128677462819005,0.0636856756715617,0.1034425154841179,-0.011370516327305,0.114813031811423,0.0892493537414923,0.8125,32,2,"envelope,onset",data/processed/env_onset/sub-010_mtrf_env_onset.npz,-0.5,0.0,0.05,hamming,1,,l2,1,True,mean,"1.0,1.0",results_env_onset\sub-010\sub-010_backward_mtrf_env_onset.summary.json,results_env_onset\sub-010\sub-010_backward_mtrf_env_onset.trial_results.csv
sub-010,,,22,1,0.0652683597367093,0.0583864225907245,0.009315801846403,0.0490706207443214,0.077263722382638,-0.0042023763464591,0.0814660987290972,0.0652683597367093,0.8125,32,2,"envelope,onset",data/processed/env_onset/sub-010_mtrf_env_onset.npz,-0.5,0.0,0.05,hamming,1,,l2,1,True,mean,"1.0,1.0",results_env_onset\sub-010\sub-010_backward_mtrf_env_onset.summary.json,results_env_onset\sub-010\sub-010_backward_mtrf_env_onset.trial_results.csv
sub-010,,,23,0,-0.0071267306705261,0.0228370938592204,0.0362167488361783,-0.0133796549769579,0.0452320688836842,0.0461058752477786,-0.0008738063640943,-0.0071267306705261,0.8125,32,2,"envelope,onset",data/processed/env_onset/sub-010_mtrf_env_onset.npz,-0.5,0.0,0.05,hamming,1,,l2,1,True,mean,"1.0,1.0",results_env_onset\sub-010\sub-010_backward_mtrf_env_onset.summary.json,results_env_onset\sub-010\sub-010_backward_mtrf_env_onset.trial_results.csv
sub-010,,,24,1,0.0435311504028208,0.1142903531501225,0.0824862310327547,0.0318041221173677,0.1506717778633743,0.0954135991751003,0.0552581786882739,0.0435311504028208,0.8125,32,2,"envelope,onset",data/processed/env_onset/sub-010_mtrf_env_onset.npz,-0.5,0.0,0.05,hamming,1,,l2,1,True,mean,"1.0,1.0",results_env_onset\sub-010\sub-010_backward_mtrf_env_onset.summary.json,results_env_onset\sub-010\sub-010_backward_mtrf_env_onset.trial_results.csv
sub-010,,,25,1,0.0674659582538738,0.0415413552469381,0.0188443450992552,0.0226970101476828,0.0896812137828138,-0.0225536925772509,0.1122349063600648,0.0674659582538738,0.8125,32,2,"envelope,onset",data/processed/env_onset/sub-010_mtrf_env_onset.npz,-0.5,0.0,0.05,hamming,1,,l2,1,True,mean,"1.0,1.0",results_env_onset\sub-010\sub-010_backward_mtrf_env_onset.summary.json,results_env_onset\sub-010\sub-010_backward_mtrf_env_onset.trial_results.csv
sub-010,,,26,1,0.1620054290069068,0.1603996564400855,-0.0035385559962214,0.1639382124363069,0.156415025271484,-0.0036576203060226,0.1600726455775066,0.1620054290069068,0.8125,32,2,"envelope,onset",data/processed/env_onset/sub-010_mtrf_env_onset.npz,-0.5,0.0,0.05,hamming,1,,l2,1,True,mean,"1.0,1.0",results_env_onset\sub-010\sub-010_backward_mtrf_env_onset.summary.json,results_env_onset\sub-010\sub-010_backward_mtrf_env_onset.trial_results.csv
sub-010,,,27,1,0.1253593725081386,0.1448038572230508,-0.0123084475029013,0.1571123047259521,0.0607550526914275,-0.0328513875988976,0.0936064402903252,0.1253593725081386,0.8125,32,2,"envelope,onset",data/processed/env_onset/sub-010_mtrf_env_onset.npz,-0.5,0.0,0.05,hamming,1,,l2,1,True,mean,"1.0,1.0",results_env_onset\sub-010\sub-010_backward_mtrf_env_onset.summary.json,results_env_onset\sub-010\sub-010_backward_mtrf_env_onset.trial_results.csv
sub-010,,,28,0,-0.0129783940088108,-0.0432343523827412,-0.0022741144178789,-0.0409602379648622,0.0193173862836415,0.004313936336401,0.0150034499472404,-0.0129783940088108,0.8125,32,2,"envelope,onset",data/processed/env_onset/sub-010_mtrf_env_onset.npz,-0.5,0.0,0.05,hamming,1,,l2,1,True,mean,"1.0,1.0",results_env_onset\sub-010\sub-010_backward_mtrf_env_onset.summary.json,results_env_onset\sub-010\sub-010_backward_mtrf_env_onset.trial_results.csv
sub-010,,,29,1,0.065158078521941,0.0703024554650346,0.0289767471970111,0.0413257082680235,0.0873938347288446,-0.0015966140470138,0.0889904487758584,0.065158078521941,0.8125,32,2,"envelope,onset",data/processed/env_onset/sub-010_mtrf_env_onset.npz,-0.5,0.0,0.05,hamming,1,,l2,1,True,mean,"1.0,1.0",results_env_onset\sub-010\sub-010_backward_mtrf_env_onset.summary.json,results_env_onset\sub-010\sub-010_backward_mtrf_env_onset.trial_results.csv
sub-010,,,30,1,0.1498202998852399,0.1726783059753289,-0.013708958174498,0.186387264149827,0.1585708921992336,0.0453175565785806,0.1132533356206529,0.1498202998852399,0.8125,32,2,"envelope,onset",data/processed/env_onset/sub-010_mtrf_env_onset.npz,-0.5,0.0,0.05,hamming,1,,l2,1,True,mean,"1.0,1.0",results_env_onset\sub-010\sub-010_backward_mtrf_env_onset.summary.json,results_env_onset\sub-010\sub-010_backward_mtrf_env_onset.trial_results.csv
sub-010,,,31,0,-0.0441576666696702,0.0704912778325292,0.1603566574341425,-0.0898653796016133,0.0531064684839937,0.051556422221721,0.0015500462622727,-0.0441576666696702,0.8125,32,2,"envelope,onset",data/processed/env_onset/sub-010_mtrf_env_onset.npz,-0.5,0.0,0.05,hamming,1,,l2,1,True,mean,"1.0,1.0",results_env_onset\sub-010\sub-010_backward_mtrf_env_onset.summary.json,results_env_onset\sub-010\sub-010_backward_mtrf_env_onset.trial_results.csv
sub-011,,,0,1,0.1860563764241227,0.129749344886886,-0.066868651995557,0.1966179968824431,0.1348520206869951,-0.0406427352788072,0.1754947559658023,0.1860563764241227,0.9375,32,2,"envelope,onset",data/processed/env_onset/sub-011_mtrf_env_onset.npz,-0.5,0.0,0.05,hamming,1,,l2,1,True,mean,"1.0,1.0",results_env_onset\sub-011\sub-011_backward_mtrf_env_onset.summary.json,results_env_onset\sub-011\sub-011_backward_mtrf_env_onset.trial_results.csv
sub-011,,,1,1,0.1680432533086605,0.1531360118356132,-0.0864782491371773,0.2396142609727906,0.0904841538073942,-0.0059880918371362,0.0964722456445304,0.1680432533086605,0.9375,32,2,"envelope,onset",data/processed/env_onset/sub-011_mtrf_env_onset.npz,-0.5,0.0,0.05,hamming,1,,l2,1,True,mean,"1.0,1.0",results_env_onset\sub-011\sub-011_backward_mtrf_env_onset.summary.json,results_env_onset\sub-011\sub-011_backward_mtrf_env_onset.trial_results.csv
sub-011,,,2,1,0.067905286468421,0.0436277915479286,-0.0249925704389732,0.0686203619869019,0.1298292994321304,0.0626390884821902,0.0671902109499401,0.067905286468421,0.9375,32,2,"envelope,onset",data/processed/env_onset/sub-011_mtrf_env_onset.npz,-0.5,0.0,0.05,hamming,1,,l2,1,True,mean,"1.0,1.0",results_env_onset\sub-011\sub-011_backward_mtrf_env_onset.summary.json,results_env_onset\sub-011\sub-011_backward_mtrf_env_onset.trial_results.csv
sub-011,,,3,1,0.0688876650241984,0.0991646762342776,0.0264421721841774,0.0727225040501002,0.1327548641639254,0.0677020381656287,0.0650528259982967,0.0688876650241984,0.9375,32,2,"envelope,onset",data/processed/env_onset/sub-011_mtrf_env_onset.npz,-0.5,0.0,0.05,hamming,1,,l2,1,True,mean,"1.0,1.0",results_env_onset\sub-011\sub-011_backward_mtrf_env_onset.summary.json,results_env_onset\sub-011\sub-011_backward_mtrf_env_onset.trial_results.csv
sub-011,,,4,1,0.0079777388215669,0.0903872652277374,0.0533178151632027,0.0370694500645346,0.0805961208588329,0.1017100932802337,-0.0211139724214007,0.0079777388215669,0.9375,32,2,"envelope,onset",data/processed/env_onset/sub-011_mtrf_env_onset.npz,-0.5,0.0,0.05,hamming,1,,l2,1,True,mean,"1.0,1.0",results_env_onset\sub-011\sub-011_backward_mtrf_env_onset.summary.json,results_env_onset\sub-011\sub-011_backward_mtrf_env_onset.trial_results.csv
sub-011,,,5,1,0.044660978815917,-0.0017998551090765,-0.0458929497074839,0.0440930945984073,0.012342408673578,-0.0328864543598487,0.0452288630334268,0.044660978815917,0.9375,32,2,"envelope,onset",data/processed/env_onset/sub-011_mtrf_env_onset.npz,-0.5,0.0,0.05,hamming,1,,l2,1,True,mean,"1.0,1.0",results_env_onset\sub-011\sub-011_backward_mtrf_env_onset.summary.json,results_env_onset\sub-011\sub-011_backward_mtrf_env_onset.trial_results.csv
sub-011,,,6,1,0.1976175469674213,0.1987086255218219,0.0111367336679469,0.187571891853875,0.2220413262707545,0.0143781241897868,0.2076632020809676,0.1976175469674213,0.9375,32,2,"envelope,onset",data/processed/env_onset/sub-011_mtrf_env_onset.npz,-0.5,0.0,0.05,hamming,1,,l2,1,True,mean,"1.0,1.0",results_env_onset\sub-011\sub-011_backward_mtrf_env_onset.summary.json,results_env_onset\sub-011\sub-011_backward_mtrf_env_onset.trial_results.csv
sub-011,,,7,1,0.1205236718886645,0.0916583008894317,0.004609977638092,0.0870483232513397,0.1468589677984274,-0.007140052727562,0.1539990205259894,0.1205236718886645,0.9375,32,2,"envelope,onset",data/processed/env_onset/sub-011_mtrf_env_onset.npz,-0.5,0.0,0.05,hamming,1,,l2,1,True,mean,"1.0,1.0",results_env_onset\sub-011\sub-011_backward_mtrf_env_onset.summary.json,results_env_onset\sub-011\sub-011_backward_mtrf_env_onset.trial_results.csv
sub-011,,,8,1,0.0839433170545644,0.1029445338547223,0.0269988785003695,0.0759456553543528,0.0862011242393404,-0.0057398545154356,0.0919409787547761,0.0839433170545644,0.9375,32,2,"envelope,onset",data/processed/env_onset/sub-011_mtrf_env_onset.npz,-0.5,0.0,0.05,hamming,1,,l2,1,True,mean,"1.0,1.0",results_env_onset\sub-011\sub-011_backward_mtrf_env_onset.summary.json,results_env_onset\sub-011\sub-011_backward_mtrf_env_onset.trial_results.csv
sub-011,,,9,1,0.1117464482557011,0.2023961620458373,0.0386424413347937,0.1637537207110435,0.1355797247551375,0.0758405489547788,0.0597391758003587,0.1117464482557011,0.9375,32,2,"envelope,onset",data/processed/env_onset/sub-011_mtrf_env_onset.npz,-0.5,0.0,0.05,hamming,1,,l2,1,True,mean,"1.0,1.0",results_env_onset\sub-011\sub-011_backward_mtrf_env_onset.summary.json,results_env_onset\sub-011\sub-011_backward_mtrf_env_onset.trial_results.csv
sub-011,,,10,1,0.0444929700146084,0.0815894665138711,0.0012015572721193,0.0803879092417518,0.0628554769250739,0.0542574461376089,0.008598030787465,0.0444929700146084,0.9375,32,2,"envelope,onset",data/processed/env_onset/sub-011_mtrf_env_onset.npz,-0.5,0.0,0.05,hamming,1,,l2,1,True,mean,"1.0,1.0",results_env_onset\sub-011\sub-011_backward_mtrf_env_onset.summary.json,results_env_onset\sub-011\sub-011_backward_mtrf_env_onset.trial_results.csv
sub-011,,,11,1,0.0782990763468006,0.0805255875579846,-0.0165408162319855,0.0970664037899702,0.0507702800591207,-0.0087614688445102,0.059531748903631,0.0782990763468006,0.9375,32,2,"envelope,onset",data/processed/env_onset/sub-011_mtrf_env_onset.npz,-0.5,0.0,0.05,hamming,1,,l2,1,True,mean,"1.0,1.0",results_env_onset\sub-011\sub-011_backward_mtrf_env_onset.summary.json,results_env_onset\sub-011\sub-011_backward_mtrf_env_onset.trial_results.csv
sub-011,,,12,1,0.0506023895393195,-0.0035572473720764,-0.0228490766599286,0.0192918292878522,0.0925517372932975,0.0106387875025106,0.0819129497907869,0.0506023895393195,0.9375,32,2,"envelope,onset",data/processed/env_onset/sub-011_mtrf_env_onset.npz,-0.5,0.0,0.05,hamming,1,,l2,1,True,mean,"1.0,1.0",results_env_onset\sub-011\sub-011_backward_mtrf_env_onset.summary.json,results_env_onset\sub-011\sub-011_backward_mtrf_env_onset.trial_results.csv
sub-011,,,13,1,0.0673555559915064,0.1170346841952549,0.0568903674089185,0.0601443167863364,0.1156484352670735,0.041081640070397,0.0745667951966765,0.0673555559915064,0.9375,32,2,"envelope,onset",data/processed/env_onset/sub-011_mtrf_env_onset.npz,-0.5,0.0,0.05,hamming,1,,l2,1,True,mean,"1.0,1.0",results_env_onset\sub-011\sub-011_backward_mtrf_env_onset.summary.json,results_env_onset\sub-011\sub-011_backward_mtrf_env_onset.trial_results.csv
sub-011,,,14,1,0.0894111227349091,0.0871901254642759,0.025193547785247,0.0619965776790289,0.0843488287812148,-0.0324768390095744,0.1168256677907892,0.0894111227349091,0.9375,32,2,"envelope,onset",data/processed/env_onset/sub-011_mtrf_env_onset.npz,-0.5,0.0,0.05,hamming,1,,l2,1,True,mean,"1.0,1.0",results_env_onset\sub-011\sub-011_backward_mtrf_env_onset.summary.json,results_env_onset\sub-011\sub-011_backward_mtrf_env_onset.trial_results.csv
sub-011,,,15,1,0.0785238285271281,0.1005059243016409,-0.0259968603405127,0.1265027846421537,0.0514883170002648,0.0209434445881622,0.0305448724121025,0.0785238285271281,0.9375,32,2,"envelope,onset",data/processed/env_onset/sub-011_mtrf_env_onset.npz,-0.5,0.0,0.05,hamming,1,,l2,1,True,mean,"1.0,1.0",results_env_onset\sub-011\sub-011_backward_mtrf_env_onset.summary.json,results_env_onset\sub-011\sub-011_backward_mtrf_env_onset.trial_results.csv
sub-011,,,16,0,-0.0059262756697944,0.0480254511999491,0.0783557128870336,-0.0303302616870845,0.0899511333252797,0.0714734229777842,0.0184777103474955,-0.0059262756697944,0.9375,32,2,"envelope,onset",data/processed/env_onset/sub-011_mtrf_env_onset.npz,-0.5,0.0,0.05,hamming,1,,l2,1,True,mean,"1.0,1.0",results_env_onset\sub-011\sub-011_backward_mtrf_env_onset.summary.json,results_env_onset\sub-011\sub-011_backward_mtrf_env_onset.trial_results.csv
sub-011,,,17,1,0.13545283498575,0.1017763943185344,-0.0367725774010451,0.1385489717195796,0.1331706715911175,0.0008139733391971,0.1323566982519203,0.13545283498575,0.9375,32,2,"envelope,onset",data/processed/env_onset/sub-011_mtrf_env_onset.npz,-0.5,0.0,0.05,hamming,1,,l2,1,True,mean,"1.0,1.0",results_env_onset\sub-011\sub-011_backward_mtrf_env_onset.summary.json,results_env_onset\sub-011\sub-011_backward_mtrf_env_onset.trial_results.csv
sub-011,,,18,1,0.164715776728088,0.1534676659369646,-0.0033633916212226,0.1568310575581873,0.1976820568575369,0.0250815609595481,0.1726004958979888,0.164715776728088,0.9375,32,2,"envelope,onset",data/processed/env_onset/sub-011_mtrf_env_onset.npz,-0.5,0.0,0.05,hamming,1,,l2,1,True,mean,"1.0,1.0",results_env_onset\sub-011\sub-011_backward_mtrf_env_onset.summary.json,results_env_onset\sub-011\sub-011_backward_mtrf_env_onset.trial_results.csv
sub-011,,,19,1,0.1157368543328055,0.1328431783302573,0.0492891090787206,0.0835540692515366,0.1584672501080486,0.0105476106939742,0.1479196394140743,0.1157368543328055,0.9375,32,2,"envelope,onset",data/processed/env_onset/sub-011_mtrf_env_onset.npz,-0.5,0.0,0.05,hamming,1,,l2,1,True,mean,"1.0,1.0",results_env_onset\sub-011\sub-011_backward_mtrf_env_onset.summary.json,results_env_onset\sub-011\sub-011_backward_mtrf_env_onset.trial_results.csv
sub-011,,,20,1,0.1426285634426985,0.0882851080297393,-0.083532817736542,0.1718179257662814,0.1220446854010392,0.0086054842819235,0.1134392011191157,0.1426285634426985,0.9375,32,2,"envelope,onset",data/processed/env_onset/sub-011_mtrf_env_onset.npz,-0.5,0.0,0.05,hamming,1,,l2,1,True,mean,"1.0,1.0",results_env_onset\sub-011\sub-011_backward_mtrf_env_onset.summary.json,results_env_onset\sub-011\sub-011_backward_mtrf_env_onset.trial_results.csv
sub-011,,,21,1,0.0935892132273476,0.1183280599346654,0.0179322955065717,0.1003957644280937,0.1774108320776729,0.0906281700510713,0.0867826620266015,0.0935892132273476,0.9375,32,2,"envelope,onset",data/processed/env_onset/sub-011_mtrf_env_onset.npz,-0.5,0.0,0.05,hamming,1,,l2,1,True,mean,"1.0,1.0",results_env_onset\sub-011\sub-011_backward_mtrf_env_onset.summary.json,results_env_onset\sub-011\sub-011_backward_mtrf_env_onset.trial_results.csv
sub-011,,,22,1,0.0842619006745493,0.0725046319897105,-0.0272213988052243,0.0997260307949348,0.0914916371175726,0.0226938665634088,0.0687977705541637,0.0842619006745493,0.9375,32,2,"envelope,onset",data/processed/env_onset/sub-011_mtrf_env_onset.npz,-0.5,0.0,0.05,hamming,1,,l2,1,True,mean,"1.0,1.0",results_env_onset\sub-011\sub-011_backward_mtrf_env_onset.summary.json,results_env_onset\sub-011\sub-011_backward_mtrf_env_onset.trial_results.csv
sub-011,,,23,1,0.0724431085268009,0.0347796606351704,-0.0381977583788344,0.0729774190140049,0.0601003985814067,-0.0118083994581901,0.0719087980395969,0.0724431085268009,0.9375,32,2,"envelope,onset",data/processed/env_onset/sub-011_mtrf_env_onset.npz,-0.5,0.0,0.05,hamming,1,,l2,1,True,mean,"1.0,1.0",results_env_onset\sub-011\sub-011_backward_mtrf_env_onset.summary.json,results_env_onset\sub-011\sub-011_backward_mtrf_env_onset.trial_results.csv
sub-011,,,24,1,0.0253910974438876,0.0415222969232574,0.0022962334617747,0.0392260634614827,0.0433853924364723,0.0318292610101797,0.0115561314262926,0.0253910974438876,0.9375,32,2,"envelope,onset",data/processed/env_onset/sub-011_mtrf_env_onset.npz,-0.5,0.0,0.05,hamming,1,,l2,1,True,mean,"1.0,1.0",results_env_onset\sub-011\sub-011_backward_mtrf_env_onset.summary.json,results_env_onset\sub-011\sub-011_backward_mtrf_env_onset.trial_results.csv
sub-011,,,25,1,0.0591626536923521,0.0892999900916293,0.0484739287688559,0.0408260613227733,0.101204632039364,0.0237053859774332,0.0774992460619308,0.0591626536923521,0.9375,32,2,"envelope,onset",data/processed/env_onset/sub-011_mtrf_env_onset.npz,-0.5,0.0,0.05,hamming,1,,l2,1,True,mean,"1.0,1.0",results_env_onset\sub-011\sub-011_backward_mtrf_env_onset.summary.json,results_env_onset\sub-011\sub-011_backward_mtrf_env_onset.trial_results.csv
sub-011,,,26,0,-0.0053248836417502,0.0613440488995582,0.0322595753005909,0.0290844735989673,0.032212952742085,0.0719471936245529,-0.0397342408824678,-0.0053248836417502,0.9375,32,2,"envelope,onset",data/processed/env_onset/sub-011_mtrf_env_onset.npz,-0.5,0.0,0.05,hamming,1,,l2,1,True,mean,"1.0,1.0",results_env_onset\sub-011\sub-011_backward_mtrf_env_onset.summary.json,results_env_onset\sub-011\sub-011_backward_mtrf_env_onset.trial_results.csv
sub-011,,,27,1,0.0938322816290957,0.1117739838304114,-0.0145523223385214,0.1263263061689329,0.0674151718434803,0.0060769147542217,0.0613382570892586,0.0938322816290957,0.9375,32,2,"envelope,onset",data/processed/env_onset/sub-011_mtrf_env_onset.npz,-0.5,0.0,0.05,hamming,1,,l2,1,True,mean,"1.0,1.0",results_env_onset\sub-011\sub-011_backward_mtrf_env_onset.summary.json,results_env_onset\sub-011\sub-011_backward_mtrf_env_onset.trial_results.csv
sub-011,,,28,1,0.0591376845576345,0.0965290616671099,-0.0371384345598727,0.1336674962269827,0.0126173316022095,0.0280094587139231,-0.0153921271117136,0.0591376845576345,0.9375,32,2,"envelope,onset",data/processed/env_onset/sub-011_mtrf_env_onset.npz,-0.5,0.0,0.05,hamming,1,,l2,1,True,mean,"1.0,1.0",results_env_onset\sub-011\sub-011_backward_mtrf_env_onset.summary.json,results_env_onset\sub-011\sub-011_backward_mtrf_env_onset.trial_results.csv
sub-011,,,29,1,0.1204882420160937,0.1728396751827943,-0.0193421003109663,0.1921817754937607,0.0976012870443835,0.0488065785059567,0.0487947085384268,0.1204882420160937,0.9375,32,2,"envelope,onset",data/processed/env_onset/sub-011_mtrf_env_onset.npz,-0.5,0.0,0.05,hamming,1,,l2,1,True,mean,"1.0,1.0",results_env_onset\sub-011\sub-011_backward_mtrf_env_onset.summary.json,results_env_onset\sub-011\sub-011_backward_mtrf_env_onset.trial_results.csv
sub-011,,,30,1,0.0772571397450463,0.0650476963613409,-0.068871955146886,0.1339196515082269,0.048718862736555,0.0281242347546892,0.0205946279818657,0.0772571397450463,0.9375,32,2,"envelope,onset",data/processed/env_onset/sub-011_mtrf_env_onset.npz,-0.5,0.0,0.05,hamming,1,,l2,1,True,mean,"1.0,1.0",results_env_onset\sub-011\sub-011_backward_mtrf_env_onset.summary.json,results_env_onset\sub-011\sub-011_backward_mtrf_env_onset.trial_results.csv
sub-011,,,31,1,0.0651397108002806,0.0901156415145127,-0.0103079911344506,0.1004236326489634,0.0450530442081902,0.0151972552565923,0.0298557889515978,0.0651397108002806,0.9375,32,2,"envelope,onset",data/processed/env_onset/sub-011_mtrf_env_onset.npz,-0.5,0.0,0.05,hamming,1,,l2,1,True,mean,"1.0,1.0",results_env_onset\sub-011\sub-011_backward_mtrf_env_onset.summary.json,results_env_onset\sub-011\sub-011_backward_mtrf_env_onset.trial_results.csv
sub-012,,,0,1,0.1594331856488956,0.1455972841154144,-0.0387251655781706,0.184322449693585,0.1596782448186346,0.0251343232144283,0.1345439216042062,0.1594331856488956,1.0,32,2,"envelope,onset",data/processed/env_onset/sub-012_mtrf_env_onset.npz,-0.5,0.0,0.05,hamming,1,,l2,1,True,mean,"1.0,1.0",results_env_onset\sub-012\sub-012_backward_mtrf_env_onset.summary.json,results_env_onset\sub-012\sub-012_backward_mtrf_env_onset.trial_results.csv
sub-012,,,1,1,0.1107835969960352,0.2409459916019813,0.1134999218876093,0.1274460697143719,0.1785785157518991,0.0844573914742006,0.0941211242776985,0.1107835969960352,1.0,32,2,"envelope,onset",data/processed/env_onset/sub-012_mtrf_env_onset.npz,-0.5,0.0,0.05,hamming,1,,l2,1,True,mean,"1.0,1.0",results_env_onset\sub-012\sub-012_backward_mtrf_env_onset.summary.json,results_env_onset\sub-012\sub-012_backward_mtrf_env_onset.trial_results.csv
sub-012,,,2,1,0.0808925120354592,0.1121011155654278,0.0167013866958061,0.0953997288696217,0.0993897218814608,0.033004426680164,0.0663852952012967,0.0808925120354592,1.0,32,2,"envelope,onset",data/processed/env_onset/sub-012_mtrf_env_onset.npz,-0.5,0.0,0.05,hamming,1,,l2,1,True,mean,"1.0,1.0",results_env_onset\sub-012\sub-012_backward_mtrf_env_onset.summary.json,results_env_onset\sub-012\sub-012_backward_mtrf_env_onset.trial_results.csv
sub-012,,,3,1,0.1243304816558293,0.1788284067717573,0.0433754439550729,0.1354529628166843,0.1765265632822104,0.0633185627872361,0.1132080004949742,0.1243304816558293,1.0,32,2,"envelope,onset",data/processed/env_onset/sub-012_mtrf_env_onset.npz,-0.5,0.0,0.05,hamming,1,,l2,1,True,mean,"1.0,1.0",results_env_onset\sub-012\sub-012_backward_mtrf_env_onset.summary.json,results_env_onset\sub-012\sub-012_backward_mtrf_env_onset.trial_results.csv
sub-012,,,4,1,0.0703634481241995,0.0988658199356429,0.0510304770820951,0.0478353428535477,0.0775874852271812,-0.0153040681676701,0.0928915533948514,0.0703634481241995,1.0,32,2,"envelope,onset",data/processed/env_onset/sub-012_mtrf_env_onset.npz,-0.5,0.0,0.05,hamming,1,,l2,1,True,mean,"1.0,1.0",results_env_onset\sub-012\sub-012_backward_mtrf_env_onset.summary.json,results_env_onset\sub-012\sub-012_backward_mtrf_env_onset.trial_results.csv
sub-012,,,5,1,0.153447378953358,0.1459507008207126,-0.0106096220374723,0.1565603228581849,0.1101400588356906,-0.0401943762128404,0.150334435048531,0.153447378953358,1.0,32,2,"envelope,onset",data/processed/env_onset/sub-012_mtrf_env_onset.npz,-0.5,0.0,0.05,hamming,1,,l2,1,True,mean,"1.0,1.0",results_env_onset\sub-012\sub-012_backward_mtrf_env_onset.summary.json,results_env_onset\sub-012\sub-012_backward_mtrf_env_onset.trial_results.csv
sub-012,,,6,1,0.0860347188346216,0.0905281716083437,0.0002144213876941,0.0903137502206496,0.072399571011028,-0.0093561164375655,0.0817556874485936,0.0860347188346216,1.0,32,2,"envelope,onset",data/processed/env_onset/sub-012_mtrf_env_onset.npz,-0.5,0.0,0.05,hamming,1,,l2,1,True,mean,"1.0,1.0",results_env_onset\sub-012\sub-012_backward_mtrf_env_onset.summary.json,results_env_onset\sub-012\sub-012_backward_mtrf_env_onset.trial_results.csv
sub-012,,,7,1,0.0215890892349381,0.0846233138455204,0.061994504286048,0.0226288095594724,0.0906506990676025,0.0701013301571987,0.0205493689104037,0.0215890892349381,1.0,32,2,"envelope,onset",data/processed/env_onset/sub-012_mtrf_env_onset.npz,-0.5,0.0,0.05,hamming,1,,l2,1,True,mean,"1.0,1.0",results_env_onset\sub-012\sub-012_backward_mtrf_env_onset.summary.json,results_env_onset\sub-012\sub-012_backward_mtrf_env_onset.trial_results.csv
sub-012,,,8,1,0.0650923160812652,0.0923413656523198,0.0264528988271418,0.065888466825178,0.1208386699019484,0.0565425045645958,0.0642961653373525,0.0650923160812652,1.0,32,2,"envelope,onset",data/processed/env_onset/sub-012_mtrf_env_onset.npz,-0.5,0.0,0.05,hamming,1,,l2,1,True,mean,"1.0,1.0",results_env_onset\sub-012\sub-012_backward_mtrf_env_onset.summary.json,results_env_onset\sub-012\sub-012_backward_mtrf_env_onset.trial_results.csv
sub-012,,,9,1,0.0672871867753548,0.0794776016495071,-0.0148227547525862,0.0943003564020933,0.0195754355207282,-0.020698581627888,0.0402740171486163,0.0672871867753548,1.0,32,2,"envelope,onset",data/processed/env_onset/sub-012_mtrf_env_onset.npz,-0.5,0.0,0.05,hamming,1,,l2,1,True,mean,"1.0,1.0",results_env_onset\sub-012\sub-012_backward_mtrf_env_onset.summary.json,results_env_onset\sub-012\sub-012_backward_mtrf_env_onset.trial_results.csv
sub-012,,,10,1,0.0577008652217489,0.100664779396931,0.051382705585915,0.049282073811016,0.1006791673088867,0.0345595106764049,0.0661196566324818,0.0577008652217489,1.0,32,2,"envelope,onset",data/processed/env_onset/sub-012_mtrf_env_onset.npz,-0.5,0.0,0.05,hamming,1,,l2,1,True,mean,"1.0,1.0",results_env_onset\sub-012\sub-012_backward_mtrf_env_onset.summary.json,results_env_onset\sub-012\sub-012_backward_mtrf_env_onset.trial_results.csv
sub-012,,,11,1,0.1326719452956941,0.2001795902695214,0.026726690211509,0.1734529000580123,0.1293371808213215,0.0374461902879455,0.0918909905333759,0.1326719452956941,1.0,32,2,"envelope,onset",data/processed/env_onset/sub-012_mtrf_env_onset.npz,-0.5,0.0,0.05,hamming,1,,l2,1,True,mean,"1.0,1.0",results_env_onset\sub-012\sub-012_backward_mtrf_env_onset.summary.json,results_env_onset\sub-012\sub-012_backward_mtrf_env_onset.trial_results.csv
sub-012,,,12,1,0.0678994028759417,0.0828663352409078,0.0054309497261622,0.0774353855147455,0.0717694103813352,0.0134059901441973,0.0583634202371378,0.0678994028759417,1.0,32,2,"envelope,onset",data/processed/env_onset/sub-012_mtrf_env_onset.npz,-0.5,0.0,0.05,hamming,1,,l2,1,True,mean,"1.0,1.0",results_env_onset\sub-012\sub-012_backward_mtrf_env_onset.summary.json,results_env_onset\sub-012\sub-012_backward_mtrf_env_onset.trial_results.csv
sub-012,,,13,1,0.1088651232976557,0.1404984740900178,0.0298645154952322,0.1106339585947855,0.163943807977578,0.0568475199770521,0.1070962880005258,0.1088651232976557,1.0,32,2,"envelope,onset",data/processed/env_onset/sub-012_mtrf_env_onset.npz,-0.5,0.0,0.05,hamming,1,,l2,1,True,mean,"1.0,1.0",results_env_onset\sub-012\sub-012_backward_mtrf_env_onset.summary.json,results_env_onset\sub-012\sub-012_backward_mtrf_env_onset.trial_results.csv
sub-012,,,14,1,0.0604626225678905,0.1248716816236797,0.0800021644978082,0.0448695171258715,0.1585556241041524,0.0824998960942428,0.0760557280099096,0.0604626225678905,1.0,32,2,"envelope,onset",data/processed/env_onset/sub-012_mtrf_env_onset.npz,-0.5,0.0,0.05,hamming,1,,l2,1,True,mean,"1.0,1.0",results_env_onset\sub-012\sub-012_backward_mtrf_env_onset.summary.json,results_env_onset\sub-012\sub-012_backward_mtrf_env_onset.trial_results.csv
sub-012,,,15,1,0.0908154178385446,0.1563277627248143,0.0326829493384156,0.1236448133863987,0.0914260340330631,0.0334400117423725,0.0579860222906905,0.0908154178385446,1.0,32,2,"envelope,onset",data/processed/env_onset/sub-012_mtrf_env_onset.npz,-0.5,0.0,0.05,hamming,1,,l2,1,True,mean,"1.0,1.0",results_env_onset\sub-012\sub-012_backward_mtrf_env_onset.summary.json,results_env_onset\sub-012\sub-012_backward_mtrf_env_onset.trial_results.csv
sub-012,,,16,1,0.1976619594233927,0.1577783436181627,-0.0458981065835422,0.2036764502017049,0.1710614457972962,-0.0205860228477842,0.1916474686450804,0.1976619594233927,1.0,32,2,"envelope,onset",data/processed/env_onset/sub-012_mtrf_env_onset.npz,-0.5,0.0,0.05,hamming,1,,l2,1,True,mean,"1.0,1.0",results_env_onset\sub-012\sub-012_backward_mtrf_env_onset.summary.json,results_env_onset\sub-012\sub-012_backward_mtrf_env_onset.trial_results.csv
sub-012,,,17,1,0.191857089002724,0.2023918652167274,-0.0075848536495582,0.2099767188662857,0.1769076551665386,0.0031701960273761,0.1737374591391625,0.191857089002724,1.0,32,2,"envelope,onset",data/processed/env_onset/sub-012_mtrf_env_onset.npz,-0.5,0.0,0.05,hamming,1,,l2,1,True,mean,"1.0,1.0",results_env_onset\sub-012\sub-012_backward_mtrf_env_onset.summary.json,results_env_onset\sub-012\sub-012_backward_mtrf_env_onset.trial_results.csv
sub-012,,,18,1,0.0271685810216583,0.1009270237825278,0.0772935255648208,0.0236334982177069,0.1163157651372884,0.0856121013116786,0.0307036638256097,0.0271685810216583,1.0,32,2,"envelope,onset",data/processed/env_onset/sub-012_mtrf_env_onset.npz,-0.5,0.0,0.05,hamming,1,,l2,1,True,mean,"1.0,1.0",results_env_onset\sub-012\sub-012_backward_mtrf_env_onset.summary.json,results_env_onset\sub-012\sub-012_backward_mtrf_env_onset.trial_results.csv
sub-012,,,19,1,0.1256344892569226,0.1119770436736733,-0.0097172205792872,0.1216942642529606,0.1683589856059474,0.0387842713450627,0.1295747142608846,0.1256344892569226,1.0,32,2,"envelope,onset",data/processed/env_onset/sub-012_mtrf_env_onset.npz,-0.5,0.0,0.05,hamming,1,,l2,1,True,mean,"1.0,1.0",results_env_onset\sub-012\sub-012_backward_mtrf_env_onset.summary.json,results_env_onset\sub-012\sub-012_backward_mtrf_env_onset.trial_results.csv
sub-012,,,20,1,0.135833923317208,0.1584169206083991,0.0166156772683194,0.1418012433400796,0.1490202035929763,0.0191536002986399,0.1298666032943364,0.135833923317208,1.0,32,2,"envelope,onset",data/processed/env_onset/sub-012_mtrf_env_onset.npz,-0.5,0.0,0.05,hamming,1,,l2,1,True,mean,"1.0,1.0",results_env_onset\sub-012\sub-012_backward_mtrf_env_onset.summary.json,results_env_onset\sub-012\sub-012_backward_mtrf_env_onset.trial_results.csv
sub-012,,,21,1,0.1036609727581705,0.1077082513907868,-0.0204602894081213,0.1281685407989081,0.1226077771977465,0.0434543724803135,0.0791534047174329,0.1036609727581705,1.0,32,2,"envelope,onset",data/processed/env_onset/sub-012_mtrf_env_onset.npz,-0.5,0.0,0.05,hamming,1,,l2,1,True,mean,"1.0,1.0",results_env_onset\sub-012\sub-012_backward_mtrf_env_onset.summary.json,results_env_onset\sub-012\sub-012_backward_mtrf_env_onset.trial_results.csv
sub-012,,,22,1,0.0591727410722577,0.0788240665355586,-0.0108834357615648,0.0897075022971235,0.0503462947014472,0.0217083148540551,0.028637979847392,0.0591727410722577,1.0,32,2,"envelope,onset",data/processed/env_onset/sub-012_mtrf_env_onset.npz,-0.5,0.0,0.05,hamming,1,,l2,1,True,mean,"1.0,1.0",results_env_onset\sub-012\sub-012_backward_mtrf_env_onset.summary.json,results_env_onset\sub-012\sub-012_backward_mtrf_env_onset.trial_results.csv
sub-012,,,23,1,0.1224653364160628,0.1128248165157958,-0.0242862820425937,0.1371110985583895,0.1031860769109673,-0.0046334973627688,0.1078195742737362,0.1224653364160628,1.0,32,2,"envelope,onset",data/processed/env_onset/sub-012_mtrf_env_onset.npz,-0.5,0.0,0.05,hamming,1,,l2,1,True,mean,"1.0,1.0",results_env_onset\sub-012\sub-012_backward_mtrf_env_onset.summary.json,results_env_onset\sub-012\sub-012_backward_mtrf_env_onset.trial_results.csv
sub-012,,,24,1,0.1366178317096435,0.1251414180484271,-0.0008229289247507,0.1259643469731779,0.1138442496042074,-0.0334270668419017,0.1472713164461091,0.1366178317096435,1.0,32,2,"envelope,onset",data/processed/env_onset/sub-012_mtrf_env_onset.npz,-0.5,0.0,0.05,hamming,1,,l2,1,True,mean,"1.0,1.0",results_env_onset\sub-012\sub-012_backward_mtrf_env_onset.summary.json,results_env_onset\sub-012\sub-012_backward_mtrf_env_onset.trial_results.csv
sub-012,,,25,1,0.0443585672645755,0.1383805422517635,0.0548716321158935,0.0835089101358699,0.1092944986739139,0.1040862742806327,0.0052082243932811,0.0443585672645755,1.0,32,2,"envelope,onset",data/processed/env_onset/sub-012_mtrf_env_onset.npz,-0.5,0.0,0.05,hamming,1,,l2,1,True,mean,"1.0,1.0",results_env_onset\sub-012\sub-012_backward_mtrf_env_onset.summary.json,results_env_onset\sub-012\sub-012_backward_mtrf_env_onset.trial_results.csv
sub-012,,,26,1,0.1477797312858479,0.1399151033885371,-0.0262814561457038,0.166196559534241,0.1485621468236272,0.0191992437861723,0.1293629030374548,0.1477797312858479,1.0,32,2,"envelope,onset",data/processed/env_onset/sub-012_mtrf_env_onset.npz,-0.5,0.0,0.05,hamming,1,,l2,1,True,mean,"1.0,1.0",results_env_onset\sub-012\sub-012_backward_mtrf_env_onset.summary.json,results_env_onset\sub-012\sub-012_backward_mtrf_env_onset.trial_results.csv
sub-012,,,27,1,0.1527226674450308,0.1449863765230285,0.0462448592526159,0.0987415172704125,0.1687747820607894,-0.0379290355588596,0.2067038176196491,0.1527226674450308,1.0,32,2,"envelope,onset",data/processed/env_onset/sub-012_mtrf_env_onset.npz,-0.5,0.0,0.05,hamming,1,,l2,1,True,mean,"1.0,1.0",results_env_onset\sub-012\sub-012_backward_mtrf_env_onset.summary.json,results_env_onset\sub-012\sub-012_backward_mtrf_env_onset.trial_results.csv
sub-012,,,28,1,0.0793280227178044,0.118253866301212,-0.0126484771098188,0.1309023434110309,0.0568917837441475,0.0291380817195695,0.027753702024578,0.0793280227178044,1.0,32,2,"envelope,onset",data/processed/env_onset/sub-012_mtrf_env_onset.npz,-0.5,0.0,0.05,hamming,1,,l2,1,True,mean,"1.0,1.0",results_env_onset\sub-012\sub-012_backward_mtrf_env_onset.summary.json,results_env_onset\sub-012\sub-012_backward_mtrf_env_onset.trial_results.csv
sub-012,,,29,1,0.1425673118769039,0.1942739981873542,-0.0098296505415759,0.2041036487289302,0.1593732413432119,0.0783422663183342,0.0810309750248776,0.1425673118769039,1.0,32,2,"envelope,onset",data/processed/env_onset/sub-012_mtrf_env_onset.npz,-0.5,0.0,0.05,hamming,1,,l2,1,True,mean,"1.0,1.0",results_env_onset\sub-012\sub-012_backward_mtrf_env_onset.summary.json,results_env_onset\sub-012\sub-012_backward_mtrf_env_onset.trial_results.csv
sub-012,,,30,1,0.2000220283473275,0.1898590457579591,-0.007797458860443,0.1976565046184021,0.1844904403153343,-0.0178971117609184,0.2023875520762528,0.2000220283473275,1.0,32,2,"envelope,onset",data/processed/env_onset/sub-012_mtrf_env_onset.npz,-0.5,0.0,0.05,hamming,1,,l2,1,True,mean,"1.0,1.0",results_env_onset\sub-012\sub-012_backward_mtrf_env_onset.summary.json,results_env_onset\sub-012\sub-012_backward_mtrf_env_onset.trial_results.csv
sub-012,,,31,1,0.0431114604926563,0.1139948670950204,0.0591179712833418,0.0548768958116786,0.0897355544820168,0.0583895293083828,0.0313460251736339,0.0431114604926563,1.0,32,2,"envelope,onset",data/processed/env_onset/sub-012_mtrf_env_onset.npz,-0.5,0.0,0.05,hamming,1,,l2,1,True,mean,"1.0,1.0",results_env_onset\sub-012\sub-012_backward_mtrf_env_onset.summary.json,results_env_onset\sub-012\sub-012_backward_mtrf_env_onset.trial_results.csv
sub-013,,,0,1,0.0624126684116332,0.1799429296792613,0.1002323677220081,0.0797105619572532,0.1482612755768257,0.1031465007108125,0.0451147748660132,0.0624126684116332,0.96875,32,2,"envelope,onset",data/processed/env_onset/sub-013_mtrf_env_onset.npz,-0.5,0.0,0.05,hamming,1,,l2,1,True,mean,"1.0,1.0",results_env_onset\sub-013\sub-013_backward_mtrf_env_onset.summary.json,results_env_onset\sub-013\sub-013_backward_mtrf_env_onset.trial_results.csv
sub-013,,,1,1,0.1679754513043424,0.189599174907168,0.005630164499165,0.183969010408003,0.1805934598224381,0.0286115676217563,0.1519818922006817,0.1679754513043424,0.96875,32,2,"envelope,onset",data/processed/env_onset/sub-013_mtrf_env_onset.npz,-0.5,0.0,0.05,hamming,1,,l2,1,True,mean,"1.0,1.0",results_env_onset\sub-013\sub-013_backward_mtrf_env_onset.summary.json,results_env_onset\sub-013\sub-013_backward_mtrf_env_onset.trial_results.csv
sub-013,,,2,1,0.1507124741961443,0.1851502124602663,-0.0054298959493293,0.1905801084095957,0.1903584574879334,0.0795136175052405,0.1108448399826929,0.1507124741961443,0.96875,32,2,"envelope,onset",data/processed/env_onset/sub-013_mtrf_env_onset.npz,-0.5,0.0,0.05,hamming,1,,l2,1,True,mean,"1.0,1.0",results_env_onset\sub-013\sub-013_backward_mtrf_env_onset.summary.json,results_env_onset\sub-013\sub-013_backward_mtrf_env_onset.trial_results.csv
sub-013,,,3,1,0.1022664239732257,0.2027036816386473,0.0771042899016196,0.1255993917370277,0.1666510756415151,0.0877176194320914,0.0789334562094237,0.1022664239732257,0.96875,32,2,"envelope,onset",data/processed/env_onset/sub-013_mtrf_env_onset.npz,-0.5,0.0,0.05,hamming,1,,l2,1,True,mean,"1.0,1.0",results_env_onset\sub-013\sub-013_backward_mtrf_env_onset.summary.json,results_env_onset\sub-013\sub-013_backward_mtrf_env_onset.trial_results.csv
sub-013,,,4,1,0.0900407277643521,0.1763129120080641,0.0657658502727601,0.1105470617353039,0.1840816196112296,0.1145472258178292,0.0695343937934003,0.0900407277643521,0.96875,32,2,"envelope,onset",data/processed/env_onset/sub-013_mtrf_env_onset.npz,-0.5,0.0,0.05,hamming,1,,l2,1,True,mean,"1.0,1.0",results_env_onset\sub-013\sub-013_backward_mtrf_env_onset.summary.json,results_env_onset\sub-013\sub-013_backward_mtrf_env_onset.trial_results.csv
sub-013,,,5,1,0.0722182869269238,0.1861601082449023,0.1194691651532143,0.066690943091688,0.2191708798393115,0.1414252490771519,0.0777456307621595,0.0722182869269238,0.96875,32,2,"envelope,onset",data/processed/env_onset/sub-013_mtrf_env_onset.npz,-0.5,0.0,0.05,hamming,1,,l2,1,True,mean,"1.0,1.0",results_env_onset\sub-013\sub-013_backward_mtrf_env_onset.summary.json,results_env_onset\sub-013\sub-013_backward_mtrf_env_onset.trial_results.csv
sub-013,,,6,1,0.1616664344996805,0.1814838122508913,0.0242142704197711,0.1572695418311201,0.1618249422095671,-0.0042383849586737,0.1660633271682409,0.1616664344996805,0.96875,32,2,"envelope,onset",data/processed/env_onset/sub-013_mtrf_env_onset.npz,-0.5,0.0,0.05,hamming,1,,l2,1,True,mean,"1.0,1.0",results_env_onset\sub-013\sub-013_backward_mtrf_env_onset.summary.json,results_env_onset\sub-013\sub-013_backward_mtrf_env_onset.trial_results.csv
sub-013,,,7,1,0.1084923590262161,0.2230665442679677,0.0954309646070787,0.127635579660889,0.2587150964634228,0.1693659580718796,0.0893491383915432,0.1084923590262161,0.96875,32,2,"envelope,onset",data/processed/env_onset/sub-013_mtrf_env_onset.npz,-0.5,0.0,0.05,hamming,1,,l2,1,True,mean,"1.0,1.0",results_env_onset\sub-013\sub-013_backward_mtrf_env_onset.summary.json,results_env_onset\sub-013\sub-013_backward_mtrf_env_onset.trial_results.csv
sub-013,,,8,1,0.0263003235097812,0.1701541287479831,0.1633358066091443,0.0068183221388387,0.2067606827334294,0.1609783578527057,0.0457823248807237,0.0263003235097812,0.96875,32,2,"envelope,onset",data/processed/env_onset/sub-013_mtrf_env_onset.npz,-0.5,0.0,0.05,hamming,1,,l2,1,True,mean,"1.0,1.0",results_env_onset\sub-013\sub-013_backward_mtrf_env_onset.summary.json,results_env_onset\sub-013\sub-013_backward_mtrf_env_onset.trial_results.csv
sub-013,,,9,1,0.1053542857498907,0.1820215532350156,0.0467911423711984,0.1352304108638172,0.1441477912383192,0.068669630602355,0.0754781606359642,0.1053542857498907,0.96875,32,2,"envelope,onset",data/processed/env_onset/sub-013_mtrf_env_onset.npz,-0.5,0.0,0.05,hamming,1,,l2,1,True,mean,"1.0,1.0",results_env_onset\sub-013\sub-013_backward_mtrf_env_onset.summary.json,results_env_onset\sub-013\sub-013_backward_mtrf_env_onset.trial_results.csv
sub-013,,,10,1,0.1312444772007391,0.3150810569564843,0.1747121666055533,0.1403688903509309,0.296457980499195,0.1743379164486476,0.1221200640505472,0.1312444772007391,0.96875,32,2,"envelope,onset",data/processed/env_onset/sub-013_mtrf_env_onset.npz,-0.5,0.0,0.05,hamming,1,,l2,1,True,mean,"1.0,1.0",results_env_onset\sub-013\sub-013_backward_mtrf_env_onset.summary.json,results_env_onset\sub-013\sub-013_backward_mtrf_env_onset.trial_results.csv
sub-013,,,11,1,0.0939389348545228,0.2858575976996111,0.1500038125823357,0.1358537851172754,0.2225576955564084,0.170533610964638,0.0520240845917703,0.0939389348545228,0.96875,32,2,"envelope,onset",data/processed/env_onset/sub-013_mtrf_env_onset.npz,-0.5,0.0,0.05,hamming,1,,l2,1,True,mean,"1.0,1.0",results_env_onset\sub-013\sub-013_backward_mtrf_env_onset.summary.json,results_env_onset\sub-013\sub-013_backward_mtrf_env_onset.trial_results.csv
sub-013,,,12,1,0.0545371218041267,0.1992047931220152,0.1452967246288,0.0539080684932151,0.2197370249268625,0.1645708498118242,0.0551661751150383,0.0545371218041267,0.96875,32,2,"envelope,onset",data/processed/env_onset/sub-013_mtrf_env_onset.npz,-0.5,0.0,0.05,hamming,1,,l2,1,True,mean,"1.0,1.0",results_env_onset\sub-013\sub-013_backward_mtrf_env_onset.summary.json,results_env_onset\sub-013\sub-013_backward_mtrf_env_onset.trial_results.csv
sub-013,,,13,1,0.1154113700863884,0.2115448479429251,0.0701480049114489,0.1413968430314762,0.209362636240794,0.1199367390994933,0.0894258971413006,0.1154113700863884,0.96875,32,2,"envelope,onset",data/processed/env_onset/sub-013_mtrf_env_onset.npz,-0.5,0.0,0.05,hamming,1,,l2,1,True,mean,"1.0,1.0",results_env_onset\sub-013\sub-013_backward_mtrf_env_onset.summary.json,results_env_onset\sub-013\sub-013_backward_mtrf_env_onset.trial_results.csv
sub-013,,,14,1,0.1039581647776935,0.1317244416030018,0.0252488538746961,0.1064755877283056,0.1655343491134063,0.0640936072863248,0.1014407418270814,0.1039581647776935,0.96875,32,2,"envelope,onset",data/processed/env_onset/sub-013_mtrf_env_onset.npz,-0.5,0.0,0.05,hamming,1,,l2,1,True,mean,"1.0,1.0",results_env_onset\sub-013\sub-013_backward_mtrf_env_onset.summary.json,results_env_onset\sub-013\sub-013_backward_mtrf_env_onset.trial_results.csv
sub-013,,,15,1,0.1146279405141816,0.2592585520244883,0.1177148092030938,0.1415437428213944,0.1935924808042884,0.1058803425973196,0.0877121382069687,0.1146279405141816,0.96875,32,2,"envelope,onset",data/processed/env_onset/sub-013_mtrf_env_onset.npz,-0.5,0.0,0.05,hamming,1,,l2,1,True,mean,"1.0,1.0",results_env_onset\sub-013\sub-013_backward_mtrf_env_onset.summary.json,results_env_onset\sub-013\sub-013_backward_mtrf_env_onset.trial_results.csv
sub-013,,,16,0,-0.0051403208860225,0.1471825217117181,0.1316672389838699,0.0155152827278482,0.1399339409687189,0.1657298654686122,-0.0257959244998932,-0.0051403208860225,0.96875,32,2,"envelope,onset",data/processed/env_onset/sub-013_mtrf_env_onset.npz,-0.5,0.0,0.05,hamming,1,,l2,1,True,mean,"1.0,1.0",results_env_onset\sub-013\sub-013_backward_mtrf_env_onset.summary.json,results_env_onset\sub-013\sub-013_backward_mtrf_env_onset.trial_results.csv
sub-013,,,17,1,0.1497607980160128,0.2765166811280111,0.0867529317113103,0.1897637494167008,0.2347866469254125,0.1250288003100876,0.1097578466153249,0.1497607980160128,0.96875,32,2,"envelope,onset",data/processed/env_onset/sub-013_mtrf_env_onset.npz,-0.5,0.0,0.05,hamming,1,,l2,1,True,mean,"1.0,1.0",results_env_onset\sub-013\sub-013_backward_mtrf_env_onset.summary.json,results_env_onset\sub-013\sub-013_backward_mtrf_env_onset.trial_results.csv
sub-013,,,18,1,0.1221941562480069,0.2025388816122998,0.0897398187592326,0.1127990628530672,0.203179722642047,0.0715904729991004,0.1315892496429466,0.1221941562480069,0.96875,32,2,"envelope,onset",data/processed/env_onset/sub-013_mtrf_env_onset.npz,-0.5,0.0,0.05,hamming,1,,l2,1,True,mean,"1.0,1.0",results_env_onset\sub-013\sub-013_backward_mtrf_env_onset.summary.json,results_env_onset\sub-013\sub-013_backward_mtrf_env_onset.trial_results.csv
sub-013,,,19,1,0.0770617055922197,0.2097871588624478,0.0875302669033997,0.1222568919590481,0.1804508673823226,0.1485843481569312,0.0318665192253914,0.0770617055922197,0.96875,32,2,"envelope,onset",data/processed/env_onset/sub-013_mtrf_env_onset.npz,-0.5,0.0,0.05,hamming,1,,l2,1,True,mean,"1.0,1.0",results_env_onset\sub-013\sub-013_backward_mtrf_env_onset.summary.json,results_env_onset\sub-013\sub-013_backward_mtrf_env_onset.trial_results.csv
sub-013,,,20,1,0.1422609495572751,0.2330375316390736,0.0834760782643072,0.1495614533747663,0.2106117700264601,0.0756513242866762,0.1349604457397839,0.1422609495572751,0.96875,32,2,"envelope,onset",data/processed/env_onset/sub-013_mtrf_env_onset.npz,-0.5,0.0,0.05,hamming,1,,l2,1,True,mean,"1.0,1.0",results_env_onset\sub-013\sub-013_backward_mtrf_env_onset.summary.json,results_env_onset\sub-013\sub-013_backward_mtrf_env_onset.trial_results.csv
sub-013,,,21,1,0.0258577813805046,0.2087752217344729,0.189861931485605,0.0189132902488678,0.2108055318510282,0.1780032593388868,0.0328022725121413,0.0258577813805046,0.96875,32,2,"envelope,onset",data/processed/env_onset/sub-013_mtrf_env_onset.npz,-0.5,0.0,0.05,hamming,1,,l2,1,True,mean,"1.0,1.0",results_env_onset\sub-013\sub-013_backward_mtrf_env_onset.summary.json,results_env_onset\sub-013\sub-013_backward_mtrf_env_onset.trial_results.csv
sub-013,,,22,1,0.0395508037492492,0.1648197129591402,0.1056689840601347,0.0591507288990055,0.1738434717491994,0.1538925931497065,0.0199508785994928,0.0395508037492492,0.96875,32,2,"envelope,onset",data/processed/env_onset/sub-013_mtrf_env_onset.npz,-0.5,0.0,0.05,hamming,1,,l2,1,True,mean,"1.0,1.0",results_env_onset\sub-013\sub-013_backward_mtrf_env_onset.summary.json,results_env_onset\sub-013\sub-013_backward_mtrf_env_onset.trial_results.csv
sub-013,,,23,1,0.1428837579453747,0.229192332405538,0.0681277684276345,0.1610645639779034,0.2178065052928364,0.0931035533799904,0.1247029519128459,0.1428837579453747,0.96875,32,2,"envelope,onset",data/processed/env_onset/sub-013_mtrf_env_onset.npz,-0.5,0.0,0.05,hamming,1,,l2,1,True,mean,"1.0,1.0",results_env_onset\sub-013\sub-013_backward_mtrf_env_onset.summary.json,results_env_onset\sub-013\sub-013_backward_mtrf_env_onset.trial_results.csv
sub-013,,,24,1,0.0358483200743955,0.173466843622053,0.0943416112393254,0.0791252323827276,0.1261408214521122,0.1335694136860487,-0.0074285922339365,0.0358483200743955,0.96875,32,2,"envelope,onset",data/processed/env_onset/sub-013_mtrf_env_onset.npz,-0.5,0.0,0.05,hamming,1,,l2,1,True,mean,"1.0,1.0",results_env_onset\sub-013\sub-013_backward_mtrf_env_onset.summary.json,results_env_onset\sub-013\sub-013_backward_mtrf_env_onset.trial_results.csv
sub-013,,,25,1,0.1981799537124746,0.2668839689989655,0.0709616355927545,0.1959223334062109,0.2432351644572112,0.0427975904384729,0.2004375740187382,0.1981799537124746,0.96875,32,2,"envelope,onset",data/processed/env_onset/sub-013_mtrf_env_onset.npz,-0.5,0.0,0.05,hamming,1,,l2,1,True,mean,"1.0,1.0",results_env_onset\sub-013\sub-013_backward_mtrf_env_onset.summary.json,results_env_onset\sub-013\sub-013_backward_mtrf_env_onset.trial_results.csv
sub-013,,,26,1,0.1403823406166934,0.2203095690891903,0.100122568113665,0.1201870009755252,0.2310168299599419,0.0704391497020802,0.1605776802578616,0.1403823406166934,0.96875,32,2,"envelope,onset",data/processed/env_onset/sub-013_mtrf_env_onset.npz,-0.5,0.0,0.05,hamming,1,,l2,1,True,mean,"1.0,1.0",results_env_onset\sub-013\sub-013_backward_mtrf_env_onset.summary.json,results_env_onset\sub-013\sub-013_backward_mtrf_env_onset.trial_results.csv
sub-013,,,27,1,0.1300800750756849,0.2871901139475573,0.1216122175874287,0.1655778963601286,0.2215597359790158,0.1269774821877745,0.0945822537912412,0.1300800750756849,0.96875,32,2,"envelope,onset",data/processed/env_onset/sub-013_mtrf_env_onset.npz,-0.5,0.0,0.05,hamming,1,,l2,1,True,mean,"1.0,1.0",results_env_onset\sub-013\sub-013_backward_mtrf_env_onset.summary.json,results_env_onset\sub-013\sub-013_backward_mtrf_env_onset.trial_results.csv
sub-013,,,28,1,0.1314820910554262,0.2543225270851389,0.0906420285164292,0.1636804985687097,0.2311546708458377,0.131870987303695,0.0992836835421427,0.1314820910554262,0.96875,32,2,"envelope,onset",data/processed/env_onset/sub-013_mtrf_env_onset.npz,-0.5,0.0,0.05,hamming,1,,l2,1,True,mean,"1.0,1.0",results_env_onset\sub-013\sub-013_backward_mtrf_env_onset.summary.json,results_env_onset\sub-013\sub-013_backward_mtrf_env_onset.trial_results.csv
sub-013,,,29,1,0.2234494354294988,0.2561121529833539,0.0101058366658923,0.2460063163174615,0.2317240491469794,0.0308314946054432,0.2008925545415361,0.2234494354294988,0.96875,32,2,"envelope,onset",data/processed/env_onset/sub-013_mtrf_env_onset.npz,-0.5,0.0,0.05,hamming,1,,l2,1,True,mean,"1.0,1.0",results_env_onset\sub-013\sub-013_backward_mtrf_env_onset.summary.json,results_env_onset\sub-013\sub-013_backward_mtrf_env_onset.trial_results.csv
sub-013,,,30,1,0.1523119339356922,0.2237302824866886,0.0293404956141874,0.1943897868725012,0.2063145662789975,0.0960804852801142,0.1102340809988833,0.1523119339356922,0.96875,32,2,"envelope,onset",data/processed/env_onset/sub-013_mtrf_env_onset.npz,-0.5,0.0,0.05,hamming,1,,l2,1,True,mean,"1.0,1.0",results_env_onset\sub-013\sub-013_backward_mtrf_env_onset.summary.json,results_env_onset\sub-013\sub-013_backward_mtrf_env_onset.trial_results.csv
sub-013,,,31,1,0.1432398470157806,0.2320756183677202,0.079111121839869,0.1529644965278511,0.2075341614085488,0.0740189639048386,0.1335151975037102,0.1432398470157806,0.96875,32,2,"envelope,onset",data/processed/env_onset/sub-013_mtrf_env_onset.npz,-0.5,0.0,0.05,hamming,1,,l2,1,True,mean,"1.0,1.0",results_env_onset\sub-013\sub-013_backward_mtrf_env_onset.summary.json,results_env_onset\sub-013\sub-013_backward_mtrf_env_onset.trial_results.csv
sub-014,,,0,1,0.0442252997664547,0.074714839285777,0.0060823904341196,0.0686324488516574,0.0486037392029245,0.0287855885216724,0.019818150681252,0.0442252997664547,1.0,32,2,"envelope,onset",data/processed/env_onset/sub-014_mtrf_env_onset.npz,-0.5,0.0,0.05,hamming,1,,l2,1,True,mean,"1.0,1.0",results_env_onset\sub-014\sub-014_backward_mtrf_env_onset.summary.json,results_env_onset\sub-014\sub-014_backward_mtrf_env_onset.trial_results.csv
sub-014,,,1,1,0.1219282776697281,0.1974398741861933,0.0554540934233957,0.1419857807627976,0.1674630653847981,0.0655922908081395,0.1018707745766586,0.1219282776697281,1.0,32,2,"envelope,onset",data/processed/env_onset/sub-014_mtrf_env_onset.npz,-0.5,0.0,0.05,hamming,1,,l2,1,True,mean,"1.0,1.0",results_env_onset\sub-014\sub-014_backward_mtrf_env_onset.summary.json,results_env_onset\sub-014\sub-014_backward_mtrf_env_onset.trial_results.csv
sub-014,,,2,1,0.0829275567263909,0.1282047639113774,0.0615136164437801,0.0666911474675972,0.1766851737727044,0.0775212077875196,0.0991639659851847,0.0829275567263909,1.0,32,2,"envelope,onset",data/processed/env_onset/sub-014_mtrf_env_onset.npz,-0.5,0.0,0.05,hamming,1,,l2,1,True,mean,"1.0,1.0",results_env_onset\sub-014\sub-014_backward_mtrf_env_onset.summary.json,results_env_onset\sub-014\sub-014_backward_mtrf_env_onset.trial_results.csv
sub-014,,,3,1,0.0862455609249838,0.1305962830354755,0.0414677841433796,0.0891284988920958,0.1402326352522453,0.0568700122943734,0.0833626229578718,0.0862455609249838,1.0,32,2,"envelope,onset",data/processed/env_onset/sub-014_mtrf_env_onset.npz,-0.5,0.0,0.05,hamming,1,,l2,1,True,mean,"1.0,1.0",results_env_onset\sub-014\sub-014_backward_mtrf_env_onset.summary.json,results_env_onset\sub-014\sub-014_backward_mtrf_env_onset.trial_results.csv
sub-014,,,4,1,0.1263936356082673,0.1070329351050334,-0.0241113746949778,0.1311443098000113,0.0935618874945588,-0.0280810739219644,0.1216429614165233,0.1263936356082673,1.0,32,2,"envelope,onset",data/processed/env_onset/sub-014_mtrf_env_onset.npz,-0.5,0.0,0.05,hamming,1,,l2,1,True,mean,"1.0,1.0",results_env_onset\sub-014\sub-014_backward_mtrf_env_onset.summary.json,results_env_onset\sub-014\sub-014_backward_mtrf_env_onset.trial_results.csv
sub-014,,,5,1,0.0206655881601043,0.1040752213133509,0.0409221866264736,0.0631530346868772,0.0546679080471965,0.0764897664138651,-0.0218218583666685,0.0206655881601043,1.0,32,2,"envelope,onset",data/processed/env_onset/sub-014_mtrf_env_onset.npz,-0.5,0.0,0.05,hamming,1,,l2,1,True,mean,"1.0,1.0",results_env_onset\sub-014\sub-014_backward_mtrf_env_onset.summary.json,results_env_onset\sub-014\sub-014_backward_mtrf_env_onset.trial_results.csv
sub-014,,,6,1,0.182571924380439,0.2040303297539207,0.0454824609094632,0.1585478688444574,0.1993770582420932,-0.0072189216743272,0.2065959799164205,0.182571924380439,1.0,32,2,"envelope,onset",data/processed/env_onset/sub-014_mtrf_env_onset.npz,-0.5,0.0,0.05,hamming,1,,l2,1,True,mean,"1.0,1.0",results_env_onset\sub-014\sub-014_backward_mtrf_env_onset.summary.json,results_env_onset\sub-014\sub-014_backward_mtrf_env_onset.trial_results.csv
sub-014,,,7,1,0.0575855949920767,0.122332770639922,0.0539649176017626,0.0683678530381594,0.0862681262424608,0.0394647892964667,0.0468033369459941,0.0575855949920767,1.0,32,2,"envelope,onset",data/processed/env_onset/sub-014_mtrf_env_onset.npz,-0.5,0.0,0.05,hamming,1,,l2,1,True,mean,"1.0,1.0",results_env_onset\sub-014\sub-014_backward_mtrf_env_onset.summary.json,results_env_onset\sub-014\sub-014_backward_mtrf_env_onset.trial_results.csv
sub-014,,,8,1,0.2539959353829175,0.2449115185219154,0.0005060166335866,0.2444055018883288,0.225817202621992,-0.0377691662555141,0.2635863688775061,0.2539959353829175,1.0,32,2,"envelope,onset",data/processed/env_onset/sub-014_mtrf_env_onset.npz,-0.5,0.0,0.05,hamming,1,,l2,1,True,mean,"1.0,1.0",results_env_onset\sub-014\sub-014_backward_mtrf_env_onset.summary.json,results_env_onset\sub-014\sub-014_backward_mtrf_env_onset.trial_results.csv
sub-014,,,9,1,0.1719264664082426,0.17652375439635,0.0162435464173914,0.1602802079789585,0.1822396661561139,-0.0013330586814127,0.1835727248375266,0.1719264664082426,1.0,32,2,"envelope,onset",data/processed/env_onset/sub-014_mtrf_env_onset.npz,-0.5,0.0,0.05,hamming,1,,l2,1,True,mean,"1.0,1.0",results_env_onset\sub-014\sub-014_backward_mtrf_env_onset.summary.json,results_env_onset\sub-014\sub-014_backward_mtrf_env_onset.trial_results.csv
sub-014,,,10,1,0.0931071835192864,0.1702599060186492,0.0962074710066067,0.0740524350120424,0.1683279899982354,0.0561660579717051,0.1121619320265303,0.0931071835192864,1.0,32,2,"envelope,onset",data/processed/env_onset/sub-014_mtrf_env_onset.npz,-0.5,0.0,0.05,hamming,1,,l2,1,True,mean,"1.0,1.0",results_env_onset\sub-014\sub-014_backward_mtrf_env_onset.summary.json,results_env_onset\sub-014\sub-014_backward_mtrf_env_onset.trial_results.csv
sub-014,,,11,1,0.0481125476792394,0.1200709237164482,0.076558351576413,0.0435125721400352,0.1042833848172247,0.051570861598781,0.0527125232184436,0.0481125476792394,1.0,32,2,"envelope,onset",data/processed/env_onset/sub-014_mtrf_env_onset.npz,-0.5,0.0,0.05,hamming,1,,l2,1,True,mean,"1.0,1.0",results_env_onset\sub-014\sub-014_backward_mtrf_env_onset.summary.json,results_env_onset\sub-014\sub-014_backward_mtrf_env_onset.trial_results.csv
sub-014,,,12,1,0.0156770772694759,0.0452436042107202,0.0451522386925092,9.13655182110326e-05,0.0534746698025443,0.0222118807818035,0.0312627890207407,0.0156770772694759,1.0,32,2,"envelope,onset",data/processed/env_onset/sub-014_mtrf_env_onset.npz,-0.5,0.0,0.05,hamming,1,,l2,1,True,mean,"1.0,1.0",results_env_onset\sub-014\sub-014_backward_mtrf_env_onset.summary.json,results_env_onset\sub-014\sub-014_backward_mtrf_env_onset.trial_results.csv
sub-014,,,13,1,0.1102567065183777,0.1686356211413289,0.0851175649299613,0.0835180562113675,0.16581835817962,0.0288230013542319,0.136995356825388,0.1102567065183777,1.0,32,2,"envelope,onset",data/processed/env_onset/sub-014_mtrf_env_onset.npz,-0.5,0.0,0.05,hamming,1,,l2,1,True,mean,"1.0,1.0",results_env_onset\sub-014\sub-014_backward_mtrf_env_onset.summary.json,results_env_onset\sub-014\sub-014_backward_mtrf_env_onset.trial_results.csv
sub-014,,,14,1,0.0490761019088775,0.1066273680724442,0.0706404004433152,0.0359869676291289,0.1376342689144664,0.0754690327258402,0.0621652361886262,0.0490761019088775,1.0,32,2,"envelope,onset",data/processed/env_onset/sub-014_mtrf_env_onset.npz,-0.5,0.0,0.05,hamming,1,,l2,1,True,mean,"1.0,1.0",results_env_onset\sub-014\sub-014_backward_mtrf_env_onset.summary.json,results_env_onset\sub-014\sub-014_backward_mtrf_env_onset.trial_results.csv
sub-014,,,15,1,0.1326842279594696,0.1691771423862731,0.0059219998308244,0.1632551425554486,0.1347587246658328,0.0326454113023422,0.1021133133634905,0.1326842279594696,1.0,32,2,"envelope,onset",data/processed/env_onset/sub-014_mtrf_env_onset.npz,-0.5,0.0,0.05,hamming,1,,l2,1,True,mean,"1.0,1.0",results_env_onset\sub-014\sub-014_backward_mtrf_env_onset.summary.json,results_env_onset\sub-014\sub-014_backward_mtrf_env_onset.trial_results.csv
sub-014,,,16,1,0.0786387325683194,0.1113742892061493,0.0352883027161752,0.0760859864899741,0.129310873998924,0.0481193953522592,0.0811914786466647,0.0786387325683194,1.0,32,2,"envelope,onset",data/processed/env_onset/sub-014_mtrf_env_onset.npz,-0.5,0.0,0.05,hamming,1,,l2,1,True,mean,"1.0,1.0",results_env_onset\sub-014\sub-014_backward_mtrf_env_onset.summary.json,results_env_onset\sub-014\sub-014_backward_mtrf_env_onset.trial_results.csv
sub-014,,,17,1,0.1199328985782366,0.2337116777609298,0.1040336091679917,0.1296780685929381,0.1638970659416978,0.0537093373781625,0.1101877285635352,0.1199328985782366,1.0,32,2,"envelope,onset",data/processed/env_onset/sub-014_mtrf_env_onset.npz,-0.5,0.0,0.05,hamming,1,,l2,1,True,mean,"1.0,1.0",results_env_onset\sub-014\sub-014_backward_mtrf_env_onset.summary.json,results_env_onset\sub-014\sub-014_backward_mtrf_env_onset.trial_results.csv
sub-014,,,18,1,0.0163038673006206,0.1514712888061584,0.1305525756133368,0.0209187131928216,0.1007933460590928,0.0891043246506731,0.0116890214084197,0.0163038673006206,1.0,32,2,"envelope,onset",data/processed/env_onset/sub-014_mtrf_env_onset.npz,-0.5,0.0,0.05,hamming,1,,l2,1,True,mean,"1.0,1.0",results_env_onset\sub-014\sub-014_backward_mtrf_env_onset.summary.json,results_env_onset\sub-014\sub-014_backward_mtrf_env_onset.trial_results.csv
sub-014,,,19,1,0.0666831481811452,0.1966053427907632,0.1416103190898232,0.05499502370094,0.1678412249278339,0.0894699522664834,0.0783712726613504,0.0666831481811452,1.0,32,2,"envelope,onset",data/processed/env_onset/sub-014_mtrf_env_onset.npz,-0.5,0.0,0.05,hamming,1,,l2,1,True,mean,"1.0,1.0",results_env_onset\sub-014\sub-014_backward_mtrf_env_onset.summary.json,results_env_onset\sub-014\sub-014_backward_mtrf_env_onset.trial_results.csv
sub-014,,,20,1,0.1697318033103648,0.1216651933811158,-0.0178892079060589,0.1395544012871747,0.1623121992567372,-0.0375970060768176,0.1999092053335548,0.1697318033103648,1.0,32,2,"envelope,onset",data/processed/env_onset/sub-014_mtrf_env_onset.npz,-0.5,0.0,0.05,hamming,1,,l2,1,True,mean,"1.0,1.0",results_env_onset\sub-014\sub-014_backward_mtrf_env_onset.summary.json,results_env_onset\sub-014\sub-014_backward_mtrf_env_onset.trial_results.csv
sub-014,,,21,1,0.158854825491183,0.2249572357330312,0.040105570885916,0.1848516648471151,0.1645354171971781,0.0316774310619271,0.132857986135251,0.158854825491183,1.0,32,2,"envelope,onset",data/processed/env_onset/sub-014_mtrf_env_onset.npz,-0.5,0.0,0.05,hamming,1,,l2,1,True,mean,"1.0,1.0",results_env_onset\sub-014\sub-014_backward_mtrf_env_onset.summary.json,results_env_onset\sub-014\sub-014_backward_mtrf_env_onset.trial_results.csv
sub-014,,,22,1,0.1470264036515575,0.1912096984473453,0.0349008822298497,0.1563088162174955,0.1815483002926047,0.0438043092069852,0.1377439910856195,0.1470264036515575,1.0,32,2,"envelope,onset",data/processed/env_onset/sub-014_mtrf_env_onset.npz,-0.5,0.0,0.05,hamming,1,,l2,1,True,mean,"1.0,1.0",results_env_onset\sub-014\sub-014_backward_mtrf_env_onset.summary.json,results_env_onset\sub-014\sub-014_backward_mtrf_env_onset.trial_results.csv
sub-014,,,23,1,0.2419829812926657,0.2231949832195977,-0.0198146812980084,0.2430096645176062,0.1860308946151607,-0.0549254034525644,0.2409562980677252,0.2419829812926657,1.0,32,2,"envelope,onset",data/processed/env_onset/sub-014_mtrf_env_onset.npz,-0.5,0.0,0.05,hamming,1,,l2,1,True,mean,"1.0,1.0",results_env_onset\sub-014\sub-014_backward_mtrf_env_onset.summary.json,results_env_onset\sub-014\sub-014_backward_mtrf_env_onset.trial_results.csv
sub-014,,,24,1,0.1338766592305387,0.2013827466080914,0.0610979022659812,0.1402848443421101,0.1622165081545533,0.034748034035586,0.1274684741189673,0.1338766592305387,1.0,32,2,"envelope,onset",data/processed/env_onset/sub-014_mtrf_env_onset.npz,-0.5,0.0,0.05,hamming,1,,l2,1,True,mean,"1.0,1.0",results_env_onset\sub-014\sub-014_backward_mtrf_env_onset.summary.json,results_env_onset\sub-014\sub-014_backward_mtrf_env_onset.trial_results.csv
sub-014,,,25,1,0.2149757493973557,0.2106892179071071,0.0006084679347453,0.2100807499723617,0.2052736071228624,-0.0145971416994871,0.2198707488223496,0.2149757493973557,1.0,32,2,"envelope,onset",data/processed/env_onset/sub-014_mtrf_env_onset.npz,-0.5,0.0,0.05,hamming,1,,l2,1,True,mean,"1.0,1.0",results_env_onset\sub-014\sub-014_backward_mtrf_env_onset.summary.json,results_env_onset\sub-014\sub-014_backward_mtrf_env_onset.trial_results.csv
sub-014,,,26,1,0.0238208372145885,0.0805098374716586,0.0779854377044211,0.0025243997672375,0.1092977282697748,0.0641804536078352,0.0451172746619395,0.0238208372145885,1.0,32,2,"envelope,onset",data/processed/env_onset/sub-014_mtrf_env_onset.npz,-0.5,0.0,0.05,hamming,1,,l2,1,True,mean,"1.0,1.0",results_env_onset\sub-014\sub-014_backward_mtrf_env_onset.summary.json,results_env_onset\sub-014\sub-014_backward_mtrf_env_onset.trial_results.csv
sub-014,,,27,1,0.129692543753941,0.1821068528141154,0.039211422672314,0.1428954301418013,0.1270373962471975,0.0105477388811169,0.1164896573660805,0.129692543753941,1.0,32,2,"envelope,onset",data/processed/env_onset/sub-014_mtrf_env_onset.npz,-0.5,0.0,0.05,hamming,1,,l2,1,True,mean,"1.0,1.0",results_env_onset\sub-014\sub-014_backward_mtrf_env_onset.summary.json,results_env_onset\sub-014\sub-014_backward_mtrf_env_onset.trial_results.csv
sub-014,,,28,1,0.1402443979399601,0.152894353805457,0.0177252245896835,0.1351691292157734,0.1308886103727618,-0.014431056291385,0.1453196666641468,0.1402443979399601,1.0,32,2,"envelope,onset",data/processed/env_onset/sub-014_mtrf_env_onset.npz,-0.5,0.0,0.05,hamming,1,,l2,1,True,mean,"1.0,1.0",results_env_onset\sub-014\sub-014_backward_mtrf_env_onset.summary.json,results_env_onset\sub-014\sub-014_backward_mtrf_env_onset.trial_results.csv
sub-014,,,29,1,0.1237541302462603,0.1613764891964353,0.0196915291588644,0.1416849600375708,0.1395760854259952,0.0337527849710453,0.1058233004549499,0.1237541302462603,1.0,32,2,"envelope,onset",data/processed/env_onset/sub-014_mtrf_env_onset.npz,-0.5,0.0,0.05,hamming,1,,l2,1,True,mean,"1.0,1.0",results_env_onset\sub-014\sub-014_backward_mtrf_env_onset.summary.json,results_env_onset\sub-014\sub-014_backward_mtrf_env_onset.trial_results.csv
sub-014,,,30,1,0.1057467194596155,0.1462417030259138,0.007041609988516,0.1392000930373978,0.0727813770090542,0.0004880311272211,0.0722933458818331,0.1057467194596155,1.0,32,2,"envelope,onset",data/processed/env_onset/sub-014_mtrf_env_onset.npz,-0.5,0.0,0.05,hamming,1,,l2,1,True,mean,"1.0,1.0",results_env_onset\sub-014\sub-014_backward_mtrf_env_onset.summary.json,results_env_onset\sub-014\sub-014_backward_mtrf_env_onset.trial_results.csv
sub-014,,,31,1,0.1201264187008305,0.0752954696049771,-0.0351837288161399,0.110479198421117,0.0672963813479314,-0.0624772576326125,0.129773638980544,0.1201264187008305,1.0,32,2,"envelope,onset",data/processed/env_onset/sub-014_mtrf_env_onset.npz,-0.5,0.0,0.05,hamming,1,,l2,1,True,mean,"1.0,1.0",results_env_onset\sub-014\sub-014_backward_mtrf_env_onset.summary.json,results_env_onset\sub-014\sub-014_backward_mtrf_env_onset.trial_results.csv
sub-015,,,0,1,0.109564648901905,0.067501638192269,-0.0446995545964601,0.1122011927887291,0.0890350533763774,-0.0178930516387036,0.106928105015081,0.109564648901905,0.96875,32,2,"envelope,onset",data/processed/env_onset/sub-015_mtrf_env_onset.npz,-0.5,0.0,0.05,hamming,1,,l2,1,True,mean,"1.0,1.0",results_env_onset\sub-015\sub-015_backward_mtrf_env_onset.summary.json,results_env_onset\sub-015\sub-015_backward_mtrf_env_onset.trial_results.csv
sub-015,,,1,1,0.193966746573115,0.0776917587897468,-0.0694909299521231,0.14718268874187,0.1547233324429365,-0.0860274719614234,0.2407508044043599,0.193966746573115,0.96875,32,2,"envelope,onset",data/processed/env_onset/sub-015_mtrf_env_onset.npz,-0.5,0.0,0.05,hamming,1,,l2,1,True,mean,"1.0,1.0",results_env_onset\sub-015\sub-015_backward_mtrf_env_onset.summary.json,results_env_onset\sub-015\sub-015_backward_mtrf_env_onset.trial_results.csv
sub-015,,,2,1,0.1437093902169927,0.0435231126922315,-0.0809720651944853,0.1244951778867169,0.0949455015798971,-0.0679781009673712,0.1629236025472684,0.1437093902169927,0.96875,32,2,"envelope,onset",data/processed/env_onset/sub-015_mtrf_env_onset.npz,-0.5,0.0,0.05,hamming,1,,l2,1,True,mean,"1.0,1.0",results_env_onset\sub-015\sub-015_backward_mtrf_env_onset.summary.json,results_env_onset\sub-015\sub-015_backward_mtrf_env_onset.trial_results.csv
sub-015,,,3,1,0.16520351117972,0.1066658404366009,-0.0812620348727446,0.1879278753093455,0.0745202238207772,-0.0679589232293172,0.1424791470500945,0.16520351117972,0.96875,32,2,"envelope,onset",data/processed/env_onset/sub-015_mtrf_env_onset.npz,-0.5,0.0,0.05,hamming,1,,l2,1,True,mean,"1.0,1.0",results_env_onset\sub-015\sub-015_backward_mtrf_env_onset.summary.json,results_env_onset\sub-015\sub-015_backward_mtrf_env_onset.trial_results.csv
sub-015,,,4,1,0.1476193196691828,0.1451037674641077,-0.0502793671525393,0.195383134616647,0.0805772198202731,-0.0192782849014453,0.0998555047217185,0.1476193196691828,0.96875,32,2,"envelope,onset",data/processed/env_onset/sub-015_mtrf_env_onset.npz,-0.5,0.0,0.05,hamming,1,,l2,1,True,mean,"1.0,1.0",results_env_onset\sub-015\sub-015_backward_mtrf_env_onset.summary.json,results_env_onset\sub-015\sub-015_backward_mtrf_env_onset.trial_results.csv
sub-015,,,5,1,0.1531126479908133,0.0982369559167426,-0.0567374302100317,0.1549743861267743,0.1088500578425861,-0.0424008520122662,0.1512509098548524,0.1531126479908133,0.96875,32,2,"envelope,onset",data/processed/env_onset/sub-015_mtrf_env_onset.npz,-0.5,0.0,0.05,hamming,1,,l2,1,True,mean,"1.0,1.0",results_env_onset\sub-015\sub-015_backward_mtrf_env_onset.summary.json,results_env_onset\sub-015\sub-015_backward_mtrf_env_onset.trial_results.csv
sub-015,,,6,1,0.1209171787188922,0.127598974583114,0.0152389602598605,0.1123600143232535,0.1745789732048514,0.0451046300903204,0.129474343114531,0.1209171787188922,0.96875,32,2,"envelope,onset",data/processed/env_onset/sub-015_mtrf_env_onset.npz,-0.5,0.0,0.05,hamming,1,,l2,1,True,mean,"1.0,1.0",results_env_onset\sub-015\sub-015_backward_mtrf_env_onset.summary.json,results_env_onset\sub-015\sub-015_backward_mtrf_env_onset.trial_results.csv
sub-015,,,7,1,0.0780982631105629,0.1452419901316409,0.0538500923394489,0.091391897792192,0.1546815228617032,0.0898768944327694,0.0648046284289338,0.0780982631105629,0.96875,32,2,"envelope,onset",data/processed/env_onset/sub-015_mtrf_env_onset.npz,-0.5,0.0,0.05,hamming,1,,l2,1,True,mean,"1.0,1.0",results_env_onset\sub-015\sub-015_backward_mtrf_env_onset.summary.json,results_env_onset\sub-015\sub-015_backward_mtrf_env_onset.trial_results.csv
sub-015,,,8,1,0.0633150373678446,0.081270446409298,0.0296357426983504,0.0516347037109475,0.1493898754684981,0.0743945044437564,0.0749953710247416,0.0633150373678446,0.96875,32,2,"envelope,onset",data/processed/env_onset/sub-015_mtrf_env_onset.npz,-0.5,0.0,0.05,hamming,1,,l2,1,True,mean,"1.0,1.0",results_env_onset\sub-015\sub-015_backward_mtrf_env_onset.summary.json,results_env_onset\sub-015\sub-015_backward_mtrf_env_onset.trial_results.csv
sub-015,,,9,0,-0.0128401749369489,0.0360933154711198,0.0234541978205451,0.0126391176505746,0.0018414566491969,0.0401609241736695,-0.0383194675244726,-0.0128401749369489,0.96875,32,2,"envelope,onset",data/processed/env_onset/sub-015_mtrf_env_onset.npz,-0.5,0.0,0.05,hamming,1,,l2,1,True,mean,"1.0,1.0",results_env_onset\sub-015\sub-015_backward_mtrf_env_onset.summary.json,results_env_onset\sub-015\sub-015_backward_mtrf_env_onset.trial_results.csv
sub-015,,,10,1,0.0045084389740787,0.0340139183356529,0.0265813047407458,0.0074326135949071,0.0286806125706212,0.0270963482173707,0.0015842643532504,0.0045084389740787,0.96875,32,2,"envelope,onset",data/processed/env_onset/sub-015_mtrf_env_onset.npz,-0.5,0.0,0.05,hamming,1,,l2,1,True,mean,"1.0,1.0",results_env_onset\sub-015\sub-015_backward_mtrf_env_onset.summary.json,results_env_onset\sub-015\sub-015_backward_mtrf_env_onset.trial_results.csv
sub-015,,,11,1,0.0749428995753573,0.0880230249429579,-0.0079403513305326,0.0959633762734905,0.0913900000751318,0.0374675771979077,0.0539224228772241,0.0749428995753573,0.96875,32,2,"envelope,onset",data/processed/env_onset/sub-015_mtrf_env_onset.npz,-0.5,0.0,0.05,hamming,1,,l2,1,True,mean,"1.0,1.0",results_env_onset\sub-015\sub-015_backward_mtrf_env_onset.summary.json,results_env_onset\sub-015\sub-015_backward_mtrf_env_onset.trial_results.csv
sub-015,,,12,1,0.0985498449881761,0.0725077254983798,-0.0131951111713028,0.0857028366696826,0.1250755953354514,0.0136787420287819,0.1113968533066695,0.0985498449881761,0.96875,32,2,"envelope,onset",data/processed/env_onset/sub-015_mtrf_env_onset.npz,-0.5,0.0,0.05,hamming,1,,l2,1,True,mean,"1.0,1.0",results_env_onset\sub-015\sub-015_backward_mtrf_env_onset.summary.json,results_env_onset\sub-015\sub-015_backward_mtrf_env_onset.trial_results.csv
sub-015,,,13,1,0.0252607719543174,0.0395727993762909,0.0379686614529501,0.0016041379233408,0.032822903120233,-0.016094502865061,0.0489174059852941,0.0252607719543174,0.96875,32,2,"envelope,onset",data/processed/env_onset/sub-015_mtrf_env_onset.npz,-0.5,0.0,0.05,hamming,1,,l2,1,True,mean,"1.0,1.0",results_env_onset\sub-015\sub-015_backward_mtrf_env_onset.summary.json,results_env_onset\sub-015\sub-015_backward_mtrf_env_onset.trial_results.csv
sub-015,,,14,1,0.1618415878149826,0.1354695378767901,-0.0173532066979439,0.1528227445747341,0.1448105899947823,-0.0260498410604487,0.1708604310552311,0.1618415878149826,0.96875,32,2,"envelope,onset",data/processed/env_onset/sub-015_mtrf_env_onset.npz,-0.5,0.0,0.05,hamming,1,,l2,1,True,mean,"1.0,1.0",results_env_onset\sub-015\sub-015_backward_mtrf_env_onset.summary.json,results_env_onset\sub-015\sub-015_backward_mtrf_env_onset.trial_results.csv
sub-015,,,15,1,0.0210120551163399,0.0630077873474544,0.0420135736211385,0.0209942137263158,0.057516185668655,0.036486289162291,0.021029896506364,0.0210120551163399,0.96875,32,2,"envelope,onset",data/processed/env_onset/sub-015_mtrf_env_onset.npz,-0.5,0.0,0.05,hamming,1,,l2,1,True,mean,"1.0,1.0",results_env_onset\sub-015\sub-015_backward_mtrf_env_onset.summary.json,results_env_onset\sub-015\sub-015_backward_mtrf_env_onset.trial_results.csv
sub-015,,,16,1,0.1796143131773492,0.1294624685543675,-0.0473228457708042,0.1767853143251717,0.1238808403486494,-0.0585624716808773,0.1824433120295268,0.1796143131773492,0.96875,32,2,"envelope,onset",data/processed/env_onset/sub-015_mtrf_env_onset.npz,-0.5,0.0,0.05,hamming,1,,l2,1,True,mean,"1.0,1.0",results_env_onset\sub-015\sub-015_backward_mtrf_env_onset.summary.json,results_env_onset\sub-015\sub-015_backward_mtrf_env_onset.trial_results.csv
sub-015,,,17,1,0.1255978991375522,0.1177229613528124,0.0041934981942938,0.1135294631585186,0.1155614439669099,-0.0221048911496758,0.1376663351165858,0.1255978991375522,0.96875,32,2,"envelope,onset",data/processed/env_onset/sub-015_mtrf_env_onset.npz,-0.5,0.0,0.05,hamming,1,,l2,1,True,mean,"1.0,1.0",results_env_onset\sub-015\sub-015_backward_mtrf_env_onset.summary.json,results_env_onset\sub-015\sub-015_backward_mtrf_env_onset.trial_results.csv
sub-015,,,18,1,0.0946705458549575,0.0673024340176379,-0.0176419585665007,0.0849443925841387,0.0749207877913265,-0.0294759113344498,0.1043966991257764,0.0946705458549575,0.96875,32,2,"envelope,onset",data/processed/env_onset/sub-015_mtrf_env_onset.npz,-0.5,0.0,0.05,hamming,1,,l2,1,True,mean,"1.0,1.0",results_env_onset\sub-015\sub-015_backward_mtrf_env_onset.summary.json,results_env_onset\sub-015\sub-015_backward_mtrf_env_onset.trial_results.csv
sub-015,,,19,1,0.2295414526735401,0.203116316514202,-0.0116902572435821,0.2148065737577841,0.2287387488059705,-0.0155375827833254,0.244276331589296,0.2295414526735401,0.96875,32,2,"envelope,onset",data/processed/env_onset/sub-015_mtrf_env_onset.npz,-0.5,0.0,0.05,hamming,1,,l2,1,True,mean,"1.0,1.0",results_env_onset\sub-015\sub-015_backward_mtrf_env_onset.summary.json,results_env_onset\sub-015\sub-015_backward_mtrf_env_onset.trial_results.csv
sub-015,,,20,1,0.1733500415637343,0.1253920124349824,-0.0594588965665479,0.1848509090015304,0.1277789659473732,-0.034070208178565,0.1618491741259383,0.1733500415637343,0.96875,32,2,"envelope,onset",data/processed/env_onset/sub-015_mtrf_env_onset.npz,-0.5,0.0,0.05,hamming,1,,l2,1,True,mean,"1.0,1.0",results_env_onset\sub-015\sub-015_backward_mtrf_env_onset.summary.json,results_env_onset\sub-015\sub-015_backward_mtrf_env_onset.trial_results.csv
sub-015,,,21,1,0.0411559832231666,0.0857859499458281,0.0125630907402402,0.0732228592055878,0.0291373512627407,0.0200482440219951,0.0090891072407455,0.0411559832231666,0.96875,32,2,"envelope,onset",data/processed/env_onset/sub-015_mtrf_env_onset.npz,-0.5,0.0,0.05,hamming,1,,l2,1,True,mean,"1.0,1.0",results_env_onset\sub-015\sub-015_backward_mtrf_env_onset.summary.json,results_env_onset\sub-015\sub-015_backward_mtrf_env_onset.trial_results.csv
sub-015,,,22,1,0.1414323286531199,0.085975221752184,-0.0777835219318939,0.1637587436840779,0.1113542721411049,-0.0077516414810569,0.1191059136221619,0.1414323286531199,0.96875,32,2,"envelope,onset",data/processed/env_onset/sub-015_mtrf_env_onset.npz,-0.5,0.0,0.05,hamming,1,,l2,1,True,mean,"1.0,1.0",results_env_onset\sub-015\sub-015_backward_mtrf_env_onset.summary.json,results_env_onset\sub-015\sub-015_backward_mtrf_env_onset.trial_results.csv
sub-015,,,23,1,0.1939072534578444,0.1498708096957937,-0.0482476663158353,0.198118476011629,0.1492383351590721,-0.0404576957449876,0.1896960309040598,0.1939072534578444,0.96875,32,2,"envelope,onset",data/processed/env_onset/sub-015_mtrf_env_onset.npz,-0.5,0.0,0.05,hamming,1,,l2,1,True,mean,"1.0,1.0",results_env_onset\sub-015\sub-015_backward_mtrf_env_onset.summary.json,results_env_onset\sub-015\sub-015_backward_mtrf_env_onset.trial_results.csv
sub-015,,,24,1,0.0583978418538953,0.0923792882299131,0.0200288964802149,0.0723503917496981,0.1066525938557746,0.0622073018976821,0.0444452919580924,0.0583978418538953,0.96875,32,2,"envelope,onset",data/processed/env_onset/sub-015_mtrf_env_onset.npz,-0.5,0.0,0.05,hamming,1,,l2,1,True,mean,"1.0,1.0",results_env_onset\sub-015\sub-015_backward_mtrf_env_onset.summary.json,results_env_onset\sub-015\sub-015_backward_mtrf_env_onset.trial_results.csv
sub-015,,,25,1,0.1736292496399816,0.148371378961835,-0.03530663243972,0.1836780114015551,0.1135038960100993,-0.0500765918683087,0.163580487878408,0.1736292496399816,0.96875,32,2,"envelope,onset",data/processed/env_onset/sub-015_mtrf_env_onset.npz,-0.5,0.0,0.05,hamming,1,,l2,1,True,mean,"1.0,1.0",results_env_onset\sub-015\sub-015_backward_mtrf_env_onset.summary.json,results_env_onset\sub-015\sub-015_backward_mtrf_env_onset.trial_results.csv
sub-015,,,26,1,0.1213177687135018,0.1178706538822301,-0.0168828279240449,0.134753481806275,0.0897299232381013,-0.0181521323826273,0.1078820556207287,0.1213177687135018,0.96875,32,2,"envelope,onset",data/processed/env_onset/sub-015_mtrf_env_onset.npz,-0.5,0.0,0.05,hamming,1,,l2,1,True,mean,"1.0,1.0",results_env_onset\sub-015\sub-015_backward_mtrf_env_onset.summary.json,results_env_onset\sub-015\sub-015_backward_mtrf_env_onset.trial_results.csv
sub-015,,,27,1,0.1078251209600155,0.1502793887364304,-0.0012151174374554,0.1514945061738859,0.115129818330754,0.0509740825846087,0.0641557357461452,0.1078251209600155,0.96875,32,2,"envelope,onset",data/processed/env_onset/sub-015_mtrf_env_onset.npz,-0.5,0.0,0.05,hamming,1,,l2,1,True,mean,"1.0,1.0",results_env_onset\sub-015\sub-015_backward_mtrf_env_onset.summary.json,results_env_onset\sub-015\sub-015_backward_mtrf_env_onset.trial_results.csv
sub-015,,,28,1,0.1687740794033295,0.1567964167271251,0.0028586232487185,0.1539377934784066,0.1410157087122364,-0.042594656616016,0.1836103653282524,0.1687740794033295,0.96875,32,2,"envelope,onset",data/processed/env_onset/sub-015_mtrf_env_onset.npz,-0.5,0.0,0.05,hamming,1,,l2,1,True,mean,"1.0,1.0",results_env_onset\sub-015\sub-015_backward_mtrf_env_onset.summary.json,results_env_onset\sub-015\sub-015_backward_mtrf_env_onset.trial_results.csv
sub-015,,,29,1,0.0765863924658058,0.0703381689564292,-0.0303031949105383,0.1006413638669676,0.072204520966092,0.0196730999014479,0.052531421064644,0.0765863924658058,0.96875,32,2,"envelope,onset",data/processed/env_onset/sub-015_mtrf_env_onset.npz,-0.5,0.0,0.05,hamming,1,,l2,1,True,mean,"1.0,1.0",results_env_onset\sub-015\sub-015_backward_mtrf_env_onset.summary.json,results_env_onset\sub-015\sub-015_backward_mtrf_env_onset.trial_results.csv
sub-015,,,30,1,0.1153191275991089,0.1059800660015321,-0.0524538668317892,0.1584339328333214,0.0607259186984036,-0.0114784036664927,0.0722043223648964,0.1153191275991089,0.96875,32,2,"envelope,onset",data/processed/env_onset/sub-015_mtrf_env_onset.npz,-0.5,0.0,0.05,hamming,1,,l2,1,True,mean,"1.0,1.0",results_env_onset\sub-015\sub-015_backward_mtrf_env_onset.summary.json,results_env_onset\sub-015\sub-015_backward_mtrf_env_onset.trial_results.csv
sub-015,,,31,1,0.0655532054203368,0.1125854412426153,0.0573776191138777,0.0552078221287376,0.1243655506629796,0.0484669619510434,0.0758985887119361,0.0655532054203368,0.96875,32,2,"envelope,onset",data/processed/env_onset/sub-015_mtrf_env_onset.npz,-0.5,0.0,0.05,hamming,1,,l2,1,True,mean,"1.0,1.0",results_env_onset\sub-015\sub-015_backward_mtrf_env_onset.summary.json,results_env_onset\sub-015\sub-015_backward_mtrf_env_onset.trial_results.csv
sub-016,,,0,0,-0.0224945486867718,0.0821691245384082,0.0473746130756229,0.0347945114627852,0.0167304286333977,0.0965140374697266,-0.0797836088363289,-0.0224945486867718,0.75,32,2,"envelope,onset",data/processed/env_onset/sub-016_mtrf_env_onset.npz,-0.5,0.0,0.05,hamming,1,,l2,1,True,mean,"1.0,1.0",results_env_onset\sub-016\sub-016_backward_mtrf_env_onset.summary.json,results_env_onset\sub-016\sub-016_backward_mtrf_env_onset.trial_results.csv
sub-016,,,1,1,0.0263118484995918,0.1015993797969953,0.0489116177822317,0.0526877620147635,0.0590475635309309,0.0591116285465108,-6.40650155798797e-05,0.0263118484995918,0.75,32,2,"envelope,onset",data/processed/env_onset/sub-016_mtrf_env_onset.npz,-0.5,0.0,0.05,hamming,1,,l2,1,True,mean,"1.0,1.0",results_env_onset\sub-016\sub-016_backward_mtrf_env_onset.summary.json,results_env_onset\sub-016\sub-016_backward_mtrf_env_onset.trial_results.csv
sub-016,,,2,1,0.092016451289968,0.0945719266414983,-0.0418368652292846,0.1364087918707829,0.0416268799010237,-0.0059972308081293,0.0476241107091531,0.092016451289968,0.75,32,2,"envelope,onset",data/processed/env_onset/sub-016_mtrf_env_onset.npz,-0.5,0.0,0.05,hamming,1,,l2,1,True,mean,"1.0,1.0",results_env_onset\sub-016\sub-016_backward_mtrf_env_onset.summary.json,results_env_onset\sub-016\sub-016_backward_mtrf_env_onset.trial_results.csv
sub-016,,,3,1,0.0649007725078233,0.0514603484216217,-0.0293980856765948,0.0808584340982165,0.0162888516737404,-0.0326542592436896,0.0489431109174301,0.0649007725078233,0.75,32,2,"envelope,onset",data/processed/env_onset/sub-016_mtrf_env_onset.npz,-0.5,0.0,0.05,hamming,1,,l2,1,True,mean,"1.0,1.0",results_env_onset\sub-016\sub-016_backward_mtrf_env_onset.summary.json,results_env_onset\sub-016\sub-016_backward_mtrf_env_onset.trial_results.csv
sub-016,,,4,1,0.0743797869435551,0.0779179923463028,-0.0429978302736502,0.120915822619953,0.009952751648214,-0.0178909996189431,0.0278437512671572,0.0743797869435551,0.75,32,2,"envelope,onset",data/processed/env_onset/sub-016_mtrf_env_onset.npz,-0.5,0.0,0.05,hamming,1,,l2,1,True,mean,"1.0,1.0",results_env_onset\sub-016\sub-016_backward_mtrf_env_onset.summary.json,results_env_onset\sub-016\sub-016_backward_mtrf_env_onset.trial_results.csv
sub-016,,,5,1,0.0428813961483944,0.0548658112828604,0.0044789066762366,0.0503869046066238,0.0383918802918643,0.0030159926016993,0.035375887690165,0.0428813961483944,0.75,32,2,"envelope,onset",data/processed/env_onset/sub-016_mtrf_env_onset.npz,-0.5,0.0,0.05,hamming,1,,l2,1,True,mean,"1.0,1.0",results_env_onset\sub-016\sub-016_backward_mtrf_env_onset.summary.json,results_env_onset\sub-016\sub-016_backward_mtrf_env_onset.trial_results.csv
sub-016,,,6,0,-0.0832396551187718,0.0188229159879798,0.0615501398352518,-0.042727223847272,0.0383906783981904,0.162142764788462,-0.1237520863902716,-0.0832396551187718,0.75,32,2,"envelope,onset",data/processed/env_onset/sub-016_mtrf_env_onset.npz,-0.5,0.0,0.05,hamming,1,,l2,1,True,mean,"1.0,1.0",results_env_onset\sub-016\sub-016_backward_mtrf_env_onset.summary.json,results_env_onset\sub-016\sub-016_backward_mtrf_env_onset.trial_results.csv
sub-016,,,7,1,0.1500215584786532,0.1169496343520963,-0.0137681699633922,0.1307178043154886,0.1272384853735587,-0.042086827268259,0.1693253126418177,0.1500215584786532,0.75,32,2,"envelope,onset",data/processed/env_onset/sub-016_mtrf_env_onset.npz,-0.5,0.0,0.05,hamming,1,,l2,1,True,mean,"1.0,1.0",results_env_onset\sub-016\sub-016_backward_mtrf_env_onset.summary.json,results_env_onset\sub-016\sub-016_backward_mtrf_env_onset.trial_results.csv
sub-016,,,8,1,0.0229595845286353,0.0470537089218916,0.0687716963491347,-0.021717987427243,0.076790862864446,0.0091537063799322,0.0676371564845138,0.0229595845286353,0.75,32,2,"envelope,onset",data/processed/env_onset/sub-016_mtrf_env_onset.npz,-0.5,0.0,0.05,hamming,1,,l2,1,True,mean,"1.0,1.0",results_env_onset\sub-016\sub-016_backward_mtrf_env_onset.summary.json,results_env_onset\sub-016\sub-016_backward_mtrf_env_onset.trial_results.csv
sub-016,,,9,0,-0.0343685484249708,0.0706780387957164,0.0620506966578788,0.0086273421378375,-0.014788361719895,0.0625760772678842,-0.0773644389877793,-0.0343685484249708,0.75,32,2,"envelope,onset",data/processed/env_onset/sub-016_mtrf_env_onset.npz,-0.5,0.0,0.05,hamming,1,,l2,1,True,mean,"1.0,1.0",results_env_onset\sub-016\sub-016_backward_mtrf_env_onset.summary.json,results_env_onset\sub-016\sub-016_backward_mtrf_env_onset.trial_results.csv
sub-016,,,10,1,0.0138817265215082,0.0564058658169232,0.0525958350688193,0.0038100307481039,0.1171652272822979,0.0932118049873854,0.0239534222949125,0.0138817265215082,0.75,32,2,"envelope,onset",data/processed/env_onset/sub-016_mtrf_env_onset.npz,-0.5,0.0,0.05,hamming,1,,l2,1,True,mean,"1.0,1.0",results_env_onset\sub-016\sub-016_backward_mtrf_env_onset.summary.json,results_env_onset\sub-016\sub-016_backward_mtrf_env_onset.trial_results.csv
sub-016,,,11,1,0.0670740387194309,0.0801333110615901,-0.0159977397614407,0.0961310508230309,0.0519877819537526,0.0139707553379217,0.0380170266158309,0.0670740387194309,0.75,32,2,"envelope,onset",data/processed/env_onset/sub-016_mtrf_env_onset.npz,-0.5,0.0,0.05,hamming,1,,l2,1,True,mean,"1.0,1.0",results_env_onset\sub-016\sub-016_backward_mtrf_env_onset.summary.json,results_env_onset\sub-016\sub-016_backward_mtrf_env_onset.trial_results.csv
sub-016,,,12,0,-0.0127899631340766,0.0768269296465307,0.0293459267516556,0.047481002894875,0.0433700765691767,0.1164310057322051,-0.0730609291630284,-0.0127899631340766,0.75,32,2,"envelope,onset",data/processed/env_onset/sub-016_mtrf_env_onset.npz,-0.5,0.0,0.05,hamming,1,,l2,1,True,mean,"1.0,1.0",results_env_onset\sub-016\sub-016_backward_mtrf_env_onset.summary.json,results_env_onset\sub-016\sub-016_backward_mtrf_env_onset.trial_results.csv
sub-016,,,13,1,0.0306710690508093,0.0397682638628871,0.0019108584324087,0.0378574054304783,0.0671964829004638,0.0437117502293235,0.0234847326711403,0.0306710690508093,0.75,32,2,"envelope,onset",data/processed/env_onset/sub-016_mtrf_env_onset.npz,-0.5,0.0,0.05,hamming,1,,l2,1,True,mean,"1.0,1.0",results_env_onset\sub-016\sub-016_backward_mtrf_env_onset.summary.json,results_env_onset\sub-016\sub-016_backward_mtrf_env_onset.trial_results.csv
sub-016,,,14,1,0.0596750031030044,0.0863384691098382,0.0262829339609887,0.0600555351488494,0.094863505641789,0.0355690345846297,0.0592944710571593,0.0596750031030044,0.75,32,2,"envelope,onset",data/processed/env_onset/sub-016_mtrf_env_onset.npz,-0.5,0.0,0.05,hamming,1,,l2,1,True,mean,"1.0,1.0",results_env_onset\sub-016\sub-016_backward_mtrf_env_onset.summary.json,results_env_onset\sub-016\sub-016_backward_mtrf_env_onset.trial_results.csv
sub-016,,,15,1,0.1627736734212707,0.148281452050187,-0.0227768384910463,0.1710582905412334,0.1434850795480193,-0.0110039767532885,0.1544890563013079,0.1627736734212707,0.75,32,2,"envelope,onset",data/processed/env_onset/sub-016_mtrf_env_onset.npz,-0.5,0.0,0.05,hamming,1,,l2,1,True,mean,"1.0,1.0",results_env_onset\sub-016\sub-016_backward_mtrf_env_onset.summary.json,results_env_onset\sub-016\sub-016_backward_mtrf_env_onset.trial_results.csv
sub-016,,,16,0,-0.0586560677382801,0.030150753622379,0.052938772848462,-0.0227880192260829,-0.0313887457511623,0.0631353704993149,-0.0945241162504773,-0.0586560677382801,0.75,32,2,"envelope,onset",data/processed/env_onset/sub-016_mtrf_env_onset.npz,-0.5,0.0,0.05,hamming,1,,l2,1,True,mean,"1.0,1.0",results_env_onset\sub-016\sub-016_backward_mtrf_env_onset.summary.json,results_env_onset\sub-016\sub-016_backward_mtrf_env_onset.trial_results.csv
sub-016,,,17,0,-0.0524719704990832,0.0131613380919669,0.0752681634634548,-0.0621068253714879,0.0263732550909126,0.069210370717591,-0.0428371156266784,-0.0524719704990832,0.75,32,2,"envelope,onset",data/processed/env_onset/sub-016_mtrf_env_onset.npz,-0.5,0.0,0.05,hamming,1,,l2,1,True,mean,"1.0,1.0",results_env_onset\sub-016\sub-016_backward_mtrf_env_onset.summary.json,results_env_onset\sub-016\sub-016_backward_mtrf_env_onset.trial_results.csv
sub-016,,,18,0,-1.6286888890035267e-05,0.1002494587422384,0.0868314744922531,0.0134179842499852,0.086780183394853,0.1002307414226183,-0.0134505580277653,-1.6286888890035267e-05,0.75,32,2,"envelope,onset",data/processed/env_onset/sub-016_mtrf_env_onset.npz,-0.5,0.0,0.05,hamming,1,,l2,1,True,mean,"1.0,1.0",results_env_onset\sub-016\sub-016_backward_mtrf_env_onset.summary.json,results_env_onset\sub-016\sub-016_backward_mtrf_env_onset.trial_results.csv
sub-016,,,19,1,0.0570314041479163,0.0753468065707556,-0.0199873646447481,0.0953341712155038,0.0237158990610666,0.0049872619807377,0.0187286370803289,0.0570314041479163,0.75,32,2,"envelope,onset",data/processed/env_onset/sub-016_mtrf_env_onset.npz,-0.5,0.0,0.05,hamming,1,,l2,1,True,mean,"1.0,1.0",results_env_onset\sub-016\sub-016_backward_mtrf_env_onset.summary.json,results_env_onset\sub-016\sub-016_backward_mtrf_env_onset.trial_results.csv
sub-016,,,20,1,0.0958673453022877,0.1350008470098031,0.0207616815928862,0.1142391654169169,0.1582996074615519,0.0808040822738934,0.0774955251876585,0.0958673453022877,0.75,32,2,"envelope,onset",data/processed/env_onset/sub-016_mtrf_env_onset.npz,-0.5,0.0,0.05,hamming,1,,l2,1,True,mean,"1.0,1.0",results_env_onset\sub-016\sub-016_backward_mtrf_env_onset.summary.json,results_env_onset\sub-016\sub-016_backward_mtrf_env_onset.trial_results.csv
sub-016,,,21,1,0.0986355924835855,0.0614661526256466,-0.0308838088840957,0.0923499615097424,0.0777707876771254,-0.0271504357803031,0.1049212234574286,0.0986355924835855,0.75,32,2,"envelope,onset",data/processed/env_onset/sub-016_mtrf_env_onset.npz,-0.5,0.0,0.05,hamming,1,,l2,1,True,mean,"1.0,1.0",results_env_onset\sub-016\sub-016_backward_mtrf_env_onset.summary.json,results_env_onset\sub-016\sub-016_backward_mtrf_env_onset.trial_results.csv
sub-016,,,22,1,0.0923872354575525,0.105332315796564,0.0297804161872482,0.0755518996093157,0.1303761367245795,0.0211535654187901,0.1092225713057894,0.0923872354575525,0.75,32,2,"envelope,onset",data/processed/env_onset/sub-016_mtrf_env_onset.npz,-0.5,0.0,0.05,hamming,1,,l2,1,True,mean,"1.0,1.0",results_env_onset\sub-016\sub-016_backward_mtrf_env_onset.summary.json,results_env_onset\sub-016\sub-016_backward_mtrf_env_onset.trial_results.csv
sub-016,,,23,1,0.1059991570028167,0.1200210821317342,0.0062714755700502,0.113749606561684,0.061329143624117,-0.0369195638198324,0.0982487074439495,0.1059991570028167,0.75,32,2,"envelope,onset",data/processed/env_onset/sub-016_mtrf_env_onset.npz,-0.5,0.0,0.05,hamming,1,,l2,1,True,mean,"1.0,1.0",results_env_onset\sub-016\sub-016_backward_mtrf_env_onset.summary.json,results_env_onset\sub-016\sub-016_backward_mtrf_env_onset.trial_results.csv
sub-016,,,24,1,0.0571622608889192,0.061668872292381,-0.017516066350372,0.0791849386427531,0.090168987837085,0.0550294047019997,0.0351395831350853,0.0571622608889192,0.75,32,2,"envelope,onset",data/processed/env_onset/sub-016_mtrf_env_onset.npz,-0.5,0.0,0.05,hamming,1,,l2,1,True,mean,"1.0,1.0",results_env_onset\sub-016\sub-016_backward_mtrf_env_onset.summary.json,results_env_onset\sub-016\sub-016_backward_mtrf_env_onset.trial_results.csv
sub-016,,,25,1,0.083619402140934,0.177726918957895,0.0866574015175252,0.0910695174403698,0.1268996526530686,0.0507303658115703,0.0761692868414983,0.083619402140934,0.75,32,2,"envelope,onset",data/processed/env_onset/sub-016_mtrf_env_onset.npz,-0.5,0.0,0.05,hamming,1,,l2,1,True,mean,"1.0,1.0",results_env_onset\sub-016\sub-016_backward_mtrf_env_onset.summary.json,results_env_onset\sub-016\sub-016_backward_mtrf_env_onset.trial_results.csv
sub-016,,,26,0,-0.0058582731431853,0.065731493037088,0.0178638249171334,0.0478676681199545,0.0174742547425334,0.0770584691488588,-0.0595842144063253,-0.0058582731431853,0.75,32,2,"envelope,onset",data/processed/env_onset/sub-016_mtrf_env_onset.npz,-0.5,0.0,0.05,hamming,1,,l2,1,True,mean,"1.0,1.0",results_env_onset\sub-016\sub-016_backward_mtrf_env_onset.summary.json,results_env_onset\sub-016\sub-016_backward_mtrf_env_onset.trial_results.csv
sub-016,,,27,1,0.0074001572567659,0.0937074525665711,0.0524875406617836,0.0412199119047875,0.0149018417742179,0.0413214391654735,-0.0264195973912556,0.0074001572567659,0.75,32,2,"envelope,onset",data/processed/env_onset/sub-016_mtrf_env_onset.npz,-0.5,0.0,0.05,hamming,1,,l2,1,True,mean,"1.0,1.0",results_env_onset\sub-016\sub-016_backward_mtrf_env_onset.summary.json,results_env_onset\sub-016\sub-016_backward_mtrf_env_onset.trial_results.csv
sub-016,,,28,1,0.1077208918621782,0.1085256094284497,0.0074296901653588,0.1010959192630909,0.1360959934765729,0.0217501290153074,0.1143458644612655,0.1077208918621782,0.75,32,2,"envelope,onset",data/processed/env_onset/sub-016_mtrf_env_onset.npz,-0.5,0.0,0.05,hamming,1,,l2,1,True,mean,"1.0,1.0",results_env_onset\sub-016\sub-016_backward_mtrf_env_onset.summary.json,results_env_onset\sub-016\sub-016_backward_mtrf_env_onset.trial_results.csv
sub-016,,,29,1,0.0467953691077693,0.0749628065589291,0.0597129369783618,0.0152498695805673,0.133380050375952,0.0550391817409806,0.0783408686349714,0.0467953691077693,0.75,32,2,"envelope,onset",data/processed/env_onset/sub-016_mtrf_env_onset.npz,-0.5,0.0,0.05,hamming,1,,l2,1,True,mean,"1.0,1.0",results_env_onset\sub-016\sub-016_backward_mtrf_env_onset.summary.json,results_env_onset\sub-016\sub-016_backward_mtrf_env_onset.trial_results.csv
sub-016,,,30,1,0.0007039007787745,0.0654873005953035,0.0925013683090837,-0.0270140677137802,0.0607240248707735,0.032302155599444,0.0284218692713294,0.0007039007787745,0.75,32,2,"envelope,onset",data/processed/env_onset/sub-016_mtrf_env_onset.npz,-0.5,0.0,0.05,hamming,1,,l2,1,True,mean,"1.0,1.0",results_env_onset\sub-016\sub-016_backward_mtrf_env_onset.summary.json,results_env_onset\sub-016\sub-016_backward_mtrf_env_onset.trial_results.csv
sub-016,,,31,1,0.0714648845730369,0.0237805954711071,-0.032376638080514,0.0561572335516212,0.0655669730323007,-0.0212055625621518,0.0867725355944526,0.0714648845730369,0.75,32,2,"envelope,onset",data/processed/env_onset/sub-016_mtrf_env_onset.npz,-0.5,0.0,0.05,hamming,1,,l2,1,True,mean,"1.0,1.0",results_env_onset\sub-016\sub-016_backward_mtrf_env_onset.summary.json,results_env_onset\sub-016\sub-016_backward_mtrf_env_onset.trial_results.csv
sub-017,,,0,0,-0.0233555045598587,0.0926489676329407,0.0740445102825292,0.0186044573504115,0.0346135056806409,0.09992897215077,-0.065315466470129,-0.0233555045598587,0.90625,32,2,"envelope,onset",data/processed/env_onset/sub-017_mtrf_env_onset.npz,-0.5,0.0,0.05,hamming,1,,l2,1,True,mean,"1.0,1.0",results_env_onset\sub-017\sub-017_backward_mtrf_env_onset.summary.json,results_env_onset\sub-017\sub-017_backward_mtrf_env_onset.trial_results.csv
sub-017,,,1,1,0.1040116128152814,0.1954735949808511,0.0611843095627896,0.1342892854180614,0.1483101788394377,0.0745762386269362,0.0737339402125014,0.1040116128152814,0.90625,32,2,"envelope,onset",data/processed/env_onset/sub-017_mtrf_env_onset.npz,-0.5,0.0,0.05,hamming,1,,l2,1,True,mean,"1.0,1.0",results_env_onset\sub-017\sub-017_backward_mtrf_env_onset.summary.json,results_env_onset\sub-017\sub-017_backward_mtrf_env_onset.trial_results.csv
sub-017,,,2,1,0.1524009807018734,0.1885786602274314,0.0174062072288015,0.1711724529986298,0.1937222870552428,0.0600927786501257,0.133629508405117,0.1524009807018734,0.90625,32,2,"envelope,onset",data/processed/env_onset/sub-017_mtrf_env_onset.npz,-0.5,0.0,0.05,hamming,1,,l2,1,True,mean,"1.0,1.0",results_env_onset\sub-017\sub-017_backward_mtrf_env_onset.summary.json,results_env_onset\sub-017\sub-017_backward_mtrf_env_onset.trial_results.csv
sub-017,,,3,1,0.1348709772339613,0.1328848011261066,-0.0151120081735444,0.1479968092996511,0.0974529303758912,-0.0242922147923803,0.1217451451682716,0.1348709772339613,0.90625,32,2,"envelope,onset",data/processed/env_onset/sub-017_mtrf_env_onset.npz,-0.5,0.0,0.05,hamming,1,,l2,1,True,mean,"1.0,1.0",results_env_onset\sub-017\sub-017_backward_mtrf_env_onset.summary.json,results_env_onset\sub-017\sub-017_backward_mtrf_env_onset.trial_results.csv
sub-017,,,4,1,0.0462984223801211,0.0471094043220053,-0.0019731630498708,0.0490825673718761,0.0629611004860526,0.0194468230976865,0.0435142773883661,0.0462984223801211,0.90625,32,2,"envelope,onset",data/processed/env_onset/sub-017_mtrf_env_onset.npz,-0.5,0.0,0.05,hamming,1,,l2,1,True,mean,"1.0,1.0",results_env_onset\sub-017\sub-017_backward_mtrf_env_onset.summary.json,results_env_onset\sub-017\sub-017_backward_mtrf_env_onset.trial_results.csv
sub-017,,,5,0,-0.0002904217218437,0.0540817838637304,0.047327881659089,0.0067539022046413,0.1088787402841083,0.1162134859324372,-0.0073347456483288,-0.0002904217218437,0.90625,32,2,"envelope,onset",data/processed/env_onset/sub-017_mtrf_env_onset.npz,-0.5,0.0,0.05,hamming,1,,l2,1,True,mean,"1.0,1.0",results_env_onset\sub-017\sub-017_backward_mtrf_env_onset.summary.json,results_env_onset\sub-017\sub-017_backward_mtrf_env_onset.trial_results.csv
sub-017,,,6,1,0.07180588454576,0.1236429760730461,0.0263402509158805,0.0973027251571656,0.1080506372455822,0.0617415933112277,0.0463090439343545,0.07180588454576,0.90625,32,2,"envelope,onset",data/processed/env_onset/sub-017_mtrf_env_onset.npz,-0.5,0.0,0.05,hamming,1,,l2,1,True,mean,"1.0,1.0",results_env_onset\sub-017\sub-017_backward_mtrf_env_onset.summary.json,results_env_onset\sub-017\sub-017_backward_mtrf_env_onset.trial_results.csv
sub-017,,,7,1,0.0753268132135568,0.1029372121501977,0.0125105978284441,0.0904266143217536,0.1327685215169191,0.072541509411559,0.06022701210536,0.0753268132135568,0.90625,32,2,"envelope,onset",data/processed/env_onset/sub-017_mtrf_env_onset.npz,-0.5,0.0,0.05,hamming,1,,l2,1,True,mean,"1.0,1.0",results_env_onset\sub-017\sub-017_backward_mtrf_env_onset.summary.json,results_env_onset\sub-017\sub-017_backward_mtrf_env_onset.trial_results.csv
sub-017,,,8,1,0.0119469318909762,0.1128714283991549,0.1119979309329701,0.0008734974661848,0.1003395622320397,0.077319195916272,0.0230203663157676,0.0119469318909762,0.90625,32,2,"envelope,onset",data/processed/env_onset/sub-017_mtrf_env_onset.npz,-0.5,0.0,0.05,hamming,1,,l2,1,True,mean,"1.0,1.0",results_env_onset\sub-017\sub-017_backward_mtrf_env_onset.summary.json,results_env_onset\sub-017\sub-017_backward_mtrf_env_onset.trial_results.csv
sub-017,,,9,1,0.0864630896424921,0.1347917843166888,0.0302421282972766,0.1045496560194121,0.1282335874752322,0.0598570642096602,0.068376523265572,0.0864630896424921,0.90625,32,2,"envelope,onset",data/processed/env_onset/sub-017_mtrf_env_onset.npz,-0.5,0.0,0.05,hamming,1,,l2,1,True,mean,"1.0,1.0",results_env_onset\sub-017\sub-017_backward_mtrf_env_onset.summary.json,results_env_onset\sub-017\sub-017_backward_mtrf_env_onset.trial_results.csv
sub-017,,,10,0,-0.0082448079329108,0.077821421571094,0.042441395445231,0.035380026125863,0.042248563606296,0.0941182055979807,-0.0518696419916847,-0.0082448079329108,0.90625,32,2,"envelope,onset",data/processed/env_onset/sub-017_mtrf_env_onset.npz,-0.5,0.0,0.05,hamming,1,,l2,1,True,mean,"1.0,1.0",results_env_onset\sub-017\sub-017_backward_mtrf_env_onset.summary.json,results_env_onset\sub-017\sub-017_backward_mtrf_env_onset.trial_results.csv
sub-017,,,11,1,0.1190358674046658,0.1447263484232935,0.0341094421368324,0.110616906286461,0.1532311898477072,0.0257763613248366,0.1274548285228706,0.1190358674046658,0.90625,32,2,"envelope,onset",data/processed/env_onset/sub-017_mtrf_env_onset.npz,-0.5,0.0,0.05,hamming,1,,l2,1,True,mean,"1.0,1.0",results_env_onset\sub-017\sub-017_backward_mtrf_env_onset.summary.json,results_env_onset\sub-017\sub-017_backward_mtrf_env_onset.trial_results.csv
sub-017,,,12,1,0.0011598306206447,0.096553352028509,0.0541356998256483,0.0424176522028607,0.0267067930547922,0.0668047840163635,-0.0400979909615712,0.0011598306206447,0.90625,32,2,"envelope,onset",data/processed/env_onset/sub-017_mtrf_env_onset.npz,-0.5,0.0,0.05,hamming,1,,l2,1,True,mean,"1.0,1.0",results_env_onset\sub-017\sub-017_backward_mtrf_env_onset.summary.json,results_env_onset\sub-017\sub-017_backward_mtrf_env_onset.trial_results.csv
sub-017,,,13,1,0.0310056235585279,0.0528426556230734,0.0343626688793894,0.0184799867436839,0.0748122228664305,0.0312809624930585,0.0435312603733719,0.0310056235585279,0.90625,32,2,"envelope,onset",data/processed/env_onset/sub-017_mtrf_env_onset.npz,-0.5,0.0,0.05,hamming,1,,l2,1,True,mean,"1.0,1.0",results_env_onset\sub-017\sub-017_backward_mtrf_env_onset.summary.json,results_env_onset\sub-017\sub-017_backward_mtrf_env_onset.trial_results.csv
sub-017,,,14,1,0.0556313316823828,0.0837065174168498,0.0364014028102429,0.0473051146066069,0.1154563576227617,0.0514988088646029,0.0639575487581587,0.0556313316823828,0.90625,32,2,"envelope,onset",data/processed/env_onset/sub-017_mtrf_env_onset.npz,-0.5,0.0,0.05,hamming,1,,l2,1,True,mean,"1.0,1.0",results_env_onset\sub-017\sub-017_backward_mtrf_env_onset.summary.json,results_env_onset\sub-017\sub-017_backward_mtrf_env_onset.trial_results.csv
sub-017,,,15,1,0.0528857829586883,0.0727163085156606,0.0362661582137337,0.0364501503019268,0.1063653322185563,0.0370439166031066,0.0693214156154497,0.0528857829586883,0.90625,32,2,"envelope,onset",data/processed/env_onset/sub-017_mtrf_env_onset.npz,-0.5,0.0,0.05,hamming,1,,l2,1,True,mean,"1.0,1.0",results_env_onset\sub-017\sub-017_backward_mtrf_env_onset.summary.json,results_env_onset\sub-017\sub-017_backward_mtrf_env_onset.trial_results.csv
sub-017,,,16,1,0.1028204095586566,0.1092322433500726,-0.0188487606306477,0.1280810039807204,0.0727700106962134,-0.0047898044403793,0.0775598151365927,0.1028204095586566,0.90625,32,2,"envelope,onset",data/processed/env_onset/sub-017_mtrf_env_onset.npz,-0.5,0.0,0.05,hamming,1,,l2,1,True,mean,"1.0,1.0",results_env_onset\sub-017\sub-017_backward_mtrf_env_onset.summary.json,results_env_onset\sub-017\sub-017_backward_mtrf_env_onset.trial_results.csv
sub-017,,,17,1,0.0515450480751116,0.0772509956782186,0.0584821208585648,0.0187688748196537,0.1150413286030878,0.0307201072725182,0.0843212213305696,0.0515450480751116,0.90625,32,2,"envelope,onset",data/processed/env_onset/sub-017_mtrf_env_onset.npz,-0.5,0.0,0.05,hamming,1,,l2,1,True,mean,"1.0,1.0",results_env_onset\sub-017\sub-017_backward_mtrf_env_onset.summary.json,results_env_onset\sub-017\sub-017_backward_mtrf_env_onset.trial_results.csv
sub-017,,,18,1,0.2777609984077998,0.2066708384672919,-0.1113058604167849,0.317976698884077,0.2322044292509433,-0.0053408686805793,0.2375452979315227,0.2777609984077998,0.90625,32,2,"envelope,onset",data/processed/env_onset/sub-017_mtrf_env_onset.npz,-0.5,0.0,0.05,hamming,1,,l2,1,True,mean,"1.0,1.0",results_env_onset\sub-017\sub-017_backward_mtrf_env_onset.summary.json,results_env_onset\sub-017\sub-017_backward_mtrf_env_onset.trial_results.csv
sub-017,,,19,1,0.15290604565498,0.1387432238624401,-0.0575108697187755,0.1962540935812157,0.1000748622927548,-0.0094831354359895,0.1095579977287443,0.15290604565498,0.90625,32,2,"envelope,onset",data/processed/env_onset/sub-017_mtrf_env_onset.npz,-0.5,0.0,0.05,hamming,1,,l2,1,True,mean,"1.0,1.0",results_env_onset\sub-017\sub-017_backward_mtrf_env_onset.summary.json,results_env_onset\sub-017\sub-017_backward_mtrf_env_onset.trial_results.csv
sub-017,,,20,1,0.0355255385626498,0.0676292811193236,0.050083333869699,0.0175459472496246,0.1040469285287829,0.0505417986531078,0.0535051298756751,0.0355255385626498,0.90625,32,2,"envelope,onset",data/processed/env_onset/sub-017_mtrf_env_onset.npz,-0.5,0.0,0.05,hamming,1,,l2,1,True,mean,"1.0,1.0",results_env_onset\sub-017\sub-017_backward_mtrf_env_onset.summary.json,results_env_onset\sub-017\sub-017_backward_mtrf_env_onset.trial_results.csv
sub-017,,,21,1,0.134848774447319,0.1131727161577493,0.0014838947719626,0.1116888213857867,0.1226823275459152,-0.0353263999629362,0.1580087275088514,0.134848774447319,0.90625,32,2,"envelope,onset",data/processed/env_onset/sub-017_mtrf_env_onset.npz,-0.5,0.0,0.05,hamming,1,,l2,1,True,mean,"1.0,1.0",results_env_onset\sub-017\sub-017_backward_mtrf_env_onset.summary.json,results_env_onset\sub-017\sub-017_backward_mtrf_env_onset.trial_results.csv
sub-017,,,22,1,0.0247367064792041,0.1153902563787701,0.068085694668041,0.047304561710729,0.0912351584230813,0.0890663071754021,0.0021688512476792,0.0247367064792041,0.90625,32,2,"envelope,onset",data/processed/env_onset/sub-017_mtrf_env_onset.npz,-0.5,0.0,0.05,hamming,1,,l2,1,True,mean,"1.0,1.0",results_env_onset\sub-017\sub-017_backward_mtrf_env_onset.summary.json,results_env_onset\sub-017\sub-017_backward_mtrf_env_onset.trial_results.csv
sub-017,,,23,1,0.0933051652953264,0.0475528767239641,-0.0424712522088875,0.0900241289328516,0.0636852641200501,-0.0329009375377509,0.0965862016578011,0.0933051652953264,0.90625,32,2,"envelope,onset",data/processed/env_onset/sub-017_mtrf_env_onset.npz,-0.5,0.0,0.05,hamming,1,,l2,1,True,mean,"1.0,1.0",results_env_onset\sub-017\sub-017_backward_mtrf_env_onset.summary.json,results_env_onset\sub-017\sub-017_backward_mtrf_env_onset.trial_results.csv
sub-017,,,24,1,0.1356248413645291,0.1613719012142202,0.0196381998327918,0.1417337013814283,0.1490888832998357,0.0195729019522058,0.1295159813476298,0.1356248413645291,0.90625,32,2,"envelope,onset",data/processed/env_onset/sub-017_mtrf_env_onset.npz,-0.5,0.0,0.05,hamming,1,,l2,1,True,mean,"1.0,1.0",results_env_onset\sub-017\sub-017_backward_mtrf_env_onset.summary.json,results_env_onset\sub-017\sub-017_backward_mtrf_env_onset.trial_results.csv
sub-017,,,25,1,0.1302197557729679,0.2285626226975663,0.0508628020049059,0.1776998206926603,0.2059726074234276,0.1232329165701521,0.0827396908532754,0.1302197557729679,0.90625,32,2,"envelope,onset",data/processed/env_onset/sub-017_mtrf_env_onset.npz,-0.5,0.0,0.05,hamming,1,,l2,1,True,mean,"1.0,1.0",results_env_onset\sub-017\sub-017_backward_mtrf_env_onset.summary.json,results_env_onset\sub-017\sub-017_backward_mtrf_env_onset.trial_results.csv
sub-017,,,26,1,0.0657668974263774,0.1404949348840431,0.0756414245637894,0.0648535103202536,0.1046071815028553,0.0379268969703541,0.0666802845325011,0.0657668974263774,0.90625,32,2,"envelope,onset",data/processed/env_onset/sub-017_mtrf_env_onset.npz,-0.5,0.0,0.05,hamming,1,,l2,1,True,mean,"1.0,1.0",results_env_onset\sub-017\sub-017_backward_mtrf_env_onset.summary.json,results_env_onset\sub-017\sub-017_backward_mtrf_env_onset.trial_results.csv
sub-017,,,27,1,0.1591198741842291,0.173353944350706,-0.0394959151840948,0.2128498595348008,0.1045171512920806,-0.0008727375415767,0.1053898888336574,0.1591198741842291,0.90625,32,2,"envelope,onset",data/processed/env_onset/sub-017_mtrf_env_onset.npz,-0.5,0.0,0.05,hamming,1,,l2,1,True,mean,"1.0,1.0",results_env_onset\sub-017\sub-017_backward_mtrf_env_onset.summary.json,results_env_onset\sub-017\sub-017_backward_mtrf_env_onset.trial_results.csv
sub-017,,,28,1,0.0872574923444953,0.1025239076361104,-0.0052983746667661,0.1078222823028765,0.0840303574549961,0.017337655068882,0.066692702386114,0.0872574923444953,0.90625,32,2,"envelope,onset",data/processed/env_onset/sub-017_mtrf_env_onset.npz,-0.5,0.0,0.05,hamming,1,,l2,1,True,mean,"1.0,1.0",results_env_onset\sub-017\sub-017_backward_mtrf_env_onset.summary.json,results_env_onset\sub-017\sub-017_backward_mtrf_env_onset.trial_results.csv
sub-017,,,29,1,0.0631377516334284,0.1187713699342187,0.0072942817527686,0.11147708818145,0.0676384539881543,0.0528400389027475,0.0147984150854067,0.0631377516334284,0.90625,32,2,"envelope,onset",data/processed/env_onset/sub-017_mtrf_env_onset.npz,-0.5,0.0,0.05,hamming,1,,l2,1,True,mean,"1.0,1.0",results_env_onset\sub-017\sub-017_backward_mtrf_env_onset.summary.json,results_env_onset\sub-017\sub-017_backward_mtrf_env_onset.trial_results.csv
sub-017,,,30,1,0.1629744286262042,0.1844113860146849,-0.0155712198254467,0.1999826058401316,0.1308348168873099,0.004868565475033,0.1259662514122768,0.1629744286262042,0.90625,32,2,"envelope,onset",data/processed/env_onset/sub-017_mtrf_env_onset.npz,-0.5,0.0,0.05,hamming,1,,l2,1,True,mean,"1.0,1.0",results_env_onset\sub-017\sub-017_backward_mtrf_env_onset.summary.json,results_env_onset\sub-017\sub-017_backward_mtrf_env_onset.trial_results.csv
sub-017,,,31,1,0.0880100759482049,0.1437130210165722,0.042325296168407,0.1013877248481651,0.1167708883792515,0.0421384613310069,0.0746324270482445,0.0880100759482049,0.90625,32,2,"envelope,onset",data/processed/env_onset/sub-017_mtrf_env_onset.npz,-0.5,0.0,0.05,hamming,1,,l2,1,True,mean,"1.0,1.0",results_env_onset\sub-017\sub-017_backward_mtrf_env_onset.summary.json,results_env_onset\sub-017\sub-017_backward_mtrf_env_onset.trial_results.csv
sub-018,,,0,1,0.0824578250981902,0.0962204785177207,-0.0147547021217474,0.1109751806394682,0.0629050630070388,0.0089645934501265,0.0539404695569123,0.0824578250981902,0.96875,32,2,"envelope,onset",data/processed/env_onset/sub-018_mtrf_env_onset.npz,-0.5,0.0,0.05,hamming,1,,l2,1,True,mean,"1.0,1.0",results_env_onset\sub-018\sub-018_backward_mtrf_env_onset.summary.json,results_env_onset\sub-018\sub-018_backward_mtrf_env_onset.trial_results.csv
sub-018,,,1,1,0.0282847773502368,0.0823095391468618,0.0679974781782779,0.0143120609685839,0.1021357287633967,0.0598782350315069,0.0422574937318897,0.0282847773502368,0.96875,32,2,"envelope,onset",data/processed/env_onset/sub-018_mtrf_env_onset.npz,-0.5,0.0,0.05,hamming,1,,l2,1,True,mean,"1.0,1.0",results_env_onset\sub-018\sub-018_backward_mtrf_env_onset.summary.json,results_env_onset\sub-018\sub-018_backward_mtrf_env_onset.trial_results.csv
sub-018,,,2,1,0.2478079092901116,0.1534665465815917,-0.0983042268191729,0.2517707734007647,0.1603527944376379,-0.0834922507418206,0.2438450451794586,0.2478079092901116,0.96875,32,2,"envelope,onset",data/processed/env_onset/sub-018_mtrf_env_onset.npz,-0.5,0.0,0.05,hamming,1,,l2,1,True,mean,"1.0,1.0",results_env_onset\sub-018\sub-018_backward_mtrf_env_onset.summary.json,results_env_onset\sub-018\sub-018_backward_mtrf_env_onset.trial_results.csv
sub-018,,,3,1,0.0610906518890386,0.0365548731664391,-0.0133417197688098,0.0498965929352489,0.0253803466400327,-0.0469043642027956,0.0722847108428283,0.0610906518890386,0.96875,32,2,"envelope,onset",data/processed/env_onset/sub-018_mtrf_env_onset.npz,-0.5,0.0,0.05,hamming,1,,l2,1,True,mean,"1.0,1.0",results_env_onset\sub-018\sub-018_backward_mtrf_env_onset.summary.json,results_env_onset\sub-018\sub-018_backward_mtrf_env_onset.trial_results.csv
sub-018,,,4,1,0.0009219895613054,0.0418786916877508,0.0356616509812356,0.0062170407065152,0.0470627093323927,0.0514357709162971,-0.0043730615839044,0.0009219895613054,0.96875,32,2,"envelope,onset",data/processed/env_onset/sub-018_mtrf_env_onset.npz,-0.5,0.0,0.05,hamming,1,,l2,1,True,mean,"1.0,1.0",results_env_onset\sub-018\sub-018_backward_mtrf_env_onset.summary.json,results_env_onset\sub-018\sub-018_backward_mtrf_env_onset.trial_results.csv
sub-018,,,5,1,0.087314065855703,0.0841004694421245,0.0115064942908404,0.0725939751512841,0.1012367377659115,-0.0007974187942105,0.102034156560122,0.087314065855703,0.96875,32,2,"envelope,onset",data/processed/env_onset/sub-018_mtrf_env_onset.npz,-0.5,0.0,0.05,hamming,1,,l2,1,True,mean,"1.0,1.0",results_env_onset\sub-018\sub-018_backward_mtrf_env_onset.summary.json,results_env_onset\sub-018\sub-018_backward_mtrf_env_onset.trial_results.csv
sub-018,,,6,1,0.0305040665372512,0.0278765547849149,0.0073770685740719,0.0204994862108429,0.0662772640933154,0.0257686172296558,0.0405086468636596,0.0305040665372512,0.96875,32,2,"envelope,onset",data/processed/env_onset/sub-018_mtrf_env_onset.npz,-0.5,0.0,0.05,hamming,1,,l2,1,True,mean,"1.0,1.0",results_env_onset\sub-018\sub-018_backward_mtrf_env_onset.summary.json,results_env_onset\sub-018\sub-018_backward_mtrf_env_onset.trial_results.csv
sub-018,,,7,1,0.121423295149089,0.128081249714672,0.0083436873695508,0.1197375623451211,0.124410406354769,0.0013013784017121,0.1231090279530568,0.121423295149089,0.96875,32,2,"envelope,onset",data/processed/env_onset/sub-018_mtrf_env_onset.npz,-0.5,0.0,0.05,hamming,1,,l2,1,True,mean,"1.0,1.0",results_env_onset\sub-018\sub-018_backward_mtrf_env_onset.summary.json,results_env_onset\sub-018\sub-018_backward_mtrf_env_onset.trial_results.csv
sub-018,,,8,1,0.0904303644679767,0.139307657241433,0.0573452568730246,0.0819624003684084,0.1466640051688202,0.0477656766012751,0.0988983285675449,0.0904303644679767,0.96875,32,2,"envelope,onset",data/processed/env_onset/sub-018_mtrf_env_onset.npz,-0.5,0.0,0.05,hamming,1,,l2,1,True,mean,"1.0,1.0",results_env_onset\sub-018\sub-018_backward_mtrf_env_onset.summary.json,results_env_onset\sub-018\sub-018_backward_mtrf_env_onset.trial_results.csv
sub-018,,,9,1,0.0960791752723083,0.1082589777302735,-0.0005170090197143,0.1087759867499878,0.0768257481924611,-0.0065566156021677,0.0833823637946288,0.0960791752723083,0.96875,32,2,"envelope,onset",data/processed/env_onset/sub-018_mtrf_env_onset.npz,-0.5,0.0,0.05,hamming,1,,l2,1,True,mean,"1.0,1.0",results_env_onset\sub-018\sub-018_backward_mtrf_env_onset.summary.json,results_env_onset\sub-018\sub-018_backward_mtrf_env_onset.trial_results.csv
sub-018,,,10,1,0.0342791654578263,0.1092882281326498,0.0580628655682314,0.0512253625644183,0.0807190139977574,0.063386045646523,0.0173329683512343,0.0342791654578263,0.96875,32,2,"envelope,onset",data/processed/env_onset/sub-018_mtrf_env_onset.npz,-0.5,0.0,0.05,hamming,1,,l2,1,True,mean,"1.0,1.0",results_env_onset\sub-018\sub-018_backward_mtrf_env_onset.summary.json,results_env_onset\sub-018\sub-018_backward_mtrf_env_onset.trial_results.csv
sub-018,,,11,0,-0.0024940579622223,0.1360585311492382,0.0797868365012739,0.0562716946479642,0.0656497047073823,0.1269095152797912,-0.0612598105724088,-0.0024940579622223,0.96875,32,2,"envelope,onset",data/processed/env_onset/sub-018_mtrf_env_onset.npz,-0.5,0.0,0.05,hamming,1,,l2,1,True,mean,"1.0,1.0",results_env_onset\sub-018\sub-018_backward_mtrf_env_onset.summary.json,results_env_onset\sub-018\sub-018_backward_mtrf_env_onset.trial_results.csv
sub-018,,,12,1,0.0190762620832218,0.1036220250143083,0.0919680510982705,0.0116539739160377,0.0942442179547796,0.0677456677043736,0.026498550250406,0.0190762620832218,0.96875,32,2,"envelope,onset",data/processed/env_onset/sub-018_mtrf_env_onset.npz,-0.5,0.0,0.05,hamming,1,,l2,1,True,mean,"1.0,1.0",results_env_onset\sub-018\sub-018_backward_mtrf_env_onset.summary.json,results_env_onset\sub-018\sub-018_backward_mtrf_env_onset.trial_results.csv
sub-018,,,13,1,0.159307163810457,0.0983350486014727,-0.0387205255457042,0.137055574147177,0.1140006376651071,-0.0675581158086299,0.181558753473737,0.159307163810457,0.96875,32,2,"envelope,onset",data/processed/env_onset/sub-018_mtrf_env_onset.npz,-0.5,0.0,0.05,hamming,1,,l2,1,True,mean,"1.0,1.0",results_env_onset\sub-018\sub-018_backward_mtrf_env_onset.summary.json,results_env_onset\sub-018\sub-018_backward_mtrf_env_onset.trial_results.csv
sub-018,,,14,1,0.1175205736210223,0.1520321232455674,0.0107156604672241,0.1413164627783432,0.1166776076782764,0.0229529232145749,0.0937246844637015,0.1175205736210223,0.96875,32,2,"envelope,onset",data/processed/env_onset/sub-018_mtrf_env_onset.npz,-0.5,0.0,0.05,hamming,1,,l2,1,True,mean,"1.0,1.0",results_env_onset\sub-018\sub-018_backward_mtrf_env_onset.summary.json,results_env_onset\sub-018\sub-018_backward_mtrf_env_onset.trial_results.csv
sub-018,,,15,1,0.1089961322615827,0.1030647844420102,-0.0081775368330471,0.1112423212750573,0.0928009046990663,-0.0139490385490418,0.1067499432481081,0.1089961322615827,0.96875,32,2,"envelope,onset",data/processed/env_onset/sub-018_mtrf_env_onset.npz,-0.5,0.0,0.05,hamming,1,,l2,1,True,mean,"1.0,1.0",results_env_onset\sub-018\sub-018_backward_mtrf_env_onset.summary.json,results_env_onset\sub-018\sub-018_backward_mtrf_env_onset.trial_results.csv
sub-018,,,16,1,0.1568445409921646,0.1794809799103313,0.0340350384141657,0.1454459414961656,0.1992538173042699,0.0310106768161063,0.1682431404881636,0.1568445409921646,0.96875,32,2,"envelope,onset",data/processed/env_onset/sub-018_mtrf_env_onset.npz,-0.5,0.0,0.05,hamming,1,,l2,1,True,mean,"1.0,1.0",results_env_onset\sub-018\sub-018_backward_mtrf_env_onset.summary.json,results_env_onset\sub-018\sub-018_backward_mtrf_env_onset.trial_results.csv
sub-018,,,17,1,0.1506292729672355,0.1432442903659031,-0.0426356451227955,0.1858799354886987,0.0827516800872094,-0.032626930358563,0.1153786104457724,0.1506292729672355,0.96875,32,2,"envelope,onset",data/processed/env_onset/sub-018_mtrf_env_onset.npz,-0.5,0.0,0.05,hamming,1,,l2,1,True,mean,"1.0,1.0",results_env_onset\sub-018\sub-018_backward_mtrf_env_onset.summary.json,results_env_onset\sub-018\sub-018_backward_mtrf_env_onset.trial_results.csv
sub-018,,,18,1,0.0266842315038411,0.1667710512944276,0.1098262424448096,0.056944808849618,0.1128056740536639,0.1163820198955996,-0.0035763458419357,0.0266842315038411,0.96875,32,2,"envelope,onset",data/processed/env_onset/sub-018_mtrf_env_onset.npz,-0.5,0.0,0.05,hamming,1,,l2,1,True,mean,"1.0,1.0",results_env_onset\sub-018\sub-018_backward_mtrf_env_onset.summary.json,results_env_onset\sub-018\sub-018_backward_mtrf_env_onset.trial_results.csv
sub-018,,,19,1,0.0610449413528324,0.0884315422027572,0.0534847739970483,0.0349467682057089,0.1114590018537738,0.0243158873538178,0.0871431144999559,0.0610449413528324,0.96875,32,2,"envelope,onset",data/processed/env_onset/sub-018_mtrf_env_onset.npz,-0.5,0.0,0.05,hamming,1,,l2,1,True,mean,"1.0,1.0",results_env_onset\sub-018\sub-018_backward_mtrf_env_onset.summary.json,results_env_onset\sub-018\sub-018_backward_mtrf_env_onset.trial_results.csv
sub-018,,,20,1,0.1633872225509295,0.117585670954797,-0.0278248218452028,0.1454104927999998,0.1522787648144471,-0.029085187487412,0.1813639523018592,0.1633872225509295,0.96875,32,2,"envelope,onset",data/processed/env_onset/sub-018_mtrf_env_onset.npz,-0.5,0.0,0.05,hamming,1,,l2,1,True,mean,"1.0,1.0",results_env_onset\sub-018\sub-018_backward_mtrf_env_onset.summary.json,results_env_onset\sub-018\sub-018_backward_mtrf_env_onset.trial_results.csv
sub-018,,,21,1,0.0656530652774304,0.165912199592959,0.1052736649607763,0.0606385346321826,0.1697041005163327,0.0990365045936545,0.0706675959226782,0.0656530652774304,0.96875,32,2,"envelope,onset",data/processed/env_onset/sub-018_mtrf_env_onset.npz,-0.5,0.0,0.05,hamming,1,,l2,1,True,mean,"1.0,1.0",results_env_onset\sub-018\sub-018_backward_mtrf_env_onset.summary.json,results_env_onset\sub-018\sub-018_backward_mtrf_env_onset.trial_results.csv
sub-018,,,22,1,0.1113036603845911,0.1429262997781486,0.0083173238797635,0.1346089758983851,0.0956293016962373,0.00763095682544,0.0879983448707972,0.1113036603845911,0.96875,32,2,"envelope,onset",data/processed/env_onset/sub-018_mtrf_env_onset.npz,-0.5,0.0,0.05,hamming,1,,l2,1,True,mean,"1.0,1.0",results_env_onset\sub-018\sub-018_backward_mtrf_env_onset.summary.json,results_env_onset\sub-018\sub-018_backward_mtrf_env_onset.trial_results.csv
sub-018,,,23,1,0.0974479734215567,0.1162019078554018,0.0250759912937176,0.0911259165616842,0.1340182913279203,0.0302482610464911,0.1037700302814292,0.0974479734215567,0.96875,32,2,"envelope,onset",data/processed/env_onset/sub-018_mtrf_env_onset.npz,-0.5,0.0,0.05,hamming,1,,l2,1,True,mean,"1.0,1.0",results_env_onset\sub-018\sub-018_backward_mtrf_env_onset.summary.json,results_env_onset\sub-018\sub-018_backward_mtrf_env_onset.trial_results.csv
sub-018,,,24,1,0.0511384998335446,0.0696845880456095,0.0054883615571668,0.0641962264884426,0.0298259716094255,-0.0082548015692211,0.0380807731786466,0.0511384998335446,0.96875,32,2,"envelope,onset",data/processed/env_onset/sub-018_mtrf_env_onset.npz,-0.5,0.0,0.05,hamming,1,,l2,1,True,mean,"1.0,1.0",results_env_onset\sub-018\sub-018_backward_mtrf_env_onset.summary.json,results_env_onset\sub-018\sub-018_backward_mtrf_env_onset.trial_results.csv
sub-018,,,25,1,0.064137978490677,0.1766041105549042,0.083233276871161,0.0933708336837431,0.1535888839492197,0.1186837606516088,0.0349051232976109,0.064137978490677,0.96875,32,2,"envelope,onset",data/processed/env_onset/sub-018_mtrf_env_onset.npz,-0.5,0.0,0.05,hamming,1,,l2,1,True,mean,"1.0,1.0",results_env_onset\sub-018\sub-018_backward_mtrf_env_onset.summary.json,results_env_onset\sub-018\sub-018_backward_mtrf_env_onset.trial_results.csv
sub-018,,,26,1,0.1297628881213267,0.1409361053544001,-0.0173947775469252,0.1583308829013253,0.0984556999038963,-0.0027391934374318,0.1011948933413281,0.1297628881213267,0.96875,32,2,"envelope,onset",data/processed/env_onset/sub-018_mtrf_env_onset.npz,-0.5,0.0,0.05,hamming,1,,l2,1,True,mean,"1.0,1.0",results_env_onset\sub-018\sub-018_backward_mtrf_env_onset.summary.json,results_env_onset\sub-018\sub-018_backward_mtrf_env_onset.trial_results.csv
sub-018,,,27,1,0.1052579890431691,0.1409106894405924,0.038606227365376,0.1023044620752164,0.1627847717251312,0.0545732557140092,0.1082115160111219,0.1052579890431691,0.96875,32,2,"envelope,onset",data/processed/env_onset/sub-018_mtrf_env_onset.npz,-0.5,0.0,0.05,hamming,1,,l2,1,True,mean,"1.0,1.0",results_env_onset\sub-018\sub-018_backward_mtrf_env_onset.summary.json,results_env_onset\sub-018\sub-018_backward_mtrf_env_onset.trial_results.csv
sub-018,,,28,1,0.0244365480123677,0.0252874174406527,-0.0029952981651796,0.0282827156058323,-0.0260261760944639,-0.046616556513367,0.020590380418903,0.0244365480123677,0.96875,32,2,"envelope,onset",data/processed/env_onset/sub-018_mtrf_env_onset.npz,-0.5,0.0,0.05,hamming,1,,l2,1,True,mean,"1.0,1.0",results_env_onset\sub-018\sub-018_backward_mtrf_env_onset.summary.json,results_env_onset\sub-018\sub-018_backward_mtrf_env_onset.trial_results.csv
sub-018,,,29,1,0.0590792784446848,0.1083879040335572,0.0278428258713442,0.080545078162213,0.1148666438610258,0.0772531651338691,0.0376134787271567,0.0590792784446848,0.96875,32,2,"envelope,onset",data/processed/env_onset/sub-018_mtrf_env_onset.npz,-0.5,0.0,0.05,hamming,1,,l2,1,True,mean,"1.0,1.0",results_env_onset\sub-018\sub-018_backward_mtrf_env_onset.summary.json,results_env_onset\sub-018\sub-018_backward_mtrf_env_onset.trial_results.csv
sub-018,,,30,1,0.0996538459236371,0.1507263068234182,0.02387938158721,0.1268469252362081,0.0871035897208781,0.014642823109812,0.072460766611066,0.0996538459236371,0.96875,32,2,"envelope,onset",data/processed/env_onset/sub-018_mtrf_env_onset.npz,-0.5,0.0,0.05,hamming,1,,l2,1,True,mean,"1.0,1.0",results_env_onset\sub-018\sub-018_backward_mtrf_env_onset.summary.json,results_env_onset\sub-018\sub-018_backward_mtrf_env_onset.trial_results.csv
sub-018,,,31,1,0.0573555381363602,0.1208486004066095,0.0828507307668827,0.0379978696397267,0.1175964810721891,0.0408832744391954,0.0767132066329936,0.0573555381363602,0.96875,32,2,"envelope,onset",data/processed/env_onset/sub-018_mtrf_env_onset.npz,-0.5,0.0,0.05,hamming,1,,l2,1,True,mean,"1.0,1.0",results_env_onset\sub-018\sub-018_backward_mtrf_env_onset.summary.json,results_env_onset\sub-018\sub-018_backward_mtrf_env_onset.trial_results.csv
sub-019,,,0,1,0.0551093071205864,0.1011948571551142,0.0139670739150211,0.0872277832400931,0.079996032641947,0.0570052016408673,0.0229908310010796,0.0551093071205864,0.8125,32,2,"envelope,onset",data/processed/env_onset/sub-019_mtrf_env_onset.npz,-0.5,0.0,0.05,hamming,1,,l2,1,True,mean,"1.0,1.0",results_env_onset\sub-019\sub-019_backward_mtrf_env_onset.summary.json,results_env_onset\sub-019\sub-019_backward_mtrf_env_onset.trial_results.csv
sub-019,,,1,1,0.0504460822738876,0.0960982924832311,0.009283345383582,0.086814947099649,0.0895760222146624,0.0754988047665362,0.0140772174481262,0.0504460822738876,0.8125,32,2,"envelope,onset",data/processed/env_onset/sub-019_mtrf_env_onset.npz,-0.5,0.0,0.05,hamming,1,,l2,1,True,mean,"1.0,1.0",results_env_onset\sub-019\sub-019_backward_mtrf_env_onset.summary.json,results_env_onset\sub-019\sub-019_backward_mtrf_env_onset.trial_results.csv
sub-019,,,2,1,0.0205187018398004,0.0628406970628429,0.0354847454928243,0.0273559515700186,0.0626340918723767,0.0489526397627944,0.0136814521095823,0.0205187018398004,0.8125,32,2,"envelope,onset",data/processed/env_onset/sub-019_mtrf_env_onset.npz,-0.5,0.0,0.05,hamming,1,,l2,1,True,mean,"1.0,1.0",results_env_onset\sub-019\sub-019_backward_mtrf_env_onset.summary.json,results_env_onset\sub-019\sub-019_backward_mtrf_env_onset.trial_results.csv
sub-019,,,3,1,0.1477737180551089,0.1584117628869128,-0.0251276012704436,0.1835393641573565,0.1007735729565158,-0.0112344989963455,0.1120080719528613,0.1477737180551089,0.8125,32,2,"envelope,onset",data/processed/env_onset/sub-019_mtrf_env_onset.npz,-0.5,0.0,0.05,hamming,1,,l2,1,True,mean,"1.0,1.0",results_env_onset\sub-019\sub-019_backward_mtrf_env_onset.summary.json,results_env_onset\sub-019\sub-019_backward_mtrf_env_onset.trial_results.csv
sub-019,,,4,1,0.0518008269137893,0.1736825510497195,0.1163957899494612,0.0572867611002583,0.1354164969452809,0.0891016042179604,0.0463148927273204,0.0518008269137893,0.8125,32,2,"envelope,onset",data/processed/env_onset/sub-019_mtrf_env_onset.npz,-0.5,0.0,0.05,hamming,1,,l2,1,True,mean,"1.0,1.0",results_env_onset\sub-019\sub-019_backward_mtrf_env_onset.summary.json,results_env_onset\sub-019\sub-019_backward_mtrf_env_onset.trial_results.csv
sub-019,,,5,1,0.1441590913058451,0.0455761445008439,-0.0819535599871009,0.1275297044879448,0.0812597840652468,-0.0795286940584985,0.1607884781237454,0.1441590913058451,0.8125,32,2,"envelope,onset",data/processed/env_onset/sub-019_mtrf_env_onset.npz,-0.5,0.0,0.05,hamming,1,,l2,1,True,mean,"1.0,1.0",results_env_onset\sub-019\sub-019_backward_mtrf_env_onset.summary.json,results_env_onset\sub-019\sub-019_backward_mtrf_env_onset.trial_results.csv
sub-019,,,6,1,0.1707573943123534,0.1859558094855122,-0.0193556939185673,0.2053115034040796,0.1722062123486011,0.0360029271279738,0.1362032852206272,0.1707573943123534,0.8125,32,2,"envelope,onset",data/processed/env_onset/sub-019_mtrf_env_onset.npz,-0.5,0.0,0.05,hamming,1,,l2,1,True,mean,"1.0,1.0",results_env_onset\sub-019\sub-019_backward_mtrf_env_onset.summary.json,results_env_onset\sub-019\sub-019_backward_mtrf_env_onset.trial_results.csv
sub-019,,,7,1,0.2174702478286722,0.282681284193476,0.0107581473171239,0.2719231368763521,0.213391134379826,0.0503737755988336,0.1630173587809924,0.2174702478286722,0.8125,32,2,"envelope,onset",data/processed/env_onset/sub-019_mtrf_env_onset.npz,-0.5,0.0,0.05,hamming,1,,l2,1,True,mean,"1.0,1.0",results_env_onset\sub-019\sub-019_backward_mtrf_env_onset.summary.json,results_env_onset\sub-019\sub-019_backward_mtrf_env_onset.trial_results.csv
sub-019,,,8,1,0.0672110553415796,0.1613990589108659,0.0779184049384475,0.0834806539724183,0.1473096572005776,0.0963682004898366,0.050941456710741,0.0672110553415796,0.8125,32,2,"envelope,onset",data/processed/env_onset/sub-019_mtrf_env_onset.npz,-0.5,0.0,0.05,hamming,1,,l2,1,True,mean,"1.0,1.0",results_env_onset\sub-019\sub-019_backward_mtrf_env_onset.summary.json,results_env_onset\sub-019\sub-019_backward_mtrf_env_onset.trial_results.csv
sub-019,,,9,1,0.0650024392369931,0.0773153366550145,-0.0226449927619566,0.0999603294169712,0.0538430220665302,0.0237984730095152,0.030044549057015,0.0650024392369931,0.8125,32,2,"envelope,onset",data/processed/env_onset/sub-019_mtrf_env_onset.npz,-0.5,0.0,0.05,hamming,1,,l2,1,True,mean,"1.0,1.0",results_env_onset\sub-019\sub-019_backward_mtrf_env_onset.summary.json,results_env_onset\sub-019\sub-019_backward_mtrf_env_onset.trial_results.csv
sub-019,,,10,1,0.1207768875010621,0.1326328532298028,-0.0106088037826226,0.1432416570124255,0.1359673592066591,0.0376552412169603,0.0983121179896987,0.1207768875010621,0.8125,32,2,"envelope,onset",data/processed/env_onset/sub-019_mtrf_env_onset.npz,-0.5,0.0,0.05,hamming,1,,l2,1,True,mean,"1.0,1.0",results_env_onset\sub-019\sub-019_backward_mtrf_env_onset.summary.json,results_env_onset\sub-019\sub-019_backward_mtrf_env_onset.trial_results.csv
sub-019,,,11,1,0.0440373020075321,0.0767241666299219,0.0240827479230284,0.0526414187068934,0.1086215261253739,0.0731883408172031,0.0354331853081707,0.0440373020075321,0.8125,32,2,"envelope,onset",data/processed/env_onset/sub-019_mtrf_env_onset.npz,-0.5,0.0,0.05,hamming,1,,l2,1,True,mean,"1.0,1.0",results_env_onset\sub-019\sub-019_backward_mtrf_env_onset.summary.json,results_env_onset\sub-019\sub-019_backward_mtrf_env_onset.trial_results.csv
sub-019,,,12,0,-0.1404484388909156,0.0033258730910965,0.1267806674432233,-0.1234547943521268,-0.0027298122413194,0.154712271188385,-0.1574420834297045,-0.1404484388909156,0.8125,32,2,"envelope,onset",data/processed/env_onset/sub-019_mtrf_env_onset.npz,-0.5,0.0,0.05,hamming,1,,l2,1,True,mean,"1.0,1.0",results_env_onset\sub-019\sub-019_backward_mtrf_env_onset.summary.json,results_env_onset\sub-019\sub-019_backward_mtrf_env_onset.trial_results.csv
sub-019,,,13,0,-0.0398807606272433,-0.0060570136677456,0.017955638905238,-0.0240126525729836,0.0030577613496579,0.058806630031161,-0.0557488686815031,-0.0398807606272433,0.8125,32,2,"envelope,onset",data/processed/env_onset/sub-019_mtrf_env_onset.npz,-0.5,0.0,0.05,hamming,1,,l2,1,True,mean,"1.0,1.0",results_env_onset\sub-019\sub-019_backward_mtrf_env_onset.summary.json,results_env_onset\sub-019\sub-019_backward_mtrf_env_onset.trial_results.csv
sub-019,,,14,1,0.1011809867105701,0.1547017651307154,0.0035245184871674,0.151177246643548,0.1102409135389671,0.0590561867613748,0.0511847267775922,0.1011809867105701,0.8125,32,2,"envelope,onset",data/processed/env_onset/sub-019_mtrf_env_onset.npz,-0.5,0.0,0.05,hamming,1,,l2,1,True,mean,"1.0,1.0",results_env_onset\sub-019\sub-019_backward_mtrf_env_onset.summary.json,results_env_onset\sub-019\sub-019_backward_mtrf_env_onset.trial_results.csv
sub-019,,,15,0,-0.010233837874753,0.1001077108970161,0.0783468187254853,0.0217608921715308,0.0566107691950943,0.0988393371161312,-0.0422285679210368,-0.010233837874753,0.8125,32,2,"envelope,onset",data/processed/env_onset/sub-019_mtrf_env_onset.npz,-0.5,0.0,0.05,hamming,1,,l2,1,True,mean,"1.0,1.0",results_env_onset\sub-019\sub-019_backward_mtrf_env_onset.summary.json,results_env_onset\sub-019\sub-019_backward_mtrf_env_onset.trial_results.csv
sub-019,,,16,1,0.1451592062555448,0.1545165923102172,0.0239871655321713,0.1305294267780459,0.1859479640033011,0.0261589782702573,0.1597889857330437,0.1451592062555448,0.8125,32,2,"envelope,onset",data/processed/env_onset/sub-019_mtrf_env_onset.npz,-0.5,0.0,0.05,hamming,1,,l2,1,True,mean,"1.0,1.0",results_env_onset\sub-019\sub-019_backward_mtrf_env_onset.summary.json,results_env_onset\sub-019\sub-019_backward_mtrf_env_onset.trial_results.csv
sub-019,,,17,1,0.0667366788145017,0.2084941617262712,0.0973146527857316,0.1111795089405396,0.1275959637076246,0.1053021150191607,0.0222938486884639,0.0667366788145017,0.8125,32,2,"envelope,onset",data/processed/env_onset/sub-019_mtrf_env_onset.npz,-0.5,0.0,0.05,hamming,1,,l2,1,True,mean,"1.0,1.0",results_env_onset\sub-019\sub-019_backward_mtrf_env_onset.summary.json,results_env_onset\sub-019\sub-019_backward_mtrf_env_onset.trial_results.csv
sub-019,,,18,1,0.0326480053155592,0.1036120017632487,0.0528164811788847,0.0507955205843639,0.0971884287229959,0.0826879386762414,0.0145004900467545,0.0326480053155592,0.8125,32,2,"envelope,onset",data/processed/env_onset/sub-019_mtrf_env_onset.npz,-0.5,0.0,0.05,hamming,1,,l2,1,True,mean,"1.0,1.0",results_env_onset\sub-019\sub-019_backward_mtrf_env_onset.summary.json,results_env_onset\sub-019\sub-019_backward_mtrf_env_onset.trial_results.csv
sub-019,,,19,1,0.0431866817308008,0.1791617102046316,0.0819940745826762,0.0971676356219554,0.1367894032093699,0.1475836753697236,-0.0107942721603536,0.0431866817308008,0.8125,32,2,"envelope,onset",data/processed/env_onset/sub-019_mtrf_env_onset.npz,-0.5,0.0,0.05,hamming,1,,l2,1,True,mean,"1.0,1.0",results_env_onset\sub-019\sub-019_backward_mtrf_env_onset.summary.json,results_env_onset\sub-019\sub-019_backward_mtrf_env_onset.trial_results.csv
sub-019,,,20,1,0.1226047921324671,0.1409362804506752,0.0005274943983378,0.1404087860523373,0.1952194849912294,0.0904186867786325,0.1048007982125969,0.1226047921324671,0.8125,32,2,"envelope,onset",data/processed/env_onset/sub-019_mtrf_env_onset.npz,-0.5,0.0,0.05,hamming,1,,l2,1,True,mean,"1.0,1.0",results_env_onset\sub-019\sub-019_backward_mtrf_env_onset.summary.json,results_env_onset\sub-019\sub-019_backward_mtrf_env_onset.trial_results.csv
sub-019,,,21,1,0.0526918049151276,0.0748637567808248,0.013404191915048,0.0614595648657768,0.0685840076696263,0.0246599627051478,0.0439240449644784,0.0526918049151276,0.8125,32,2,"envelope,onset",data/processed/env_onset/sub-019_mtrf_env_onset.npz,-0.5,0.0,0.05,hamming,1,,l2,1,True,mean,"1.0,1.0",results_env_onset\sub-019\sub-019_backward_mtrf_env_onset.summary.json,results_env_onset\sub-019\sub-019_backward_mtrf_env_onset.trial_results.csv
sub-019,,,22,1,0.1914871954629429,0.2372320953932187,-0.0113863799615783,0.2486184753547971,0.227003207622635,0.0926472920515462,0.1343559155710887,0.1914871954629429,0.8125,32,2,"envelope,onset",data/processed/env_onset/sub-019_mtrf_env_onset.npz,-0.5,0.0,0.05,hamming,1,,l2,1,True,mean,"1.0,1.0",results_env_onset\sub-019\sub-019_backward_mtrf_env_onset.summary.json,results_env_onset\sub-019\sub-019_backward_mtrf_env_onset.trial_results.csv
sub-019,,,23,1,0.1589137683927839,0.159159281397719,-0.0166684937151196,0.1758277751128386,0.147130052179831,0.0051302905071017,0.1419997616727293,0.1589137683927839,0.8125,32,2,"envelope,onset",data/processed/env_onset/sub-019_mtrf_env_onset.npz,-0.5,0.0,0.05,hamming,1,,l2,1,True,mean,"1.0,1.0",results_env_onset\sub-019\sub-019_backward_mtrf_env_onset.summary.json,results_env_onset\sub-019\sub-019_backward_mtrf_env_onset.trial_results.csv
sub-019,,,24,0,-0.0369813526699452,0.0783550553084672,0.0859958944881128,-0.0076408391796456,0.0244586227761518,0.0907804889363967,-0.0663218661602448,-0.0369813526699452,0.8125,32,2,"envelope,onset",data/processed/env_onset/sub-019_mtrf_env_onset.npz,-0.5,0.0,0.05,hamming,1,,l2,1,True,mean,"1.0,1.0",results_env_onset\sub-019\sub-019_backward_mtrf_env_onset.summary.json,results_env_onset\sub-019\sub-019_backward_mtrf_env_onset.trial_results.csv
sub-019,,,25,0,-0.0221064027938442,0.1003056983964428,0.1043046386125599,-0.0039989402161171,0.0959989207236511,0.1362127860952225,-0.0402138653715714,-0.0221064027938442,0.8125,32,2,"envelope,onset",data/processed/env_onset/sub-019_mtrf_env_onset.npz,-0.5,0.0,0.05,hamming,1,,l2,1,True,mean,"1.0,1.0",results_env_onset\sub-019\sub-019_backward_mtrf_env_onset.summary.json,results_env_onset\sub-019\sub-019_backward_mtrf_env_onset.trial_results.csv
sub-019,,,26,1,0.1142630491232491,0.1353816918663377,-0.0194605717697638,0.1548422636361015,0.1070546116674839,0.0333707770570871,0.0736838346103967,0.1142630491232491,0.8125,32,2,"envelope,onset",data/processed/env_onset/sub-019_mtrf_env_onset.npz,-0.5,0.0,0.05,hamming,1,,l2,1,True,mean,"1.0,1.0",results_env_onset\sub-019\sub-019_backward_mtrf_env_onset.summary.json,results_env_onset\sub-019\sub-019_backward_mtrf_env_onset.trial_results.csv
sub-019,,,27,1,0.0389557199865781,0.1179478728865907,0.0392828331736345,0.0786650397129561,0.0691352614417569,0.0698888611815568,-0.0007535997397998,0.0389557199865781,0.8125,32,2,"envelope,onset",data/processed/env_onset/sub-019_mtrf_env_onset.npz,-0.5,0.0,0.05,hamming,1,,l2,1,True,mean,"1.0,1.0",results_env_onset\sub-019\sub-019_backward_mtrf_env_onset.summary.json,results_env_onset\sub-019\sub-019_backward_mtrf_env_onset.trial_results.csv
sub-019,,,28,1,0.0922619009625912,0.1462556396170145,0.0253551330852786,0.1209005065317358,0.1311186639055066,0.0674953685120601,0.0636232953934465,0.0922619009625912,0.8125,32,2,"envelope,onset",data/processed/env_onset/sub-019_mtrf_env_onset.npz,-0.5,0.0,0.05,hamming,1,,l2,1,True,mean,"1.0,1.0",results_env_onset\sub-019\sub-019_backward_mtrf_env_onset.summary.json,results_env_onset\sub-019\sub-019_backward_mtrf_env_onset.trial_results.csv
sub-019,,,29,1,0.0169506804388325,0.1444414896468309,0.0790219331138514,0.0654195565329795,0.0881993738005833,0.1197175694558977,-0.0315181956553144,0.0169506804388325,0.8125,32,2,"envelope,onset",data/processed/env_onset/sub-019_mtrf_env_onset.npz,-0.5,0.0,0.05,hamming,1,,l2,1,True,mean,"1.0,1.0",results_env_onset\sub-019\sub-019_backward_mtrf_env_onset.summary.json,results_env_onset\sub-019\sub-019_backward_mtrf_env_onset.trial_results.csv
sub-019,,,30,0,-0.0191762316790541,0.0595174253121316,0.0517541102276007,0.0077633150845309,0.0517566895635739,0.0978724680062131,-0.0461157784426391,-0.0191762316790541,0.8125,32,2,"envelope,onset",data/processed/env_onset/sub-019_mtrf_env_onset.npz,-0.5,0.0,0.05,hamming,1,,l2,1,True,mean,"1.0,1.0",results_env_onset\sub-019\sub-019_backward_mtrf_env_onset.summary.json,results_env_onset\sub-019\sub-019_backward_mtrf_env_onset.trial_results.csv
sub-019,,,31,1,0.0704936731279202,0.1378867589846541,0.0448440271795444,0.0930427318051097,0.0781175188461518,0.030172904395421,0.0479446144507308,0.0704936731279202,0.8125,32,2,"envelope,onset",data/processed/env_onset/sub-019_mtrf_env_onset.npz,-0.5,0.0,0.05,hamming,1,,l2,1,True,mean,"1.0,1.0",results_env_onset\sub-019\sub-019_backward_mtrf_env_onset.summary.json,results_env_onset\sub-019\sub-019_backward_mtrf_env_onset.trial_results.csv
sub-020,,,0,1,0.1926510022315347,0.1672616490626961,-0.0258161457188593,0.1930777947815555,0.1966103886235536,0.0043861789420396,0.1922242096815139,0.1926510022315347,1.0,32,2,"envelope,onset",data/processed/env_onset/sub-020_mtrf_env_onset.npz,-0.5,0.0,0.05,hamming,1,,l2,1,True,mean,"1.0,1.0",results_env_onset\sub-020\sub-020_backward_mtrf_env_onset.summary.json,results_env_onset\sub-020\sub-020_backward_mtrf_env_onset.trial_results.csv
sub-020,,,1,1,0.0372272135156811,0.0898952956658316,0.0466044555504679,0.0432908401153637,0.097272879308621,0.0661092923926225,0.0311635869159985,0.0372272135156811,1.0,32,2,"envelope,onset",data/processed/env_onset/sub-020_mtrf_env_onset.npz,-0.5,0.0,0.05,hamming,1,,l2,1,True,mean,"1.0,1.0",results_env_onset\sub-020\sub-020_backward_mtrf_env_onset.summary.json,results_env_onset\sub-020\sub-020_backward_mtrf_env_onset.trial_results.csv
sub-020,,,2,1,0.0783732944217542,0.1234922832510519,0.0073731797291908,0.1161191035218611,0.0803673932542798,0.0397399079326324,0.0406274853216474,0.0783732944217542,1.0,32,2,"envelope,onset",data/processed/env_onset/sub-020_mtrf_env_onset.npz,-0.5,0.0,0.05,hamming,1,,l2,1,True,mean,"1.0,1.0",results_env_onset\sub-020\sub-020_backward_mtrf_env_onset.summary.json,results_env_onset\sub-020\sub-020_backward_mtrf_env_onset.trial_results.csv
sub-020,,,3,1,0.0371390873080248,0.0560397022028496,0.0171176054158154,0.0389220967870342,0.105011152341063,0.0696550745120476,0.0353560778290153,0.0371390873080248,1.0,32,2,"envelope,onset",data/processed/env_onset/sub-020_mtrf_env_onset.npz,-0.5,0.0,0.05,hamming,1,,l2,1,True,mean,"1.0,1.0",results_env_onset\sub-020\sub-020_backward_mtrf_env_onset.summary.json,results_env_onset\sub-020\sub-020_backward_mtrf_env_onset.trial_results.csv
sub-020,,,4,1,0.1265377557804293,0.0764103851562534,-0.049564599945428,0.1259749851016814,0.1383205129522202,0.0112199864930429,0.1271005264591772,0.1265377557804293,1.0,32,2,"envelope,onset",data/processed/env_onset/sub-020_mtrf_env_onset.npz,-0.5,0.0,0.05,hamming,1,,l2,1,True,mean,"1.0,1.0",results_env_onset\sub-020\sub-020_backward_mtrf_env_onset.summary.json,results_env_onset\sub-020\sub-020_backward_mtrf_env_onset.trial_results.csv
sub-020,,,5,1,0.2452091631090958,0.2039137132585435,-0.062024957783124,0.2659386710416675,0.1250872973169029,-0.0993923578596212,0.2244796551765241,0.2452091631090958,1.0,32,2,"envelope,onset",data/processed/env_onset/sub-020_mtrf_env_onset.npz,-0.5,0.0,0.05,hamming,1,,l2,1,True,mean,"1.0,1.0",results_env_onset\sub-020\sub-020_backward_mtrf_env_onset.summary.json,results_env_onset\sub-020\sub-020_backward_mtrf_env_onset.trial_results.csv
sub-020,,,6,1,0.171202653254226,0.1620862269666909,-0.0413152612293043,0.2034014881959953,0.1142835115209844,-0.0247203067914723,0.1390038183124567,0.171202653254226,1.0,32,2,"envelope,onset",data/processed/env_onset/sub-020_mtrf_env_onset.npz,-0.5,0.0,0.05,hamming,1,,l2,1,True,mean,"1.0,1.0",results_env_onset\sub-020\sub-020_backward_mtrf_env_onset.summary.json,results_env_onset\sub-020\sub-020_backward_mtrf_env_onset.trial_results.csv
sub-020,,,7,1,0.1913089390081177,0.1946070478882643,-0.0065570172074802,0.2011640650957445,0.1921634329903812,0.0107096200698902,0.1814538129204909,0.1913089390081177,1.0,32,2,"envelope,onset",data/processed/env_onset/sub-020_mtrf_env_onset.npz,-0.5,0.0,0.05,hamming,1,,l2,1,True,mean,"1.0,1.0",results_env_onset\sub-020\sub-020_backward_mtrf_env_onset.summary.json,results_env_onset\sub-020\sub-020_backward_mtrf_env_onset.trial_results.csv
sub-020,,,8,1,0.2159182656565385,0.1430304043399189,-0.0262871961023088,0.1693176004422278,0.2045945271037175,-0.0579244037671316,0.2625189308708492,0.2159182656565385,1.0,32,2,"envelope,onset",data/processed/env_onset/sub-020_mtrf_env_onset.npz,-0.5,0.0,0.05,hamming,1,,l2,1,True,mean,"1.0,1.0",results_env_onset\sub-020\sub-020_backward_mtrf_env_onset.summary.json,results_env_onset\sub-020\sub-020_backward_mtrf_env_onset.trial_results.csv
sub-020,,,9,1,0.188021064699277,0.1903647337763472,0.0127363177541512,0.1776284160221959,0.1964923378971788,-0.0019213754791793,0.1984137133763581,0.188021064699277,1.0,32,2,"envelope,onset",data/processed/env_onset/sub-020_mtrf_env_onset.npz,-0.5,0.0,0.05,hamming,1,,l2,1,True,mean,"1.0,1.0",results_env_onset\sub-020\sub-020_backward_mtrf_env_onset.summary.json,results_env_onset\sub-020\sub-020_backward_mtrf_env_onset.trial_results.csv
sub-020,,,10,1,0.058450393828443,0.148781641766047,0.0430075332504762,0.1057741085155708,0.0744066551132633,0.0632799759719482,0.0111266791413151,0.058450393828443,1.0,32,2,"envelope,onset",data/processed/env_onset/sub-020_mtrf_env_onset.npz,-0.5,0.0,0.05,hamming,1,,l2,1,True,mean,"1.0,1.0",results_env_onset\sub-020\sub-020_backward_mtrf_env_onset.summary.json,results_env_onset\sub-020\sub-020_backward_mtrf_env_onset.trial_results.csv
sub-020,,,11,1,0.0923236219517679,0.1774179115698119,0.081698443939839,0.0957194676299729,0.2137706005549549,0.1248428242813919,0.088927776273563,0.0923236219517679,1.0,32,2,"envelope,onset",data/processed/env_onset/sub-020_mtrf_env_onset.npz,-0.5,0.0,0.05,hamming,1,,l2,1,True,mean,"1.0,1.0",results_env_onset\sub-020\sub-020_backward_mtrf_env_onset.summary.json,results_env_onset\sub-020\sub-020_backward_mtrf_env_onset.trial_results.csv
sub-020,,,12,1,0.1300448884795014,0.1234300636729453,0.0263218733622787,0.0971081903106666,0.1658288419026495,0.0028472552543133,0.1629815866483362,0.1300448884795014,1.0,32,2,"envelope,onset",data/processed/env_onset/sub-020_mtrf_env_onset.npz,-0.5,0.0,0.05,hamming,1,,l2,1,True,mean,"1.0,1.0",results_env_onset\sub-020\sub-020_backward_mtrf_env_onset.summary.json,results_env_onset\sub-020\sub-020_backward_mtrf_env_onset.trial_results.csv
sub-020,,,13,1,0.0617894517287627,0.0907111033550114,-0.0278909110230133,0.1186020143780247,0.0826766882387741,0.0776997991592733,0.0049768890795007,0.0617894517287627,1.0,32,2,"envelope,onset",data/processed/env_onset/sub-020_mtrf_env_onset.npz,-0.5,0.0,0.05,hamming,1,,l2,1,True,mean,"1.0,1.0",results_env_onset\sub-020\sub-020_backward_mtrf_env_onset.summary.json,results_env_onset\sub-020\sub-020_backward_mtrf_env_onset.trial_results.csv
sub-020,,,14,1,0.1216490470042755,0.0966295323078076,-0.0139421444275585,0.1105716767353662,0.1072012138433946,-0.02552520342979,0.1327264172731848,0.1216490470042755,1.0,32,2,"envelope,onset",data/processed/env_onset/sub-020_mtrf_env_onset.npz,-0.5,0.0,0.05,hamming,1,,l2,1,True,mean,"1.0,1.0",results_env_onset\sub-020\sub-020_backward_mtrf_env_onset.summary.json,results_env_onset\sub-020\sub-020_backward_mtrf_env_onset.trial_results.csv
sub-020,,,15,1,0.1600335238575178,0.1867369381168789,0.0008533429517014,0.1858835951651774,0.1967879926733393,0.0626045401234811,0.1341834525498581,0.1600335238575178,1.0,32,2,"envelope,onset",data/processed/env_onset/sub-020_mtrf_env_onset.npz,-0.5,0.0,0.05,hamming,1,,l2,1,True,mean,"1.0,1.0",results_env_onset\sub-020\sub-020_backward_mtrf_env_onset.summary.json,results_env_onset\sub-020\sub-020_backward_mtrf_env_onset.trial_results.csv
sub-020,,,16,1,0.0749472890187892,0.1143657318657191,0.0539148336191596,0.0604508982465594,0.1425149431077488,0.0530712633167297,0.089443679791019,0.0749472890187892,1.0,32,2,"envelope,onset",data/processed/env_onset/sub-020_mtrf_env_onset.npz,-0.5,0.0,0.05,hamming,1,,l2,1,True,mean,"1.0,1.0",results_env_onset\sub-020\sub-020_backward_mtrf_env_onset.summary.json,results_env_onset\sub-020\sub-020_backward_mtrf_env_onset.trial_results.csv
sub-020,,,17,1,0.1233517180177966,0.1302505857726157,-0.0005772542738817,0.1308278400464974,0.1448789826839834,0.0290033866948877,0.1158755959890957,0.1233517180177966,1.0,32,2,"envelope,onset",data/processed/env_onset/sub-020_mtrf_env_onset.npz,-0.5,0.0,0.05,hamming,1,,l2,1,True,mean,"1.0,1.0",results_env_onset\sub-020\sub-020_backward_mtrf_env_onset.summary.json,results_env_onset\sub-020\sub-020_backward_mtrf_env_onset.trial_results.csv
sub-020,,,18,1,0.064712831643524,0.0997181542052266,0.0160414515786404,0.0836767026265862,0.0786257983368723,0.0328768376764104,0.0457489606604618,0.064712831643524,1.0,32,2,"envelope,onset",data/processed/env_onset/sub-020_mtrf_env_onset.npz,-0.5,0.0,0.05,hamming,1,,l2,1,True,mean,"1.0,1.0",results_env_onset\sub-020\sub-020_backward_mtrf_env_onset.summary.json,results_env_onset\sub-020\sub-020_backward_mtrf_env_onset.trial_results.csv
sub-020,,,19,1,0.1055270397826488,0.0970933306572061,0.0222733300998701,0.0748200005573359,0.1628612516472073,0.0266271726392456,0.1362340790079616,0.1055270397826488,1.0,32,2,"envelope,onset",data/processed/env_onset/sub-020_mtrf_env_onset.npz,-0.5,0.0,0.05,hamming,1,,l2,1,True,mean,"1.0,1.0",results_env_onset\sub-020\sub-020_backward_mtrf_env_onset.summary.json,results_env_onset\sub-020\sub-020_backward_mtrf_env_onset.trial_results.csv
sub-020,,,20,1,0.0401764781678583,0.1046970726612022,0.0496058786846561,0.0550911939765461,0.1513405427278392,0.1260787803686687,0.0252617623591705,0.0401764781678583,1.0,32,2,"envelope,onset",data/processed/env_onset/sub-020_mtrf_env_onset.npz,-0.5,0.0,0.05,hamming,1,,l2,1,True,mean,"1.0,1.0",results_env_onset\sub-020\sub-020_backward_mtrf_env_onset.summary.json,results_env_onset\sub-020\sub-020_backward_mtrf_env_onset.trial_results.csv
sub-020,,,21,1,0.1957573262098479,0.1918814828941389,-0.0333398229981542,0.2252213058922931,0.1842449756551843,0.0179516291277815,0.1662933465274028,0.1957573262098479,1.0,32,2,"envelope,onset",data/processed/env_onset/sub-020_mtrf_env_onset.npz,-0.5,0.0,0.05,hamming,1,,l2,1,True,mean,"1.0,1.0",results_env_onset\sub-020\sub-020_backward_mtrf_env_onset.summary.json,results_env_onset\sub-020\sub-020_backward_mtrf_env_onset.trial_results.csv
sub-020,,,22,1,0.0704797824301486,0.1353997395311993,0.0583072525233046,0.0770924870078946,0.148892840277504,0.0850257624251013,0.0638670778524027,0.0704797824301486,1.0,32,2,"envelope,onset",data/processed/env_onset/sub-020_mtrf_env_onset.npz,-0.5,0.0,0.05,hamming,1,,l2,1,True,mean,"1.0,1.0",results_env_onset\sub-020\sub-020_backward_mtrf_env_onset.summary.json,results_env_onset\sub-020\sub-020_backward_mtrf_env_onset.trial_results.csv
sub-020,,,23,1,0.0922447998017607,0.1179116849465217,-0.0261593045070097,0.1440709894535314,0.0816525177140602,0.0412339075640701,0.04041861014999,0.0922447998017607,1.0,32,2,"envelope,onset",data/processed/env_onset/sub-020_mtrf_env_onset.npz,-0.5,0.0,0.05,hamming,1,,l2,1,True,mean,"1.0,1.0",results_env_onset\sub-020\sub-020_backward_mtrf_env_onset.summary.json,results_env_onset\sub-020\sub-020_backward_mtrf_env_onset.trial_results.csv
sub-020,,,24,1,0.1743667360981608,0.1594241311957078,-0.0476318612946627,0.2070559924903705,0.1144751385391097,-0.0272023411668414,0.1416774797059512,0.1743667360981608,1.0,32,2,"envelope,onset",data/processed/env_onset/sub-020_mtrf_env_onset.npz,-0.5,0.0,0.05,hamming,1,,l2,1,True,mean,"1.0,1.0",results_env_onset\sub-020\sub-020_backward_mtrf_env_onset.summary.json,results_env_onset\sub-020\sub-020_backward_mtrf_env_onset.trial_results.csv
sub-020,,,25,1,0.0637054691010231,0.1536256844275524,0.0880346796557825,0.0655910047717698,0.1529005879474959,0.0910806545172194,0.0618199334302764,0.0637054691010231,1.0,32,2,"envelope,onset",data/processed/env_onset/sub-020_mtrf_env_onset.npz,-0.5,0.0,0.05,hamming,1,,l2,1,True,mean,"1.0,1.0",results_env_onset\sub-020\sub-020_backward_mtrf_env_onset.summary.json,results_env_onset\sub-020\sub-020_backward_mtrf_env_onset.trial_results.csv
sub-020,,,26,1,0.0893621937408129,0.121523500679939,0.0094411403348724,0.1120823603450666,0.1064295179193284,0.0397874907827691,0.0666420271365592,0.0893621937408129,1.0,32,2,"envelope,onset",data/processed/env_onset/sub-020_mtrf_env_onset.npz,-0.5,0.0,0.05,hamming,1,,l2,1,True,mean,"1.0,1.0",results_env_onset\sub-020\sub-020_backward_mtrf_env_onset.summary.json,results_env_onset\sub-020\sub-020_backward_mtrf_env_onset.trial_results.csv
sub-020,,,27,1,0.0872205055965452,0.1190537779774909,0.0192049016651312,0.0998488763123596,0.0988447538706224,0.0242526189898916,0.0745921348807307,0.0872205055965452,1.0,32,2,"envelope,onset",data/processed/env_onset/sub-020_mtrf_env_onset.npz,-0.5,0.0,0.05,hamming,1,,l2,1,True,mean,"1.0,1.0",results_env_onset\sub-020\sub-020_backward_mtrf_env_onset.summary.json,results_env_onset\sub-020\sub-020_backward_mtrf_env_onset.trial_results.csv
sub-020,,,28,1,0.0974059632193395,0.0945194855672904,0.0110150348625173,0.083504450704773,0.1054239769237042,-0.0058834988102018,0.111307475733906,0.0974059632193395,1.0,32,2,"envelope,onset",data/processed/env_onset/sub-020_mtrf_env_onset.npz,-0.5,0.0,0.05,hamming,1,,l2,1,True,mean,"1.0,1.0",results_env_onset\sub-020\sub-020_backward_mtrf_env_onset.summary.json,results_env_onset\sub-020\sub-020_backward_mtrf_env_onset.trial_results.csv
sub-020,,,29,1,0.1329616561356441,0.165003119270601,-0.0060422552057879,0.171045374476389,0.1154566187384526,0.0205786809435533,0.0948779377948992,0.1329616561356441,1.0,32,2,"envelope,onset",data/processed/env_onset/sub-020_mtrf_env_onset.npz,-0.5,0.0,0.05,hamming,1,,l2,1,True,mean,"1.0,1.0",results_env_onset\sub-020\sub-020_backward_mtrf_env_onset.summary.json,results_env_onset\sub-020\sub-020_backward_mtrf_env_onset.trial_results.csv
sub-020,,,30,1,0.1957808537611544,0.2012353561160698,-0.0432985123352899,0.2445338684513597,0.1736664656421237,0.0266386265711745,0.1470278390709491,0.1957808537611544,1.0,32,2,"envelope,onset",data/processed/env_onset/sub-020_mtrf_env_onset.npz,-0.5,0.0,0.05,hamming,1,,l2,1,True,mean,"1.0,1.0",results_env_onset\sub-020\sub-020_backward_mtrf_env_onset.summary.json,results_env_onset\sub-020\sub-020_backward_mtrf_env_onset.trial_results.csv
sub-020,,,31,1,0.1813821694664399,0.1926176160988781,-0.0342706599987636,0.2268882760976418,0.1771826546836074,0.0413065918483693,0.135876062835238,0.1813821694664399,1.0,32,2,"envelope,onset",data/processed/env_onset/sub-020_mtrf_env_onset.npz,-0.5,0.0,0.05,hamming,1,,l2,1,True,mean,"1.0,1.0",results_env_onset\sub-020\sub-020_backward_mtrf_env_onset.summary.json,results_env_onset\sub-020\sub-020_backward_mtrf_env_onset.trial_results.csv
sub-021,,,0,0,-5.955142561342788e-05,0.0317576362667013,0.0611352995469609,-0.0293776632802595,0.0334758109776771,0.0042172505486444,0.0292585604290327,-5.955142561342788e-05,0.78125,32,2,"envelope,onset",data/processed/env_onset/sub-021_mtrf_env_onset.npz,-0.5,0.0,0.05,hamming,1,,l2,1,True,mean,"1.0,1.0",results_env_onset\sub-021\sub-021_backward_mtrf_env_onset.summary.json,results_env_onset\sub-021\sub-021_backward_mtrf_env_onset.trial_results.csv
sub-021,,,1,1,0.1370180055869883,0.1233512488416067,-0.0191587448525948,0.1425099936942015,0.1349534303804922,0.003427412900717,0.1315260174797752,0.1370180055869883,0.78125,32,2,"envelope,onset",data/processed/env_onset/sub-021_mtrf_env_onset.npz,-0.5,0.0,0.05,hamming,1,,l2,1,True,mean,"1.0,1.0",results_env_onset\sub-021\sub-021_backward_mtrf_env_onset.summary.json,results_env_onset\sub-021\sub-021_backward_mtrf_env_onset.trial_results.csv
sub-021,,,2,1,0.0749731089032046,0.0739298017977039,0.0224418590202377,0.0514879427774662,0.0807674428750198,-0.0176908321539231,0.098458275028943,0.0749731089032046,0.78125,32,2,"envelope,onset",data/processed/env_onset/sub-021_mtrf_env_onset.npz,-0.5,0.0,0.05,hamming,1,,l2,1,True,mean,"1.0,1.0",results_env_onset\sub-021\sub-021_backward_mtrf_env_onset.summary.json,results_env_onset\sub-021\sub-021_backward_mtrf_env_onset.trial_results.csv
sub-021,,,3,0,-0.0438763360676989,0.0262833966985716,0.0854011141918529,-0.0591177174932812,0.082057475680057,0.1106924303221736,-0.0286349546421165,-0.0438763360676989,0.78125,32,2,"envelope,onset",data/processed/env_onset/sub-021_mtrf_env_onset.npz,-0.5,0.0,0.05,hamming,1,,l2,1,True,mean,"1.0,1.0",results_env_onset\sub-021\sub-021_backward_mtrf_env_onset.summary.json,results_env_onset\sub-021\sub-021_backward_mtrf_env_onset.trial_results.csv
sub-021,,,4,1,0.123575231705423,0.0957829563044047,-0.0312652081329111,0.1270481644373158,0.0872337855080696,-0.0328685134654606,0.1201022989735302,0.123575231705423,0.78125,32,2,"envelope,onset",data/processed/env_onset/sub-021_mtrf_env_onset.npz,-0.5,0.0,0.05,hamming,1,,l2,1,True,mean,"1.0,1.0",results_env_onset\sub-021\sub-021_backward_mtrf_env_onset.summary.json,results_env_onset\sub-021\sub-021_backward_mtrf_env_onset.trial_results.csv
sub-021,,,5,0,-0.038128617321823,-0.0073758497992842,0.0116690524786295,-0.0190449022779137,-0.0146893144144794,0.042523017951253,-0.0572123323657324,-0.038128617321823,0.78125,32,2,"envelope,onset",data/processed/env_onset/sub-021_mtrf_env_onset.npz,-0.5,0.0,0.05,hamming,1,,l2,1,True,mean,"1.0,1.0",results_env_onset\sub-021\sub-021_backward_mtrf_env_onset.summary.json,results_env_onset\sub-021\sub-021_backward_mtrf_env_onset.trial_results.csv
sub-021,,,6,1,0.1536977016107347,0.1040857464081163,-0.0541116383920244,0.1581973848001408,0.0771360216722226,-0.0720619967491059,0.1491980184213285,0.1536977016107347,0.78125,32,2,"envelope,onset",data/processed/env_onset/sub-021_mtrf_env_onset.npz,-0.5,0.0,0.05,hamming,1,,l2,1,True,mean,"1.0,1.0",results_env_onset\sub-021\sub-021_backward_mtrf_env_onset.summary.json,results_env_onset\sub-021\sub-021_backward_mtrf_env_onset.trial_results.csv
sub-021,,,7,0,-0.0388243651705973,-0.0042491003543795,0.0641049651299155,-0.068354065484295,0.0126535890795539,0.0219482539364534,-0.0092946648568995,-0.0388243651705973,0.78125,32,2,"envelope,onset",data/processed/env_onset/sub-021_mtrf_env_onset.npz,-0.5,0.0,0.05,hamming,1,,l2,1,True,mean,"1.0,1.0",results_env_onset\sub-021\sub-021_backward_mtrf_env_onset.summary.json,results_env_onset\sub-021\sub-021_backward_mtrf_env_onset.trial_results.csv
sub-021,,,8,1,0.1043171111795107,0.0554070906817969,-0.0270404817137435,0.0824475723955404,0.0584599976029097,-0.0677266523605713,0.1261866499634811,0.1043171111795107,0.78125,32,2,"envelope,onset",data/processed/env_onset/sub-021_mtrf_env_onset.npz,-0.5,0.0,0.05,hamming,1,,l2,1,True,mean,"1.0,1.0",results_env_onset\sub-021\sub-021_backward_mtrf_env_onset.summary.json,results_env_onset\sub-021\sub-021_backward_mtrf_env_onset.trial_results.csv
sub-021,,,9,1,0.133908728016329,0.1238073482648306,-0.0133269256910807,0.1371342739559114,0.1295209217930644,-0.0011622602836822,0.1306831820767466,0.133908728016329,0.78125,32,2,"envelope,onset",data/processed/env_onset/sub-021_mtrf_env_onset.npz,-0.5,0.0,0.05,hamming,1,,l2,1,True,mean,"1.0,1.0",results_env_onset\sub-021\sub-021_backward_mtrf_env_onset.summary.json,results_env_onset\sub-021\sub-021_backward_mtrf_env_onset.trial_results.csv
sub-021,,,10,0,-0.0249693817962035,0.0393873651737683,0.0411045788142954,-0.0017172136405271,0.0194097364173658,0.0676312863692457,-0.0482215499518799,-0.0249693817962035,0.78125,32,2,"envelope,onset",data/processed/env_onset/sub-021_mtrf_env_onset.npz,-0.5,0.0,0.05,hamming,1,,l2,1,True,mean,"1.0,1.0",results_env_onset\sub-021\sub-021_backward_mtrf_env_onset.summary.json,results_env_onset\sub-021\sub-021_backward_mtrf_env_onset.trial_results.csv
sub-021,,,11,1,0.0143601028729896,0.0688875116314888,0.0360706739281079,0.0328168377033809,0.0246558290016531,0.0287524609590548,-0.0040966319574016,0.0143601028729896,0.78125,32,2,"envelope,onset",data/processed/env_onset/sub-021_mtrf_env_onset.npz,-0.5,0.0,0.05,hamming,1,,l2,1,True,mean,"1.0,1.0",results_env_onset\sub-021\sub-021_backward_mtrf_env_onset.summary.json,results_env_onset\sub-021\sub-021_backward_mtrf_env_onset.trial_results.csv
sub-021,,,12,1,0.0694045613773626,0.0807927203873823,0.0410790060289424,0.0397137143584398,0.1185337238464442,0.0194383154501589,0.0990954083962853,0.0694045613773626,0.78125,32,2,"envelope,onset",data/processed/env_onset/sub-021_mtrf_env_onset.npz,-0.5,0.0,0.05,hamming,1,,l2,1,True,mean,"1.0,1.0",results_env_onset\sub-021\sub-021_backward_mtrf_env_onset.summary.json,results_env_onset\sub-021\sub-021_backward_mtrf_env_onset.trial_results.csv
sub-021,,,13,1,0.1659074702982637,0.1353843888759957,-0.0676888236091987,0.2030732124851944,0.083507153132556,-0.0452345749787769,0.128741728111333,0.1659074702982637,0.78125,32,2,"envelope,onset",data/processed/env_onset/sub-021_mtrf_env_onset.npz,-0.5,0.0,0.05,hamming,1,,l2,1,True,mean,"1.0,1.0",results_env_onset\sub-021\sub-021_backward_mtrf_env_onset.summary.json,results_env_onset\sub-021\sub-021_backward_mtrf_env_onset.trial_results.csv
sub-021,,,14,1,0.006813587737563,-0.0109905113651758,0.0327820104964317,-0.0437725218616075,0.0428029049974512,-0.0145967923392823,0.0573996973367335,0.006813587737563,0.78125,32,2,"envelope,onset",data/processed/env_onset/sub-021_mtrf_env_onset.npz,-0.5,0.0,0.05,hamming,1,,l2,1,True,mean,"1.0,1.0",results_env_onset\sub-021\sub-021_backward_mtrf_env_onset.summary.json,results_env_onset\sub-021\sub-021_backward_mtrf_env_onset.trial_results.csv
sub-021,,,15,1,0.0723762940294008,0.0383201611370684,-0.0112389447345367,0.0495591058716051,0.0489721961295117,-0.0462212860576848,0.0951934821871965,0.0723762940294008,0.78125,32,2,"envelope,onset",data/processed/env_onset/sub-021_mtrf_env_onset.npz,-0.5,0.0,0.05,hamming,1,,l2,1,True,mean,"1.0,1.0",results_env_onset\sub-021\sub-021_backward_mtrf_env_onset.summary.json,results_env_onset\sub-021\sub-021_backward_mtrf_env_onset.trial_results.csv
sub-021,,,16,1,0.0255546232543143,0.0697959582977236,0.0464601705641173,0.0233357877336063,0.0685900150992217,0.0408165563241994,0.0277734587750222,0.0255546232543143,0.78125,32,2,"envelope,onset",data/processed/env_onset/sub-021_mtrf_env_onset.npz,-0.5,0.0,0.05,hamming,1,,l2,1,True,mean,"1.0,1.0",results_env_onset\sub-021\sub-021_backward_mtrf_env_onset.summary.json,results_env_onset\sub-021\sub-021_backward_mtrf_env_onset.trial_results.csv
sub-021,,,17,0,-0.0079394826269764,0.0483247332284062,0.0508737207777454,-0.0025489875493391,0.0577419401388271,0.0710719178434408,-0.0133299777046136,-0.0079394826269764,0.78125,32,2,"envelope,onset",data/processed/env_onset/sub-021_mtrf_env_onset.npz,-0.5,0.0,0.05,hamming,1,,l2,1,True,mean,"1.0,1.0",results_env_onset\sub-021\sub-021_backward_mtrf_env_onset.summary.json,results_env_onset\sub-021\sub-021_backward_mtrf_env_onset.trial_results.csv
sub-021,,,18,1,0.0678546509179354,0.0986575994786832,0.0300737201345949,0.0685838793440883,0.0723013294773643,0.0051759069855817,0.0671254224917825,0.0678546509179354,0.78125,32,2,"envelope,onset",data/processed/env_onset/sub-021_mtrf_env_onset.npz,-0.5,0.0,0.05,hamming,1,,l2,1,True,mean,"1.0,1.0",results_env_onset\sub-021\sub-021_backward_mtrf_env_onset.summary.json,results_env_onset\sub-021\sub-021_backward_mtrf_env_onset.trial_results.csv
sub-021,,,19,1,0.1272432009612923,0.1651592142694878,0.0009442669826911,0.1642149472867967,0.1012154275772509,0.010943972941463,0.0902714546357879,0.1272432009612923,0.78125,32,2,"envelope,onset",data/processed/env_onset/sub-021_mtrf_env_onset.npz,-0.5,0.0,0.05,hamming,1,,l2,1,True,mean,"1.0,1.0",results_env_onset\sub-021\sub-021_backward_mtrf_env_onset.summary.json,results_env_onset\sub-021\sub-021_backward_mtrf_env_onset.trial_results.csv
sub-021,,,20,1,0.0479720108475525,0.0703913054129373,0.0329983745651996,0.0373929308477377,0.0784795133453804,0.0199284224980131,0.0585510908473672,0.0479720108475525,0.78125,32,2,"envelope,onset",data/processed/env_onset/sub-021_mtrf_env_onset.npz,-0.5,0.0,0.05,hamming,1,,l2,1,True,mean,"1.0,1.0",results_env_onset\sub-021\sub-021_backward_mtrf_env_onset.summary.json,results_env_onset\sub-021\sub-021_backward_mtrf_env_onset.trial_results.csv
sub-021,,,21,1,0.0853420059227859,0.1135903856308277,0.0370214765578616,0.076568909072966,0.078801540640677,-0.0153135621319287,0.0941151027726057,0.0853420059227859,0.78125,32,2,"envelope,onset",data/processed/env_onset/sub-021_mtrf_env_onset.npz,-0.5,0.0,0.05,hamming,1,,l2,1,True,mean,"1.0,1.0",results_env_onset\sub-021\sub-021_backward_mtrf_env_onset.summary.json,results_env_onset\sub-021\sub-021_backward_mtrf_env_onset.trial_results.csv
sub-021,,,22,1,0.1641672317281498,0.1918398698021804,0.0013339017935558,0.1905059680086246,0.150265550842661,0.012437055394986,0.1378284954476749,0.1641672317281498,0.78125,32,2,"envelope,onset",data/processed/env_onset/sub-021_mtrf_env_onset.npz,-0.5,0.0,0.05,hamming,1,,l2,1,True,mean,"1.0,1.0",results_env_onset\sub-021\sub-021_backward_mtrf_env_onset.summary.json,results_env_onset\sub-021\sub-021_backward_mtrf_env_onset.trial_results.csv
sub-021,,,23,0,-0.0477005150824745,0.0032339741218253,0.0204217651105971,-0.0171877909887718,0.0097180648920151,0.0879313040681924,-0.0782132391761772,-0.0477005150824745,0.78125,32,2,"envelope,onset",data/processed/env_onset/sub-021_mtrf_env_onset.npz,-0.5,0.0,0.05,hamming,1,,l2,1,True,mean,"1.0,1.0",results_env_onset\sub-021\sub-021_backward_mtrf_env_onset.summary.json,results_env_onset\sub-021\sub-021_backward_mtrf_env_onset.trial_results.csv
sub-021,,,24,1,0.1081053336718388,0.1380749713871445,-0.0075204079278338,0.1455953793149783,0.0476716738105966,-0.0229436142181027,0.0706152880286994,0.1081053336718388,0.78125,32,2,"envelope,onset",data/processed/env_onset/sub-021_mtrf_env_onset.npz,-0.5,0.0,0.05,hamming,1,,l2,1,True,mean,"1.0,1.0",results_env_onset\sub-021\sub-021_backward_mtrf_env_onset.summary.json,results_env_onset\sub-021\sub-021_backward_mtrf_env_onset.trial_results.csv
sub-021,,,25,1,0.1035306149775224,0.0909056773987859,-0.0213382049564439,0.1122438823552299,0.102527865570339,0.0077105179705241,0.0948173475998149,0.1035306149775224,0.78125,32,2,"envelope,onset",data/processed/env_onset/sub-021_mtrf_env_onset.npz,-0.5,0.0,0.05,hamming,1,,l2,1,True,mean,"1.0,1.0",results_env_onset\sub-021\sub-021_backward_mtrf_env_onset.summary.json,results_env_onset\sub-021\sub-021_backward_mtrf_env_onset.trial_results.csv
sub-021,,,26,1,0.1363077261240121,0.1203067110499781,-0.0400238568141184,0.1603305678640965,0.060784032042596,-0.0515008523413317,0.1122848843839277,0.1363077261240121,0.78125,32,2,"envelope,onset",data/processed/env_onset/sub-021_mtrf_env_onset.npz,-0.5,0.0,0.05,hamming,1,,l2,1,True,mean,"1.0,1.0",results_env_onset\sub-021\sub-021_backward_mtrf_env_onset.summary.json,results_env_onset\sub-021\sub-021_backward_mtrf_env_onset.trial_results.csv
sub-021,,,27,1,0.0270843190260698,0.0606452388739034,0.0268592116267174,0.033786027247186,0.0646816316236965,0.044299020818743,0.0203826108049535,0.0270843190260698,0.78125,32,2,"envelope,onset",data/processed/env_onset/sub-021_mtrf_env_onset.npz,-0.5,0.0,0.05,hamming,1,,l2,1,True,mean,"1.0,1.0",results_env_onset\sub-021\sub-021_backward_mtrf_env_onset.summary.json,results_env_onset\sub-021\sub-021_backward_mtrf_env_onset.trial_results.csv
sub-021,,,28,1,0.0699504650302612,0.1132661703502331,0.0454950798923852,0.0677710904578479,0.1169916699543499,0.0448618303516753,0.0721298396026745,0.0699504650302612,0.78125,32,2,"envelope,onset",data/processed/env_onset/sub-021_mtrf_env_onset.npz,-0.5,0.0,0.05,hamming,1,,l2,1,True,mean,"1.0,1.0",results_env_onset\sub-021\sub-021_backward_mtrf_env_onset.summary.json,results_env_onset\sub-021\sub-021_backward_mtrf_env_onset.trial_results.csv
sub-021,,,29,1,0.0477610663061421,0.1401958872633446,0.0676700338467584,0.0725258534165861,0.0666749440074258,0.0436786648117276,0.0229962791956981,0.0477610663061421,0.78125,32,2,"envelope,onset",data/processed/env_onset/sub-021_mtrf_env_onset.npz,-0.5,0.0,0.05,hamming,1,,l2,1,True,mean,"1.0,1.0",results_env_onset\sub-021\sub-021_backward_mtrf_env_onset.summary.json,results_env_onset\sub-021\sub-021_backward_mtrf_env_onset.trial_results.csv
sub-021,,,30,1,0.0451234443209905,0.0452847783364153,0.0189005021514567,0.0263842761849586,0.0607444234315605,-0.0031181890254618,0.0638626124570224,0.0451234443209905,0.78125,32,2,"envelope,onset",data/processed/env_onset/sub-021_mtrf_env_onset.npz,-0.5,0.0,0.05,hamming,1,,l2,1,True,mean,"1.0,1.0",results_env_onset\sub-021\sub-021_backward_mtrf_env_onset.summary.json,results_env_onset\sub-021\sub-021_backward_mtrf_env_onset.trial_results.csv
sub-021,,,31,1,0.051081684768885,0.0082484512954512,-0.0301939457743982,0.0384423970698494,0.0218952474977144,-0.0418257249702062,0.0637209724679206,0.051081684768885,0.78125,32,2,"envelope,onset",data/processed/env_onset/sub-021_mtrf_env_onset.npz,-0.5,0.0,0.05,hamming,1,,l2,1,True,mean,"1.0,1.0",results_env_onset\sub-021\sub-021_backward_mtrf_env_onset.summary.json,results_env_onset\sub-021\sub-021_backward_mtrf_env_onset.trial_results.csv
sub-022,,,0,1,0.1750003613084301,0.17685467482553,0.021492245595164,0.1553624292303659,0.1890826594675259,-0.0055556339189684,0.1946382933864943,0.1750003613084301,0.96875,32,2,"envelope,onset",data/processed/env_onset/sub-022_mtrf_env_onset.npz,-0.5,0.0,0.05,hamming,1,,l2,1,True,mean,"1.0,1.0",results_env_onset\sub-022\sub-022_backward_mtrf_env_onset.summary.json,results_env_onset\sub-022\sub-022_backward_mtrf_env_onset.trial_results.csv
sub-022,,,1,1,0.1812525233729033,0.2013926095469165,0.0010894280594541,0.2003031814874624,0.2397518519506577,0.0775499866923135,0.1622018652583442,0.1812525233729033,0.96875,32,2,"envelope,onset",data/processed/env_onset/sub-022_mtrf_env_onset.npz,-0.5,0.0,0.05,hamming,1,,l2,1,True,mean,"1.0,1.0",results_env_onset\sub-022\sub-022_backward_mtrf_env_onset.summary.json,results_env_onset\sub-022\sub-022_backward_mtrf_env_onset.trial_results.csv
sub-022,,,2,1,0.1278724664600639,0.1613643213188699,0.058563279236766,0.1028010420821039,0.1998331559944036,0.0468892651563796,0.1529438908380239,0.1278724664600639,0.96875,32,2,"envelope,onset",data/processed/env_onset/sub-022_mtrf_env_onset.npz,-0.5,0.0,0.05,hamming,1,,l2,1,True,mean,"1.0,1.0",results_env_onset\sub-022\sub-022_backward_mtrf_env_onset.summary.json,results_env_onset\sub-022\sub-022_backward_mtrf_env_onset.trial_results.csv
sub-022,,,3,1,0.1274929321438376,0.1836825979186365,0.0256571163417648,0.1580254815768717,0.1562490319004477,0.0592886491896441,0.0969603827108036,0.1274929321438376,0.96875,32,2,"envelope,onset",data/processed/env_onset/sub-022_mtrf_env_onset.npz,-0.5,0.0,0.05,hamming,1,,l2,1,True,mean,"1.0,1.0",results_env_onset\sub-022\sub-022_backward_mtrf_env_onset.summary.json,results_env_onset\sub-022\sub-022_backward_mtrf_env_onset.trial_results.csv
sub-022,,,4,1,0.1189513464394244,0.1866620647519716,0.0814365513967887,0.1052255133551829,0.2172533750689097,0.0845761955452437,0.1326771795236659,0.1189513464394244,0.96875,32,2,"envelope,onset",data/processed/env_onset/sub-022_mtrf_env_onset.npz,-0.5,0.0,0.05,hamming,1,,l2,1,True,mean,"1.0,1.0",results_env_onset\sub-022\sub-022_backward_mtrf_env_onset.summary.json,results_env_onset\sub-022\sub-022_backward_mtrf_env_onset.trial_results.csv
sub-022,,,5,1,0.1636796810149753,0.2157635674694611,0.0186703348507344,0.1970932326187267,0.194788123996011,0.0645219945847871,0.1302661294112239,0.1636796810149753,0.96875,32,2,"envelope,onset",data/processed/env_onset/sub-022_mtrf_env_onset.npz,-0.5,0.0,0.05,hamming,1,,l2,1,True,mean,"1.0,1.0",results_env_onset\sub-022\sub-022_backward_mtrf_env_onset.summary.json,results_env_onset\sub-022\sub-022_backward_mtrf_env_onset.trial_results.csv
sub-022,,,6,1,0.1421631658294927,0.1694332453242749,0.0378542854537665,0.1315789598705083,0.1801471715907019,0.0273997998022248,0.152747371788477,0.1421631658294927,0.96875,32,2,"envelope,onset",data/processed/env_onset/sub-022_mtrf_env_onset.npz,-0.5,0.0,0.05,hamming,1,,l2,1,True,mean,"1.0,1.0",results_env_onset\sub-022\sub-022_backward_mtrf_env_onset.summary.json,results_env_onset\sub-022\sub-022_backward_mtrf_env_onset.trial_results.csv
sub-022,,,7,1,0.2268392691085051,0.2294627719051621,-0.0072811984237471,0.2367439703289092,0.2231922365525553,0.0062576686644542,0.216934567888101,0.2268392691085051,0.96875,32,2,"envelope,onset",data/processed/env_onset/sub-022_mtrf_env_onset.npz,-0.5,0.0,0.05,hamming,1,,l2,1,True,mean,"1.0,1.0",results_env_onset\sub-022\sub-022_backward_mtrf_env_onset.summary.json,results_env_onset\sub-022\sub-022_backward_mtrf_env_onset.trial_results.csv
sub-022,,,8,1,0.1511617937211729,0.117878439073686,-0.0107272701186337,0.1286057091923197,0.1641147491399482,-0.0096031291100777,0.1737178782500259,0.1511617937211729,0.96875,32,2,"envelope,onset",data/processed/env_onset/sub-022_mtrf_env_onset.npz,-0.5,0.0,0.05,hamming,1,,l2,1,True,mean,"1.0,1.0",results_env_onset\sub-022\sub-022_backward_mtrf_env_onset.summary.json,results_env_onset\sub-022\sub-022_backward_mtrf_env_onset.trial_results.csv
sub-022,,,9,1,0.2468373965915108,0.1680430347808149,-0.0706422602678142,0.2386852950486291,0.2740438383719734,0.0190543402375807,0.2549894981343926,0.2468373965915108,0.96875,32,2,"envelope,onset",data/processed/env_onset/sub-022_mtrf_env_onset.npz,-0.5,0.0,0.05,hamming,1,,l2,1,True,mean,"1.0,1.0",results_env_onset\sub-022\sub-022_backward_mtrf_env_onset.summary.json,results_env_onset\sub-022\sub-022_backward_mtrf_env_onset.trial_results.csv
sub-022,,,10,0,-0.0409680426061369,0.0673825497966371,0.1282168889460666,-0.0608343391494294,0.1035679230456008,0.1246696691084452,-0.0211017460628444,-0.0409680426061369,0.96875,32,2,"envelope,onset",data/processed/env_onset/sub-022_mtrf_env_onset.npz,-0.5,0.0,0.05,hamming,1,,l2,1,True,mean,"1.0,1.0",results_env_onset\sub-022\sub-022_backward_mtrf_env_onset.summary.json,results_env_onset\sub-022\sub-022_backward_mtrf_env_onset.trial_results.csv
sub-022,,,11,1,0.0591118055832521,0.0674370645273728,0.0029503305990645,0.0644867339283083,0.0448483372066709,-0.008888540031525,0.053736877238196,0.0591118055832521,0.96875,32,2,"envelope,onset",data/processed/env_onset/sub-022_mtrf_env_onset.npz,-0.5,0.0,0.05,hamming,1,,l2,1,True,mean,"1.0,1.0",results_env_onset\sub-022\sub-022_backward_mtrf_env_onset.summary.json,results_env_onset\sub-022\sub-022_backward_mtrf_env_onset.trial_results.csv
sub-022,,,12,1,0.1916056414960499,0.1280003216832347,-0.0281190473188463,0.1561193690020811,0.1806680493296262,-0.0464238646603925,0.2270919139900187,0.1916056414960499,0.96875,32,2,"envelope,onset",data/processed/env_onset/sub-022_mtrf_env_onset.npz,-0.5,0.0,0.05,hamming,1,,l2,1,True,mean,"1.0,1.0",results_env_onset\sub-022\sub-022_backward_mtrf_env_onset.summary.json,results_env_onset\sub-022\sub-022_backward_mtrf_env_onset.trial_results.csv
sub-022,,,13,1,0.1389994564094764,0.1523486184244024,0.0356894096924229,0.1166592087319794,0.20569843555885,0.0443587314718765,0.1613397040869734,0.1389994564094764,0.96875,32,2,"envelope,onset",data/processed/env_onset/sub-022_mtrf_env_onset.npz,-0.5,0.0,0.05,hamming,1,,l2,1,True,mean,"1.0,1.0",results_env_onset\sub-022\sub-022_backward_mtrf_env_onset.summary.json,results_env_onset\sub-022\sub-022_backward_mtrf_env_onset.trial_results.csv
sub-022,,,14,1,0.1624283804678661,0.1704998875773868,0.0059634381134708,0.1645364494639159,0.1908537817248302,0.0305334702530138,0.1603203114718163,0.1624283804678661,0.96875,32,2,"envelope,onset",data/processed/env_onset/sub-022_mtrf_env_onset.npz,-0.5,0.0,0.05,hamming,1,,l2,1,True,mean,"1.0,1.0",results_env_onset\sub-022\sub-022_backward_mtrf_env_onset.summary.json,results_env_onset\sub-022\sub-022_backward_mtrf_env_onset.trial_results.csv
sub-022,,,15,1,0.1586779290886198,0.1167075722875396,-0.0600071525877636,0.1767147248753033,0.1191095943133721,-0.0215315389885642,0.1406411333019363,0.1586779290886198,0.96875,32,2,"envelope,onset",data/processed/env_onset/sub-022_mtrf_env_onset.npz,-0.5,0.0,0.05,hamming,1,,l2,1,True,mean,"1.0,1.0",results_env_onset\sub-022\sub-022_backward_mtrf_env_onset.summary.json,results_env_onset\sub-022\sub-022_backward_mtrf_env_onset.trial_results.csv
sub-022,,,16,1,0.0147024114781096,0.0802724090389375,0.0401405689410825,0.0401318400978549,0.1059096537352285,0.1166366708768642,-0.0107270171416356,0.0147024114781096,0.96875,32,2,"envelope,onset",data/processed/env_onset/sub-022_mtrf_env_onset.npz,-0.5,0.0,0.05,hamming,1,,l2,1,True,mean,"1.0,1.0",results_env_onset\sub-022\sub-022_backward_mtrf_env_onset.summary.json,results_env_onset\sub-022\sub-022_backward_mtrf_env_onset.trial_results.csv
sub-022,,,17,1,0.2179732345943151,0.1905290738950664,0.0146108659301963,0.1759182079648701,0.2544419761830832,-0.0055862850406769,0.2600282612237601,0.2179732345943151,0.96875,32,2,"envelope,onset",data/processed/env_onset/sub-022_mtrf_env_onset.npz,-0.5,0.0,0.05,hamming,1,,l2,1,True,mean,"1.0,1.0",results_env_onset\sub-022\sub-022_backward_mtrf_env_onset.summary.json,results_env_onset\sub-022\sub-022_backward_mtrf_env_onset.trial_results.csv
sub-022,,,18,1,0.0278761606215688,0.1066139706591305,0.0794991544995919,0.0271148161595386,0.1419811466398425,0.1133436415562435,0.0286375050835989,0.0278761606215688,0.96875,32,2,"envelope,onset",data/processed/env_onset/sub-022_mtrf_env_onset.npz,-0.5,0.0,0.05,hamming,1,,l2,1,True,mean,"1.0,1.0",results_env_onset\sub-022\sub-022_backward_mtrf_env_onset.summary.json,results_env_onset\sub-022\sub-022_backward_mtrf_env_onset.trial_results.csv
sub-022,,,19,1,0.1884024628959809,0.2654133128380551,0.0259576055968639,0.2394557072411911,0.2522368707758656,0.114887652225095,0.1373492185507706,0.1884024628959809,0.96875,32,2,"envelope,onset",data/processed/env_onset/sub-022_mtrf_env_onset.npz,-0.5,0.0,0.05,hamming,1,,l2,1,True,mean,"1.0,1.0",results_env_onset\sub-022\sub-022_backward_mtrf_env_onset.summary.json,results_env_onset\sub-022\sub-022_backward_mtrf_env_onset.trial_results.csv
sub-022,,,20,1,0.1387066153938579,0.1193311017865231,-0.012350217181379,0.1316813189679021,0.1329079510838317,-0.0128239607359819,0.1457319118198137,0.1387066153938579,0.96875,32,2,"envelope,onset",data/processed/env_onset/sub-022_mtrf_env_onset.npz,-0.5,0.0,0.05,hamming,1,,l2,1,True,mean,"1.0,1.0",results_env_onset\sub-022\sub-022_backward_mtrf_env_onset.summary.json,results_env_onset\sub-022\sub-022_backward_mtrf_env_onset.trial_results.csv
sub-022,,,21,1,0.0523694601079221,0.1426723133216615,0.0682695191769201,0.0744027941447413,0.1089955544243032,0.0786594283532003,0.0303361260711029,0.0523694601079221,0.96875,32,2,"envelope,onset",data/processed/env_onset/sub-022_mtrf_env_onset.npz,-0.5,0.0,0.05,hamming,1,,l2,1,True,mean,"1.0,1.0",results_env_onset\sub-022\sub-022_backward_mtrf_env_onset.summary.json,results_env_onset\sub-022\sub-022_backward_mtrf_env_onset.trial_results.csv
sub-022,,,22,1,0.0258790609778963,0.122692186612692,0.0562887156212454,0.0664034709914466,0.1192440694610098,0.1338894184966637,-0.0146453490356538,0.0258790609778963,0.96875,32,2,"envelope,onset",data/processed/env_onset/sub-022_mtrf_env_onset.npz,-0.5,0.0,0.05,hamming,1,,l2,1,True,mean,"1.0,1.0",results_env_onset\sub-022\sub-022_backward_mtrf_env_onset.summary.json,results_env_onset\sub-022\sub-022_backward_mtrf_env_onset.trial_results.csv
sub-022,,,23,1,0.1082490359869032,0.1828264914666158,0.0891152750680402,0.0937112163985756,0.1867880958541551,0.0640012402789242,0.1227868555752308,0.1082490359869032,0.96875,32,2,"envelope,onset",data/processed/env_onset/sub-022_mtrf_env_onset.npz,-0.5,0.0,0.05,hamming,1,,l2,1,True,mean,"1.0,1.0",results_env_onset\sub-022\sub-022_backward_mtrf_env_onset.summary.json,results_env_onset\sub-022\sub-022_backward_mtrf_env_onset.trial_results.csv
sub-022,,,24,1,0.0330758520365559,0.1360810517767366,0.0878227851977663,0.0482582665789702,0.1351109792181576,0.1172175417240158,0.0178934374941417,0.0330758520365559,0.96875,32,2,"envelope,onset",data/processed/env_onset/sub-022_mtrf_env_onset.npz,-0.5,0.0,0.05,hamming,1,,l2,1,True,mean,"1.0,1.0",results_env_onset\sub-022\sub-022_backward_mtrf_env_onset.summary.json,results_env_onset\sub-022\sub-022_backward_mtrf_env_onset.trial_results.csv
sub-022,,,25,1,0.0763954173059354,0.1320041148958318,0.0466681948570176,0.0853359200388141,0.1525224792305832,0.0850675646575263,0.0674549145730568,0.0763954173059354,0.96875,32,2,"envelope,onset",data/processed/env_onset/sub-022_mtrf_env_onset.npz,-0.5,0.0,0.05,hamming,1,,l2,1,True,mean,"1.0,1.0",results_env_onset\sub-022\sub-022_backward_mtrf_env_onset.summary.json,results_env_onset\sub-022\sub-022_backward_mtrf_env_onset.trial_results.csv
sub-022,,,26,1,0.0634038214313387,0.1237421532092756,0.0642741932208306,0.059467959988445,0.1182805013639144,0.0509408184896818,0.0673396828742325,0.0634038214313387,0.96875,32,2,"envelope,onset",data/processed/env_onset/sub-022_mtrf_env_onset.npz,-0.5,0.0,0.05,hamming,1,,l2,1,True,mean,"1.0,1.0",results_env_onset\sub-022\sub-022_backward_mtrf_env_onset.summary.json,results_env_onset\sub-022\sub-022_backward_mtrf_env_onset.trial_results.csv
sub-022,,,27,1,0.0725242690295683,0.0997556452398986,0.0377520657318852,0.0620035795080134,0.1039586360141964,0.0209136774630732,0.0830449585511232,0.0725242690295683,0.96875,32,2,"envelope,onset",data/processed/env_onset/sub-022_mtrf_env_onset.npz,-0.5,0.0,0.05,hamming,1,,l2,1,True,mean,"1.0,1.0",results_env_onset\sub-022\sub-022_backward_mtrf_env_onset.summary.json,results_env_onset\sub-022\sub-022_backward_mtrf_env_onset.trial_results.csv
sub-022,,,28,1,0.0948156728675707,0.1245333814343676,0.023966238265891,0.1005671431684766,0.1342537740901127,0.0451895715234479,0.0890642025666648,0.0948156728675707,0.96875,32,2,"envelope,onset",data/processed/env_onset/sub-022_mtrf_env_onset.npz,-0.5,0.0,0.05,hamming,1,,l2,1,True,mean,"1.0,1.0",results_env_onset\sub-022\sub-022_backward_mtrf_env_onset.summary.json,results_env_onset\sub-022\sub-022_backward_mtrf_env_onset.trial_results.csv
sub-022,,,29,1,0.1497639310345847,0.108268508865252,-0.0250014623792464,0.1332699712444985,0.1651496400417015,-0.0011082507829694,0.166257890824671,0.1497639310345847,0.96875,32,2,"envelope,onset",data/processed/env_onset/sub-022_mtrf_env_onset.npz,-0.5,0.0,0.05,hamming,1,,l2,1,True,mean,"1.0,1.0",results_env_onset\sub-022\sub-022_backward_mtrf_env_onset.summary.json,results_env_onset\sub-022\sub-022_backward_mtrf_env_onset.trial_results.csv
sub-022,,,30,1,0.1825951055595855,0.1228407044935768,-0.0715872568642284,0.1944279613578053,0.172911777242336,0.0021495274809701,0.1707622497613658,0.1825951055595855,0.96875,32,2,"envelope,onset",data/processed/env_onset/sub-022_mtrf_env_onset.npz,-0.5,0.0,0.05,hamming,1,,l2,1,True,mean,"1.0,1.0",results_env_onset\sub-022\sub-022_backward_mtrf_env_onset.summary.json,results_env_onset\sub-022\sub-022_backward_mtrf_env_onset.trial_results.csv
sub-022,,,31,1,0.0800124477741826,0.1224080366945339,0.0206351767407263,0.1017728599538076,0.1235445874411169,0.0652925518465592,0.0582520355945576,0.0800124477741826,0.96875,32,2,"envelope,onset",data/processed/env_onset/sub-022_mtrf_env_onset.npz,-0.5,0.0,0.05,hamming,1,,l2,1,True,mean,"1.0,1.0",results_env_onset\sub-022\sub-022_backward_mtrf_env_onset.summary.json,results_env_onset\sub-022\sub-022_backward_mtrf_env_onset.trial_results.csv
sub-023,,,0,1,0.0700882873124121,0.0464485992336408,-0.0442021775916381,0.090650776825279,0.0383523288806722,-0.011173468918873,0.0495257977995452,0.0700882873124121,0.90625,32,2,"envelope,onset",data/processed/env_onset/sub-023_mtrf_env_onset.npz,-0.5,0.0,0.05,hamming,1,,l2,1,True,mean,"1.0,1.0",results_env_onset\sub-023\sub-023_backward_mtrf_env_onset.summary.json,results_env_onset\sub-023\sub-023_backward_mtrf_env_onset.trial_results.csv
sub-023,,,1,0,-0.0231057914555581,-0.0409099178443807,-0.0094297847401972,-0.0314801331041835,-0.0166856818443062,-0.0019542320373734,-0.0147314498069327,-0.0231057914555581,0.90625,32,2,"envelope,onset",data/processed/env_onset/sub-023_mtrf_env_onset.npz,-0.5,0.0,0.05,hamming,1,,l2,1,True,mean,"1.0,1.0",results_env_onset\sub-023\sub-023_backward_mtrf_env_onset.summary.json,results_env_onset\sub-023\sub-023_backward_mtrf_env_onset.trial_results.csv
sub-023,,,2,1,0.0108192496209595,0.0407469493812654,0.0500778426411602,-0.0093308932598947,0.0501990986717892,0.0192297061699753,0.0309693925018138,0.0108192496209595,0.90625,32,2,"envelope,onset",data/processed/env_onset/sub-023_mtrf_env_onset.npz,-0.5,0.0,0.05,hamming,1,,l2,1,True,mean,"1.0,1.0",results_env_onset\sub-023\sub-023_backward_mtrf_env_onset.summary.json,results_env_onset\sub-023\sub-023_backward_mtrf_env_onset.trial_results.csv
sub-023,,,3,1,0.0389401147789664,0.114184507337699,0.0329876268904386,0.0811968804472604,0.0612028686063154,0.064519519495643,-0.0033166508893276,0.0389401147789664,0.90625,32,2,"envelope,onset",data/processed/env_onset/sub-023_mtrf_env_onset.npz,-0.5,0.0,0.05,hamming,1,,l2,1,True,mean,"1.0,1.0",results_env_onset\sub-023\sub-023_backward_mtrf_env_onset.summary.json,results_env_onset\sub-023\sub-023_backward_mtrf_env_onset.trial_results.csv
sub-023,,,4,1,0.0575203127576601,0.1048331583824523,0.033804594923445,0.0710285634590073,0.0702618621482295,0.0262498000919165,0.0440120620563129,0.0575203127576601,0.90625,32,2,"envelope,onset",data/processed/env_onset/sub-023_mtrf_env_onset.npz,-0.5,0.0,0.05,hamming,1,,l2,1,True,mean,"1.0,1.0",results_env_onset\sub-023\sub-023_backward_mtrf_env_onset.summary.json,results_env_onset\sub-023\sub-023_backward_mtrf_env_onset.trial_results.csv
sub-023,,,5,1,0.0869823696630149,0.1008653761337445,0.0139049722667509,0.0869604038669935,0.0989733002776537,0.0119689648186173,0.0870043354590364,0.0869823696630149,0.90625,32,2,"envelope,onset",data/processed/env_onset/sub-023_mtrf_env_onset.npz,-0.5,0.0,0.05,hamming,1,,l2,1,True,mean,"1.0,1.0",results_env_onset\sub-023\sub-023_backward_mtrf_env_onset.summary.json,results_env_onset\sub-023\sub-023_backward_mtrf_env_onset.trial_results.csv
sub-023,,,6,1,0.1352035968147401,-0.0079582531318011,-0.1126735767602183,0.1047153236284172,0.0512517663570968,-0.1144401036439662,0.165691870001063,0.1352035968147401,0.90625,32,2,"envelope,onset",data/processed/env_onset/sub-023_mtrf_env_onset.npz,-0.5,0.0,0.05,hamming,1,,l2,1,True,mean,"1.0,1.0",results_env_onset\sub-023\sub-023_backward_mtrf_env_onset.summary.json,results_env_onset\sub-023\sub-023_backward_mtrf_env_onset.trial_results.csv
sub-023,,,7,1,0.0031707050987628,0.0632093797503432,0.0603210293491254,0.0028883504012178,0.0036889325935053,0.0002358727971974,0.0034530597963079,0.0031707050987628,0.90625,32,2,"envelope,onset",data/processed/env_onset/sub-023_mtrf_env_onset.npz,-0.5,0.0,0.05,hamming,1,,l2,1,True,mean,"1.0,1.0",results_env_onset\sub-023\sub-023_backward_mtrf_env_onset.summary.json,results_env_onset\sub-023\sub-023_backward_mtrf_env_onset.trial_results.csv
sub-023,,,8,1,0.0529374251212333,0.1071439870953815,0.0112076112797949,0.0959363758155865,0.0693176072323956,0.0593791328055154,0.0099384744268801,0.0529374251212333,0.90625,32,2,"envelope,onset",data/processed/env_onset/sub-023_mtrf_env_onset.npz,-0.5,0.0,0.05,hamming,1,,l2,1,True,mean,"1.0,1.0",results_env_onset\sub-023\sub-023_backward_mtrf_env_onset.summary.json,results_env_onset\sub-023\sub-023_backward_mtrf_env_onset.trial_results.csv
sub-023,,,9,1,0.0637545705788919,0.1261812040962365,0.0045114747748743,0.1216697293213621,0.028094632930088,0.0222552210936662,0.0058394118364217,0.0637545705788919,0.90625,32,2,"envelope,onset",data/processed/env_onset/sub-023_mtrf_env_onset.npz,-0.5,0.0,0.05,hamming,1,,l2,1,True,mean,"1.0,1.0",results_env_onset\sub-023\sub-023_backward_mtrf_env_onset.summary.json,results_env_onset\sub-023\sub-023_backward_mtrf_env_onset.trial_results.csv
sub-023,,,10,0,-0.081740659193523,-0.0529001841585531,0.0259932279092753,-0.0788934120678284,-0.0404830733545993,0.0441048329646183,-0.0845879063192177,-0.081740659193523,0.90625,32,2,"envelope,onset",data/processed/env_onset/sub-023_mtrf_env_onset.npz,-0.5,0.0,0.05,hamming,1,,l2,1,True,mean,"1.0,1.0",results_env_onset\sub-023\sub-023_backward_mtrf_env_onset.summary.json,results_env_onset\sub-023\sub-023_backward_mtrf_env_onset.trial_results.csv
sub-023,,,11,1,0.1274502822509489,0.0545329599492666,-0.0714852619966691,0.1260182219459357,0.0840369663040626,-0.0448453762518995,0.1288823425559621,0.1274502822509489,0.90625,32,2,"envelope,onset",data/processed/env_onset/sub-023_mtrf_env_onset.npz,-0.5,0.0,0.05,hamming,1,,l2,1,True,mean,"1.0,1.0",results_env_onset\sub-023\sub-023_backward_mtrf_env_onset.summary.json,results_env_onset\sub-023\sub-023_backward_mtrf_env_onset.trial_results.csv
sub-023,,,12,1,0.102987314444985,0.1245261885865647,0.0049338407636726,0.1195923478228921,0.0995973457891082,0.0132150647220302,0.086382281067078,0.102987314444985,0.90625,32,2,"envelope,onset",data/processed/env_onset/sub-023_mtrf_env_onset.npz,-0.5,0.0,0.05,hamming,1,,l2,1,True,mean,"1.0,1.0",results_env_onset\sub-023\sub-023_backward_mtrf_env_onset.summary.json,results_env_onset\sub-023\sub-023_backward_mtrf_env_onset.trial_results.csv
sub-023,,,13,1,0.1271705232151515,0.0967377040132954,-0.0722548597458844,0.1689925637591798,0.0687770357033187,-0.0165714469678044,0.0853484826711231,0.1271705232151515,0.90625,32,2,"envelope,onset",data/processed/env_onset/sub-023_mtrf_env_onset.npz,-0.5,0.0,0.05,hamming,1,,l2,1,True,mean,"1.0,1.0",results_env_onset\sub-023\sub-023_backward_mtrf_env_onset.summary.json,results_env_onset\sub-023\sub-023_backward_mtrf_env_onset.trial_results.csv
sub-023,,,14,1,0.1485631340508132,0.1348551554776259,-0.0380250927304361,0.1728802482080621,0.1246222136962674,0.000376193802703,0.1242460198935643,0.1485631340508132,0.90625,32,2,"envelope,onset",data/processed/env_onset/sub-023_mtrf_env_onset.npz,-0.5,0.0,0.05,hamming,1,,l2,1,True,mean,"1.0,1.0",results_env_onset\sub-023\sub-023_backward_mtrf_env_onset.summary.json,results_env_onset\sub-023\sub-023_backward_mtrf_env_onset.trial_results.csv
sub-023,,,15,1,0.1030505200805107,0.0942657241591596,-0.0531473674672341,0.1474130916263938,0.0367786350865514,-0.0219093134480762,0.0586879485346276,0.1030505200805107,0.90625,32,2,"envelope,onset",data/processed/env_onset/sub-023_mtrf_env_onset.npz,-0.5,0.0,0.05,hamming,1,,l2,1,True,mean,"1.0,1.0",results_env_onset\sub-023\sub-023_backward_mtrf_env_onset.summary.json,results_env_onset\sub-023\sub-023_backward_mtrf_env_onset.trial_results.csv
sub-023,,,16,1,0.1019060872357002,0.1085162315453031,-0.0011726763805014,0.1096889079258046,0.0902429654565192,-0.0038803010890765,0.0941232665455958,0.1019060872357002,0.90625,32,2,"envelope,onset",data/processed/env_onset/sub-023_mtrf_env_onset.npz,-0.5,0.0,0.05,hamming,1,,l2,1,True,mean,"1.0,1.0",results_env_onset\sub-023\sub-023_backward_mtrf_env_onset.summary.json,results_env_onset\sub-023\sub-023_backward_mtrf_env_onset.trial_results.csv
sub-023,,,17,1,0.0241445330014979,0.016920878569352,-0.0082793125027692,0.0252001910721212,0.0245410686434899,0.0014521937126152,0.0230888749308747,0.0241445330014979,0.90625,32,2,"envelope,onset",data/processed/env_onset/sub-023_mtrf_env_onset.npz,-0.5,0.0,0.05,hamming,1,,l2,1,True,mean,"1.0,1.0",results_env_onset\sub-023\sub-023_backward_mtrf_env_onset.summary.json,results_env_onset\sub-023\sub-023_backward_mtrf_env_onset.trial_results.csv
sub-023,,,18,1,0.1220102052932866,0.031821986354507,-0.0512366572893272,0.0830586436438342,0.1060818463421819,-0.054879920600557,0.1609617669427389,0.1220102052932866,0.90625,32,2,"envelope,onset",data/processed/env_onset/sub-023_mtrf_env_onset.npz,-0.5,0.0,0.05,hamming,1,,l2,1,True,mean,"1.0,1.0",results_env_onset\sub-023\sub-023_backward_mtrf_env_onset.summary.json,results_env_onset\sub-023\sub-023_backward_mtrf_env_onset.trial_results.csv
sub-023,,,19,1,0.0353010800423034,-0.0247721215712262,-0.0045691613355823,-0.0202029602356438,0.0461197925683331,-0.0446853277519175,0.0908051203202507,0.0353010800423034,0.90625,32,2,"envelope,onset",data/processed/env_onset/sub-023_mtrf_env_onset.npz,-0.5,0.0,0.05,hamming,1,,l2,1,True,mean,"1.0,1.0",results_env_onset\sub-023\sub-023_backward_mtrf_env_onset.summary.json,results_env_onset\sub-023\sub-023_backward_mtrf_env_onset.trial_results.csv
sub-023,,,20,1,0.0629965615849219,0.0254304844106729,-0.0458009647275138,0.0712314491381868,0.0096316890604124,-0.0451299849712446,0.0547616740316571,0.0629965615849219,0.90625,32,2,"envelope,onset",data/processed/env_onset/sub-023_mtrf_env_onset.npz,-0.5,0.0,0.05,hamming,1,,l2,1,True,mean,"1.0,1.0",results_env_onset\sub-023\sub-023_backward_mtrf_env_onset.summary.json,results_env_onset\sub-023\sub-023_backward_mtrf_env_onset.trial_results.csv
sub-023,,,21,1,0.1495213369300649,0.0956846673034584,-0.0964453903012074,0.1921300576046658,0.0822550554216285,-0.0246575608338355,0.106912616255464,0.1495213369300649,0.90625,32,2,"envelope,onset",data/processed/env_onset/sub-023_mtrf_env_onset.npz,-0.5,0.0,0.05,hamming,1,,l2,1,True,mean,"1.0,1.0",results_env_onset\sub-023\sub-023_backward_mtrf_env_onset.summary.json,results_env_onset\sub-023\sub-023_backward_mtrf_env_onset.trial_results.csv
sub-023,,,22,0,-0.0212092343714126,0.0028589401783656,0.0153537016186453,-0.0124947614402796,0.011776704443614,0.0417004117461596,-0.0299237073025455,-0.0212092343714126,0.90625,32,2,"envelope,onset",data/processed/env_onset/sub-023_mtrf_env_onset.npz,-0.5,0.0,0.05,hamming,1,,l2,1,True,mean,"1.0,1.0",results_env_onset\sub-023\sub-023_backward_mtrf_env_onset.summary.json,results_env_onset\sub-023\sub-023_backward_mtrf_env_onset.trial_results.csv
sub-023,,,23,1,0.0349985160653841,0.0675538911399459,-0.0060092941995776,0.0735631853395236,-0.0104125960232032,-0.0068464428144479,-0.0035661532087553,0.0349985160653841,0.90625,32,2,"envelope,onset",data/processed/env_onset/sub-023_mtrf_env_onset.npz,-0.5,0.0,0.05,hamming,1,,l2,1,True,mean,"1.0,1.0",results_env_onset\sub-023\sub-023_backward_mtrf_env_onset.summary.json,results_env_onset\sub-023\sub-023_backward_mtrf_env_onset.trial_results.csv
sub-023,,,24,1,0.089866050152167,0.107683739681987,-0.0040310299064183,0.1117147695884054,0.1004482999929181,0.0324309692769894,0.0680173307159287,0.089866050152167,0.90625,32,2,"envelope,onset",data/processed/env_onset/sub-023_mtrf_env_onset.npz,-0.5,0.0,0.05,hamming,1,,l2,1,True,mean,"1.0,1.0",results_env_onset\sub-023\sub-023_backward_mtrf_env_onset.summary.json,results_env_onset\sub-023\sub-023_backward_mtrf_env_onset.trial_results.csv
sub-023,,,25,1,0.0779764319862991,0.1165403310770725,-0.0339114654931716,0.1504517965702442,0.0593932634763088,0.0538921960739547,0.0055010674023541,0.0779764319862991,0.90625,32,2,"envelope,onset",data/processed/env_onset/sub-023_mtrf_env_onset.npz,-0.5,0.0,0.05,hamming,1,,l2,1,True,mean,"1.0,1.0",results_env_onset\sub-023\sub-023_backward_mtrf_env_onset.summary.json,results_env_onset\sub-023\sub-023_backward_mtrf_env_onset.trial_results.csv
sub-023,,,26,1,0.1308883298510286,0.0875823060845642,-0.0736797859821479,0.1612620920667121,0.0506970093001904,-0.0498175583351548,0.1005145676353452,0.1308883298510286,0.90625,32,2,"envelope,onset",data/processed/env_onset/sub-023_mtrf_env_onset.npz,-0.5,0.0,0.05,hamming,1,,l2,1,True,mean,"1.0,1.0",results_env_onset\sub-023\sub-023_backward_mtrf_env_onset.summary.json,results_env_onset\sub-023\sub-023_backward_mtrf_env_onset.trial_results.csv
sub-023,,,27,1,0.1871175357317128,0.1050572455461303,-0.1387139758715371,0.2437712214176674,0.1036008811072577,-0.0268629689385004,0.1304638500457582,0.1871175357317128,0.90625,32,2,"envelope,onset",data/processed/env_onset/sub-023_mtrf_env_onset.npz,-0.5,0.0,0.05,hamming,1,,l2,1,True,mean,"1.0,1.0",results_env_onset\sub-023\sub-023_backward_mtrf_env_onset.summary.json,results_env_onset\sub-023\sub-023_backward_mtrf_env_onset.trial_results.csv
sub-023,,,28,1,0.0246693331372063,0.0492236462506288,-0.0040780002537058,0.0533016465043347,0.0482779139778757,0.0522408942077978,-0.003962980229922,0.0246693331372063,0.90625,32,2,"envelope,onset",data/processed/env_onset/sub-023_mtrf_env_onset.npz,-0.5,0.0,0.05,hamming,1,,l2,1,True,mean,"1.0,1.0",results_env_onset\sub-023\sub-023_backward_mtrf_env_onset.summary.json,results_env_onset\sub-023\sub-023_backward_mtrf_env_onset.trial_results.csv
sub-023,,,29,1,0.0998506311517472,0.1195042409721075,-0.0285734670252114,0.1480777079973189,0.0940286479361549,0.0424050936299794,0.0516235543061754,0.0998506311517472,0.90625,32,2,"envelope,onset",data/processed/env_onset/sub-023_mtrf_env_onset.npz,-0.5,0.0,0.05,hamming,1,,l2,1,True,mean,"1.0,1.0",results_env_onset\sub-023\sub-023_backward_mtrf_env_onset.summary.json,results_env_onset\sub-023\sub-023_backward_mtrf_env_onset.trial_results.csv
sub-023,,,30,1,0.0141486960314654,0.0826905187475713,0.0249463162778072,0.0577442024697641,0.0346817184975833,0.0641285289044165,-0.0294468104068332,0.0141486960314654,0.90625,32,2,"envelope,onset",data/processed/env_onset/sub-023_mtrf_env_onset.npz,-0.5,0.0,0.05,hamming,1,,l2,1,True,mean,"1.0,1.0",results_env_onset\sub-023\sub-023_backward_mtrf_env_onset.summary.json,results_env_onset\sub-023\sub-023_backward_mtrf_env_onset.trial_results.csv
sub-023,,,31,1,0.0127451551398713,0.0904704274343984,0.0333139818922235,0.0571564455421749,0.0164536947903231,0.0481198300527553,-0.0316661352624322,0.0127451551398713,0.90625,32,2,"envelope,onset",data/processed/env_onset/sub-023_mtrf_env_onset.npz,-0.5,0.0,0.05,hamming,1,,l2,1,True,mean,"1.0,1.0",results_env_onset\sub-023\sub-023_backward_mtrf_env_onset.summary.json,results_env_onset\sub-023\sub-023_backward_mtrf_env_onset.trial_results.csv
sub-024,,,0,1,0.0504156239441195,0.0827288281510712,0.0135900700939421,0.0691387580571291,0.0985704461129216,0.0668779562818117,0.0316924898311099,0.0504156239441195,0.9375,32,2,"envelope,onset",data/processed/env_onset/sub-024_mtrf_env_onset.npz,-0.5,0.0,0.05,hamming,1,,l2,1,True,mean,"1.0,1.0",results_env_onset\sub-024\sub-024_backward_mtrf_env_onset.summary.json,results_env_onset\sub-024\sub-024_backward_mtrf_env_onset.trial_results.csv
sub-024,,,1,1,0.0669259180076572,0.067188580122118,0.0169538724083898,0.0502347077137282,0.0999186343137559,0.0163015060121698,0.0836171283015861,0.0669259180076572,0.9375,32,2,"envelope,onset",data/processed/env_onset/sub-024_mtrf_env_onset.npz,-0.5,0.0,0.05,hamming,1,,l2,1,True,mean,"1.0,1.0",results_env_onset\sub-024\sub-024_backward_mtrf_env_onset.summary.json,results_env_onset\sub-024\sub-024_backward_mtrf_env_onset.trial_results.csv
sub-024,,,2,0,-0.0762550497557916,0.0059088086366499,0.0968771441845085,-0.0909683355478585,0.0272753199908768,0.0888170839546016,-0.0615417639637247,-0.0762550497557916,0.9375,32,2,"envelope,onset",data/processed/env_onset/sub-024_mtrf_env_onset.npz,-0.5,0.0,0.05,hamming,1,,l2,1,True,mean,"1.0,1.0",results_env_onset\sub-024\sub-024_backward_mtrf_env_onset.summary.json,results_env_onset\sub-024\sub-024_backward_mtrf_env_onset.trial_results.csv
sub-024,,,3,0,-0.0541779608553585,0.0010422537667074,0.0849692023461767,-0.0839269485794692,-0.0029052007792041,0.0215237723520435,-0.0244289731312477,-0.0541779608553585,0.9375,32,2,"envelope,onset",data/processed/env_onset/sub-024_mtrf_env_onset.npz,-0.5,0.0,0.05,hamming,1,,l2,1,True,mean,"1.0,1.0",results_env_onset\sub-024\sub-024_backward_mtrf_env_onset.summary.json,results_env_onset\sub-024\sub-024_backward_mtrf_env_onset.trial_results.csv
sub-024,,,4,1,0.1234671610200694,0.1256830202156967,-0.0528886366791718,0.1785716568948686,0.1218331900620366,0.0534705249167663,0.0683626651452703,0.1234671610200694,0.9375,32,2,"envelope,onset",data/processed/env_onset/sub-024_mtrf_env_onset.npz,-0.5,0.0,0.05,hamming,1,,l2,1,True,mean,"1.0,1.0",results_env_onset\sub-024\sub-024_backward_mtrf_env_onset.summary.json,results_env_onset\sub-024\sub-024_backward_mtrf_env_onset.trial_results.csv
sub-024,,,5,1,0.1236846863934837,0.1072083106667051,-0.0284066843337586,0.1356149950004637,0.1162039322499316,0.0044495544634278,0.1117543777865037,0.1236846863934837,0.9375,32,2,"envelope,onset",data/processed/env_onset/sub-024_mtrf_env_onset.npz,-0.5,0.0,0.05,hamming,1,,l2,1,True,mean,"1.0,1.0",results_env_onset\sub-024\sub-024_backward_mtrf_env_onset.summary.json,results_env_onset\sub-024\sub-024_backward_mtrf_env_onset.trial_results.csv
sub-024,,,6,1,0.1496217837901739,0.1087445571508416,-0.017324864965621,0.1260694221164627,0.1313213549313448,-0.0418527905325403,0.1731741454638851,0.1496217837901739,0.9375,32,2,"envelope,onset",data/processed/env_onset/sub-024_mtrf_env_onset.npz,-0.5,0.0,0.05,hamming,1,,l2,1,True,mean,"1.0,1.0",results_env_onset\sub-024\sub-024_backward_mtrf_env_onset.summary.json,results_env_onset\sub-024\sub-024_backward_mtrf_env_onset.trial_results.csv
sub-024,,,7,1,0.0671392687270395,0.0576534229933096,-0.0290474943482827,0.0867009173415923,0.0301102374608513,-0.0174673826516353,0.0475776201124866,0.0671392687270395,0.9375,32,2,"envelope,onset",data/processed/env_onset/sub-024_mtrf_env_onset.npz,-0.5,0.0,0.05,hamming,1,,l2,1,True,mean,"1.0,1.0",results_env_onset\sub-024\sub-024_backward_mtrf_env_onset.summary.json,results_env_onset\sub-024\sub-024_backward_mtrf_env_onset.trial_results.csv
sub-024,,,8,1,0.0579867928123805,0.0720233607964798,-0.0219820697240889,0.0940054305205687,0.0421345899613573,0.020166434857165,0.0219681551041923,0.0579867928123805,0.9375,32,2,"envelope,onset",data/processed/env_onset/sub-024_mtrf_env_onset.npz,-0.5,0.0,0.05,hamming,1,,l2,1,True,mean,"1.0,1.0",results_env_onset\sub-024\sub-024_backward_mtrf_env_onset.summary.json,results_env_onset\sub-024\sub-024_backward_mtrf_env_onset.trial_results.csv
sub-024,,,9,1,0.0214257834056612,0.0794787181003986,0.0256111679162604,0.0538675501841382,0.0219791961373504,0.0329951795101661,-0.0110159833728156,0.0214257834056612,0.9375,32,2,"envelope,onset",data/processed/env_onset/sub-024_mtrf_env_onset.npz,-0.5,0.0,0.05,hamming,1,,l2,1,True,mean,"1.0,1.0",results_env_onset\sub-024\sub-024_backward_mtrf_env_onset.summary.json,results_env_onset\sub-024\sub-024_backward_mtrf_env_onset.trial_results.csv
sub-024,,,10,1,0.1340405108930117,0.1322446702582089,-0.0372156989480575,0.1694603692062664,0.0770079088171866,-0.0216127437625704,0.0986206525797571,0.1340405108930117,0.9375,32,2,"envelope,onset",data/processed/env_onset/sub-024_mtrf_env_onset.npz,-0.5,0.0,0.05,hamming,1,,l2,1,True,mean,"1.0,1.0",results_env_onset\sub-024\sub-024_backward_mtrf_env_onset.summary.json,results_env_onset\sub-024\sub-024_backward_mtrf_env_onset.trial_results.csv
sub-024,,,11,1,0.144232892130814,0.1853572534731112,-0.0259645058260821,0.2113217592991934,0.0985965049834897,0.021452480021055,0.0771440249624346,0.144232892130814,0.9375,32,2,"envelope,onset",data/processed/env_onset/sub-024_mtrf_env_onset.npz,-0.5,0.0,0.05,hamming,1,,l2,1,True,mean,"1.0,1.0",results_env_onset\sub-024\sub-024_backward_mtrf_env_onset.summary.json,results_env_onset\sub-024\sub-024_backward_mtrf_env_onset.trial_results.csv
sub-024,,,12,1,0.1650193217875175,0.1638604497375184,-0.0276575314635875,0.1915179812011059,0.1101838679081768,-0.0283367944657522,0.138520662373929,0.1650193217875175,0.9375,32,2,"envelope,onset",data/processed/env_onset/sub-024_mtrf_env_onset.npz,-0.5,0.0,0.05,hamming,1,,l2,1,True,mean,"1.0,1.0",results_env_onset\sub-024\sub-024_backward_mtrf_env_onset.summary.json,results_env_onset\sub-024\sub-024_backward_mtrf_env_onset.trial_results.csv
sub-024,,,13,1,0.0646237735409025,0.0303791323151264,-0.0191604672362562,0.0495395995513826,0.0461215786476476,-0.0335863688827747,0.0797079475304224,0.0646237735409025,0.9375,32,2,"envelope,onset",data/processed/env_onset/sub-024_mtrf_env_onset.npz,-0.5,0.0,0.05,hamming,1,,l2,1,True,mean,"1.0,1.0",results_env_onset\sub-024\sub-024_backward_mtrf_env_onset.summary.json,results_env_onset\sub-024\sub-024_backward_mtrf_env_onset.trial_results.csv
sub-024,,,14,1,0.0519534013141769,0.0354375667819084,0.016236260525464,0.0192013062564444,0.0756102415665293,-0.00909525480538,0.0847054963719094,0.0519534013141769,0.9375,32,2,"envelope,onset",data/processed/env_onset/sub-024_mtrf_env_onset.npz,-0.5,0.0,0.05,hamming,1,,l2,1,True,mean,"1.0,1.0",results_env_onset\sub-024\sub-024_backward_mtrf_env_onset.summary.json,results_env_onset\sub-024\sub-024_backward_mtrf_env_onset.trial_results.csv
sub-024,,,15,1,0.0849656730062546,0.0375057669730116,-0.051440698744641,0.0889464657176527,0.0509223324810643,-0.0300625478137922,0.0809848802948565,0.0849656730062546,0.9375,32,2,"envelope,onset",data/processed/env_onset/sub-024_mtrf_env_onset.npz,-0.5,0.0,0.05,hamming,1,,l2,1,True,mean,"1.0,1.0",results_env_onset\sub-024\sub-024_backward_mtrf_env_onset.summary.json,results_env_onset\sub-024\sub-024_backward_mtrf_env_onset.trial_results.csv
sub-024,,,16,1,0.1687708304428222,0.1893630017795287,-0.0115266536248556,0.2008896554043844,0.1533371255999343,0.0166851201186741,0.1366520054812601,0.1687708304428222,0.9375,32,2,"envelope,onset",data/processed/env_onset/sub-024_mtrf_env_onset.npz,-0.5,0.0,0.05,hamming,1,,l2,1,True,mean,"1.0,1.0",results_env_onset\sub-024\sub-024_backward_mtrf_env_onset.summary.json,results_env_onset\sub-024\sub-024_backward_mtrf_env_onset.trial_results.csv
sub-024,,,17,1,0.1311838690807643,0.0503532073605447,-0.0264820162342469,0.0768352235947917,0.1277139879355448,-0.0578185266311921,0.1855325145667369,0.1311838690807643,0.9375,32,2,"envelope,onset",data/processed/env_onset/sub-024_mtrf_env_onset.npz,-0.5,0.0,0.05,hamming,1,,l2,1,True,mean,"1.0,1.0",results_env_onset\sub-024\sub-024_backward_mtrf_env_onset.summary.json,results_env_onset\sub-024\sub-024_backward_mtrf_env_onset.trial_results.csv
sub-024,,,18,1,0.1006044720096672,0.1010514665421356,0.0026905332466258,0.0983609332955098,0.1179534966368789,0.0151054859130541,0.1028480107238247,0.1006044720096672,0.9375,32,2,"envelope,onset",data/processed/env_onset/sub-024_mtrf_env_onset.npz,-0.5,0.0,0.05,hamming,1,,l2,1,True,mean,"1.0,1.0",results_env_onset\sub-024\sub-024_backward_mtrf_env_onset.summary.json,results_env_onset\sub-024\sub-024_backward_mtrf_env_onset.trial_results.csv
sub-024,,,19,1,0.0584146458301011,0.1059947334148048,0.0291182462042224,0.0768764872105824,0.1032798207406515,0.0633270162910317,0.0399528044496198,0.0584146458301011,0.9375,32,2,"envelope,onset",data/processed/env_onset/sub-024_mtrf_env_onset.npz,-0.5,0.0,0.05,hamming,1,,l2,1,True,mean,"1.0,1.0",results_env_onset\sub-024\sub-024_backward_mtrf_env_onset.summary.json,results_env_onset\sub-024\sub-024_backward_mtrf_env_onset.trial_results.csv
sub-024,,,20,1,0.1943239191928384,0.1394347480516743,-0.084677425815891,0.2241121738675653,0.1718456992077259,0.0073100346896145,0.1645356645181114,0.1943239191928384,0.9375,32,2,"envelope,onset",data/processed/env_onset/sub-024_mtrf_env_onset.npz,-0.5,0.0,0.05,hamming,1,,l2,1,True,mean,"1.0,1.0",results_env_onset\sub-024\sub-024_backward_mtrf_env_onset.summary.json,results_env_onset\sub-024\sub-024_backward_mtrf_env_onset.trial_results.csv
sub-024,,,21,1,0.0514450218353853,0.0633866354780599,-0.0404087661777589,0.1037954016558189,0.0316586974368141,0.0325640554218623,-0.0009053579850482,0.0514450218353853,0.9375,32,2,"envelope,onset",data/processed/env_onset/sub-024_mtrf_env_onset.npz,-0.5,0.0,0.05,hamming,1,,l2,1,True,mean,"1.0,1.0",results_env_onset\sub-024\sub-024_backward_mtrf_env_onset.summary.json,results_env_onset\sub-024\sub-024_backward_mtrf_env_onset.trial_results.csv
sub-024,,,22,1,0.0584982192075719,0.1183812624609257,0.054010021779632,0.0643712406812936,0.0672541180339538,0.0146289203001035,0.0526251977338502,0.0584982192075719,0.9375,32,2,"envelope,onset",data/processed/env_onset/sub-024_mtrf_env_onset.npz,-0.5,0.0,0.05,hamming,1,,l2,1,True,mean,"1.0,1.0",results_env_onset\sub-024\sub-024_backward_mtrf_env_onset.summary.json,results_env_onset\sub-024\sub-024_backward_mtrf_env_onset.trial_results.csv
sub-024,,,23,1,0.0538536812467998,0.0780177529429462,0.0573364916925539,0.0206812612503922,0.1225146594275519,0.0354885581843445,0.0870261012432074,0.0538536812467998,0.9375,32,2,"envelope,onset",data/processed/env_onset/sub-024_mtrf_env_onset.npz,-0.5,0.0,0.05,hamming,1,,l2,1,True,mean,"1.0,1.0",results_env_onset\sub-024\sub-024_backward_mtrf_env_onset.summary.json,results_env_onset\sub-024\sub-024_backward_mtrf_env_onset.trial_results.csv
sub-024,,,24,1,0.089782697713742,0.1268251296333643,-0.0150441658927893,0.1418692955261536,0.055644906639082,0.0179488067377515,0.0376960999013305,0.089782697713742,0.9375,32,2,"envelope,onset",data/processed/env_onset/sub-024_mtrf_env_onset.npz,-0.5,0.0,0.05,hamming,1,,l2,1,True,mean,"1.0,1.0",results_env_onset\sub-024\sub-024_backward_mtrf_env_onset.summary.json,results_env_onset\sub-024\sub-024_backward_mtrf_env_onset.trial_results.csv
sub-024,,,25,1,0.1225054412494541,0.1064207213463469,-0.0823792314736643,0.1887999528200112,0.0093560114001924,-0.0468549182787046,0.0562109296788971,0.1225054412494541,0.9375,32,2,"envelope,onset",data/processed/env_onset/sub-024_mtrf_env_onset.npz,-0.5,0.0,0.05,hamming,1,,l2,1,True,mean,"1.0,1.0",results_env_onset\sub-024\sub-024_backward_mtrf_env_onset.summary.json,results_env_onset\sub-024\sub-024_backward_mtrf_env_onset.trial_results.csv
sub-024,,,26,1,0.1609792120133609,0.0917776649486036,-0.0664713743246156,0.1582490392732192,0.1185725099891921,-0.0451368747643104,0.1637093847535026,0.1609792120133609,0.9375,32,2,"envelope,onset",data/processed/env_onset/sub-024_mtrf_env_onset.npz,-0.5,0.0,0.05,hamming,1,,l2,1,True,mean,"1.0,1.0",results_env_onset\sub-024\sub-024_backward_mtrf_env_onset.summary.json,results_env_onset\sub-024\sub-024_backward_mtrf_env_onset.trial_results.csv
sub-024,,,27,1,0.1048140261327348,0.1342196605640606,0.0121813359472217,0.1220383246168389,0.1060619639602402,0.0184722363116095,0.0875897276486307,0.1048140261327348,0.9375,32,2,"envelope,onset",data/processed/env_onset/sub-024_mtrf_env_onset.npz,-0.5,0.0,0.05,hamming,1,,l2,1,True,mean,"1.0,1.0",results_env_onset\sub-024\sub-024_backward_mtrf_env_onset.summary.json,results_env_onset\sub-024\sub-024_backward_mtrf_env_onset.trial_results.csv
sub-024,,,28,1,0.2030615283598048,0.2039259489749198,-0.0568079861783047,0.2607339351532246,0.1264103273039206,-0.0189787942624644,0.1453891215663851,0.2030615283598048,0.9375,32,2,"envelope,onset",data/processed/env_onset/sub-024_mtrf_env_onset.npz,-0.5,0.0,0.05,hamming,1,,l2,1,True,mean,"1.0,1.0",results_env_onset\sub-024\sub-024_backward_mtrf_env_onset.summary.json,results_env_onset\sub-024\sub-024_backward_mtrf_env_onset.trial_results.csv
sub-024,,,29,1,0.1138781422107892,0.0916965958670052,0.007937664850372,0.0837589310166331,0.1191175907134923,-0.0248797626914528,0.1439973534049452,0.1138781422107892,0.9375,32,2,"envelope,onset",data/processed/env_onset/sub-024_mtrf_env_onset.npz,-0.5,0.0,0.05,hamming,1,,l2,1,True,mean,"1.0,1.0",results_env_onset\sub-024\sub-024_backward_mtrf_env_onset.summary.json,results_env_onset\sub-024\sub-024_backward_mtrf_env_onset.trial_results.csv
sub-024,,,30,1,0.2059759810776852,0.1522145465106358,-0.1026268079953376,0.2548413545059735,0.0616949422988402,-0.0954156653505566,0.1571106076493968,0.2059759810776852,0.9375,32,2,"envelope,onset",data/processed/env_onset/sub-024_mtrf_env_onset.npz,-0.5,0.0,0.05,hamming,1,,l2,1,True,mean,"1.0,1.0",results_env_onset\sub-024\sub-024_backward_mtrf_env_onset.summary.json,results_env_onset\sub-024\sub-024_backward_mtrf_env_onset.trial_results.csv
sub-024,,,31,1,0.1466144040568144,0.1447765014490998,-0.0326567595495138,0.1774332609986137,0.1156604519160769,-0.0001350951989381,0.1157955471150151,0.1466144040568144,0.9375,32,2,"envelope,onset",data/processed/env_onset/sub-024_mtrf_env_onset.npz,-0.5,0.0,0.05,hamming,1,,l2,1,True,mean,"1.0,1.0",results_env_onset\sub-024\sub-024_backward_mtrf_env_onset.summary.json,results_env_onset\sub-024\sub-024_backward_mtrf_env_onset.trial_results.csv
sub-025,,,0,0,-0.1308951281027194,-0.0026550039375335,0.1312785751501957,-0.1339335790877293,0.0229953144249508,0.1508519915426603,-0.1278566771177095,-0.1308951281027194,0.90625,32,2,"envelope,onset",data/processed/env_onset/sub-025_mtrf_env_onset.npz,-0.5,0.0,0.05,hamming,1,,l2,1,True,mean,"1.0,1.0",results_env_onset\sub-025\sub-025_backward_mtrf_env_onset.summary.json,results_env_onset\sub-025\sub-025_backward_mtrf_env_onset.trial_results.csv
sub-025,,,1,1,0.1663997477951382,0.1921536814893363,-0.0199562612493924,0.2121099427387287,0.1473698783923165,0.0266803255407689,0.1206895528515476,0.1663997477951382,0.90625,32,2,"envelope,onset",data/processed/env_onset/sub-025_mtrf_env_onset.npz,-0.5,0.0,0.05,hamming,1,,l2,1,True,mean,"1.0,1.0",results_env_onset\sub-025\sub-025_backward_mtrf_env_onset.summary.json,results_env_onset\sub-025\sub-025_backward_mtrf_env_onset.trial_results.csv
sub-025,,,2,1,0.0583869173354862,0.0656490530548321,0.0172948968685955,0.0483541561862365,0.1038920263777201,0.0354723478929841,0.068419678484736,0.0583869173354862,0.90625,32,2,"envelope,onset",data/processed/env_onset/sub-025_mtrf_env_onset.npz,-0.5,0.0,0.05,hamming,1,,l2,1,True,mean,"1.0,1.0",results_env_onset\sub-025\sub-025_backward_mtrf_env_onset.summary.json,results_env_onset\sub-025\sub-025_backward_mtrf_env_onset.trial_results.csv
sub-025,,,3,0,-0.0114120271318092,0.0630886482080437,0.1065756511389803,-0.0434870029309365,0.0894022925043321,0.0687393438370139,0.0206629486673181,-0.0114120271318092,0.90625,32,2,"envelope,onset",data/processed/env_onset/sub-025_mtrf_env_onset.npz,-0.5,0.0,0.05,hamming,1,,l2,1,True,mean,"1.0,1.0",results_env_onset\sub-025\sub-025_backward_mtrf_env_onset.summary.json,results_env_onset\sub-025\sub-025_backward_mtrf_env_onset.trial_results.csv
sub-025,,,4,1,0.0045564209655696,0.0848867894631638,0.1225287920787508,-0.0376420026155869,0.1037742412343263,0.0570193966876002,0.0467548445467261,0.0045564209655696,0.90625,32,2,"envelope,onset",data/processed/env_onset/sub-025_mtrf_env_onset.npz,-0.5,0.0,0.05,hamming,1,,l2,1,True,mean,"1.0,1.0",results_env_onset\sub-025\sub-025_backward_mtrf_env_onset.summary.json,results_env_onset\sub-025\sub-025_backward_mtrf_env_onset.trial_results.csv
sub-025,,,5,1,0.0458734660381592,0.0850138636436971,0.0067594668929068,0.0782543967507902,0.0670373490118269,0.0535448136862986,0.0134925353255282,0.0458734660381592,0.90625,32,2,"envelope,onset",data/processed/env_onset/sub-025_mtrf_env_onset.npz,-0.5,0.0,0.05,hamming,1,,l2,1,True,mean,"1.0,1.0",results_env_onset\sub-025\sub-025_backward_mtrf_env_onset.summary.json,results_env_onset\sub-025\sub-025_backward_mtrf_env_onset.trial_results.csv
sub-025,,,6,1,0.0138308515198511,0.0822667568934401,0.0813637922054702,0.0009029646879699,0.1147044689067506,0.0879457305550181,0.0267587383517324,0.0138308515198511,0.90625,32,2,"envelope,onset",data/processed/env_onset/sub-025_mtrf_env_onset.npz,-0.5,0.0,0.05,hamming,1,,l2,1,True,mean,"1.0,1.0",results_env_onset\sub-025\sub-025_backward_mtrf_env_onset.summary.json,results_env_onset\sub-025\sub-025_backward_mtrf_env_onset.trial_results.csv
sub-025,,,7,1,0.1588892364716692,0.1952152881307951,-0.0195016263139259,0.2147169144447211,0.1756726134930321,0.0726110549944149,0.1030615584986172,0.1588892364716692,0.90625,32,2,"envelope,onset",data/processed/env_onset/sub-025_mtrf_env_onset.npz,-0.5,0.0,0.05,hamming,1,,l2,1,True,mean,"1.0,1.0",results_env_onset\sub-025\sub-025_backward_mtrf_env_onset.summary.json,results_env_onset\sub-025\sub-025_backward_mtrf_env_onset.trial_results.csv
sub-025,,,8,1,0.0476874063320773,0.119755342826525,0.0292509582378681,0.0905043845886568,0.0983743557034384,0.0935039276279405,0.0048704280754979,0.0476874063320773,0.90625,32,2,"envelope,onset",data/processed/env_onset/sub-025_mtrf_env_onset.npz,-0.5,0.0,0.05,hamming,1,,l2,1,True,mean,"1.0,1.0",results_env_onset\sub-025\sub-025_backward_mtrf_env_onset.summary.json,results_env_onset\sub-025\sub-025_backward_mtrf_env_onset.trial_results.csv
sub-025,,,9,1,0.0849756337512595,0.1142680945069217,-0.034617798874267,0.1488858933811887,0.048644097422612,0.0275787233012816,0.0210653741213303,0.0849756337512595,0.90625,32,2,"envelope,onset",data/processed/env_onset/sub-025_mtrf_env_onset.npz,-0.5,0.0,0.05,hamming,1,,l2,1,True,mean,"1.0,1.0",results_env_onset\sub-025\sub-025_backward_mtrf_env_onset.summary.json,results_env_onset\sub-025\sub-025_backward_mtrf_env_onset.trial_results.csv
sub-025,,,10,1,0.1014221607916068,0.1492611992505653,0.0034858170650979,0.1457753821854674,0.0638650373787438,0.0067960979809976,0.0570689393977462,0.1014221607916068,0.90625,32,2,"envelope,onset",data/processed/env_onset/sub-025_mtrf_env_onset.npz,-0.5,0.0,0.05,hamming,1,,l2,1,True,mean,"1.0,1.0",results_env_onset\sub-025\sub-025_backward_mtrf_env_onset.summary.json,results_env_onset\sub-025\sub-025_backward_mtrf_env_onset.trial_results.csv
sub-025,,,11,1,0.0946852572021688,0.1281386893564194,0.0397501233590271,0.0883885659973922,0.112558913920542,0.0115769655135965,0.1009819484069455,0.0946852572021688,0.90625,32,2,"envelope,onset",data/processed/env_onset/sub-025_mtrf_env_onset.npz,-0.5,0.0,0.05,hamming,1,,l2,1,True,mean,"1.0,1.0",results_env_onset\sub-025\sub-025_backward_mtrf_env_onset.summary.json,results_env_onset\sub-025\sub-025_backward_mtrf_env_onset.trial_results.csv
sub-025,,,12,1,0.0430172206508743,0.1347462036577629,0.0992352213136857,0.0355109823440772,0.0784233041708643,0.0278998452131929,0.0505234589576714,0.0430172206508743,0.90625,32,2,"envelope,onset",data/processed/env_onset/sub-025_mtrf_env_onset.npz,-0.5,0.0,0.05,hamming,1,,l2,1,True,mean,"1.0,1.0",results_env_onset\sub-025\sub-025_backward_mtrf_env_onset.summary.json,results_env_onset\sub-025\sub-025_backward_mtrf_env_onset.trial_results.csv
sub-025,,,13,1,0.1647200622043999,0.1736712158034327,-0.0034676156183784,0.1771388314218112,0.1134760644559926,-0.0388252285309958,0.1523012929869885,0.1647200622043999,0.90625,32,2,"envelope,onset",data/processed/env_onset/sub-025_mtrf_env_onset.npz,-0.5,0.0,0.05,hamming,1,,l2,1,True,mean,"1.0,1.0",results_env_onset\sub-025\sub-025_backward_mtrf_env_onset.summary.json,results_env_onset\sub-025\sub-025_backward_mtrf_env_onset.trial_results.csv
sub-025,,,14,1,0.0680743055233789,0.0942646922659305,0.0276405501145291,0.0666241421514014,0.0780447241910107,0.0085202552956542,0.0695244688953564,0.0680743055233789,0.90625,32,2,"envelope,onset",data/processed/env_onset/sub-025_mtrf_env_onset.npz,-0.5,0.0,0.05,hamming,1,,l2,1,True,mean,"1.0,1.0",results_env_onset\sub-025\sub-025_backward_mtrf_env_onset.summary.json,results_env_onset\sub-025\sub-025_backward_mtrf_env_onset.trial_results.csv
sub-025,,,15,1,0.0597438626361219,0.070815125574994,0.0140907588099109,0.056724366765083,0.0859039738634114,0.0231406153562506,0.0627633585071607,0.0597438626361219,0.90625,32,2,"envelope,onset",data/processed/env_onset/sub-025_mtrf_env_onset.npz,-0.5,0.0,0.05,hamming,1,,l2,1,True,mean,"1.0,1.0",results_env_onset\sub-025\sub-025_backward_mtrf_env_onset.summary.json,results_env_onset\sub-025\sub-025_backward_mtrf_env_onset.trial_results.csv
sub-025,,,16,1,0.0564633137230512,0.0427711146921531,-0.0376987879133818,0.0804699026055349,0.031788278433105,-0.0006684464074624,0.0324567248405675,0.0564633137230512,0.90625,32,2,"envelope,onset",data/processed/env_onset/sub-025_mtrf_env_onset.npz,-0.5,0.0,0.05,hamming,1,,l2,1,True,mean,"1.0,1.0",results_env_onset\sub-025\sub-025_backward_mtrf_env_onset.summary.json,results_env_onset\sub-025\sub-025_backward_mtrf_env_onset.trial_results.csv
sub-025,,,17,1,0.0693237396875181,0.0842045360554828,-0.0100351024932306,0.0942396385487134,0.0820919706198432,0.0376841297935203,0.0444078408263228,0.0693237396875181,0.90625,32,2,"envelope,onset",data/processed/env_onset/sub-025_mtrf_env_onset.npz,-0.5,0.0,0.05,hamming,1,,l2,1,True,mean,"1.0,1.0",results_env_onset\sub-025\sub-025_backward_mtrf_env_onset.summary.json,results_env_onset\sub-025\sub-025_backward_mtrf_env_onset.trial_results.csv
sub-025,,,18,1,0.1313722498714289,0.1120842173406244,-0.0443987435841485,0.1564829609247729,0.133301261789976,0.0270397229718911,0.1062615388180848,0.1313722498714289,0.90625,32,2,"envelope,onset",data/processed/env_onset/sub-025_mtrf_env_onset.npz,-0.5,0.0,0.05,hamming,1,,l2,1,True,mean,"1.0,1.0",results_env_onset\sub-025\sub-025_backward_mtrf_env_onset.summary.json,results_env_onset\sub-025\sub-025_backward_mtrf_env_onset.trial_results.csv
sub-025,,,19,1,0.0179179672747709,0.0081548349471678,0.0544783389104983,-0.0463235039633304,0.0491973760583443,-0.032962062454528,0.0821594385128723,0.0179179672747709,0.90625,32,2,"envelope,onset",data/processed/env_onset/sub-025_mtrf_env_onset.npz,-0.5,0.0,0.05,hamming,1,,l2,1,True,mean,"1.0,1.0",results_env_onset\sub-025\sub-025_backward_mtrf_env_onset.summary.json,results_env_onset\sub-025\sub-025_backward_mtrf_env_onset.trial_results.csv
sub-025,,,20,1,0.0541967686932479,0.0194793983615735,-0.0250665229523845,0.044545921313958,0.021227291959475,-0.0426203241130628,0.0638476160725379,0.0541967686932479,0.90625,32,2,"envelope,onset",data/processed/env_onset/sub-025_mtrf_env_onset.npz,-0.5,0.0,0.05,hamming,1,,l2,1,True,mean,"1.0,1.0",results_env_onset\sub-025\sub-025_backward_mtrf_env_onset.summary.json,results_env_onset\sub-025\sub-025_backward_mtrf_env_onset.trial_results.csv
sub-025,,,21,1,0.1119063274108196,0.1054648526464926,-0.0074522771143392,0.1129171297608319,0.1245605186381412,0.0136649935773338,0.1108955250608073,0.1119063274108196,0.90625,32,2,"envelope,onset",data/processed/env_onset/sub-025_mtrf_env_onset.npz,-0.5,0.0,0.05,hamming,1,,l2,1,True,mean,"1.0,1.0",results_env_onset\sub-025\sub-025_backward_mtrf_env_onset.summary.json,results_env_onset\sub-025\sub-025_backward_mtrf_env_onset.trial_results.csv
sub-025,,,22,0,-0.0124244642284153,0.1029256323387837,0.0906091330952875,0.0123164992434961,0.0962718043314629,0.1334372320317896,-0.0371654277003267,-0.0124244642284153,0.90625,32,2,"envelope,onset",data/processed/env_onset/sub-025_mtrf_env_onset.npz,-0.5,0.0,0.05,hamming,1,,l2,1,True,mean,"1.0,1.0",results_env_onset\sub-025\sub-025_backward_mtrf_env_onset.summary.json,results_env_onset\sub-025\sub-025_backward_mtrf_env_onset.trial_results.csv
sub-025,,,23,1,0.0070478386908438,0.046319865262342,0.0658517357669537,-0.0195318705046116,0.1048208510436782,0.071193303157379,0.0336275478862992,0.0070478386908438,0.90625,32,2,"envelope,onset",data/processed/env_onset/sub-025_mtrf_env_onset.npz,-0.5,0.0,0.05,hamming,1,,l2,1,True,mean,"1.0,1.0",results_env_onset\sub-025\sub-025_backward_mtrf_env_onset.summary.json,results_env_onset\sub-025\sub-025_backward_mtrf_env_onset.trial_results.csv
sub-025,,,24,1,0.1984337281442048,0.2568254498793551,0.0094347641598429,0.2473906857195121,0.1710640197979405,0.0215872492290429,0.1494767705688975,0.1984337281442048,0.90625,32,2,"envelope,onset",data/processed/env_onset/sub-025_mtrf_env_onset.npz,-0.5,0.0,0.05,hamming,1,,l2,1,True,mean,"1.0,1.0",results_env_onset\sub-025\sub-025_backward_mtrf_env_onset.summary.json,results_env_onset\sub-025\sub-025_backward_mtrf_env_onset.trial_results.csv
sub-025,,,25,1,0.0092628642049001,0.0383825731121445,0.0222918247679602,0.0160907483441842,0.0107172533652037,0.0082822732995878,0.0024349800656159,0.0092628642049001,0.90625,32,2,"envelope,onset",data/processed/env_onset/sub-025_mtrf_env_onset.npz,-0.5,0.0,0.05,hamming,1,,l2,1,True,mean,"1.0,1.0",results_env_onset\sub-025\sub-025_backward_mtrf_env_onset.summary.json,results_env_onset\sub-025\sub-025_backward_mtrf_env_onset.trial_results.csv
sub-025,,,26,1,0.078838929018683,0.0929655367501181,0.0176560057340312,0.0753095310160868,0.120174787346373,0.0378064603250938,0.0823683270212792,0.078838929018683,0.90625,32,2,"envelope,onset",data/processed/env_onset/sub-025_mtrf_env_onset.npz,-0.5,0.0,0.05,hamming,1,,l2,1,True,mean,"1.0,1.0",results_env_onset\sub-025\sub-025_backward_mtrf_env_onset.summary.json,results_env_onset\sub-025\sub-025_backward_mtrf_env_onset.trial_results.csv
sub-025,,,27,1,0.060347347331799,0.1447697279130853,0.069439627051096,0.0753301008619893,0.0978974504949135,0.0525328566933048,0.0453645938016087,0.060347347331799,0.90625,32,2,"envelope,onset",data/processed/env_onset/sub-025_mtrf_env_onset.npz,-0.5,0.0,0.05,hamming,1,,l2,1,True,mean,"1.0,1.0",results_env_onset\sub-025\sub-025_backward_mtrf_env_onset.summary.json,results_env_onset\sub-025\sub-025_backward_mtrf_env_onset.trial_results.csv
sub-025,,,28,1,0.1506827215811845,0.1141001426100841,-0.0287444798192948,0.142844622429379,0.121021076734278,-0.037499743998712,0.15852082073299,0.1506827215811845,0.90625,32,2,"envelope,onset",data/processed/env_onset/sub-025_mtrf_env_onset.npz,-0.5,0.0,0.05,hamming,1,,l2,1,True,mean,"1.0,1.0",results_env_onset\sub-025\sub-025_backward_mtrf_env_onset.summary.json,results_env_onset\sub-025\sub-025_backward_mtrf_env_onset.trial_results.csv
sub-025,,,29,1,0.0926613832629203,0.1207574076834095,0.0044155770641127,0.1163418306192968,0.1180787182070017,0.0490977823004578,0.0689809359065439,0.0926613832629203,0.90625,32,2,"envelope,onset",data/processed/env_onset/sub-025_mtrf_env_onset.npz,-0.5,0.0,0.05,hamming,1,,l2,1,True,mean,"1.0,1.0",results_env_onset\sub-025\sub-025_backward_mtrf_env_onset.summary.json,results_env_onset\sub-025\sub-025_backward_mtrf_env_onset.trial_results.csv
sub-025,,,30,1,0.0804512158329508,0.0839336790210562,-0.01226562236491,0.0961993013859663,0.0152184038972609,-0.0494847263826743,0.0647031302799353,0.0804512158329508,0.90625,32,2,"envelope,onset",data/processed/env_onset/sub-025_mtrf_env_onset.npz,-0.5,0.0,0.05,hamming,1,,l2,1,True,mean,"1.0,1.0",results_env_onset\sub-025\sub-025_backward_mtrf_env_onset.summary.json,results_env_onset\sub-025\sub-025_backward_mtrf_env_onset.trial_results.csv
sub-025,,,31,1,0.0536726285643488,0.0883198971078094,0.0141603500103616,0.0741595470974477,0.0585166559426975,0.0253309459114477,0.0331857100312498,0.0536726285643488,0.90625,32,2,"envelope,onset",data/processed/env_onset/sub-025_mtrf_env_onset.npz,-0.5,0.0,0.05,hamming,1,,l2,1,True,mean,"1.0,1.0",results_env_onset\sub-025\sub-025_backward_mtrf_env_onset.summary.json,results_env_onset\sub-025\sub-025_backward_mtrf_env_onset.trial_results.csv
sub-026,,,0,1,0.1435246645742448,0.1264969563098992,-0.0146042150954312,0.1411011714053305,0.1658172631184289,0.0198691053752697,0.1459481577431591,0.1435246645742448,1.0,32,2,"envelope,onset",data/processed/env_onset/sub-026_mtrf_env_onset.npz,-0.5,0.0,0.05,hamming,1,,l2,1,True,mean,"1.0,1.0",results_env_onset\sub-026\sub-026_backward_mtrf_env_onset.summary.json,results_env_onset\sub-026\sub-026_backward_mtrf_env_onset.trial_results.csv
sub-026,,,1,1,0.1563153283967328,0.0898701742625094,-0.0326209971790804,0.1224911714415898,0.1495929498112511,-0.0405465355406246,0.1901394853518758,0.1563153283967328,1.0,32,2,"envelope,onset",data/processed/env_onset/sub-026_mtrf_env_onset.npz,-0.5,0.0,0.05,hamming,1,,l2,1,True,mean,"1.0,1.0",results_env_onset\sub-026\sub-026_backward_mtrf_env_onset.summary.json,results_env_onset\sub-026\sub-026_backward_mtrf_env_onset.trial_results.csv
sub-026,,,2,1,0.090790306246969,0.1095507001491912,0.0076380207141485,0.1019126794350427,0.1088543441490223,0.0291864110901269,0.0796679330588953,0.090790306246969,1.0,32,2,"envelope,onset",data/processed/env_onset/sub-026_mtrf_env_onset.npz,-0.5,0.0,0.05,hamming,1,,l2,1,True,mean,"1.0,1.0",results_env_onset\sub-026\sub-026_backward_mtrf_env_onset.summary.json,results_env_onset\sub-026\sub-026_backward_mtrf_env_onset.trial_results.csv
sub-026,,,3,1,0.1532391898879308,0.0985953120337565,-0.0591626841415124,0.1577579961752689,0.1394810762655235,-0.0092393073350691,0.1487203836005927,0.1532391898879308,1.0,32,2,"envelope,onset",data/processed/env_onset/sub-026_mtrf_env_onset.npz,-0.5,0.0,0.05,hamming,1,,l2,1,True,mean,"1.0,1.0",results_env_onset\sub-026\sub-026_backward_mtrf_env_onset.summary.json,results_env_onset\sub-026\sub-026_backward_mtrf_env_onset.trial_results.csv
sub-026,,,4,1,0.0379132272993172,0.0531175585195186,0.027520775471445,0.0255967830480736,0.0853538221119588,0.0351241505613981,0.0502296715505607,0.0379132272993172,1.0,32,2,"envelope,onset",data/processed/env_onset/sub-026_mtrf_env_onset.npz,-0.5,0.0,0.05,hamming,1,,l2,1,True,mean,"1.0,1.0",results_env_onset\sub-026\sub-026_backward_mtrf_env_onset.summary.json,results_env_onset\sub-026\sub-026_backward_mtrf_env_onset.trial_results.csv
sub-026,,,5,1,0.1974725531261389,0.1672750213666673,-0.037008796588434,0.2042838179551014,0.1807355756871484,-0.009925712610028,0.1906612882971764,0.1974725531261389,1.0,32,2,"envelope,onset",data/processed/env_onset/sub-026_mtrf_env_onset.npz,-0.5,0.0,0.05,hamming,1,,l2,1,True,mean,"1.0,1.0",results_env_onset\sub-026\sub-026_backward_mtrf_env_onset.summary.json,results_env_onset\sub-026\sub-026_backward_mtrf_env_onset.trial_results.csv
sub-026,,,6,1,0.0903325209988754,0.1303129622384877,0.06176801005903,0.0685449521794576,0.1377186207403152,0.0255985309220219,0.1121200898182933,0.0903325209988754,1.0,32,2,"envelope,onset",data/processed/env_onset/sub-026_mtrf_env_onset.npz,-0.5,0.0,0.05,hamming,1,,l2,1,True,mean,"1.0,1.0",results_env_onset\sub-026\sub-026_backward_mtrf_env_onset.summary.json,results_env_onset\sub-026\sub-026_backward_mtrf_env_onset.trial_results.csv
sub-026,,,7,1,0.1689593413919276,0.1355560349820473,-0.0378442565718997,0.1734002915539471,0.1451707558832649,-0.0193476353466433,0.1645183912299082,0.1689593413919276,1.0,32,2,"envelope,onset",data/processed/env_onset/sub-026_mtrf_env_onset.npz,-0.5,0.0,0.05,hamming,1,,l2,1,True,mean,"1.0,1.0",results_env_onset\sub-026\sub-026_backward_mtrf_env_onset.summary.json,results_env_onset\sub-026\sub-026_backward_mtrf_env_onset.trial_results.csv
sub-026,,,8,1,0.2291539755870118,0.1498124376876131,-0.0813988226038896,0.2312112602915028,0.1795877217640847,-0.047508969118436,0.2270966908825208,0.2291539755870118,1.0,32,2,"envelope,onset",data/processed/env_onset/sub-026_mtrf_env_onset.npz,-0.5,0.0,0.05,hamming,1,,l2,1,True,mean,"1.0,1.0",results_env_onset\sub-026\sub-026_backward_mtrf_env_onset.summary.json,results_env_onset\sub-026\sub-026_backward_mtrf_env_onset.trial_results.csv
sub-026,,,9,1,0.2086795721620065,0.1768359240866892,-0.0260781943692485,0.2029141184559378,0.1621284934313515,-0.0523165324367236,0.2144450258680751,0.2086795721620065,1.0,32,2,"envelope,onset",data/processed/env_onset/sub-026_mtrf_env_onset.npz,-0.5,0.0,0.05,hamming,1,,l2,1,True,mean,"1.0,1.0",results_env_onset\sub-026\sub-026_backward_mtrf_env_onset.summary.json,results_env_onset\sub-026\sub-026_backward_mtrf_env_onset.trial_results.csv
sub-026,,,10,1,0.1175616241384247,0.1340223382129531,0.0267899292665574,0.1072324089463956,0.1755856369121954,0.0476947975817415,0.1278908393304538,0.1175616241384247,1.0,32,2,"envelope,onset",data/processed/env_onset/sub-026_mtrf_env_onset.npz,-0.5,0.0,0.05,hamming,1,,l2,1,True,mean,"1.0,1.0",results_env_onset\sub-026\sub-026_backward_mtrf_env_onset.summary.json,results_env_onset\sub-026\sub-026_backward_mtrf_env_onset.trial_results.csv
sub-026,,,11,1,0.0666567518037388,0.072599362625084,0.0109869499744515,0.0616124126506324,0.0917436169007674,0.020042525943922,0.0717010909568453,0.0666567518037388,1.0,32,2,"envelope,onset",data/processed/env_onset/sub-026_mtrf_env_onset.npz,-0.5,0.0,0.05,hamming,1,,l2,1,True,mean,"1.0,1.0",results_env_onset\sub-026\sub-026_backward_mtrf_env_onset.summary.json,results_env_onset\sub-026\sub-026_backward_mtrf_env_onset.trial_results.csv
sub-026,,,12,1,0.0857602106723846,0.1589969505346785,0.0565591174060146,0.1024378331286639,0.1240937326585901,0.0550111444424848,0.0690825882161052,0.0857602106723846,1.0,32,2,"envelope,onset",data/processed/env_onset/sub-026_mtrf_env_onset.npz,-0.5,0.0,0.05,hamming,1,,l2,1,True,mean,"1.0,1.0",results_env_onset\sub-026\sub-026_backward_mtrf_env_onset.summary.json,results_env_onset\sub-026\sub-026_backward_mtrf_env_onset.trial_results.csv
sub-026,,,13,1,0.1990396765107837,0.121203778086558,-0.0774268256396417,0.1986306037261997,0.1536494175201096,-0.0457993317752581,0.1994487492953677,0.1990396765107837,1.0,32,2,"envelope,onset",data/processed/env_onset/sub-026_mtrf_env_onset.npz,-0.5,0.0,0.05,hamming,1,,l2,1,True,mean,"1.0,1.0",results_env_onset\sub-026\sub-026_backward_mtrf_env_onset.summary.json,results_env_onset\sub-026\sub-026_backward_mtrf_env_onset.trial_results.csv
sub-026,,,14,1,0.1250058846497103,0.194092960634883,0.0615124482257519,0.132580512409131,0.2047442379499266,0.087312981059637,0.1174312568902896,0.1250058846497103,1.0,32,2,"envelope,onset",data/processed/env_onset/sub-026_mtrf_env_onset.npz,-0.5,0.0,0.05,hamming,1,,l2,1,True,mean,"1.0,1.0",results_env_onset\sub-026\sub-026_backward_mtrf_env_onset.summary.json,results_env_onset\sub-026\sub-026_backward_mtrf_env_onset.trial_results.csv
sub-026,,,15,1,0.2169317030399313,0.1779660443770309,-0.0352524058646903,0.2132184502417212,0.1635446385846295,-0.0571003172535118,0.2206449558381413,0.2169317030399313,1.0,32,2,"envelope,onset",data/processed/env_onset/sub-026_mtrf_env_onset.npz,-0.5,0.0,0.05,hamming,1,,l2,1,True,mean,"1.0,1.0",results_env_onset\sub-026\sub-026_backward_mtrf_env_onset.summary.json,results_env_onset\sub-026\sub-026_backward_mtrf_env_onset.trial_results.csv
sub-026,,,16,1,0.1990383675089375,0.1386156680231893,-0.076570075433837,0.2151857434570263,0.1113799809954138,-0.0715110105654348,0.1828909915608487,0.1990383675089375,1.0,32,2,"envelope,onset",data/processed/env_onset/sub-026_mtrf_env_onset.npz,-0.5,0.0,0.05,hamming,1,,l2,1,True,mean,"1.0,1.0",results_env_onset\sub-026\sub-026_backward_mtrf_env_onset.summary.json,results_env_onset\sub-026\sub-026_backward_mtrf_env_onset.trial_results.csv
sub-026,,,17,1,0.050030590791918,0.0669928951724769,0.0610893394612384,0.0059035557112384,0.1456190492066178,0.0514614233340202,0.0941576258725975,0.050030590791918,1.0,32,2,"envelope,onset",data/processed/env_onset/sub-026_mtrf_env_onset.npz,-0.5,0.0,0.05,hamming,1,,l2,1,True,mean,"1.0,1.0",results_env_onset\sub-026\sub-026_backward_mtrf_env_onset.summary.json,results_env_onset\sub-026\sub-026_backward_mtrf_env_onset.trial_results.csv
sub-026,,,18,1,0.0539633359833604,0.0397192413062871,-0.035219661006806,0.0749389023130931,0.0184748482698667,-0.0145129213837609,0.0329877696536277,0.0539633359833604,1.0,32,2,"envelope,onset",data/processed/env_onset/sub-026_mtrf_env_onset.npz,-0.5,0.0,0.05,hamming,1,,l2,1,True,mean,"1.0,1.0",results_env_onset\sub-026\sub-026_backward_mtrf_env_onset.summary.json,results_env_onset\sub-026\sub-026_backward_mtrf_env_onset.trial_results.csv
sub-026,,,19,1,0.0081486488910465,0.0134825565505794,0.0121937202302507,0.0012888363203286,-0.0092475804317286,-0.024256041893493,0.0150084614617644,0.0081486488910465,1.0,32,2,"envelope,onset",data/processed/env_onset/sub-026_mtrf_env_onset.npz,-0.5,0.0,0.05,hamming,1,,l2,1,True,mean,"1.0,1.0",results_env_onset\sub-026\sub-026_backward_mtrf_env_onset.summary.json,results_env_onset\sub-026\sub-026_backward_mtrf_env_onset.trial_results.csv
sub-026,,,20,1,0.1216432848938886,0.1414341879364256,0.0137280410864186,0.1277061468500069,0.1270938939909052,0.0115134710531348,0.1155804229377703,0.1216432848938886,1.0,32,2,"envelope,onset",data/processed/env_onset/sub-026_mtrf_env_onset.npz,-0.5,0.0,0.05,hamming,1,,l2,1,True,mean,"1.0,1.0",results_env_onset\sub-026\sub-026_backward_mtrf_env_onset.summary.json,results_env_onset\sub-026\sub-026_backward_mtrf_env_onset.trial_results.csv
sub-026,,,21,1,0.1324305018120881,0.1332471003639106,-0.0107260861901344,0.1439731865540451,0.1084912078635866,-0.0123966092065445,0.1208878170701311,0.1324305018120881,1.0,32,2,"envelope,onset",data/processed/env_onset/sub-026_mtrf_env_onset.npz,-0.5,0.0,0.05,hamming,1,,l2,1,True,mean,"1.0,1.0",results_env_onset\sub-026\sub-026_backward_mtrf_env_onset.summary.json,results_env_onset\sub-026\sub-026_backward_mtrf_env_onset.trial_results.csv
sub-026,,,22,1,0.0747219401899631,0.0761236894653556,0.0334560616217311,0.0426676278436244,0.1123196901796123,0.0055434376433104,0.1067762525363018,0.0747219401899631,1.0,32,2,"envelope,onset",data/processed/env_onset/sub-026_mtrf_env_onset.npz,-0.5,0.0,0.05,hamming,1,,l2,1,True,mean,"1.0,1.0",results_env_onset\sub-026\sub-026_backward_mtrf_env_onset.summary.json,results_env_onset\sub-026\sub-026_backward_mtrf_env_onset.trial_results.csv
sub-026,,,23,1,0.1414251568414599,0.1304052063516836,-0.0388956504035125,0.1693008567551961,0.126775478845015,0.0132260219172913,0.1135494569277237,0.1414251568414599,1.0,32,2,"envelope,onset",data/processed/env_onset/sub-026_mtrf_env_onset.npz,-0.5,0.0,0.05,hamming,1,,l2,1,True,mean,"1.0,1.0",results_env_onset\sub-026\sub-026_backward_mtrf_env_onset.summary.json,results_env_onset\sub-026\sub-026_backward_mtrf_env_onset.trial_results.csv
sub-026,,,24,1,0.0789533532651696,0.1260138463742071,0.0224550758563616,0.1035587705178454,0.1202892688879173,0.0659413328754235,0.0543479360124938,0.0789533532651696,1.0,32,2,"envelope,onset",data/processed/env_onset/sub-026_mtrf_env_onset.npz,-0.5,0.0,0.05,hamming,1,,l2,1,True,mean,"1.0,1.0",results_env_onset\sub-026\sub-026_backward_mtrf_env_onset.summary.json,results_env_onset\sub-026\sub-026_backward_mtrf_env_onset.trial_results.csv
sub-026,,,25,1,0.091850317166408,0.0653054928813727,-0.0504149799773499,0.1157204728587226,0.0499150066186967,-0.0180651548553966,0.0679801614740933,0.091850317166408,1.0,32,2,"envelope,onset",data/processed/env_onset/sub-026_mtrf_env_onset.npz,-0.5,0.0,0.05,hamming,1,,l2,1,True,mean,"1.0,1.0",results_env_onset\sub-026\sub-026_backward_mtrf_env_onset.summary.json,results_env_onset\sub-026\sub-026_backward_mtrf_env_onset.trial_results.csv
sub-026,,,26,1,0.1628394280492541,0.1346846244034541,-0.048854031479516,0.1835386558829701,0.1243170883208569,-0.0178231118946812,0.1421402002155382,0.1628394280492541,1.0,32,2,"envelope,onset",data/processed/env_onset/sub-026_mtrf_env_onset.npz,-0.5,0.0,0.05,hamming,1,,l2,1,True,mean,"1.0,1.0",results_env_onset\sub-026\sub-026_backward_mtrf_env_onset.summary.json,results_env_onset\sub-026\sub-026_backward_mtrf_env_onset.trial_results.csv
sub-026,,,27,1,0.008815438414714,0.0448852387423029,0.03767800198352,0.0072072367587828,0.0709802810429537,0.0605566409723086,0.0104236400706451,0.008815438414714,1.0,32,2,"envelope,onset",data/processed/env_onset/sub-026_mtrf_env_onset.npz,-0.5,0.0,0.05,hamming,1,,l2,1,True,mean,"1.0,1.0",results_env_onset\sub-026\sub-026_backward_mtrf_env_onset.summary.json,results_env_onset\sub-026\sub-026_backward_mtrf_env_onset.trial_results.csv
sub-026,,,28,1,0.0268936812956608,0.0461329287065977,0.0228186741271062,0.0233142545794915,0.0862673564993247,0.0557942484874945,0.0304731080118301,0.0268936812956608,1.0,32,2,"envelope,onset",data/processed/env_onset/sub-026_mtrf_env_onset.npz,-0.5,0.0,0.05,hamming,1,,l2,1,True,mean,"1.0,1.0",results_env_onset\sub-026\sub-026_backward_mtrf_env_onset.summary.json,results_env_onset\sub-026\sub-026_backward_mtrf_env_onset.trial_results.csv
sub-026,,,29,1,0.1466199428368731,0.1832971747575143,0.0255657112895279,0.1577314634679864,0.1568778176457683,0.0213693954400084,0.1355084222057598,0.1466199428368731,1.0,32,2,"envelope,onset",data/processed/env_onset/sub-026_mtrf_env_onset.npz,-0.5,0.0,0.05,hamming,1,,l2,1,True,mean,"1.0,1.0",results_env_onset\sub-026\sub-026_backward_mtrf_env_onset.summary.json,results_env_onset\sub-026\sub-026_backward_mtrf_env_onset.trial_results.csv
sub-026,,,30,1,0.1326340128003957,0.1144942390336579,-0.0132757601523352,0.1277699991859931,0.0859806309437256,-0.0515173954710727,0.1374980264147983,0.1326340128003957,1.0,32,2,"envelope,onset",data/processed/env_onset/sub-026_mtrf_env_onset.npz,-0.5,0.0,0.05,hamming,1,,l2,1,True,mean,"1.0,1.0",results_env_onset\sub-026\sub-026_backward_mtrf_env_onset.summary.json,results_env_onset\sub-026\sub-026_backward_mtrf_env_onset.trial_results.csv
sub-026,,,31,1,0.1632764006618222,0.163986843279227,-0.0523702649443273,0.2163571082235543,0.1253436260887549,0.0151479329886648,0.1101956931000901,0.1632764006618222,1.0,32,2,"envelope,onset",data/processed/env_onset/sub-026_mtrf_env_onset.npz,-0.5,0.0,0.05,hamming,1,,l2,1,True,mean,"1.0,1.0",results_env_onset\sub-026\sub-026_backward_mtrf_env_onset.summary.json,results_env_onset\sub-026\sub-026_backward_mtrf_env_onset.trial_results.csv
sub-027,,,0,1,0.1235417164063227,0.1108430373007489,0.006663858317663,0.1041791789830859,0.106838480019188,-0.0360657738103714,0.1429042538295595,0.1235417164063227,0.96875,32,2,"envelope,onset",data/processed/env_onset/sub-027_mtrf_env_onset.npz,-0.5,0.0,0.05,hamming,1,,l2,1,True,mean,"1.0,1.0",results_env_onset\sub-027\sub-027_backward_mtrf_env_onset.summary.json,results_env_onset\sub-027\sub-027_backward_mtrf_env_onset.trial_results.csv
sub-027,,,1,1,0.0882690578151512,0.1660030530596623,0.0778230447973114,0.0881800082623509,0.1758078870818082,0.0874497797138567,0.0883581073679515,0.0882690578151512,0.96875,32,2,"envelope,onset",data/processed/env_onset/sub-027_mtrf_env_onset.npz,-0.5,0.0,0.05,hamming,1,,l2,1,True,mean,"1.0,1.0",results_env_onset\sub-027\sub-027_backward_mtrf_env_onset.summary.json,results_env_onset\sub-027\sub-027_backward_mtrf_env_onset.trial_results.csv
sub-027,,,2,1,0.0475891820541891,0.0954531012337592,0.0566390330209123,0.0388140682128469,0.1277329440930349,0.0713686481975035,0.0563642958955313,0.0475891820541891,0.96875,32,2,"envelope,onset",data/processed/env_onset/sub-027_mtrf_env_onset.npz,-0.5,0.0,0.05,hamming,1,,l2,1,True,mean,"1.0,1.0",results_env_onset\sub-027\sub-027_backward_mtrf_env_onset.summary.json,results_env_onset\sub-027\sub-027_backward_mtrf_env_onset.trial_results.csv
sub-027,,,3,1,0.0985244597174705,0.1460248491994518,0.0256097270945926,0.1204151221048592,0.141051467372223,0.0644176700421412,0.0766337973300817,0.0985244597174705,0.96875,32,2,"envelope,onset",data/processed/env_onset/sub-027_mtrf_env_onset.npz,-0.5,0.0,0.05,hamming,1,,l2,1,True,mean,"1.0,1.0",results_env_onset\sub-027\sub-027_backward_mtrf_env_onset.summary.json,results_env_onset\sub-027\sub-027_backward_mtrf_env_onset.trial_results.csv
sub-027,,,4,1,0.0175680153189798,0.1055268665533116,0.0979049565876003,0.0076219099657113,0.1085077527262325,0.0809936320539841,0.0275141206722484,0.0175680153189798,0.96875,32,2,"envelope,onset",data/processed/env_onset/sub-027_mtrf_env_onset.npz,-0.5,0.0,0.05,hamming,1,,l2,1,True,mean,"1.0,1.0",results_env_onset\sub-027\sub-027_backward_mtrf_env_onset.summary.json,results_env_onset\sub-027\sub-027_backward_mtrf_env_onset.trial_results.csv
sub-027,,,5,1,0.1114740461830336,0.1274901961662723,0.0081339158826696,0.1193562802836026,0.1383603781551721,0.0347685660727074,0.1035918120824646,0.1114740461830336,0.96875,32,2,"envelope,onset",data/processed/env_onset/sub-027_mtrf_env_onset.npz,-0.5,0.0,0.05,hamming,1,,l2,1,True,mean,"1.0,1.0",results_env_onset\sub-027\sub-027_backward_mtrf_env_onset.summary.json,results_env_onset\sub-027\sub-027_backward_mtrf_env_onset.trial_results.csv
sub-027,,,6,1,0.1792996571934513,0.1677079730700999,-0.0006146840797599,0.1683226571498598,0.2018600116121978,0.0115833543751549,0.1902766572370428,0.1792996571934513,0.96875,32,2,"envelope,onset",data/processed/env_onset/sub-027_mtrf_env_onset.npz,-0.5,0.0,0.05,hamming,1,,l2,1,True,mean,"1.0,1.0",results_env_onset\sub-027\sub-027_backward_mtrf_env_onset.summary.json,results_env_onset\sub-027\sub-027_backward_mtrf_env_onset.trial_results.csv
sub-027,,,7,1,0.0377786646242011,0.0305164392077145,-0.0169936168559064,0.0475100560636209,0.089716826761469,0.0616695535766876,0.0280472731847813,0.0377786646242011,0.96875,32,2,"envelope,onset",data/processed/env_onset/sub-027_mtrf_env_onset.npz,-0.5,0.0,0.05,hamming,1,,l2,1,True,mean,"1.0,1.0",results_env_onset\sub-027\sub-027_backward_mtrf_env_onset.summary.json,results_env_onset\sub-027\sub-027_backward_mtrf_env_onset.trial_results.csv
sub-027,,,8,1,0.1422808775818086,0.1683279962925216,-0.0108142065576025,0.1791422028501241,0.1650530689838671,0.059633516670374,0.1054195523134931,0.1422808775818086,0.96875,32,2,"envelope,onset",data/processed/env_onset/sub-027_mtrf_env_onset.npz,-0.5,0.0,0.05,hamming,1,,l2,1,True,mean,"1.0,1.0",results_env_onset\sub-027\sub-027_backward_mtrf_env_onset.summary.json,results_env_onset\sub-027\sub-027_backward_mtrf_env_onset.trial_results.csv
sub-027,,,9,1,0.1506229836432788,0.1496742139797567,-0.0097569758530558,0.1594311898328126,0.188123250983018,0.0463084735292729,0.1418147774537451,0.1506229836432788,0.96875,32,2,"envelope,onset",data/processed/env_onset/sub-027_mtrf_env_onset.npz,-0.5,0.0,0.05,hamming,1,,l2,1,True,mean,"1.0,1.0",results_env_onset\sub-027\sub-027_backward_mtrf_env_onset.summary.json,results_env_onset\sub-027\sub-027_backward_mtrf_env_onset.trial_results.csv
sub-027,,,10,1,0.0263464461072293,0.1407461899433355,0.0913393145575577,0.0494068753857777,0.1325819333022674,0.1292959164735865,0.0032860168286809,0.0263464461072293,0.96875,32,2,"envelope,onset",data/processed/env_onset/sub-027_mtrf_env_onset.npz,-0.5,0.0,0.05,hamming,1,,l2,1,True,mean,"1.0,1.0",results_env_onset\sub-027\sub-027_backward_mtrf_env_onset.summary.json,results_env_onset\sub-027\sub-027_backward_mtrf_env_onset.trial_results.csv
sub-027,,,11,1,0.0764530167958992,0.1342160881520678,0.0779555439855047,0.056260544166563,0.1899025713661895,0.0932570819409541,0.0966454894252354,0.0764530167958992,0.96875,32,2,"envelope,onset",data/processed/env_onset/sub-027_mtrf_env_onset.npz,-0.5,0.0,0.05,hamming,1,,l2,1,True,mean,"1.0,1.0",results_env_onset\sub-027\sub-027_backward_mtrf_env_onset.summary.json,results_env_onset\sub-027\sub-027_backward_mtrf_env_onset.trial_results.csv
sub-027,,,12,1,0.1367341032107084,0.1556897952539701,0.0383634768882152,0.1173263183657548,0.1879092823419738,0.0317673942863117,0.1561418880556621,0.1367341032107084,0.96875,32,2,"envelope,onset",data/processed/env_onset/sub-027_mtrf_env_onset.npz,-0.5,0.0,0.05,hamming,1,,l2,1,True,mean,"1.0,1.0",results_env_onset\sub-027\sub-027_backward_mtrf_env_onset.summary.json,results_env_onset\sub-027\sub-027_backward_mtrf_env_onset.trial_results.csv
sub-027,,,13,1,0.0498468637685496,0.1458127628070815,0.0690266999186436,0.0767860628884379,0.1467787078729377,0.1238710432242763,0.0229076646486614,0.0498468637685496,0.96875,32,2,"envelope,onset",data/processed/env_onset/sub-027_mtrf_env_onset.npz,-0.5,0.0,0.05,hamming,1,,l2,1,True,mean,"1.0,1.0",results_env_onset\sub-027\sub-027_backward_mtrf_env_onset.summary.json,results_env_onset\sub-027\sub-027_backward_mtrf_env_onset.trial_results.csv
sub-027,,,14,1,0.1304596891150521,0.1668340956202652,0.0190666720678155,0.1477674235524496,0.1521063807623833,0.0389544260847288,0.1131519546776545,0.1304596891150521,0.96875,32,2,"envelope,onset",data/processed/env_onset/sub-027_mtrf_env_onset.npz,-0.5,0.0,0.05,hamming,1,,l2,1,True,mean,"1.0,1.0",results_env_onset\sub-027\sub-027_backward_mtrf_env_onset.summary.json,results_env_onset\sub-027\sub-027_backward_mtrf_env_onset.trial_results.csv
sub-027,,,15,1,0.1405474392481003,0.1607384951463346,0.0265228915907747,0.1342156035555599,0.19234858792594,0.0454693129852992,0.1468792749406407,0.1405474392481003,0.96875,32,2,"envelope,onset",data/processed/env_onset/sub-027_mtrf_env_onset.npz,-0.5,0.0,0.05,hamming,1,,l2,1,True,mean,"1.0,1.0",results_env_onset\sub-027\sub-027_backward_mtrf_env_onset.summary.json,results_env_onset\sub-027\sub-027_backward_mtrf_env_onset.trial_results.csv
sub-027,,,16,1,0.1288857839499122,0.161078339960685,0.0359522560199079,0.1251260839407771,0.1699962783327626,0.0373507943737152,0.1326454839590474,0.1288857839499122,0.96875,32,2,"envelope,onset",data/processed/env_onset/sub-027_mtrf_env_onset.npz,-0.5,0.0,0.05,hamming,1,,l2,1,True,mean,"1.0,1.0",results_env_onset\sub-027\sub-027_backward_mtrf_env_onset.summary.json,results_env_onset\sub-027\sub-027_backward_mtrf_env_onset.trial_results.csv
sub-027,,,17,1,0.1991844683599924,0.1669343302956425,-0.0039834149721447,0.1709177452677873,0.2106346705311455,-0.016816520921052,0.2274511914521976,0.1991844683599924,0.96875,32,2,"envelope,onset",data/processed/env_onset/sub-027_mtrf_env_onset.npz,-0.5,0.0,0.05,hamming,1,,l2,1,True,mean,"1.0,1.0",results_env_onset\sub-027\sub-027_backward_mtrf_env_onset.summary.json,results_env_onset\sub-027\sub-027_backward_mtrf_env_onset.trial_results.csv
sub-027,,,18,1,0.0802331683176145,0.1151056306716334,0.0695728752809131,0.0455327553907203,0.1603250745831988,0.0453914933386899,0.1149335812445088,0.0802331683176145,0.96875,32,2,"envelope,onset",data/processed/env_onset/sub-027_mtrf_env_onset.npz,-0.5,0.0,0.05,hamming,1,,l2,1,True,mean,"1.0,1.0",results_env_onset\sub-027\sub-027_backward_mtrf_env_onset.summary.json,results_env_onset\sub-027\sub-027_backward_mtrf_env_onset.trial_results.csv
sub-027,,,19,1,0.2603519135958018,0.1965254977720179,-0.0215829845099434,0.2181084822819614,0.2402704229588013,-0.0623249219508408,0.3025953449096422,0.2603519135958018,0.96875,32,2,"envelope,onset",data/processed/env_onset/sub-027_mtrf_env_onset.npz,-0.5,0.0,0.05,hamming,1,,l2,1,True,mean,"1.0,1.0",results_env_onset\sub-027\sub-027_backward_mtrf_env_onset.summary.json,results_env_onset\sub-027\sub-027_backward_mtrf_env_onset.trial_results.csv
sub-027,,,20,1,0.1584188039350842,0.1649895462504291,0.0337028258048963,0.1312867204455328,0.2208828780092793,0.0353319905846437,0.1855508874246355,0.1584188039350842,0.96875,32,2,"envelope,onset",data/processed/env_onset/sub-027_mtrf_env_onset.npz,-0.5,0.0,0.05,hamming,1,,l2,1,True,mean,"1.0,1.0",results_env_onset\sub-027\sub-027_backward_mtrf_env_onset.summary.json,results_env_onset\sub-027\sub-027_backward_mtrf_env_onset.trial_results.csv
sub-027,,,21,1,0.1283544369227147,0.2040494356844591,0.038893754660825,0.1651556810236341,0.1767662471836209,0.0852130543618255,0.0915531928217954,0.1283544369227147,0.96875,32,2,"envelope,onset",data/processed/env_onset/sub-027_mtrf_env_onset.npz,-0.5,0.0,0.05,hamming,1,,l2,1,True,mean,"1.0,1.0",results_env_onset\sub-027\sub-027_backward_mtrf_env_onset.summary.json,results_env_onset\sub-027\sub-027_backward_mtrf_env_onset.trial_results.csv
sub-027,,,22,1,0.0214488592620883,-0.0062847553970877,-0.0143715783656273,0.0080868229685396,0.0288084950881868,-0.0060024004674502,0.034810895555637,0.0214488592620883,0.96875,32,2,"envelope,onset",data/processed/env_onset/sub-027_mtrf_env_onset.npz,-0.5,0.0,0.05,hamming,1,,l2,1,True,mean,"1.0,1.0",results_env_onset\sub-027\sub-027_backward_mtrf_env_onset.summary.json,results_env_onset\sub-027\sub-027_backward_mtrf_env_onset.trial_results.csv
sub-027,,,23,1,0.1791680932928824,0.1676356761302121,-0.0386867059764692,0.2063223821066813,0.1497402031231806,-0.0022736013559028,0.1520138044790835,0.1791680932928824,0.96875,32,2,"envelope,onset",data/processed/env_onset/sub-027_mtrf_env_onset.npz,-0.5,0.0,0.05,hamming,1,,l2,1,True,mean,"1.0,1.0",results_env_onset\sub-027\sub-027_backward_mtrf_env_onset.summary.json,results_env_onset\sub-027\sub-027_backward_mtrf_env_onset.trial_results.csv
sub-027,,,24,1,0.1694845136998369,0.1876670823242697,0.0188065287480234,0.1688605535762462,0.2146934678386226,0.0445849940151949,0.1701084738234277,0.1694845136998369,0.96875,32,2,"envelope,onset",data/processed/env_onset/sub-027_mtrf_env_onset.npz,-0.5,0.0,0.05,hamming,1,,l2,1,True,mean,"1.0,1.0",results_env_onset\sub-027\sub-027_backward_mtrf_env_onset.summary.json,results_env_onset\sub-027\sub-027_backward_mtrf_env_onset.trial_results.csv
sub-027,,,25,1,0.1094228878111758,0.054594523470941,-0.0468452429091743,0.1014397663801154,0.1005271129829052,-0.016878896259331,0.1174060092422362,0.1094228878111758,0.96875,32,2,"envelope,onset",data/processed/env_onset/sub-027_mtrf_env_onset.npz,-0.5,0.0,0.05,hamming,1,,l2,1,True,mean,"1.0,1.0",results_env_onset\sub-027\sub-027_backward_mtrf_env_onset.summary.json,results_env_onset\sub-027\sub-027_backward_mtrf_env_onset.trial_results.csv
sub-027,,,26,1,0.0473511897525937,0.0813713816336018,0.0121979807869009,0.0691734008467008,0.0832639319632249,0.0577349533047383,0.0255289786584866,0.0473511897525937,0.96875,32,2,"envelope,onset",data/processed/env_onset/sub-027_mtrf_env_onset.npz,-0.5,0.0,0.05,hamming,1,,l2,1,True,mean,"1.0,1.0",results_env_onset\sub-027\sub-027_backward_mtrf_env_onset.summary.json,results_env_onset\sub-027\sub-027_backward_mtrf_env_onset.trial_results.csv
sub-027,,,27,0,-0.0084793741054893,0.0528276162551134,0.0436829302962287,0.0091446859588846,0.0320822297950922,0.0581856639649557,-0.0261034341698634,-0.0084793741054893,0.96875,32,2,"envelope,onset",data/processed/env_onset/sub-027_mtrf_env_onset.npz,-0.5,0.0,0.05,hamming,1,,l2,1,True,mean,"1.0,1.0",results_env_onset\sub-027\sub-027_backward_mtrf_env_onset.summary.json,results_env_onset\sub-027\sub-027_backward_mtrf_env_onset.trial_results.csv
sub-027,,,28,1,0.1212540108319225,0.1317999765506574,-0.0116503082997622,0.1434502848504196,0.1416438381388924,0.0425861013254669,0.0990577368134255,0.1212540108319225,0.96875,32,2,"envelope,onset",data/processed/env_onset/sub-027_mtrf_env_onset.npz,-0.5,0.0,0.05,hamming,1,,l2,1,True,mean,"1.0,1.0",results_env_onset\sub-027\sub-027_backward_mtrf_env_onset.summary.json,results_env_onset\sub-027\sub-027_backward_mtrf_env_onset.trial_results.csv
sub-027,,,29,1,0.1332784464856409,0.1104937689460918,0.0002312296783167,0.1102625392677751,0.1866011434874714,0.0303067897839647,0.1562943537035066,0.1332784464856409,0.96875,32,2,"envelope,onset",data/processed/env_onset/sub-027_mtrf_env_onset.npz,-0.5,0.0,0.05,hamming,1,,l2,1,True,mean,"1.0,1.0",results_env_onset\sub-027\sub-027_backward_mtrf_env_onset.summary.json,results_env_onset\sub-027\sub-027_backward_mtrf_env_onset.trial_results.csv
sub-027,,,30,1,0.11783490633057,0.1102086657399892,-0.0296798262978241,0.1398884920378134,0.1540188577861905,0.0582375371628638,0.0957813206233267,0.11783490633057,0.96875,32,2,"envelope,onset",data/processed/env_onset/sub-027_mtrf_env_onset.npz,-0.5,0.0,0.05,hamming,1,,l2,1,True,mean,"1.0,1.0",results_env_onset\sub-027\sub-027_backward_mtrf_env_onset.summary.json,results_env_onset\sub-027\sub-027_backward_mtrf_env_onset.trial_results.csv
sub-027,,,31,1,0.1678161384320345,0.1826917647339638,0.039205555073834,0.1434862096601298,0.2325270612596764,0.0403809940557371,0.1921460672039392,0.1678161384320345,0.96875,32,2,"envelope,onset",data/processed/env_onset/sub-027_mtrf_env_onset.npz,-0.5,0.0,0.05,hamming,1,,l2,1,True,mean,"1.0,1.0",results_env_onset\sub-027\sub-027_backward_mtrf_env_onset.summary.json,results_env_onset\sub-027\sub-027_backward_mtrf_env_onset.trial_results.csv
sub-028,,,0,1,0.0502750762248307,0.0798853097262279,0.006822284739911,0.0730630249863168,0.0757212042322643,0.0482340767689197,0.0274871274633446,0.0502750762248307,0.8125,32,2,"envelope,onset",data/processed/env_onset/sub-028_mtrf_env_onset.npz,-0.5,0.0,0.05,hamming,1,,l2,1,True,mean,"1.0,1.0",results_env_onset\sub-028\sub-028_backward_mtrf_env_onset.summary.json,results_env_onset\sub-028\sub-028_backward_mtrf_env_onset.trial_results.csv
sub-028,,,1,1,0.0679177697573726,0.1179195266023772,0.0113200503327307,0.1065994762696465,0.0590967139649143,0.0298606507198155,0.0292360632450987,0.0679177697573726,0.8125,32,2,"envelope,onset",data/processed/env_onset/sub-028_mtrf_env_onset.npz,-0.5,0.0,0.05,hamming,1,,l2,1,True,mean,"1.0,1.0",results_env_onset\sub-028\sub-028_backward_mtrf_env_onset.summary.json,results_env_onset\sub-028\sub-028_backward_mtrf_env_onset.trial_results.csv
sub-028,,,2,1,0.0443311753533879,0.0741454337184983,0.0218789795163147,0.0522664542021835,0.0806700224501887,0.0442741259455964,0.0363958965045923,0.0443311753533879,0.8125,32,2,"envelope,onset",data/processed/env_onset/sub-028_mtrf_env_onset.npz,-0.5,0.0,0.05,hamming,1,,l2,1,True,mean,"1.0,1.0",results_env_onset\sub-028\sub-028_backward_mtrf_env_onset.summary.json,results_env_onset\sub-028\sub-028_backward_mtrf_env_onset.trial_results.csv
sub-028,,,3,1,0.1009580540407854,0.0888343995726688,-0.0390663724552938,0.1279007720279626,0.0835329118372747,0.0095175757836666,0.0740153360536081,0.1009580540407854,0.8125,32,2,"envelope,onset",data/processed/env_onset/sub-028_mtrf_env_onset.npz,-0.5,0.0,0.05,hamming,1,,l2,1,True,mean,"1.0,1.0",results_env_onset\sub-028\sub-028_backward_mtrf_env_onset.summary.json,results_env_onset\sub-028\sub-028_backward_mtrf_env_onset.trial_results.csv
sub-028,,,4,1,0.0344143222722583,0.0649509001364408,0.0356640946544274,0.0292868054820134,0.0760906116169631,0.0365487725544599,0.0395418390625032,0.0344143222722583,0.8125,32,2,"envelope,onset",data/processed/env_onset/sub-028_mtrf_env_onset.npz,-0.5,0.0,0.05,hamming,1,,l2,1,True,mean,"1.0,1.0",results_env_onset\sub-028\sub-028_backward_mtrf_env_onset.summary.json,results_env_onset\sub-028\sub-028_backward_mtrf_env_onset.trial_results.csv
sub-028,,,5,1,0.0183556161552614,0.0438916574629754,0.0536071187056067,-0.0097154612426312,0.0165116028987394,-0.0299150906544145,0.046426693553154,0.0183556161552614,0.8125,32,2,"envelope,onset",data/processed/env_onset/sub-028_mtrf_env_onset.npz,-0.5,0.0,0.05,hamming,1,,l2,1,True,mean,"1.0,1.0",results_env_onset\sub-028\sub-028_backward_mtrf_env_onset.summary.json,results_env_onset\sub-028\sub-028_backward_mtrf_env_onset.trial_results.csv
sub-028,,,6,0,-0.0857444539933805,-0.0164149657486807,0.0910202062913962,-0.107435172040077,0.027774642396163,0.0918283783428471,-0.064053735946684,-0.0857444539933805,0.8125,32,2,"envelope,onset",data/processed/env_onset/sub-028_mtrf_env_onset.npz,-0.5,0.0,0.05,hamming,1,,l2,1,True,mean,"1.0,1.0",results_env_onset\sub-028\sub-028_backward_mtrf_env_onset.summary.json,results_env_onset\sub-028\sub-028_backward_mtrf_env_onset.trial_results.csv
sub-028,,,7,1,0.1012506366643348,0.0765983849927635,-0.0405422404385018,0.1171406254312654,0.0729843479706825,-0.0123762999267217,0.0853606478974042,0.1012506366643348,0.8125,32,2,"envelope,onset",data/processed/env_onset/sub-028_mtrf_env_onset.npz,-0.5,0.0,0.05,hamming,1,,l2,1,True,mean,"1.0,1.0",results_env_onset\sub-028\sub-028_backward_mtrf_env_onset.summary.json,results_env_onset\sub-028\sub-028_backward_mtrf_env_onset.trial_results.csv
sub-028,,,8,1,0.0441174237126912,0.0669075261130486,-0.0305170568488391,0.0974245829618878,0.0645311395419068,0.0737208750784122,-0.0091897355365054,0.0441174237126912,0.8125,32,2,"envelope,onset",data/processed/env_onset/sub-028_mtrf_env_onset.npz,-0.5,0.0,0.05,hamming,1,,l2,1,True,mean,"1.0,1.0",results_env_onset\sub-028\sub-028_backward_mtrf_env_onset.summary.json,results_env_onset\sub-028\sub-028_backward_mtrf_env_onset.trial_results.csv
sub-028,,,9,1,0.015991327316508,0.0109862141538689,0.0300113160460167,-0.0190251018921478,0.0579272081803014,0.0069194516551374,0.0510077565251639,0.015991327316508,0.8125,32,2,"envelope,onset",data/processed/env_onset/sub-028_mtrf_env_onset.npz,-0.5,0.0,0.05,hamming,1,,l2,1,True,mean,"1.0,1.0",results_env_onset\sub-028\sub-028_backward_mtrf_env_onset.summary.json,results_env_onset\sub-028\sub-028_backward_mtrf_env_onset.trial_results.csv
sub-028,,,10,0,-0.0294136531567772,0.0519900486360432,0.0904488163161677,-0.0384587676801244,0.0548186815453181,0.0751872201787481,-0.0203685386334299,-0.0294136531567772,0.8125,32,2,"envelope,onset",data/processed/env_onset/sub-028_mtrf_env_onset.npz,-0.5,0.0,0.05,hamming,1,,l2,1,True,mean,"1.0,1.0",results_env_onset\sub-028\sub-028_backward_mtrf_env_onset.summary.json,results_env_onset\sub-028\sub-028_backward_mtrf_env_onset.trial_results.csv
sub-028,,,11,0,-0.0039808157871098,0.044022980788551,0.0410615822344444,0.0029613985541066,0.0347191371885106,0.045642167316837,-0.0109230301283263,-0.0039808157871098,0.8125,32,2,"envelope,onset",data/processed/env_onset/sub-028_mtrf_env_onset.npz,-0.5,0.0,0.05,hamming,1,,l2,1,True,mean,"1.0,1.0",results_env_onset\sub-028\sub-028_backward_mtrf_env_onset.summary.json,results_env_onset\sub-028\sub-028_backward_mtrf_env_onset.trial_results.csv
sub-028,,,12,1,0.0567273422015259,0.0554509605558276,-0.0452997278625487,0.1007506884183763,0.0286120615483159,0.0159080655636403,0.0127039959846756,0.0567273422015259,0.8125,32,2,"envelope,onset",data/processed/env_onset/sub-028_mtrf_env_onset.npz,-0.5,0.0,0.05,hamming,1,,l2,1,True,mean,"1.0,1.0",results_env_onset\sub-028\sub-028_backward_mtrf_env_onset.summary.json,results_env_onset\sub-028\sub-028_backward_mtrf_env_onset.trial_results.csv
sub-028,,,13,1,0.0430807732416325,0.0486574703908352,0.0031316631891117,0.0455258072017234,0.029379121294395,-0.0112566179871466,0.0406357392815416,0.0430807732416325,0.8125,32,2,"envelope,onset",data/processed/env_onset/sub-028_mtrf_env_onset.npz,-0.5,0.0,0.05,hamming,1,,l2,1,True,mean,"1.0,1.0",results_env_onset\sub-028\sub-028_backward_mtrf_env_onset.summary.json,results_env_onset\sub-028\sub-028_backward_mtrf_env_onset.trial_results.csv
sub-028,,,14,1,0.0918035758623386,0.0667472236225457,-0.0084676031159674,0.0752148267385132,0.1205156594032113,0.0121233344170473,0.108392324986164,0.0918035758623386,0.8125,32,2,"envelope,onset",data/processed/env_onset/sub-028_mtrf_env_onset.npz,-0.5,0.0,0.05,hamming,1,,l2,1,True,mean,"1.0,1.0",results_env_onset\sub-028\sub-028_backward_mtrf_env_onset.summary.json,results_env_onset\sub-028\sub-028_backward_mtrf_env_onset.trial_results.csv
sub-028,,,15,0,-0.0207738571752307,0.0226216034487914,0.0356890728768866,-0.0130674694280952,0.0173580775420575,0.0458383224644237,-0.0284802449223662,-0.0207738571752307,0.8125,32,2,"envelope,onset",data/processed/env_onset/sub-028_mtrf_env_onset.npz,-0.5,0.0,0.05,hamming,1,,l2,1,True,mean,"1.0,1.0",results_env_onset\sub-028\sub-028_backward_mtrf_env_onset.summary.json,results_env_onset\sub-028\sub-028_backward_mtrf_env_onset.trial_results.csv
sub-028,,,16,1,0.0574417368992346,0.071867857713357,-0.0180705610973294,0.0899384188106865,0.0581069190817745,0.0331618640939916,0.0249450549877828,0.0574417368992346,0.8125,32,2,"envelope,onset",data/processed/env_onset/sub-028_mtrf_env_onset.npz,-0.5,0.0,0.05,hamming,1,,l2,1,True,mean,"1.0,1.0",results_env_onset\sub-028\sub-028_backward_mtrf_env_onset.summary.json,results_env_onset\sub-028\sub-028_backward_mtrf_env_onset.trial_results.csv
sub-028,,,17,1,0.0297750658487561,0.011540187978355,-0.0115802387103318,0.0231204266886869,0.027317045348994,-0.0091126596598313,0.0364297050088253,0.0297750658487561,0.8125,32,2,"envelope,onset",data/processed/env_onset/sub-028_mtrf_env_onset.npz,-0.5,0.0,0.05,hamming,1,,l2,1,True,mean,"1.0,1.0",results_env_onset\sub-028\sub-028_backward_mtrf_env_onset.summary.json,results_env_onset\sub-028\sub-028_backward_mtrf_env_onset.trial_results.csv
sub-028,,,18,1,0.0032444523586472,0.0675801169714398,0.0808689006820165,-0.0132887837105767,0.0650847531139262,0.0453070646860551,0.0197776884278711,0.0032444523586472,0.8125,32,2,"envelope,onset",data/processed/env_onset/sub-028_mtrf_env_onset.npz,-0.5,0.0,0.05,hamming,1,,l2,1,True,mean,"1.0,1.0",results_env_onset\sub-028\sub-028_backward_mtrf_env_onset.summary.json,results_env_onset\sub-028\sub-028_backward_mtrf_env_onset.trial_results.csv
sub-028,,,19,0,-0.0064975404456182,0.0614984915365591,0.0268927309111403,0.0346057606254187,0.015475614995064,0.0630764565117191,-0.0476008415166551,-0.0064975404456182,0.8125,32,2,"envelope,onset",data/processed/env_onset/sub-028_mtrf_env_onset.npz,-0.5,0.0,0.05,hamming,1,,l2,1,True,mean,"1.0,1.0",results_env_onset\sub-028\sub-028_backward_mtrf_env_onset.summary.json,results_env_onset\sub-028\sub-028_backward_mtrf_env_onset.trial_results.csv
sub-028,,,20,1,0.0760892163053448,0.0918965244829531,0.0147917687041674,0.0771047557787856,0.0714948114368742,-0.0035788653950297,0.0750736768319039,0.0760892163053448,0.8125,32,2,"envelope,onset",data/processed/env_onset/sub-028_mtrf_env_onset.npz,-0.5,0.0,0.05,hamming,1,,l2,1,True,mean,"1.0,1.0",results_env_onset\sub-028\sub-028_backward_mtrf_env_onset.summary.json,results_env_onset\sub-028\sub-028_backward_mtrf_env_onset.trial_results.csv
sub-028,,,21,0,-0.0356655869794569,0.0177788551560601,0.0109151278505065,0.0068637273055535,-0.0024579613742124,0.0757369398902551,-0.0781949012644675,-0.0356655869794569,0.8125,32,2,"envelope,onset",data/processed/env_onset/sub-028_mtrf_env_onset.npz,-0.5,0.0,0.05,hamming,1,,l2,1,True,mean,"1.0,1.0",results_env_onset\sub-028\sub-028_backward_mtrf_env_onset.summary.json,results_env_onset\sub-028\sub-028_backward_mtrf_env_onset.trial_results.csv
sub-028,,,22,1,0.0613380625777165,0.0499530442139845,-0.0039189294250513,0.0538719736390359,0.1031091572715668,0.0343050057551695,0.0688041515163972,0.0613380625777165,0.8125,32,2,"envelope,onset",data/processed/env_onset/sub-028_mtrf_env_onset.npz,-0.5,0.0,0.05,hamming,1,,l2,1,True,mean,"1.0,1.0",results_env_onset\sub-028\sub-028_backward_mtrf_env_onset.summary.json,results_env_onset\sub-028\sub-028_backward_mtrf_env_onset.trial_results.csv
sub-028,,,23,1,0.0300143574270216,0.0797322766123788,0.0028863293198193,0.0768459472925595,0.0592981056252809,0.0761153380637971,-0.0168172324385162,0.0300143574270216,0.8125,32,2,"envelope,onset",data/processed/env_onset/sub-028_mtrf_env_onset.npz,-0.5,0.0,0.05,hamming,1,,l2,1,True,mean,"1.0,1.0",results_env_onset\sub-028\sub-028_backward_mtrf_env_onset.summary.json,results_env_onset\sub-028\sub-028_backward_mtrf_env_onset.trial_results.csv
sub-028,,,24,1,0.0257035944394847,0.0457780389144532,0.0187993919213728,0.0269786469930804,0.0511976421268365,0.0267691002409475,0.024428541885889,0.0257035944394847,0.8125,32,2,"envelope,onset",data/processed/env_onset/sub-028_mtrf_env_onset.npz,-0.5,0.0,0.05,hamming,1,,l2,1,True,mean,"1.0,1.0",results_env_onset\sub-028\sub-028_backward_mtrf_env_onset.summary.json,results_env_onset\sub-028\sub-028_backward_mtrf_env_onset.trial_results.csv
sub-028,,,25,1,0.0251661756545877,0.0499679047459841,0.0329619572151787,0.0170059475308054,0.0792031964927868,0.0458767927144168,0.03332640377837,0.0251661756545877,0.8125,32,2,"envelope,onset",data/processed/env_onset/sub-028_mtrf_env_onset.npz,-0.5,0.0,0.05,hamming,1,,l2,1,True,mean,"1.0,1.0",results_env_onset\sub-028\sub-028_backward_mtrf_env_onset.summary.json,results_env_onset\sub-028\sub-028_backward_mtrf_env_onset.trial_results.csv
sub-028,,,26,1,0.1600676216819508,0.0619782253119984,-0.0850157718272282,0.1469939971392266,0.1009785825029451,-0.0721626637217299,0.173141246224675,0.1600676216819508,0.8125,32,2,"envelope,onset",data/processed/env_onset/sub-028_mtrf_env_onset.npz,-0.5,0.0,0.05,hamming,1,,l2,1,True,mean,"1.0,1.0",results_env_onset\sub-028\sub-028_backward_mtrf_env_onset.summary.json,results_env_onset\sub-028\sub-028_backward_mtrf_env_onset.trial_results.csv
sub-028,,,27,1,0.074441640077776,0.13568361103373,0.0435805555338866,0.0921030554998433,0.089686230179816,0.0329060055241073,0.0567802246557087,0.074441640077776,0.8125,32,2,"envelope,onset",data/processed/env_onset/sub-028_mtrf_env_onset.npz,-0.5,0.0,0.05,hamming,1,,l2,1,True,mean,"1.0,1.0",results_env_onset\sub-028\sub-028_backward_mtrf_env_onset.summary.json,results_env_onset\sub-028\sub-028_backward_mtrf_env_onset.trial_results.csv
sub-028,,,28,1,0.034071076980846,0.1090954849344111,0.0159494250197573,0.0931460599146538,0.0386979140970068,0.0637018200499685,-0.0250039059529617,0.034071076980846,0.8125,32,2,"envelope,onset",data/processed/env_onset/sub-028_mtrf_env_onset.npz,-0.5,0.0,0.05,hamming,1,,l2,1,True,mean,"1.0,1.0",results_env_onset\sub-028\sub-028_backward_mtrf_env_onset.summary.json,results_env_onset\sub-028\sub-028_backward_mtrf_env_onset.trial_results.csv
sub-028,,,29,1,0.0179559932825442,0.1223699274207368,0.0904007253491035,0.0319692020716333,0.1077350944438474,0.1037923099503923,0.0039427844934551,0.0179559932825442,0.8125,32,2,"envelope,onset",data/processed/env_onset/sub-028_mtrf_env_onset.npz,-0.5,0.0,0.05,hamming,1,,l2,1,True,mean,"1.0,1.0",results_env_onset\sub-028\sub-028_backward_mtrf_env_onset.summary.json,results_env_onset\sub-028\sub-028_backward_mtrf_env_onset.trial_results.csv
sub-028,,,30,1,0.0067822151037493,0.0260056299651165,0.0098620335511165,0.0161435964139999,0.0662916097018974,0.0688707759083986,-0.0025791662065012,0.0067822151037493,0.8125,32,2,"envelope,onset",data/processed/env_onset/sub-028_mtrf_env_onset.npz,-0.5,0.0,0.05,hamming,1,,l2,1,True,mean,"1.0,1.0",results_env_onset\sub-028\sub-028_backward_mtrf_env_onset.summary.json,results_env_onset\sub-028\sub-028_backward_mtrf_env_onset.trial_results.csv
sub-028,,,31,1,0.0525042805275046,0.075577193483614,0.0427751457619377,0.0328020477216762,0.0747563067542475,0.0025497934209145,0.0722065133333329,0.0525042805275046,0.8125,32,2,"envelope,onset",data/processed/env_onset/sub-028_mtrf_env_onset.npz,-0.5,0.0,0.05,hamming,1,,l2,1,True,mean,"1.0,1.0",results_env_onset\sub-028\sub-028_backward_mtrf_env_onset.summary.json,results_env_onset\sub-028\sub-028_backward_mtrf_env_onset.trial_results.csv
sub-029,,,0,1,0.1622617092585589,0.1257760004622691,-0.051529087571166,0.1773050880334352,0.1220813946319434,-0.0251369358517392,0.1472183304836826,0.1622617092585589,1.0,32,2,"envelope,onset",data/processed/env_onset/sub-029_mtrf_env_onset.npz,-0.5,0.0,0.05,hamming,1,,l2,1,True,mean,"1.0,1.0",results_env_onset\sub-029\sub-029_backward_mtrf_env_onset.summary.json,results_env_onset\sub-029\sub-029_backward_mtrf_env_onset.trial_results.csv
sub-029,,,1,1,0.1174786798304609,0.0642881672994017,-0.0642364711183802,0.1285246384177819,0.0806323935715738,-0.0258003276715661,0.10643272124314,0.1174786798304609,1.0,32,2,"envelope,onset",data/processed/env_onset/sub-029_mtrf_env_onset.npz,-0.5,0.0,0.05,hamming,1,,l2,1,True,mean,"1.0,1.0",results_env_onset\sub-029\sub-029_backward_mtrf_env_onset.summary.json,results_env_onset\sub-029\sub-029_backward_mtrf_env_onset.trial_results.csv
sub-029,,,2,1,0.091057884285139,0.0170153671615727,-0.0703749363291114,0.0873903034906841,0.0289662279686456,-0.0657592371109483,0.0947254650795939,0.091057884285139,1.0,32,2,"envelope,onset",data/processed/env_onset/sub-029_mtrf_env_onset.npz,-0.5,0.0,0.05,hamming,1,,l2,1,True,mean,"1.0,1.0",results_env_onset\sub-029\sub-029_backward_mtrf_env_onset.summary.json,results_env_onset\sub-029\sub-029_backward_mtrf_env_onset.trial_results.csv
sub-029,,,3,1,0.1510725329453827,0.1298799745968269,-0.0313716272105095,0.1612516018073364,0.1639317684207868,0.0230383043373578,0.1408934640834289,0.1510725329453827,1.0,32,2,"envelope,onset",data/processed/env_onset/sub-029_mtrf_env_onset.npz,-0.5,0.0,0.05,hamming,1,,l2,1,True,mean,"1.0,1.0",results_env_onset\sub-029\sub-029_backward_mtrf_env_onset.summary.json,results_env_onset\sub-029\sub-029_backward_mtrf_env_onset.trial_results.csv
sub-029,,,4,1,0.0567796220304866,0.0777558167899255,-0.0197172824071683,0.0974730991970939,0.0556494413793322,0.0395632965154529,0.0160861448638792,0.0567796220304866,1.0,32,2,"envelope,onset",data/processed/env_onset/sub-029_mtrf_env_onset.npz,-0.5,0.0,0.05,hamming,1,,l2,1,True,mean,"1.0,1.0",results_env_onset\sub-029\sub-029_backward_mtrf_env_onset.summary.json,results_env_onset\sub-029\sub-029_backward_mtrf_env_onset.trial_results.csv
sub-029,,,5,1,0.2099302117049332,0.1185584048833066,-0.0633125638358944,0.181870968719201,0.1695744083630797,-0.0684150463275855,0.2379894546906653,0.2099302117049332,1.0,32,2,"envelope,onset",data/processed/env_onset/sub-029_mtrf_env_onset.npz,-0.5,0.0,0.05,hamming,1,,l2,1,True,mean,"1.0,1.0",results_env_onset\sub-029\sub-029_backward_mtrf_env_onset.summary.json,results_env_onset\sub-029\sub-029_backward_mtrf_env_onset.trial_results.csv
sub-029,,,6,1,0.1004110836645034,0.0982676785204876,-0.0218037415000404,0.120071420020528,0.0686158729419382,-0.0121348743665406,0.0807507473084788,0.1004110836645034,1.0,32,2,"envelope,onset",data/processed/env_onset/sub-029_mtrf_env_onset.npz,-0.5,0.0,0.05,hamming,1,,l2,1,True,mean,"1.0,1.0",results_env_onset\sub-029\sub-029_backward_mtrf_env_onset.summary.json,results_env_onset\sub-029\sub-029_backward_mtrf_env_onset.trial_results.csv
sub-029,,,7,1,0.0939517701577332,0.1099045338248218,-0.0031289366531031,0.1130334704779249,0.0992481859896654,0.0243781161521239,0.0748700698375414,0.0939517701577332,1.0,32,2,"envelope,onset",data/processed/env_onset/sub-029_mtrf_env_onset.npz,-0.5,0.0,0.05,hamming,1,,l2,1,True,mean,"1.0,1.0",results_env_onset\sub-029\sub-029_backward_mtrf_env_onset.summary.json,results_env_onset\sub-029\sub-029_backward_mtrf_env_onset.trial_results.csv
sub-029,,,8,1,0.165487357614041,0.1503426939008345,0.0093826066022716,0.1409600872985629,0.2071098041501157,0.0170951762205965,0.1900146279295191,0.165487357614041,1.0,32,2,"envelope,onset",data/processed/env_onset/sub-029_mtrf_env_onset.npz,-0.5,0.0,0.05,hamming,1,,l2,1,True,mean,"1.0,1.0",results_env_onset\sub-029\sub-029_backward_mtrf_env_onset.summary.json,results_env_onset\sub-029\sub-029_backward_mtrf_env_onset.trial_results.csv
sub-029,,,9,1,0.1204361870652929,0.1049870417735419,-0.0096186493706501,0.1146056911441921,0.0936548961594047,-0.0326117868269889,0.1262666829863937,0.1204361870652929,1.0,32,2,"envelope,onset",data/processed/env_onset/sub-029_mtrf_env_onset.npz,-0.5,0.0,0.05,hamming,1,,l2,1,True,mean,"1.0,1.0",results_env_onset\sub-029\sub-029_backward_mtrf_env_onset.summary.json,results_env_onset\sub-029\sub-029_backward_mtrf_env_onset.trial_results.csv
sub-029,,,10,1,0.0769972108892189,0.0432904865212469,-0.0302941026771265,0.0735845891983735,0.0711996008726988,-0.0092102317073654,0.0804098325800643,0.0769972108892189,1.0,32,2,"envelope,onset",data/processed/env_onset/sub-029_mtrf_env_onset.npz,-0.5,0.0,0.05,hamming,1,,l2,1,True,mean,"1.0,1.0",results_env_onset\sub-029\sub-029_backward_mtrf_env_onset.summary.json,results_env_onset\sub-029\sub-029_backward_mtrf_env_onset.trial_results.csv
sub-029,,,11,1,0.104413916389563,0.0828125430214804,-0.0223372122434297,0.1051497552649102,0.0915947582267057,-0.0120833192875102,0.1036780775142159,0.104413916389563,1.0,32,2,"envelope,onset",data/processed/env_onset/sub-029_mtrf_env_onset.npz,-0.5,0.0,0.05,hamming,1,,l2,1,True,mean,"1.0,1.0",results_env_onset\sub-029\sub-029_backward_mtrf_env_onset.summary.json,results_env_onset\sub-029\sub-029_backward_mtrf_env_onset.trial_results.csv
sub-029,,,12,1,0.1022575083750759,0.070771028177768,-0.0257643780890549,0.0965354062668229,0.12219351420267,0.0142139037193411,0.1079796104833289,0.1022575083750759,1.0,32,2,"envelope,onset",data/processed/env_onset/sub-029_mtrf_env_onset.npz,-0.5,0.0,0.05,hamming,1,,l2,1,True,mean,"1.0,1.0",results_env_onset\sub-029\sub-029_backward_mtrf_env_onset.summary.json,results_env_onset\sub-029\sub-029_backward_mtrf_env_onset.trial_results.csv
sub-029,,,13,1,0.1646049551803467,0.1986948685990074,-0.0120823427224811,0.2107772113214886,0.1329716008294233,0.0145389017902184,0.1184326990392048,0.1646049551803467,1.0,32,2,"envelope,onset",data/processed/env_onset/sub-029_mtrf_env_onset.npz,-0.5,0.0,0.05,hamming,1,,l2,1,True,mean,"1.0,1.0",results_env_onset\sub-029\sub-029_backward_mtrf_env_onset.summary.json,results_env_onset\sub-029\sub-029_backward_mtrf_env_onset.trial_results.csv
sub-029,,,14,1,0.0284391778288791,-0.0018022430785358,-0.0035569465102131,0.0017547034316773,0.0207963944764996,-0.0343272577495813,0.0551236522260809,0.0284391778288791,1.0,32,2,"envelope,onset",data/processed/env_onset/sub-029_mtrf_env_onset.npz,-0.5,0.0,0.05,hamming,1,,l2,1,True,mean,"1.0,1.0",results_env_onset\sub-029\sub-029_backward_mtrf_env_onset.summary.json,results_env_onset\sub-029\sub-029_backward_mtrf_env_onset.trial_results.csv
sub-029,,,15,1,0.1217296742840603,0.1090049426790566,-0.0045437057984476,0.1135486484775043,0.1395014677012585,0.0095907676106421,0.1299107000906163,0.1217296742840603,1.0,32,2,"envelope,onset",data/processed/env_onset/sub-029_mtrf_env_onset.npz,-0.5,0.0,0.05,hamming,1,,l2,1,True,mean,"1.0,1.0",results_env_onset\sub-029\sub-029_backward_mtrf_env_onset.summary.json,results_env_onset\sub-029\sub-029_backward_mtrf_env_onset.trial_results.csv
sub-029,,,16,1,0.2115489818302111,0.1368517758184371,-0.0762990760225177,0.2131508518409548,0.1530382672165972,-0.0569088446028702,0.2099471118194674,0.2115489818302111,1.0,32,2,"envelope,onset",data/processed/env_onset/sub-029_mtrf_env_onset.npz,-0.5,0.0,0.05,hamming,1,,l2,1,True,mean,"1.0,1.0",results_env_onset\sub-029\sub-029_backward_mtrf_env_onset.summary.json,results_env_onset\sub-029\sub-029_backward_mtrf_env_onset.trial_results.csv
sub-029,,,17,1,0.0414192929324845,0.0005343443010537,-0.0604775337564073,0.0610118780574611,0.0169575327331029,-0.0048691750744049,0.0218267078075079,0.0414192929324845,1.0,32,2,"envelope,onset",data/processed/env_onset/sub-029_mtrf_env_onset.npz,-0.5,0.0,0.05,hamming,1,,l2,1,True,mean,"1.0,1.0",results_env_onset\sub-029\sub-029_backward_mtrf_env_onset.summary.json,results_env_onset\sub-029\sub-029_backward_mtrf_env_onset.trial_results.csv
sub-029,,,18,1,0.0972885340460121,0.0944940995995438,0.0088643101129032,0.0856297894866405,0.1198616142504264,0.0109143356450427,0.1089472786053837,0.0972885340460121,1.0,32,2,"envelope,onset",data/processed/env_onset/sub-029_mtrf_env_onset.npz,-0.5,0.0,0.05,hamming,1,,l2,1,True,mean,"1.0,1.0",results_env_onset\sub-029\sub-029_backward_mtrf_env_onset.summary.json,results_env_onset\sub-029\sub-029_backward_mtrf_env_onset.trial_results.csv
sub-029,,,19,1,0.1582110677942335,0.1728675569008203,0.010322927804745,0.1625446290960752,0.1490586077221905,-0.0048188987702011,0.1538775064923917,0.1582110677942335,1.0,32,2,"envelope,onset",data/processed/env_onset/sub-029_mtrf_env_onset.npz,-0.5,0.0,0.05,hamming,1,,l2,1,True,mean,"1.0,1.0",results_env_onset\sub-029\sub-029_backward_mtrf_env_onset.summary.json,results_env_onset\sub-029\sub-029_backward_mtrf_env_onset.trial_results.csv
sub-029,,,20,1,0.1639898782484875,0.1019116624544766,-0.0564481724703591,0.1583598349248357,0.1299268867431616,-0.0396930348289776,0.1696199215721393,0.1639898782484875,1.0,32,2,"envelope,onset",data/processed/env_onset/sub-029_mtrf_env_onset.npz,-0.5,0.0,0.05,hamming,1,,l2,1,True,mean,"1.0,1.0",results_env_onset\sub-029\sub-029_backward_mtrf_env_onset.summary.json,results_env_onset\sub-029\sub-029_backward_mtrf_env_onset.trial_results.csv
sub-029,,,21,1,0.1544385551557091,0.1503069142607271,-0.0538178768908832,0.2041247911516104,0.1032687095563282,-0.0014836096034796,0.1047523191598078,0.1544385551557091,1.0,32,2,"envelope,onset",data/processed/env_onset/sub-029_mtrf_env_onset.npz,-0.5,0.0,0.05,hamming,1,,l2,1,True,mean,"1.0,1.0",results_env_onset\sub-029\sub-029_backward_mtrf_env_onset.summary.json,results_env_onset\sub-029\sub-029_backward_mtrf_env_onset.trial_results.csv
sub-029,,,22,1,0.1136757717535104,0.1571537703491359,0.0194400277227697,0.1377137426263662,0.1374714921354241,0.0478336912547693,0.0896378008806547,0.1136757717535104,1.0,32,2,"envelope,onset",data/processed/env_onset/sub-029_mtrf_env_onset.npz,-0.5,0.0,0.05,hamming,1,,l2,1,True,mean,"1.0,1.0",results_env_onset\sub-029\sub-029_backward_mtrf_env_onset.summary.json,results_env_onset\sub-029\sub-029_backward_mtrf_env_onset.trial_results.csv
sub-029,,,23,1,0.0896344604326812,0.0640661585687834,-0.0117541901038639,0.0758203486726473,0.0932583639473802,-0.0101902082453349,0.1034485721927152,0.0896344604326812,1.0,32,2,"envelope,onset",data/processed/env_onset/sub-029_mtrf_env_onset.npz,-0.5,0.0,0.05,hamming,1,,l2,1,True,mean,"1.0,1.0",results_env_onset\sub-029\sub-029_backward_mtrf_env_onset.summary.json,results_env_onset\sub-029\sub-029_backward_mtrf_env_onset.trial_results.csv
sub-029,,,24,1,0.1755359144843543,0.1637799794040709,-0.0533453989505318,0.2171253783546028,0.10347806614108,-0.0304683844730258,0.1339464506141058,0.1755359144843543,1.0,32,2,"envelope,onset",data/processed/env_onset/sub-029_mtrf_env_onset.npz,-0.5,0.0,0.05,hamming,1,,l2,1,True,mean,"1.0,1.0",results_env_onset\sub-029\sub-029_backward_mtrf_env_onset.summary.json,results_env_onset\sub-029\sub-029_backward_mtrf_env_onset.trial_results.csv
sub-029,,,25,1,0.0381126181902451,0.086493465686045,0.0361222232608848,0.0503712424251601,0.0774046578220668,0.0515506638667366,0.0258539939553302,0.0381126181902451,1.0,32,2,"envelope,onset",data/processed/env_onset/sub-029_mtrf_env_onset.npz,-0.5,0.0,0.05,hamming,1,,l2,1,True,mean,"1.0,1.0",results_env_onset\sub-029\sub-029_backward_mtrf_env_onset.summary.json,results_env_onset\sub-029\sub-029_backward_mtrf_env_onset.trial_results.csv
sub-029,,,26,1,0.0719995759408564,0.0950244493271988,0.0051952153860967,0.089829233941102,0.0354330362652316,-0.0187368816753792,0.0541699179406108,0.0719995759408564,1.0,32,2,"envelope,onset",data/processed/env_onset/sub-029_mtrf_env_onset.npz,-0.5,0.0,0.05,hamming,1,,l2,1,True,mean,"1.0,1.0",results_env_onset\sub-029\sub-029_backward_mtrf_env_onset.summary.json,results_env_onset\sub-029\sub-029_backward_mtrf_env_onset.trial_results.csv
sub-029,,,27,1,0.0882341116304575,0.0617552367572804,-0.0067846676874944,0.0685399044447748,0.112724080710605,0.0047957618944647,0.1079283188161403,0.0882341116304575,1.0,32,2,"envelope,onset",data/processed/env_onset/sub-029_mtrf_env_onset.npz,-0.5,0.0,0.05,hamming,1,,l2,1,True,mean,"1.0,1.0",results_env_onset\sub-029\sub-029_backward_mtrf_env_onset.summary.json,results_env_onset\sub-029\sub-029_backward_mtrf_env_onset.trial_results.csv
sub-029,,,28,1,0.1186199393136616,0.0883264010868274,-0.0457792430263021,0.1341056441131295,0.0839674348286401,-0.0191667996855535,0.1031342345141936,0.1186199393136616,1.0,32,2,"envelope,onset",data/processed/env_onset/sub-029_mtrf_env_onset.npz,-0.5,0.0,0.05,hamming,1,,l2,1,True,mean,"1.0,1.0",results_env_onset\sub-029\sub-029_backward_mtrf_env_onset.summary.json,results_env_onset\sub-029\sub-029_backward_mtrf_env_onset.trial_results.csv
sub-029,,,29,1,0.0589664911382247,0.0851537002861515,-0.0136408932868793,0.0987945935730308,0.0603936924869173,0.0412553037834988,0.0191383887034185,0.0589664911382247,1.0,32,2,"envelope,onset",data/processed/env_onset/sub-029_mtrf_env_onset.npz,-0.5,0.0,0.05,hamming,1,,l2,1,True,mean,"1.0,1.0",results_env_onset\sub-029\sub-029_backward_mtrf_env_onset.summary.json,results_env_onset\sub-029\sub-029_backward_mtrf_env_onset.trial_results.csv
sub-029,,,30,1,0.1423633615221131,0.1166314742354909,-0.0596579381695467,0.1762894124050377,0.0805571310832396,-0.027880179555949,0.1084373106391886,0.1423633615221131,1.0,32,2,"envelope,onset",data/processed/env_onset/sub-029_mtrf_env_onset.npz,-0.5,0.0,0.05,hamming,1,,l2,1,True,mean,"1.0,1.0",results_env_onset\sub-029\sub-029_backward_mtrf_env_onset.summary.json,results_env_onset\sub-029\sub-029_backward_mtrf_env_onset.trial_results.csv
sub-029,,,31,1,0.1185573263996832,0.1104624406542025,-0.011362186415204,0.1218246270694065,0.117456977457424,0.0021669517274641,0.1152900257299598,0.1185573263996832,1.0,32,2,"envelope,onset",data/processed/env_onset/sub-029_mtrf_env_onset.npz,-0.5,0.0,0.05,hamming,1,,l2,1,True,mean,"1.0,1.0",results_env_onset\sub-029\sub-029_backward_mtrf_env_onset.summary.json,results_env_onset\sub-029\sub-029_backward_mtrf_env_onset.trial_results.csv
sub-030,,,0,1,0.0878333709837929,0.1397153669874135,0.0866311818650786,0.0530841851223348,0.1356040466947769,0.0130214898495259,0.122582556845251,0.0878333709837929,0.9375,32,2,"envelope,onset",data/processed/env_onset/sub-030_mtrf_env_onset.npz,-0.5,0.0,0.05,hamming,1,,l2,1,True,mean,"1.0,1.0",results_env_onset\sub-030\sub-030_backward_mtrf_env_onset.summary.json,results_env_onset\sub-030\sub-030_backward_mtrf_env_onset.trial_results.csv
sub-030,,,1,0,-0.0082836070090048,0.0663816474691964,0.0594554253723923,0.006926222096804,0.0867634104635417,0.1102568465783554,-0.0234934361148137,-0.0082836070090048,0.9375,32,2,"envelope,onset",data/processed/env_onset/sub-030_mtrf_env_onset.npz,-0.5,0.0,0.05,hamming,1,,l2,1,True,mean,"1.0,1.0",results_env_onset\sub-030\sub-030_backward_mtrf_env_onset.summary.json,results_env_onset\sub-030\sub-030_backward_mtrf_env_onset.trial_results.csv
sub-030,,,2,1,0.0563447325538628,0.077837644656402,-0.0103542017332368,0.0881918463896389,0.0813799348442923,0.0568823161262056,0.0244976187180866,0.0563447325538628,0.9375,32,2,"envelope,onset",data/processed/env_onset/sub-030_mtrf_env_onset.npz,-0.5,0.0,0.05,hamming,1,,l2,1,True,mean,"1.0,1.0",results_env_onset\sub-030\sub-030_backward_mtrf_env_onset.summary.json,results_env_onset\sub-030\sub-030_backward_mtrf_env_onset.trial_results.csv
sub-030,,,3,1,0.1860165372023827,0.1278379067373651,-0.0508038561864238,0.1786417629237889,0.1685873353063046,-0.0248039761746719,0.1933913114809765,0.1860165372023827,0.9375,32,2,"envelope,onset",data/processed/env_onset/sub-030_mtrf_env_onset.npz,-0.5,0.0,0.05,hamming,1,,l2,1,True,mean,"1.0,1.0",results_env_onset\sub-030\sub-030_backward_mtrf_env_onset.summary.json,results_env_onset\sub-030\sub-030_backward_mtrf_env_onset.trial_results.csv
sub-030,,,4,1,0.0692612594809762,0.0572858971777773,0.0221970197725964,0.0350888774051809,0.1201056969765903,0.0166720554198188,0.1034336415567715,0.0692612594809762,0.9375,32,2,"envelope,onset",data/processed/env_onset/sub-030_mtrf_env_onset.npz,-0.5,0.0,0.05,hamming,1,,l2,1,True,mean,"1.0,1.0",results_env_onset\sub-030\sub-030_backward_mtrf_env_onset.summary.json,results_env_onset\sub-030\sub-030_backward_mtrf_env_onset.trial_results.csv
sub-030,,,5,1,0.0688616272458035,0.1074646180205718,0.0603832815875832,0.0470813364329886,0.106609257851468,0.0159673397928494,0.0906419180586185,0.0688616272458035,0.9375,32,2,"envelope,onset",data/processed/env_onset/sub-030_mtrf_env_onset.npz,-0.5,0.0,0.05,hamming,1,,l2,1,True,mean,"1.0,1.0",results_env_onset\sub-030\sub-030_backward_mtrf_env_onset.summary.json,results_env_onset\sub-030\sub-030_backward_mtrf_env_onset.trial_results.csv
sub-030,,,6,1,0.1009424063980841,0.1468601898943428,0.0516417423324534,0.0952184475618893,0.1510214818291013,0.0443551165948224,0.1066663652342788,0.1009424063980841,0.9375,32,2,"envelope,onset",data/processed/env_onset/sub-030_mtrf_env_onset.npz,-0.5,0.0,0.05,hamming,1,,l2,1,True,mean,"1.0,1.0",results_env_onset\sub-030\sub-030_backward_mtrf_env_onset.summary.json,results_env_onset\sub-030\sub-030_backward_mtrf_env_onset.trial_results.csv
sub-030,,,7,1,0.07960119835342,0.1308026953327192,0.0624069816536503,0.0683957136790688,0.1438458172912313,0.0530391342634601,0.0908066830277712,0.07960119835342,0.9375,32,2,"envelope,onset",data/processed/env_onset/sub-030_mtrf_env_onset.npz,-0.5,0.0,0.05,hamming,1,,l2,1,True,mean,"1.0,1.0",results_env_onset\sub-030\sub-030_backward_mtrf_env_onset.summary.json,results_env_onset\sub-030\sub-030_backward_mtrf_env_onset.trial_results.csv
sub-030,,,8,1,0.1330274900018327,0.1898262581499068,0.0238020370654792,0.1660242210844276,0.1611286090120085,0.0610978500927707,0.1000307589192378,0.1330274900018327,0.9375,32,2,"envelope,onset",data/processed/env_onset/sub-030_mtrf_env_onset.npz,-0.5,0.0,0.05,hamming,1,,l2,1,True,mean,"1.0,1.0",results_env_onset\sub-030\sub-030_backward_mtrf_env_onset.summary.json,results_env_onset\sub-030\sub-030_backward_mtrf_env_onset.trial_results.csv
sub-030,,,9,1,0.0417216603163974,0.1541296760323748,0.0969440459763274,0.0571856300560473,0.1438915171069772,0.1176338265302297,0.0262576905767474,0.0417216603163974,0.9375,32,2,"envelope,onset",data/processed/env_onset/sub-030_mtrf_env_onset.npz,-0.5,0.0,0.05,hamming,1,,l2,1,True,mean,"1.0,1.0",results_env_onset\sub-030\sub-030_backward_mtrf_env_onset.summary.json,results_env_onset\sub-030\sub-030_backward_mtrf_env_onset.trial_results.csv
sub-030,,,10,1,0.1715345996388786,0.1372705080045472,-0.0490335546376956,0.1863040626422428,0.1219032633347542,-0.0348618733007602,0.1567651366355144,0.1715345996388786,0.9375,32,2,"envelope,onset",data/processed/env_onset/sub-030_mtrf_env_onset.npz,-0.5,0.0,0.05,hamming,1,,l2,1,True,mean,"1.0,1.0",results_env_onset\sub-030\sub-030_backward_mtrf_env_onset.summary.json,results_env_onset\sub-030\sub-030_backward_mtrf_env_onset.trial_results.csv
sub-030,,,11,1,0.072670500578666,0.1545085894158136,0.0941730337267258,0.0603355556890877,0.180849925587289,0.0958444801190447,0.0850054454682443,0.072670500578666,0.9375,32,2,"envelope,onset",data/processed/env_onset/sub-030_mtrf_env_onset.npz,-0.5,0.0,0.05,hamming,1,,l2,1,True,mean,"1.0,1.0",results_env_onset\sub-030\sub-030_backward_mtrf_env_onset.summary.json,results_env_onset\sub-030\sub-030_backward_mtrf_env_onset.trial_results.csv
sub-030,,,12,1,0.0941439501170224,0.2024695714322593,0.0976889929462329,0.1047805784860264,0.1818434434637049,0.0983361217156865,0.0835073217480184,0.0941439501170224,0.9375,32,2,"envelope,onset",data/processed/env_onset/sub-030_mtrf_env_onset.npz,-0.5,0.0,0.05,hamming,1,,l2,1,True,mean,"1.0,1.0",results_env_onset\sub-030\sub-030_backward_mtrf_env_onset.summary.json,results_env_onset\sub-030\sub-030_backward_mtrf_env_onset.trial_results.csv
sub-030,,,13,1,0.0609834721667879,0.1405995883852795,0.0865170841738854,0.0540825042113941,0.1475224207445003,0.0796379806223185,0.0678844401221817,0.0609834721667879,0.9375,32,2,"envelope,onset",data/processed/env_onset/sub-030_mtrf_env_onset.npz,-0.5,0.0,0.05,hamming,1,,l2,1,True,mean,"1.0,1.0",results_env_onset\sub-030\sub-030_backward_mtrf_env_onset.summary.json,results_env_onset\sub-030\sub-030_backward_mtrf_env_onset.trial_results.csv
sub-030,,,14,1,0.0105229922773496,0.0745854863547868,0.0310377709479313,0.0435477154068555,0.03207228560571,0.0545740164578663,-0.0225017308521563,0.0105229922773496,0.9375,32,2,"envelope,onset",data/processed/env_onset/sub-030_mtrf_env_onset.npz,-0.5,0.0,0.05,hamming,1,,l2,1,True,mean,"1.0,1.0",results_env_onset\sub-030\sub-030_backward_mtrf_env_onset.summary.json,results_env_onset\sub-030\sub-030_backward_mtrf_env_onset.trial_results.csv
sub-030,,,15,1,0.1243602359385993,0.1498381271179104,0.0070419425602047,0.1427961845577057,0.1564967608755169,0.0505724735560238,0.105924287319493,0.1243602359385993,0.9375,32,2,"envelope,onset",data/processed/env_onset/sub-030_mtrf_env_onset.npz,-0.5,0.0,0.05,hamming,1,,l2,1,True,mean,"1.0,1.0",results_env_onset\sub-030\sub-030_backward_mtrf_env_onset.summary.json,results_env_onset\sub-030\sub-030_backward_mtrf_env_onset.trial_results.csv
sub-030,,,16,1,0.1198490467972618,0.1347974169196515,0.0113702467441087,0.1234271701755428,0.1135308301585261,-0.0027400932604546,0.1162709234189807,0.1198490467972618,0.9375,32,2,"envelope,onset",data/processed/env_onset/sub-030_mtrf_env_onset.npz,-0.5,0.0,0.05,hamming,1,,l2,1,True,mean,"1.0,1.0",results_env_onset\sub-030\sub-030_backward_mtrf_env_onset.summary.json,results_env_onset\sub-030\sub-030_backward_mtrf_env_onset.trial_results.csv
sub-030,,,17,1,0.257154303537465,0.1958132087090795,-0.0602231190457827,0.2560363277548622,0.2272202760286999,-0.0310520032913679,0.2582722793200679,0.257154303537465,0.9375,32,2,"envelope,onset",data/processed/env_onset/sub-030_mtrf_env_onset.npz,-0.5,0.0,0.05,hamming,1,,l2,1,True,mean,"1.0,1.0",results_env_onset\sub-030\sub-030_backward_mtrf_env_onset.summary.json,results_env_onset\sub-030\sub-030_backward_mtrf_env_onset.trial_results.csv
sub-030,,,18,1,0.2317185093582995,0.1615505439026748,-0.0269282132571722,0.1884787571598471,0.2562113124170859,-0.018746949139666,0.2749582615567519,0.2317185093582995,0.9375,32,2,"envelope,onset",data/processed/env_onset/sub-030_mtrf_env_onset.npz,-0.5,0.0,0.05,hamming,1,,l2,1,True,mean,"1.0,1.0",results_env_onset\sub-030\sub-030_backward_mtrf_env_onset.summary.json,results_env_onset\sub-030\sub-030_backward_mtrf_env_onset.trial_results.csv
sub-030,,,19,1,0.2296718008740109,0.1666445276946034,-0.0416057017622336,0.208250229456837,0.2226330319476595,-0.0284603403435252,0.2510933722911848,0.2296718008740109,0.9375,32,2,"envelope,onset",data/processed/env_onset/sub-030_mtrf_env_onset.npz,-0.5,0.0,0.05,hamming,1,,l2,1,True,mean,"1.0,1.0",results_env_onset\sub-030\sub-030_backward_mtrf_env_onset.summary.json,results_env_onset\sub-030\sub-030_backward_mtrf_env_onset.trial_results.csv
sub-030,,,20,1,0.1524553448857151,0.1252749755641389,-0.0105753485019715,0.1358503240661105,0.1368031980129028,-0.0322571676924169,0.1690603657053198,0.1524553448857151,0.9375,32,2,"envelope,onset",data/processed/env_onset/sub-030_mtrf_env_onset.npz,-0.5,0.0,0.05,hamming,1,,l2,1,True,mean,"1.0,1.0",results_env_onset\sub-030\sub-030_backward_mtrf_env_onset.summary.json,results_env_onset\sub-030\sub-030_backward_mtrf_env_onset.trial_results.csv
sub-030,,,21,1,0.0472353152686418,0.1035284575077115,0.0325275003447211,0.0710009571629903,0.085988239544844,0.0625185661705506,0.0234696733742934,0.0472353152686418,0.9375,32,2,"envelope,onset",data/processed/env_onset/sub-030_mtrf_env_onset.npz,-0.5,0.0,0.05,hamming,1,,l2,1,True,mean,"1.0,1.0",results_env_onset\sub-030\sub-030_backward_mtrf_env_onset.summary.json,results_env_onset\sub-030\sub-030_backward_mtrf_env_onset.trial_results.csv
sub-030,,,22,1,0.1354150730968533,0.1419365316410352,-0.0217143092292656,0.1636508408703008,0.1507834675771167,0.0436041622537108,0.1071793053234058,0.1354150730968533,0.9375,32,2,"envelope,onset",data/processed/env_onset/sub-030_mtrf_env_onset.npz,-0.5,0.0,0.05,hamming,1,,l2,1,True,mean,"1.0,1.0",results_env_onset\sub-030\sub-030_backward_mtrf_env_onset.summary.json,results_env_onset\sub-030\sub-030_backward_mtrf_env_onset.trial_results.csv
sub-030,,,23,1,0.1398685668265327,0.1453444632663548,-0.0081752757976162,0.153519739063971,0.1211352829097856,-0.0050821116793088,0.1262173945890944,0.1398685668265327,0.9375,32,2,"envelope,onset",data/processed/env_onset/sub-030_mtrf_env_onset.npz,-0.5,0.0,0.05,hamming,1,,l2,1,True,mean,"1.0,1.0",results_env_onset\sub-030\sub-030_backward_mtrf_env_onset.summary.json,results_env_onset\sub-030\sub-030_backward_mtrf_env_onset.trial_results.csv
sub-030,,,24,0,-0.0248798637533717,0.0971395639416914,0.1271356927040984,-0.029996128762407,0.0910672060401575,0.110830804784494,-0.0197635987443365,-0.0248798637533717,0.9375,32,2,"envelope,onset",data/processed/env_onset/sub-030_mtrf_env_onset.npz,-0.5,0.0,0.05,hamming,1,,l2,1,True,mean,"1.0,1.0",results_env_onset\sub-030\sub-030_backward_mtrf_env_onset.summary.json,results_env_onset\sub-030\sub-030_backward_mtrf_env_onset.trial_results.csv
sub-030,,,25,1,0.00562468916232,0.0996134408076779,0.1385892946270393,-0.0389758538193614,0.154539975424898,0.1043147432808965,0.0502252321440015,0.00562468916232,0.9375,32,2,"envelope,onset",data/processed/env_onset/sub-030_mtrf_env_onset.npz,-0.5,0.0,0.05,hamming,1,,l2,1,True,mean,"1.0,1.0",results_env_onset\sub-030\sub-030_backward_mtrf_env_onset.summary.json,results_env_onset\sub-030\sub-030_backward_mtrf_env_onset.trial_results.csv
sub-030,,,26,1,0.1046903468206529,0.1457088094094604,0.0407911984654482,0.1049176109440121,0.1629220546828572,0.0584589719855635,0.1044630826972936,0.1046903468206529,0.9375,32,2,"envelope,onset",data/processed/env_onset/sub-030_mtrf_env_onset.npz,-0.5,0.0,0.05,hamming,1,,l2,1,True,mean,"1.0,1.0",results_env_onset\sub-030\sub-030_backward_mtrf_env_onset.summary.json,results_env_onset\sub-030\sub-030_backward_mtrf_env_onset.trial_results.csv
sub-030,,,27,1,0.0654867026363209,0.08181735759798,0.0401177996090049,0.041699557988975,0.1315204279375363,0.0422465806538694,0.0892738472836668,0.0654867026363209,0.9375,32,2,"envelope,onset",data/processed/env_onset/sub-030_mtrf_env_onset.npz,-0.5,0.0,0.05,hamming,1,,l2,1,True,mean,"1.0,1.0",results_env_onset\sub-030\sub-030_backward_mtrf_env_onset.summary.json,results_env_onset\sub-030\sub-030_backward_mtrf_env_onset.trial_results.csv
sub-030,,,28,1,0.0922860773288775,0.161789765889831,0.0604902433621627,0.1012995225276682,0.1454775178494806,0.0622048857193938,0.0832726321300868,0.0922860773288775,0.9375,32,2,"envelope,onset",data/processed/env_onset/sub-030_mtrf_env_onset.npz,-0.5,0.0,0.05,hamming,1,,l2,1,True,mean,"1.0,1.0",results_env_onset\sub-030\sub-030_backward_mtrf_env_onset.summary.json,results_env_onset\sub-030\sub-030_backward_mtrf_env_onset.trial_results.csv
sub-030,,,29,1,0.063926397161585,0.1001137697255028,0.0065939993555796,0.0935197703699231,0.0953135081735815,0.0609804842203345,0.0343330239532469,0.063926397161585,0.9375,32,2,"envelope,onset",data/processed/env_onset/sub-030_mtrf_env_onset.npz,-0.5,0.0,0.05,hamming,1,,l2,1,True,mean,"1.0,1.0",results_env_onset\sub-030\sub-030_backward_mtrf_env_onset.summary.json,results_env_onset\sub-030\sub-030_backward_mtrf_env_onset.trial_results.csv
sub-030,,,30,1,0.1397523712711681,0.1750637063522165,0.007526594906548,0.1675371114456685,0.1542616410921142,0.0422940099954465,0.1119676310966677,0.1397523712711681,0.9375,32,2,"envelope,onset",data/processed/env_onset/sub-030_mtrf_env_onset.npz,-0.5,0.0,0.05,hamming,1,,l2,1,True,mean,"1.0,1.0",results_env_onset\sub-030\sub-030_backward_mtrf_env_onset.summary.json,results_env_onset\sub-030\sub-030_backward_mtrf_env_onset.trial_results.csv
sub-030,,,31,1,0.080131260716774,0.1658614065610149,0.0280121042642583,0.1378493022967565,0.1117671891889755,0.0893539700521839,0.0224132191367915,0.080131260716774,0.9375,32,2,"envelope,onset",data/processed/env_onset/sub-030_mtrf_env_onset.npz,-0.5,0.0,0.05,hamming,1,,l2,1,True,mean,"1.0,1.0",results_env_onset\sub-030\sub-030_backward_mtrf_env_onset.summary.json,results_env_onset\sub-030\sub-030_backward_mtrf_env_onset.trial_results.csv
sub-031,,,0,1,0.1362928068837975,0.1583122538704298,0.0514434381523378,0.1068688157180919,0.1989093117138826,0.0331925136643794,0.1657167980495031,0.1362928068837975,0.9375,32,2,"envelope,onset",data/processed/env_onset/sub-031_mtrf_env_onset.npz,-0.5,0.0,0.05,hamming,1,,l2,1,True,mean,"1.0,1.0",results_env_onset\sub-031\sub-031_backward_mtrf_env_onset.summary.json,results_env_onset\sub-031\sub-031_backward_mtrf_env_onset.trial_results.csv
sub-031,,,1,1,0.0751312730229053,0.0791035791143798,-0.0229244681990699,0.1020280473134498,0.0727290239589022,0.0244945252265414,0.0482344987323608,0.0751312730229053,0.9375,32,2,"envelope,onset",data/processed/env_onset/sub-031_mtrf_env_onset.npz,-0.5,0.0,0.05,hamming,1,,l2,1,True,mean,"1.0,1.0",results_env_onset\sub-031\sub-031_backward_mtrf_env_onset.summary.json,results_env_onset\sub-031\sub-031_backward_mtrf_env_onset.trial_results.csv
sub-031,,,2,1,0.0649773405535006,0.068206367742156,-0.0349365538568183,0.1031429215989743,0.0515555699493768,0.0247438104413499,0.0268117595080268,0.0649773405535006,0.9375,32,2,"envelope,onset",data/processed/env_onset/sub-031_mtrf_env_onset.npz,-0.5,0.0,0.05,hamming,1,,l2,1,True,mean,"1.0,1.0",results_env_onset\sub-031\sub-031_backward_mtrf_env_onset.summary.json,results_env_onset\sub-031\sub-031_backward_mtrf_env_onset.trial_results.csv
sub-031,,,3,1,0.0512371996036713,0.1210532669686838,0.0448303267934234,0.0762229401752603,0.0919548453614422,0.0657033863293599,0.0262514590320822,0.0512371996036713,0.9375,32,2,"envelope,onset",data/processed/env_onset/sub-031_mtrf_env_onset.npz,-0.5,0.0,0.05,hamming,1,,l2,1,True,mean,"1.0,1.0",results_env_onset\sub-031\sub-031_backward_mtrf_env_onset.summary.json,results_env_onset\sub-031\sub-031_backward_mtrf_env_onset.trial_results.csv
sub-031,,,4,1,0.1444145727132962,0.1781392226007243,-0.0013511691756062,0.1794903917763305,0.1147323314129441,0.0053935777626821,0.109338753650262,0.1444145727132962,0.9375,32,2,"envelope,onset",data/processed/env_onset/sub-031_mtrf_env_onset.npz,-0.5,0.0,0.05,hamming,1,,l2,1,True,mean,"1.0,1.0",results_env_onset\sub-031\sub-031_backward_mtrf_env_onset.summary.json,results_env_onset\sub-031\sub-031_backward_mtrf_env_onset.trial_results.csv
sub-031,,,5,1,0.0271762964178751,0.0366974289248216,-0.0049510008005287,0.0416484297253504,0.0417302550237948,0.0290260919133948,0.0127041631103999,0.0271762964178751,0.9375,32,2,"envelope,onset",data/processed/env_onset/sub-031_mtrf_env_onset.npz,-0.5,0.0,0.05,hamming,1,,l2,1,True,mean,"1.0,1.0",results_env_onset\sub-031\sub-031_backward_mtrf_env_onset.summary.json,results_env_onset\sub-031\sub-031_backward_mtrf_env_onset.trial_results.csv
sub-031,,,6,1,0.1880178926378054,0.1476319456079914,-0.0273276360414092,0.1749595816494007,0.1778065249930678,-0.0232696786331423,0.2010762036262102,0.1880178926378054,0.9375,32,2,"envelope,onset",data/processed/env_onset/sub-031_mtrf_env_onset.npz,-0.5,0.0,0.05,hamming,1,,l2,1,True,mean,"1.0,1.0",results_env_onset\sub-031\sub-031_backward_mtrf_env_onset.summary.json,results_env_onset\sub-031\sub-031_backward_mtrf_env_onset.trial_results.csv
sub-031,,,7,1,0.0057133463097157,0.0775694208813467,0.0812822187914048,-0.003712797910058,0.0815224836789339,0.0663829931494443,0.0151394905294895,0.0057133463097157,0.9375,32,2,"envelope,onset",data/processed/env_onset/sub-031_mtrf_env_onset.npz,-0.5,0.0,0.05,hamming,1,,l2,1,True,mean,"1.0,1.0",results_env_onset\sub-031\sub-031_backward_mtrf_env_onset.summary.json,results_env_onset\sub-031\sub-031_backward_mtrf_env_onset.trial_results.csv
sub-031,,,8,1,0.0822477306647593,0.1090244455821413,0.0039118430509274,0.1051126025312139,0.137054499516084,0.0776716407177791,0.0593828587983048,0.0822477306647593,0.9375,32,2,"envelope,onset",data/processed/env_onset/sub-031_mtrf_env_onset.npz,-0.5,0.0,0.05,hamming,1,,l2,1,True,mean,"1.0,1.0",results_env_onset\sub-031\sub-031_backward_mtrf_env_onset.summary.json,results_env_onset\sub-031\sub-031_backward_mtrf_env_onset.trial_results.csv
sub-031,,,9,1,0.1840532566755558,0.2151729913235106,0.0040009744267069,0.2111720168968036,0.1857380959389765,0.0288035994846685,0.156934496454308,0.1840532566755558,0.9375,32,2,"envelope,onset",data/processed/env_onset/sub-031_mtrf_env_onset.npz,-0.5,0.0,0.05,hamming,1,,l2,1,True,mean,"1.0,1.0",results_env_onset\sub-031\sub-031_backward_mtrf_env_onset.summary.json,results_env_onset\sub-031\sub-031_backward_mtrf_env_onset.trial_results.csv
sub-031,,,10,1,0.1706845985128209,0.0755851931177414,-0.0827146522468242,0.1582998453645656,0.1086073179472718,-0.0744620337138043,0.1830693516610761,0.1706845985128209,0.9375,32,2,"envelope,onset",data/processed/env_onset/sub-031_mtrf_env_onset.npz,-0.5,0.0,0.05,hamming,1,,l2,1,True,mean,"1.0,1.0",results_env_onset\sub-031\sub-031_backward_mtrf_env_onset.summary.json,results_env_onset\sub-031\sub-031_backward_mtrf_env_onset.trial_results.csv
sub-031,,,11,1,0.1227948150976146,0.1590503386364777,-0.018322161493938,0.1773725001304157,0.1110964742713738,0.0428793442065603,0.0682171300648135,0.1227948150976146,0.9375,32,2,"envelope,onset",data/processed/env_onset/sub-031_mtrf_env_onset.npz,-0.5,0.0,0.05,hamming,1,,l2,1,True,mean,"1.0,1.0",results_env_onset\sub-031\sub-031_backward_mtrf_env_onset.summary.json,results_env_onset\sub-031\sub-031_backward_mtrf_env_onset.trial_results.csv
sub-031,,,12,1,0.2142048857575537,0.1480886698441834,-0.0466493353846248,0.1947380052288082,0.1514133799683842,-0.0822583863179149,0.2336717662862991,0.2142048857575537,0.9375,32,2,"envelope,onset",data/processed/env_onset/sub-031_mtrf_env_onset.npz,-0.5,0.0,0.05,hamming,1,,l2,1,True,mean,"1.0,1.0",results_env_onset\sub-031\sub-031_backward_mtrf_env_onset.summary.json,results_env_onset\sub-031\sub-031_backward_mtrf_env_onset.trial_results.csv
sub-031,,,13,1,0.1371396253023937,0.1531554318332762,0.0150215851333211,0.138133846699955,0.1678499225418493,0.0317045186370169,0.1361454039048324,0.1371396253023937,0.9375,32,2,"envelope,onset",data/processed/env_onset/sub-031_mtrf_env_onset.npz,-0.5,0.0,0.05,hamming,1,,l2,1,True,mean,"1.0,1.0",results_env_onset\sub-031\sub-031_backward_mtrf_env_onset.summary.json,results_env_onset\sub-031\sub-031_backward_mtrf_env_onset.trial_results.csv
sub-031,,,14,1,0.1716581652590023,0.1213027753669666,-0.0376589208398955,0.1589616962068621,0.1392828474869747,-0.0450717868241678,0.1843546343111425,0.1716581652590023,0.9375,32,2,"envelope,onset",data/processed/env_onset/sub-031_mtrf_env_onset.npz,-0.5,0.0,0.05,hamming,1,,l2,1,True,mean,"1.0,1.0",results_env_onset\sub-031\sub-031_backward_mtrf_env_onset.summary.json,results_env_onset\sub-031\sub-031_backward_mtrf_env_onset.trial_results.csv
sub-031,,,15,1,0.1762990104113601,0.1930396738194298,-0.0261239023984713,0.2191635762179011,0.1536466950276075,0.0202122504227884,0.1334344446048191,0.1762990104113601,0.9375,32,2,"envelope,onset",data/processed/env_onset/sub-031_mtrf_env_onset.npz,-0.5,0.0,0.05,hamming,1,,l2,1,True,mean,"1.0,1.0",results_env_onset\sub-031\sub-031_backward_mtrf_env_onset.summary.json,results_env_onset\sub-031\sub-031_backward_mtrf_env_onset.trial_results.csv
sub-031,,,16,1,0.0064737582220908,0.0919624164936394,0.079169737417516,0.0127926790761234,0.1012911860419319,0.1011363486738735,0.0001548373680583,0.0064737582220908,0.9375,32,2,"envelope,onset",data/processed/env_onset/sub-031_mtrf_env_onset.npz,-0.5,0.0,0.05,hamming,1,,l2,1,True,mean,"1.0,1.0",results_env_onset\sub-031\sub-031_backward_mtrf_env_onset.summary.json,results_env_onset\sub-031\sub-031_backward_mtrf_env_onset.trial_results.csv
sub-031,,,17,1,0.1043012196836826,0.0751757800353052,-0.0431011809054758,0.118276960940781,0.0579652575749755,-0.0323602208516087,0.0903254784265842,0.1043012196836826,0.9375,32,2,"envelope,onset",data/processed/env_onset/sub-031_mtrf_env_onset.npz,-0.5,0.0,0.05,hamming,1,,l2,1,True,mean,"1.0,1.0",results_env_onset\sub-031\sub-031_backward_mtrf_env_onset.summary.json,results_env_onset\sub-031\sub-031_backward_mtrf_env_onset.trial_results.csv
sub-031,,,18,1,0.0813521944813317,0.1283524034461058,0.0248342004801539,0.1035182029659518,0.0835730054144243,0.0243868194177127,0.0591861859967116,0.0813521944813317,0.9375,32,2,"envelope,onset",data/processed/env_onset/sub-031_mtrf_env_onset.npz,-0.5,0.0,0.05,hamming,1,,l2,1,True,mean,"1.0,1.0",results_env_onset\sub-031\sub-031_backward_mtrf_env_onset.summary.json,results_env_onset\sub-031\sub-031_backward_mtrf_env_onset.trial_results.csv
sub-031,,,19,1,0.0490240963483146,0.1005947464923399,0.0451164864444808,0.055478260047859,0.0995023637206575,0.0569324310718873,0.0425699326487702,0.0490240963483146,0.9375,32,2,"envelope,onset",data/processed/env_onset/sub-031_mtrf_env_onset.npz,-0.5,0.0,0.05,hamming,1,,l2,1,True,mean,"1.0,1.0",results_env_onset\sub-031\sub-031_backward_mtrf_env_onset.summary.json,results_env_onset\sub-031\sub-031_backward_mtrf_env_onset.trial_results.csv
sub-031,,,20,1,0.0338627587242819,0.1018189789535634,0.0559683745494568,0.0458506044041066,0.0917966422343771,0.0699217291899198,0.0218749130444572,0.0338627587242819,0.9375,32,2,"envelope,onset",data/processed/env_onset/sub-031_mtrf_env_onset.npz,-0.5,0.0,0.05,hamming,1,,l2,1,True,mean,"1.0,1.0",results_env_onset\sub-031\sub-031_backward_mtrf_env_onset.summary.json,results_env_onset\sub-031\sub-031_backward_mtrf_env_onset.trial_results.csv
sub-031,,,21,1,0.0315883734895704,0.146046946923267,0.039416181456042,0.106630765467225,0.0584554872657858,0.1019095057538699,-0.043454018488084,0.0315883734895704,0.9375,32,2,"envelope,onset",data/processed/env_onset/sub-031_mtrf_env_onset.npz,-0.5,0.0,0.05,hamming,1,,l2,1,True,mean,"1.0,1.0",results_env_onset\sub-031\sub-031_backward_mtrf_env_onset.summary.json,results_env_onset\sub-031\sub-031_backward_mtrf_env_onset.trial_results.csv
sub-031,,,22,1,0.1207378096620555,0.1427773606489938,-0.0209151541558302,0.163692514804824,0.1550846155760456,0.0773015110567586,0.077783104519287,0.1207378096620555,0.9375,32,2,"envelope,onset",data/processed/env_onset/sub-031_mtrf_env_onset.npz,-0.5,0.0,0.05,hamming,1,,l2,1,True,mean,"1.0,1.0",results_env_onset\sub-031\sub-031_backward_mtrf_env_onset.summary.json,results_env_onset\sub-031\sub-031_backward_mtrf_env_onset.trial_results.csv
sub-031,,,23,1,0.1737182015943077,0.1136917115157398,-0.0390129152940715,0.1527046268098113,0.1531145445388307,-0.0416172318399733,0.194731776378804,0.1737182015943077,0.9375,32,2,"envelope,onset",data/processed/env_onset/sub-031_mtrf_env_onset.npz,-0.5,0.0,0.05,hamming,1,,l2,1,True,mean,"1.0,1.0",results_env_onset\sub-031\sub-031_backward_mtrf_env_onset.summary.json,results_env_onset\sub-031\sub-031_backward_mtrf_env_onset.trial_results.csv
sub-031,,,24,0,-0.0216048787456755,0.0693198007538064,0.0788691268813685,-0.0095493261275621,0.0474641111238553,0.0811245424876443,-0.033660431363789,-0.0216048787456755,0.9375,32,2,"envelope,onset",data/processed/env_onset/sub-031_mtrf_env_onset.npz,-0.5,0.0,0.05,hamming,1,,l2,1,True,mean,"1.0,1.0",results_env_onset\sub-031\sub-031_backward_mtrf_env_onset.summary.json,results_env_onset\sub-031\sub-031_backward_mtrf_env_onset.trial_results.csv
sub-031,,,25,1,0.0538779234735894,0.0882526189613236,0.015206655260505,0.0730459637008185,0.0825673629247819,0.0478574796784215,0.0347098832463604,0.0538779234735894,0.9375,32,2,"envelope,onset",data/processed/env_onset/sub-031_mtrf_env_onset.npz,-0.5,0.0,0.05,hamming,1,,l2,1,True,mean,"1.0,1.0",results_env_onset\sub-031\sub-031_backward_mtrf_env_onset.summary.json,results_env_onset\sub-031\sub-031_backward_mtrf_env_onset.trial_results.csv
sub-031,,,26,1,0.0925464093895933,0.1184063444669263,0.0569711356191246,0.0614352088478016,0.1343121223128773,0.0106545123814924,0.1236576099313849,0.0925464093895933,0.9375,32,2,"envelope,onset",data/processed/env_onset/sub-031_mtrf_env_onset.npz,-0.5,0.0,0.05,hamming,1,,l2,1,True,mean,"1.0,1.0",results_env_onset\sub-031\sub-031_backward_mtrf_env_onset.summary.json,results_env_onset\sub-031\sub-031_backward_mtrf_env_onset.trial_results.csv
sub-031,,,27,1,0.0478547957333125,0.0873232818279908,0.0439542833629481,0.0433689984650426,0.1126260574093075,0.0602854644077251,0.0523405930015824,0.0478547957333125,0.9375,32,2,"envelope,onset",data/processed/env_onset/sub-031_mtrf_env_onset.npz,-0.5,0.0,0.05,hamming,1,,l2,1,True,mean,"1.0,1.0",results_env_onset\sub-031\sub-031_backward_mtrf_env_onset.summary.json,results_env_onset\sub-031\sub-031_backward_mtrf_env_onset.trial_results.csv
sub-031,,,28,1,0.1199045664901742,0.1455049512169261,0.0180193974475344,0.1274855537693917,0.0744744638100136,-0.0378491154009431,0.1123235792109567,0.1199045664901742,0.9375,32,2,"envelope,onset",data/processed/env_onset/sub-031_mtrf_env_onset.npz,-0.5,0.0,0.05,hamming,1,,l2,1,True,mean,"1.0,1.0",results_env_onset\sub-031\sub-031_backward_mtrf_env_onset.summary.json,results_env_onset\sub-031\sub-031_backward_mtrf_env_onset.trial_results.csv
sub-031,,,29,1,0.0234993765800973,0.0286907722973567,0.041724637523934,-0.0130338652265773,0.0644803040265306,0.0044476856397584,0.0600326183867721,0.0234993765800973,0.9375,32,2,"envelope,onset",data/processed/env_onset/sub-031_mtrf_env_onset.npz,-0.5,0.0,0.05,hamming,1,,l2,1,True,mean,"1.0,1.0",results_env_onset\sub-031\sub-031_backward_mtrf_env_onset.summary.json,results_env_onset\sub-031\sub-031_backward_mtrf_env_onset.trial_results.csv
sub-031,,,30,0,-0.0282350257098341,0.0045544325486186,0.0787640887033245,-0.0742096561547059,0.0991642403546586,0.0814246356196211,0.0177396047350375,-0.0282350257098341,0.9375,32,2,"envelope,onset",data/processed/env_onset/sub-031_mtrf_env_onset.npz,-0.5,0.0,0.05,hamming,1,,l2,1,True,mean,"1.0,1.0",results_env_onset\sub-031\sub-031_backward_mtrf_env_onset.summary.json,results_env_onset\sub-031\sub-031_backward_mtrf_env_onset.trial_results.csv
sub-031,,,31,1,0.0311651944108639,0.0473031663741476,0.0350630926117403,0.0122400737624073,0.0375049232863575,-0.0125853917729629,0.0500903150593204,0.0311651944108639,0.9375,32,2,"envelope,onset",data/processed/env_onset/sub-031_mtrf_env_onset.npz,-0.5,0.0,0.05,hamming,1,,l2,1,True,mean,"1.0,1.0",results_env_onset\sub-031\sub-031_backward_mtrf_env_onset.summary.json,results_env_onset\sub-031\sub-031_backward_mtrf_env_onset.trial_results.csv
sub-032,,,0,1,0.0224945415307924,0.0798313778429833,0.0623395714344066,0.0174918064085767,0.1153199468993449,0.0878226702463367,0.0274972766530081,0.0224945415307924,0.71875,32,2,"envelope,onset",data/processed/env_onset/sub-032_mtrf_env_onset.npz,-0.5,0.0,0.05,hamming,1,,l2,1,True,mean,"1.0,1.0",results_env_onset\sub-032\sub-032_backward_mtrf_env_onset.summary.json,results_env_onset\sub-032\sub-032_backward_mtrf_env_onset.trial_results.csv
sub-032,,,1,1,0.0361259197140352,0.0711583804882547,0.0156718746030092,0.0554865058852455,0.0510761621366801,0.0343108285938551,0.0167653335428249,0.0361259197140352,0.71875,32,2,"envelope,onset",data/processed/env_onset/sub-032_mtrf_env_onset.npz,-0.5,0.0,0.05,hamming,1,,l2,1,True,mean,"1.0,1.0",results_env_onset\sub-032\sub-032_backward_mtrf_env_onset.summary.json,results_env_onset\sub-032\sub-032_backward_mtrf_env_onset.trial_results.csv
sub-032,,,2,1,0.0118826201597679,0.1120941553412331,0.1002993583122808,0.0117947970289522,0.0849954044763155,0.0730249611857318,0.0119704432905836,0.0118826201597679,0.71875,32,2,"envelope,onset",data/processed/env_onset/sub-032_mtrf_env_onset.npz,-0.5,0.0,0.05,hamming,1,,l2,1,True,mean,"1.0,1.0",results_env_onset\sub-032\sub-032_backward_mtrf_env_onset.summary.json,results_env_onset\sub-032\sub-032_backward_mtrf_env_onset.trial_results.csv
sub-032,,,3,1,0.0101743600922192,0.0838073612427213,0.0682650116769282,0.015542349565793,0.0820476456688009,0.0772412750501555,0.0048063706186454,0.0101743600922192,0.71875,32,2,"envelope,onset",data/processed/env_onset/sub-032_mtrf_env_onset.npz,-0.5,0.0,0.05,hamming,1,,l2,1,True,mean,"1.0,1.0",results_env_onset\sub-032\sub-032_backward_mtrf_env_onset.summary.json,results_env_onset\sub-032\sub-032_backward_mtrf_env_onset.trial_results.csv
sub-032,,,4,1,0.0080072683265743,0.0663612221859063,0.0737338128133161,-0.0073725906274097,0.0970360064472234,0.0736488791666649,0.0233871272805585,0.0080072683265743,0.71875,32,2,"envelope,onset",data/processed/env_onset/sub-032_mtrf_env_onset.npz,-0.5,0.0,0.05,hamming,1,,l2,1,True,mean,"1.0,1.0",results_env_onset\sub-032\sub-032_backward_mtrf_env_onset.summary.json,results_env_onset\sub-032\sub-032_backward_mtrf_env_onset.trial_results.csv
sub-032,,,5,1,0.0534064872703062,0.1204735267455545,0.0845786116182049,0.0358949151273495,0.1223407577151801,0.0514226983019171,0.0709180594132629,0.0534064872703062,0.71875,32,2,"envelope,onset",data/processed/env_onset/sub-032_mtrf_env_onset.npz,-0.5,0.0,0.05,hamming,1,,l2,1,True,mean,"1.0,1.0",results_env_onset\sub-032\sub-032_backward_mtrf_env_onset.summary.json,results_env_onset\sub-032\sub-032_backward_mtrf_env_onset.trial_results.csv
sub-032,,,6,1,0.0647003821368632,0.1613631896022886,0.0429543011083062,0.1184088884939823,0.1256683905855786,0.1146765148058343,0.0109918757797442,0.0647003821368632,0.71875,32,2,"envelope,onset",data/processed/env_onset/sub-032_mtrf_env_onset.npz,-0.5,0.0,0.05,hamming,1,,l2,1,True,mean,"1.0,1.0",results_env_onset\sub-032\sub-032_backward_mtrf_env_onset.summary.json,results_env_onset\sub-032\sub-032_backward_mtrf_env_onset.trial_results.csv
sub-032,,,7,0,-0.0130900836438097,0.074427885111692,0.0697580597464127,0.0046698253652793,0.0701784905325952,0.101028483185494,-0.0308499926528987,-0.0130900836438097,0.71875,32,2,"envelope,onset",data/processed/env_onset/sub-032_mtrf_env_onset.npz,-0.5,0.0,0.05,hamming,1,,l2,1,True,mean,"1.0,1.0",results_env_onset\sub-032\sub-032_backward_mtrf_env_onset.summary.json,results_env_onset\sub-032\sub-032_backward_mtrf_env_onset.trial_results.csv
sub-032,,,8,1,0.1353031194664627,0.1469080477722719,0.0220365932802652,0.1248714544920067,0.1807783928278949,0.0350436083869761,0.1457347844409188,0.1353031194664627,0.71875,32,2,"envelope,onset",data/processed/env_onset/sub-032_mtrf_env_onset.npz,-0.5,0.0,0.05,hamming,1,,l2,1,True,mean,"1.0,1.0",results_env_onset\sub-032\sub-032_backward_mtrf_env_onset.summary.json,results_env_onset\sub-032\sub-032_backward_mtrf_env_onset.trial_results.csv
sub-032,,,9,0,-0.008369967648943,0.1366602030117882,0.109857446951541,0.0268027560602471,0.0807826496400903,0.1243253409982236,-0.0435426913581333,-0.008369967648943,0.71875,32,2,"envelope,onset",data/processed/env_onset/sub-032_mtrf_env_onset.npz,-0.5,0.0,0.05,hamming,1,,l2,1,True,mean,"1.0,1.0",results_env_onset\sub-032\sub-032_backward_mtrf_env_onset.summary.json,results_env_onset\sub-032\sub-032_backward_mtrf_env_onset.trial_results.csv
sub-032,,,10,0,-0.03032599249031,0.0936072104974559,0.1108403303865428,-0.0172331198890869,0.0718919024286943,0.1153107675202274,-0.043418865091533,-0.03032599249031,0.71875,32,2,"envelope,onset",data/processed/env_onset/sub-032_mtrf_env_onset.npz,-0.5,0.0,0.05,hamming,1,,l2,1,True,mean,"1.0,1.0",results_env_onset\sub-032\sub-032_backward_mtrf_env_onset.summary.json,results_env_onset\sub-032\sub-032_backward_mtrf_env_onset.trial_results.csv
sub-032,,,11,1,0.1231820048684948,0.1303063738621362,0.0068391405623474,0.1234672332997887,0.1183245186746724,-0.0045722577625284,0.1228967764372008,0.1231820048684948,0.71875,32,2,"envelope,onset",data/processed/env_onset/sub-032_mtrf_env_onset.npz,-0.5,0.0,0.05,hamming,1,,l2,1,True,mean,"1.0,1.0",results_env_onset\sub-032\sub-032_backward_mtrf_env_onset.summary.json,results_env_onset\sub-032\sub-032_backward_mtrf_env_onset.trial_results.csv
sub-032,,,12,1,0.0275113273691608,0.0841148401337128,0.0269586694871443,0.0571561706465685,0.0573666467889663,0.0595001626972132,-0.0021335159082468,0.0275113273691608,0.71875,32,2,"envelope,onset",data/processed/env_onset/sub-032_mtrf_env_onset.npz,-0.5,0.0,0.05,hamming,1,,l2,1,True,mean,"1.0,1.0",results_env_onset\sub-032\sub-032_backward_mtrf_env_onset.summary.json,results_env_onset\sub-032\sub-032_backward_mtrf_env_onset.trial_results.csv
sub-032,,,13,0,-0.0273826674045663,0.1214532966555067,0.1721807469057109,-0.0507274502502042,0.0881978908382949,0.0922357753972233,-0.0040378845589284,-0.0273826674045663,0.71875,32,2,"envelope,onset",data/processed/env_onset/sub-032_mtrf_env_onset.npz,-0.5,0.0,0.05,hamming,1,,l2,1,True,mean,"1.0,1.0",results_env_onset\sub-032\sub-032_backward_mtrf_env_onset.summary.json,results_env_onset\sub-032\sub-032_backward_mtrf_env_onset.trial_results.csv
sub-032,,,14,0,-0.0192121363284777,0.0401657745037563,0.0892847320025069,-0.0491189574987505,0.0836762991565915,0.0729816143147964,0.0106946848417951,-0.0192121363284777,0.71875,32,2,"envelope,onset",data/processed/env_onset/sub-032_mtrf_env_onset.npz,-0.5,0.0,0.05,hamming,1,,l2,1,True,mean,"1.0,1.0",results_env_onset\sub-032\sub-032_backward_mtrf_env_onset.summary.json,results_env_onset\sub-032\sub-032_backward_mtrf_env_onset.trial_results.csv
sub-032,,,15,1,0.0062951998559451,0.0133040013707324,-0.0164380176489367,0.0297420190196692,0.0062522112232862,0.0234038305310652,-0.0171516193077789,0.0062951998559451,0.71875,32,2,"envelope,onset",data/processed/env_onset/sub-032_mtrf_env_onset.npz,-0.5,0.0,0.05,hamming,1,,l2,1,True,mean,"1.0,1.0",results_env_onset\sub-032\sub-032_backward_mtrf_env_onset.summary.json,results_env_onset\sub-032\sub-032_backward_mtrf_env_onset.trial_results.csv
sub-032,,,16,1,0.0606654538565114,0.0609053387227939,0.0241111563449136,0.0367941823778803,0.0906652414171265,0.0061285160819839,0.0845367253351425,0.0606654538565114,0.71875,32,2,"envelope,onset",data/processed/env_onset/sub-032_mtrf_env_onset.npz,-0.5,0.0,0.05,hamming,1,,l2,1,True,mean,"1.0,1.0",results_env_onset\sub-032\sub-032_backward_mtrf_env_onset.summary.json,results_env_onset\sub-032\sub-032_backward_mtrf_env_onset.trial_results.csv
sub-032,,,17,0,-0.0413013192570095,0.0461147448944032,0.0624119235530177,-0.0162971786586144,0.0489445734785326,0.1152500333339371,-0.0663054598554045,-0.0413013192570095,0.71875,32,2,"envelope,onset",data/processed/env_onset/sub-032_mtrf_env_onset.npz,-0.5,0.0,0.05,hamming,1,,l2,1,True,mean,"1.0,1.0",results_env_onset\sub-032\sub-032_backward_mtrf_env_onset.summary.json,results_env_onset\sub-032\sub-032_backward_mtrf_env_onset.trial_results.csv
sub-032,,,18,1,0.0936023476538518,0.1427934083446263,0.0463635174829898,0.0964298908616365,0.1693083092038855,0.0785335047578184,0.090774804446067,0.0936023476538518,0.71875,32,2,"envelope,onset",data/processed/env_onset/sub-032_mtrf_env_onset.npz,-0.5,0.0,0.05,hamming,1,,l2,1,True,mean,"1.0,1.0",results_env_onset\sub-032\sub-032_backward_mtrf_env_onset.summary.json,results_env_onset\sub-032\sub-032_backward_mtrf_env_onset.trial_results.csv
sub-032,,,19,1,0.1405931329592014,0.1101160562183085,-0.0366098540662152,0.1467259102845238,0.1392055528054388,0.0047451971715597,0.1344603556338791,0.1405931329592014,0.71875,32,2,"envelope,onset",data/processed/env_onset/sub-032_mtrf_env_onset.npz,-0.5,0.0,0.05,hamming,1,,l2,1,True,mean,"1.0,1.0",results_env_onset\sub-032\sub-032_backward_mtrf_env_onset.summary.json,results_env_onset\sub-032\sub-032_backward_mtrf_env_onset.trial_results.csv
sub-032,,,20,0,-0.0165456124879466,0.0716991015639612,0.0966274897402373,-0.024928388176276,0.0775672790380092,0.0857301158376264,-0.0081628367996171,-0.0165456124879466,0.71875,32,2,"envelope,onset",data/processed/env_onset/sub-032_mtrf_env_onset.npz,-0.5,0.0,0.05,hamming,1,,l2,1,True,mean,"1.0,1.0",results_env_onset\sub-032\sub-032_backward_mtrf_env_onset.summary.json,results_env_onset\sub-032\sub-032_backward_mtrf_env_onset.trial_results.csv
sub-032,,,21,1,0.130323454517503,0.1403675919898176,-0.0049487371655193,0.1453163291553369,0.1771370973305364,0.0618065174508672,0.1153305798796691,0.130323454517503,0.71875,32,2,"envelope,onset",data/processed/env_onset/sub-032_mtrf_env_onset.npz,-0.5,0.0,0.05,hamming,1,,l2,1,True,mean,"1.0,1.0",results_env_onset\sub-032\sub-032_backward_mtrf_env_onset.summary.json,results_env_onset\sub-032\sub-032_backward_mtrf_env_onset.trial_results.csv
sub-032,,,22,1,0.0141027001294157,0.1169115804227939,0.0619989497953449,0.0549126306274489,0.0763943293905413,0.1031015597591588,-0.0267072303686174,0.0141027001294157,0.71875,32,2,"envelope,onset",data/processed/env_onset/sub-032_mtrf_env_onset.npz,-0.5,0.0,0.05,hamming,1,,l2,1,True,mean,"1.0,1.0",results_env_onset\sub-032\sub-032_backward_mtrf_env_onset.summary.json,results_env_onset\sub-032\sub-032_backward_mtrf_env_onset.trial_results.csv
sub-032,,,23,1,0.0188237448988072,0.0752234514962866,0.0949156881807721,-0.0196922366844855,0.0984420635480857,0.0411023370659857,0.0573397264821,0.0188237448988072,0.71875,32,2,"envelope,onset",data/processed/env_onset/sub-032_mtrf_env_onset.npz,-0.5,0.0,0.05,hamming,1,,l2,1,True,mean,"1.0,1.0",results_env_onset\sub-032\sub-032_backward_mtrf_env_onset.summary.json,results_env_onset\sub-032\sub-032_backward_mtrf_env_onset.trial_results.csv
sub-032,,,24,0,-0.0919949473447636,0.0255437263920421,0.1175214059632589,-0.0919776795712168,0.0326440016044372,0.1246562167227477,-0.0920122151183104,-0.0919949473447636,0.71875,32,2,"envelope,onset",data/processed/env_onset/sub-032_mtrf_env_onset.npz,-0.5,0.0,0.05,hamming,1,,l2,1,True,mean,"1.0,1.0",results_env_onset\sub-032\sub-032_backward_mtrf_env_onset.summary.json,results_env_onset\sub-032\sub-032_backward_mtrf_env_onset.trial_results.csv
sub-032,,,25,1,0.0325743987899292,0.0591747966285495,0.0076277541392396,0.0515470424893098,0.0642475737743635,0.0506458186838149,0.0136017550905485,0.0325743987899292,0.71875,32,2,"envelope,onset",data/processed/env_onset/sub-032_mtrf_env_onset.npz,-0.5,0.0,0.05,hamming,1,,l2,1,True,mean,"1.0,1.0",results_env_onset\sub-032\sub-032_backward_mtrf_env_onset.summary.json,results_env_onset\sub-032\sub-032_backward_mtrf_env_onset.trial_results.csv
sub-032,,,26,1,0.0726503601796876,0.0359865759506276,-0.0177246849508787,0.0537112609015063,0.1042501761128907,0.0126607166550217,0.0915894594578689,0.0726503601796876,0.71875,32,2,"envelope,onset",data/processed/env_onset/sub-032_mtrf_env_onset.npz,-0.5,0.0,0.05,hamming,1,,l2,1,True,mean,"1.0,1.0",results_env_onset\sub-032\sub-032_backward_mtrf_env_onset.summary.json,results_env_onset\sub-032\sub-032_backward_mtrf_env_onset.trial_results.csv
sub-032,,,27,0,-0.0404922553158484,0.0645352416978295,0.0684009467964738,-0.0038657050986442,0.025911842169172,0.1030306477022246,-0.0771188055330526,-0.0404922553158484,0.71875,32,2,"envelope,onset",data/processed/env_onset/sub-032_mtrf_env_onset.npz,-0.5,0.0,0.05,hamming,1,,l2,1,True,mean,"1.0,1.0",results_env_onset\sub-032\sub-032_backward_mtrf_env_onset.summary.json,results_env_onset\sub-032\sub-032_backward_mtrf_env_onset.trial_results.csv
sub-032,,,28,1,0.0162795362058588,-0.0067688349469052,0.0343371650356762,-0.0411059999825815,0.0573835471243433,-0.0162815252699558,0.0736650723942992,0.0162795362058588,0.71875,32,2,"envelope,onset",data/processed/env_onset/sub-032_mtrf_env_onset.npz,-0.5,0.0,0.05,hamming,1,,l2,1,True,mean,"1.0,1.0",results_env_onset\sub-032\sub-032_backward_mtrf_env_onset.summary.json,results_env_onset\sub-032\sub-032_backward_mtrf_env_onset.trial_results.csv
sub-032,,,29,1,0.0219532056478864,0.1199139452335236,0.1185730270930142,0.0013409181405093,0.1244313116871704,0.081865818531907,0.0425654931552634,0.0219532056478864,0.71875,32,2,"envelope,onset",data/processed/env_onset/sub-032_mtrf_env_onset.npz,-0.5,0.0,0.05,hamming,1,,l2,1,True,mean,"1.0,1.0",results_env_onset\sub-032\sub-032_backward_mtrf_env_onset.summary.json,results_env_onset\sub-032\sub-032_backward_mtrf_env_onset.trial_results.csv
sub-032,,,30,1,0.0055398066933522,0.0387307230883649,0.0363387704462431,0.0023919526421217,0.0191397188526424,0.0104520581080596,0.0086876607445828,0.0055398066933522,0.71875,32,2,"envelope,onset",data/processed/env_onset/sub-032_mtrf_env_onset.npz,-0.5,0.0,0.05,hamming,1,,l2,1,True,mean,"1.0,1.0",results_env_onset\sub-032\sub-032_backward_mtrf_env_onset.summary.json,results_env_onset\sub-032\sub-032_backward_mtrf_env_onset.trial_results.csv
sub-032,,,31,1,0.1015953211163138,0.0902439797737791,-0.0316289484096973,0.1218729281834765,0.0537836272441034,-0.0275340868050476,0.0813177140491511,0.1015953211163138,0.71875,32,2,"envelope,onset",data/processed/env_onset/sub-032_mtrf_env_onset.npz,-0.5,0.0,0.05,hamming,1,,l2,1,True,mean,"1.0,1.0",results_env_onset\sub-032\sub-032_backward_mtrf_env_onset.summary.json,results_env_onset\sub-032\sub-032_backward_mtrf_env_onset.trial_results.csv
sub-033,,,0,1,0.0868966030286484,0.1558725233553859,0.0525751034204276,0.1032974199349582,0.1334012690929101,0.0629054829705716,0.0704957861223385,0.0868966030286484,0.875,32,2,"envelope,onset",data/processed/env_onset/sub-033_mtrf_env_onset.npz,-0.5,0.0,0.05,hamming,1,,l2,1,True,mean,"1.0,1.0",results_env_onset\sub-033\sub-033_backward_mtrf_env_onset.summary.json,results_env_onset\sub-033\sub-033_backward_mtrf_env_onset.trial_results.csv
sub-033,,,1,1,0.080035131924437,0.0815256132803957,-0.0023826129981766,0.0839082262785723,0.0937329852470937,0.017570947676792,0.0761620375703016,0.080035131924437,0.875,32,2,"envelope,onset",data/processed/env_onset/sub-033_mtrf_env_onset.npz,-0.5,0.0,0.05,hamming,1,,l2,1,True,mean,"1.0,1.0",results_env_onset\sub-033\sub-033_backward_mtrf_env_onset.summary.json,results_env_onset\sub-033\sub-033_backward_mtrf_env_onset.trial_results.csv
sub-033,,,2,1,0.0594955315747314,0.0957106080000507,-0.0032044662905698,0.0989150742906205,0.1041090992062513,0.084033110347409,0.0200759888588423,0.0594955315747314,0.875,32,2,"envelope,onset",data/processed/env_onset/sub-033_mtrf_env_onset.npz,-0.5,0.0,0.05,hamming,1,,l2,1,True,mean,"1.0,1.0",results_env_onset\sub-033\sub-033_backward_mtrf_env_onset.summary.json,results_env_onset\sub-033\sub-033_backward_mtrf_env_onset.trial_results.csv
sub-033,,,3,1,0.0079745505473472,-0.0122505071799598,-0.0372016262676953,0.0249511190877355,0.0373342040180189,0.04633622201106,-0.0090020179930411,0.0079745505473472,0.875,32,2,"envelope,onset",data/processed/env_onset/sub-033_mtrf_env_onset.npz,-0.5,0.0,0.05,hamming,1,,l2,1,True,mean,"1.0,1.0",results_env_onset\sub-033\sub-033_backward_mtrf_env_onset.summary.json,results_env_onset\sub-033\sub-033_backward_mtrf_env_onset.trial_results.csv
sub-033,,,4,0,-0.0294503010174644,0.0471574459096616,0.0505684750890512,-0.0034110291793895,0.0632118819424846,0.1187014547980239,-0.0554895728555393,-0.0294503010174644,0.875,32,2,"envelope,onset",data/processed/env_onset/sub-033_mtrf_env_onset.npz,-0.5,0.0,0.05,hamming,1,,l2,1,True,mean,"1.0,1.0",results_env_onset\sub-033\sub-033_backward_mtrf_env_onset.summary.json,results_env_onset\sub-033\sub-033_backward_mtrf_env_onset.trial_results.csv
sub-033,,,5,1,0.1500012329930022,0.0509519261001764,-0.0781077340735677,0.1290596601737441,0.1186747022442346,-0.0522681035680257,0.1709428058122604,0.1500012329930022,0.875,32,2,"envelope,onset",data/processed/env_onset/sub-033_mtrf_env_onset.npz,-0.5,0.0,0.05,hamming,1,,l2,1,True,mean,"1.0,1.0",results_env_onset\sub-033\sub-033_backward_mtrf_env_onset.summary.json,results_env_onset\sub-033\sub-033_backward_mtrf_env_onset.trial_results.csv
sub-033,,,6,0,-0.0401280822398731,0.0787248737638118,0.0762383336615989,0.0024865401022128,0.0552155894054424,0.1379582939874015,-0.082742704581959,-0.0401280822398731,0.875,32,2,"envelope,onset",data/processed/env_onset/sub-033_mtrf_env_onset.npz,-0.5,0.0,0.05,hamming,1,,l2,1,True,mean,"1.0,1.0",results_env_onset\sub-033\sub-033_backward_mtrf_env_onset.summary.json,results_env_onset\sub-033\sub-033_backward_mtrf_env_onset.trial_results.csv
sub-033,,,7,1,0.0675045143048885,0.1285556346204889,0.0892646461027731,0.0392909885177158,0.2025406599273422,0.1068226198352809,0.0957180400920612,0.0675045143048885,0.875,32,2,"envelope,onset",data/processed/env_onset/sub-033_mtrf_env_onset.npz,-0.5,0.0,0.05,hamming,1,,l2,1,True,mean,"1.0,1.0",results_env_onset\sub-033\sub-033_backward_mtrf_env_onset.summary.json,results_env_onset\sub-033\sub-033_backward_mtrf_env_onset.trial_results.csv
sub-033,,,8,0,-0.0138432032463315,0.0649936154469248,0.0514925983256279,0.0135010171212969,0.0972694079545757,0.1384568315685357,-0.0411874236139599,-0.0138432032463315,0.875,32,2,"envelope,onset",data/processed/env_onset/sub-033_mtrf_env_onset.npz,-0.5,0.0,0.05,hamming,1,,l2,1,True,mean,"1.0,1.0",results_env_onset\sub-033\sub-033_backward_mtrf_env_onset.summary.json,results_env_onset\sub-033\sub-033_backward_mtrf_env_onset.trial_results.csv
sub-033,,,9,1,0.0146953226514275,0.0522143661943927,0.0413779572691861,0.0108364089252065,0.0810598537138217,0.0625056173361731,0.0185542363776486,0.0146953226514275,0.875,32,2,"envelope,onset",data/processed/env_onset/sub-033_mtrf_env_onset.npz,-0.5,0.0,0.05,hamming,1,,l2,1,True,mean,"1.0,1.0",results_env_onset\sub-033\sub-033_backward_mtrf_env_onset.summary.json,results_env_onset\sub-033\sub-033_backward_mtrf_env_onset.trial_results.csv
sub-033,,,10,1,0.1651712959895477,0.1456073068483171,-0.0138179247711635,0.1594252316194807,0.1700021071028466,-0.000915253256768,0.1709173603596146,0.1651712959895477,0.875,32,2,"envelope,onset",data/processed/env_onset/sub-033_mtrf_env_onset.npz,-0.5,0.0,0.05,hamming,1,,l2,1,True,mean,"1.0,1.0",results_env_onset\sub-033\sub-033_backward_mtrf_env_onset.summary.json,results_env_onset\sub-033\sub-033_backward_mtrf_env_onset.trial_results.csv
sub-033,,,11,0,-0.0080372222949336,0.0363176532183827,0.0403075790848785,-0.0039899258664957,0.1067310321863596,0.118815550909731,-0.0120845187233714,-0.0080372222949336,0.875,32,2,"envelope,onset",data/processed/env_onset/sub-033_mtrf_env_onset.npz,-0.5,0.0,0.05,hamming,1,,l2,1,True,mean,"1.0,1.0",results_env_onset\sub-033\sub-033_backward_mtrf_env_onset.summary.json,results_env_onset\sub-033\sub-033_backward_mtrf_env_onset.trial_results.csv
sub-033,,,12,1,0.0620603703190467,0.0724966989545576,0.0215645397123813,0.0509321592421762,0.1274248814667497,0.0542363000708324,0.0731885813959172,0.0620603703190467,0.875,32,2,"envelope,onset",data/processed/env_onset/sub-033_mtrf_env_onset.npz,-0.5,0.0,0.05,hamming,1,,l2,1,True,mean,"1.0,1.0",results_env_onset\sub-033\sub-033_backward_mtrf_env_onset.summary.json,results_env_onset\sub-033\sub-033_backward_mtrf_env_onset.trial_results.csv
sub-033,,,13,1,0.0048958555463573,0.0507667684573995,0.0426485471987886,0.0081182212586109,0.0525942794787333,0.0509207896446294,0.0016734898341038,0.0048958555463573,0.875,32,2,"envelope,onset",data/processed/env_onset/sub-033_mtrf_env_onset.npz,-0.5,0.0,0.05,hamming,1,,l2,1,True,mean,"1.0,1.0",results_env_onset\sub-033\sub-033_backward_mtrf_env_onset.summary.json,results_env_onset\sub-033\sub-033_backward_mtrf_env_onset.trial_results.csv
sub-033,,,14,1,0.125797545293776,0.1391791292463532,-0.0304733806964917,0.1696525099428449,0.1090338515950411,0.027091270950334,0.0819425806447071,0.125797545293776,0.875,32,2,"envelope,onset",data/processed/env_onset/sub-033_mtrf_env_onset.npz,-0.5,0.0,0.05,hamming,1,,l2,1,True,mean,"1.0,1.0",results_env_onset\sub-033\sub-033_backward_mtrf_env_onset.summary.json,results_env_onset\sub-033\sub-033_backward_mtrf_env_onset.trial_results.csv
sub-033,,,15,1,0.0567765410090141,0.1660337501752288,0.0287991749523703,0.1372345752228584,0.0864941070861595,0.1101756002909896,-0.0236814932048301,0.0567765410090141,0.875,32,2,"envelope,onset",data/processed/env_onset/sub-033_mtrf_env_onset.npz,-0.5,0.0,0.05,hamming,1,,l2,1,True,mean,"1.0,1.0",results_env_onset\sub-033\sub-033_backward_mtrf_env_onset.summary.json,results_env_onset\sub-033\sub-033_backward_mtrf_env_onset.trial_results.csv
sub-033,,,16,1,0.0781464809149577,0.1500486784367227,0.0217387175367577,0.128309960899965,0.1254668507533841,0.0974838498234335,0.0279830009299505,0.0781464809149577,0.875,32,2,"envelope,onset",data/processed/env_onset/sub-033_mtrf_env_onset.npz,-0.5,0.0,0.05,hamming,1,,l2,1,True,mean,"1.0,1.0",results_env_onset\sub-033\sub-033_backward_mtrf_env_onset.summary.json,results_env_onset\sub-033\sub-033_backward_mtrf_env_onset.trial_results.csv
sub-033,,,17,1,0.1245534705412289,0.1528653464539355,0.0226318312342989,0.1302335152196365,0.15282697495465,0.0339535490918286,0.1188734258628214,0.1245534705412289,0.875,32,2,"envelope,onset",data/processed/env_onset/sub-033_mtrf_env_onset.npz,-0.5,0.0,0.05,hamming,1,,l2,1,True,mean,"1.0,1.0",results_env_onset\sub-033\sub-033_backward_mtrf_env_onset.summary.json,results_env_onset\sub-033\sub-033_backward_mtrf_env_onset.trial_results.csv
sub-033,,,18,1,0.0418871457184891,0.1180871253022518,0.0897824457129803,0.0283046795892714,0.161766539603455,0.1062969277557482,0.0554696118477068,0.0418871457184891,0.875,32,2,"envelope,onset",data/processed/env_onset/sub-033_mtrf_env_onset.npz,-0.5,0.0,0.05,hamming,1,,l2,1,True,mean,"1.0,1.0",results_env_onset\sub-033\sub-033_backward_mtrf_env_onset.summary.json,results_env_onset\sub-033\sub-033_backward_mtrf_env_onset.trial_results.csv
sub-033,,,19,1,0.1875399046982844,0.141133959937618,-0.0033336212416656,0.1444675811792836,0.1737756169606792,-0.0568366112566059,0.2306122282172851,0.1875399046982844,0.875,32,2,"envelope,onset",data/processed/env_onset/sub-033_mtrf_env_onset.npz,-0.5,0.0,0.05,hamming,1,,l2,1,True,mean,"1.0,1.0",results_env_onset\sub-033\sub-033_backward_mtrf_env_onset.summary.json,results_env_onset\sub-033\sub-033_backward_mtrf_env_onset.trial_results.csv
sub-033,,,20,1,0.1308074143039578,0.0697288500563386,-0.054283392464166,0.1240122425205047,0.1378897994620071,0.0002872133745961,0.137602586087411,0.1308074143039578,0.875,32,2,"envelope,onset",data/processed/env_onset/sub-033_mtrf_env_onset.npz,-0.5,0.0,0.05,hamming,1,,l2,1,True,mean,"1.0,1.0",results_env_onset\sub-033\sub-033_backward_mtrf_env_onset.summary.json,results_env_onset\sub-033\sub-033_backward_mtrf_env_onset.trial_results.csv
sub-033,,,21,1,0.0831303425718424,0.1367070578867545,0.0683072737223922,0.0683997841643622,0.1428093068867642,0.0449484059074416,0.0978609009793226,0.0831303425718424,0.875,32,2,"envelope,onset",data/processed/env_onset/sub-033_mtrf_env_onset.npz,-0.5,0.0,0.05,hamming,1,,l2,1,True,mean,"1.0,1.0",results_env_onset\sub-033\sub-033_backward_mtrf_env_onset.summary.json,results_env_onset\sub-033\sub-033_backward_mtrf_env_onset.trial_results.csv
sub-033,,,22,1,0.0240673462718129,0.1155312706458895,0.0771512156719938,0.0383800549738957,0.1518784010804531,0.142123763510723,0.0097546375697301,0.0240673462718129,0.875,32,2,"envelope,onset",data/processed/env_onset/sub-033_mtrf_env_onset.npz,-0.5,0.0,0.05,hamming,1,,l2,1,True,mean,"1.0,1.0",results_env_onset\sub-033\sub-033_backward_mtrf_env_onset.summary.json,results_env_onset\sub-033\sub-033_backward_mtrf_env_onset.trial_results.csv
sub-033,,,23,1,0.0535887199900513,0.0843102692486159,0.0356002910297259,0.04870997821889,0.1161596542375202,0.0576921924763075,0.0584674617612127,0.0535887199900513,0.875,32,2,"envelope,onset",data/processed/env_onset/sub-033_mtrf_env_onset.npz,-0.5,0.0,0.05,hamming,1,,l2,1,True,mean,"1.0,1.0",results_env_onset\sub-033\sub-033_backward_mtrf_env_onset.summary.json,results_env_onset\sub-033\sub-033_backward_mtrf_env_onset.trial_results.csv
sub-033,,,24,1,0.1155174675555261,0.1342104930980977,-0.0096886739946149,0.1438991670927126,0.1200743904879391,0.0329386224695995,0.0871357680183396,0.1155174675555261,0.875,32,2,"envelope,onset",data/processed/env_onset/sub-033_mtrf_env_onset.npz,-0.5,0.0,0.05,hamming,1,,l2,1,True,mean,"1.0,1.0",results_env_onset\sub-033\sub-033_backward_mtrf_env_onset.summary.json,results_env_onset\sub-033\sub-033_backward_mtrf_env_onset.trial_results.csv
sub-033,,,25,1,0.1758023828544268,0.1754675819181483,-0.0249042324283831,0.2003718143465315,0.1751735806451456,0.0239406292828235,0.1512329513623221,0.1758023828544268,0.875,32,2,"envelope,onset",data/processed/env_onset/sub-033_mtrf_env_onset.npz,-0.5,0.0,0.05,hamming,1,,l2,1,True,mean,"1.0,1.0",results_env_onset\sub-033\sub-033_backward_mtrf_env_onset.summary.json,results_env_onset\sub-033\sub-033_backward_mtrf_env_onset.trial_results.csv
sub-033,,,26,1,0.0199117192792899,0.0410436914892157,-0.0494324864912322,0.0904761779804479,-0.008905897069985,0.0417468423518829,-0.050652739421868,0.0199117192792899,0.875,32,2,"envelope,onset",data/processed/env_onset/sub-033_mtrf_env_onset.npz,-0.5,0.0,0.05,hamming,1,,l2,1,True,mean,"1.0,1.0",results_env_onset\sub-033\sub-033_backward_mtrf_env_onset.summary.json,results_env_onset\sub-033\sub-033_backward_mtrf_env_onset.trial_results.csv
sub-033,,,27,1,0.0803529226703381,0.1844602358541089,0.086040027703277,0.0984202081508319,0.1311207477685174,0.068835110578673,0.0622856371898444,0.0803529226703381,0.875,32,2,"envelope,onset",data/processed/env_onset/sub-033_mtrf_env_onset.npz,-0.5,0.0,0.05,hamming,1,,l2,1,True,mean,"1.0,1.0",results_env_onset\sub-033\sub-033_backward_mtrf_env_onset.summary.json,results_env_onset\sub-033\sub-033_backward_mtrf_env_onset.trial_results.csv
sub-033,,,28,1,0.0745404711919136,0.1150415038242252,0.0034060074334477,0.1116354963907774,0.1245299881952456,0.0870845422021957,0.0374454459930498,0.0745404711919136,0.875,32,2,"envelope,onset",data/processed/env_onset/sub-033_mtrf_env_onset.npz,-0.5,0.0,0.05,hamming,1,,l2,1,True,mean,"1.0,1.0",results_env_onset\sub-033\sub-033_backward_mtrf_env_onset.summary.json,results_env_onset\sub-033\sub-033_backward_mtrf_env_onset.trial_results.csv
sub-033,,,29,1,0.0962468840756016,0.1290237783224554,-0.0186960659812452,0.1477198443037007,0.0974164576435299,0.0526425337960274,0.0447739238475025,0.0962468840756016,0.875,32,2,"envelope,onset",data/processed/env_onset/sub-033_mtrf_env_onset.npz,-0.5,0.0,0.05,hamming,1,,l2,1,True,mean,"1.0,1.0",results_env_onset\sub-033\sub-033_backward_mtrf_env_onset.summary.json,results_env_onset\sub-033\sub-033_backward_mtrf_env_onset.trial_results.csv
sub-033,,,30,1,0.0764100663228279,0.0741175655541277,0.0031364556366739,0.0709811099174537,0.1188505103618763,0.0370114876336741,0.0818390227282022,0.0764100663228279,0.875,32,2,"envelope,onset",data/processed/env_onset/sub-033_mtrf_env_onset.npz,-0.5,0.0,0.05,hamming,1,,l2,1,True,mean,"1.0,1.0",results_env_onset\sub-033\sub-033_backward_mtrf_env_onset.summary.json,results_env_onset\sub-033\sub-033_backward_mtrf_env_onset.trial_results.csv
sub-033,,,31,1,0.0986722211434577,0.1326368932508771,0.0287044235943225,0.1039324696565545,0.1573887082425828,0.0639767356122217,0.093411972630361,0.0986722211434577,0.875,32,2,"envelope,onset",data/processed/env_onset/sub-033_mtrf_env_onset.npz,-0.5,0.0,0.05,hamming,1,,l2,1,True,mean,"1.0,1.0",results_env_onset\sub-033\sub-033_backward_mtrf_env_onset.summary.json,results_env_onset\sub-033\sub-033_backward_mtrf_env_onset.trial_results.csv
sub-034,,,0,1,0.112497226219285,0.1405346688781723,0.0142034695487557,0.1263311993294166,0.1374072284787025,0.038743975369549,0.0986632531091535,0.112497226219285,0.96875,32,2,"envelope,onset",data/processed/env_onset/sub-034_mtrf_env_onset.npz,-0.5,0.0,0.05,hamming,1,,l2,1,True,mean,"1.0,1.0",results_env_onset\sub-034\sub-034_backward_mtrf_env_onset.summary.json,results_env_onset\sub-034\sub-034_backward_mtrf_env_onset.trial_results.csv
sub-034,,,1,1,0.1099689882218436,0.1493438969717953,-0.0067772509353584,0.1561211479071537,0.1346970374990785,0.070880208962545,0.0638168285365335,0.1099689882218436,0.96875,32,2,"envelope,onset",data/processed/env_onset/sub-034_mtrf_env_onset.npz,-0.5,0.0,0.05,hamming,1,,l2,1,True,mean,"1.0,1.0",results_env_onset\sub-034\sub-034_backward_mtrf_env_onset.summary.json,results_env_onset\sub-034\sub-034_backward_mtrf_env_onset.trial_results.csv
sub-034,,,2,1,0.0508609725085016,0.0717490976792537,0.0251217181253715,0.0466273795538821,0.1058773651019107,0.0507827996387897,0.055094565463121,0.0508609725085016,0.96875,32,2,"envelope,onset",data/processed/env_onset/sub-034_mtrf_env_onset.npz,-0.5,0.0,0.05,hamming,1,,l2,1,True,mean,"1.0,1.0",results_env_onset\sub-034\sub-034_backward_mtrf_env_onset.summary.json,results_env_onset\sub-034\sub-034_backward_mtrf_env_onset.trial_results.csv
sub-034,,,3,1,0.0564463197988373,0.0680323553667519,-0.0047743723545411,0.0728067277212931,0.0767050358585788,0.0366191239821972,0.0400859118763816,0.0564463197988373,0.96875,32,2,"envelope,onset",data/processed/env_onset/sub-034_mtrf_env_onset.npz,-0.5,0.0,0.05,hamming,1,,l2,1,True,mean,"1.0,1.0",results_env_onset\sub-034\sub-034_backward_mtrf_env_onset.summary.json,results_env_onset\sub-034\sub-034_backward_mtrf_env_onset.trial_results.csv
sub-034,,,4,1,0.0592348130409989,0.123217492763574,0.0434659590607459,0.079751533702828,0.111832815568953,0.0731147231897832,0.0387180923791698,0.0592348130409989,0.96875,32,2,"envelope,onset",data/processed/env_onset/sub-034_mtrf_env_onset.npz,-0.5,0.0,0.05,hamming,1,,l2,1,True,mean,"1.0,1.0",results_env_onset\sub-034\sub-034_backward_mtrf_env_onset.summary.json,results_env_onset\sub-034\sub-034_backward_mtrf_env_onset.trial_results.csv
sub-034,,,5,1,0.1196688213000214,0.142052799779245,-0.0124754233558393,0.1545282231350843,0.1513488861977705,0.066539466732812,0.0848094194649585,0.1196688213000214,0.96875,32,2,"envelope,onset",data/processed/env_onset/sub-034_mtrf_env_onset.npz,-0.5,0.0,0.05,hamming,1,,l2,1,True,mean,"1.0,1.0",results_env_onset\sub-034\sub-034_backward_mtrf_env_onset.summary.json,results_env_onset\sub-034\sub-034_backward_mtrf_env_onset.trial_results.csv
sub-034,,,6,1,0.0523378284726759,0.0941979111173103,0.0466931323489341,0.0475047787683761,0.1013837767117085,0.0442128985347328,0.0571708781769756,0.0523378284726759,0.96875,32,2,"envelope,onset",data/processed/env_onset/sub-034_mtrf_env_onset.npz,-0.5,0.0,0.05,hamming,1,,l2,1,True,mean,"1.0,1.0",results_env_onset\sub-034\sub-034_backward_mtrf_env_onset.summary.json,results_env_onset\sub-034\sub-034_backward_mtrf_env_onset.trial_results.csv
sub-034,,,7,1,0.0792949040549788,0.1500421214766931,0.0713052650885342,0.0787368563881589,0.191404472914823,0.1115515211930242,0.0798529517217987,0.0792949040549788,0.96875,32,2,"envelope,onset",data/processed/env_onset/sub-034_mtrf_env_onset.npz,-0.5,0.0,0.05,hamming,1,,l2,1,True,mean,"1.0,1.0",results_env_onset\sub-034\sub-034_backward_mtrf_env_onset.summary.json,results_env_onset\sub-034\sub-034_backward_mtrf_env_onset.trial_results.csv
sub-034,,,8,1,0.1140876469782994,0.1068510470999365,-0.0524211502672922,0.1592721973672288,0.0783557720760351,0.009452675486665,0.0689030965893701,0.1140876469782994,0.96875,32,2,"envelope,onset",data/processed/env_onset/sub-034_mtrf_env_onset.npz,-0.5,0.0,0.05,hamming,1,,l2,1,True,mean,"1.0,1.0",results_env_onset\sub-034\sub-034_backward_mtrf_env_onset.summary.json,results_env_onset\sub-034\sub-034_backward_mtrf_env_onset.trial_results.csv
sub-034,,,9,1,0.127208229944944,0.1647322721670047,0.0324135724838507,0.1323186996831539,0.1922284089615911,0.070130648754857,0.1220977602067341,0.127208229944944,0.96875,32,2,"envelope,onset",data/processed/env_onset/sub-034_mtrf_env_onset.npz,-0.5,0.0,0.05,hamming,1,,l2,1,True,mean,"1.0,1.0",results_env_onset\sub-034\sub-034_backward_mtrf_env_onset.summary.json,results_env_onset\sub-034\sub-034_backward_mtrf_env_onset.trial_results.csv
sub-034,,,10,1,0.0660437192718424,0.1234226654145862,0.0526874241834444,0.0707352412311418,0.122833425226015,0.061481227913472,0.061352197312543,0.0660437192718424,0.96875,32,2,"envelope,onset",data/processed/env_onset/sub-034_mtrf_env_onset.npz,-0.5,0.0,0.05,hamming,1,,l2,1,True,mean,"1.0,1.0",results_env_onset\sub-034\sub-034_backward_mtrf_env_onset.summary.json,results_env_onset\sub-034\sub-034_backward_mtrf_env_onset.trial_results.csv
sub-034,,,11,1,0.0649633141139242,0.0832108059991287,0.0116271665918214,0.0715836394073072,0.1469306348103108,0.0885876459897695,0.0583429888205412,0.0649633141139242,0.96875,32,2,"envelope,onset",data/processed/env_onset/sub-034_mtrf_env_onset.npz,-0.5,0.0,0.05,hamming,1,,l2,1,True,mean,"1.0,1.0",results_env_onset\sub-034\sub-034_backward_mtrf_env_onset.summary.json,results_env_onset\sub-034\sub-034_backward_mtrf_env_onset.trial_results.csv
sub-034,,,12,1,0.0625274813332613,0.1514257000096296,0.0635537638162183,0.0878719361934112,0.1480690852458896,0.1108860587727781,0.0371830264731114,0.0625274813332613,0.96875,32,2,"envelope,onset",data/processed/env_onset/sub-034_mtrf_env_onset.npz,-0.5,0.0,0.05,hamming,1,,l2,1,True,mean,"1.0,1.0",results_env_onset\sub-034\sub-034_backward_mtrf_env_onset.summary.json,results_env_onset\sub-034\sub-034_backward_mtrf_env_onset.trial_results.csv
sub-034,,,13,1,0.0840801593545983,0.0654941181009571,-0.0148168165967567,0.0803109346977139,0.0821375794989119,-0.0057118045125708,0.0878493840114827,0.0840801593545983,0.96875,32,2,"envelope,onset",data/processed/env_onset/sub-034_mtrf_env_onset.npz,-0.5,0.0,0.05,hamming,1,,l2,1,True,mean,"1.0,1.0",results_env_onset\sub-034\sub-034_backward_mtrf_env_onset.summary.json,results_env_onset\sub-034\sub-034_backward_mtrf_env_onset.trial_results.csv
sub-034,,,14,1,0.0532148882721926,0.0921127182719568,0.0390637788365458,0.053048939435411,0.1211064126245656,0.0677255755155913,0.0533808371089743,0.0532148882721926,0.96875,32,2,"envelope,onset",data/processed/env_onset/sub-034_mtrf_env_onset.npz,-0.5,0.0,0.05,hamming,1,,l2,1,True,mean,"1.0,1.0",results_env_onset\sub-034\sub-034_backward_mtrf_env_onset.summary.json,results_env_onset\sub-034\sub-034_backward_mtrf_env_onset.trial_results.csv
sub-034,,,15,1,0.1053434170332622,0.1691847965788044,0.0736479521674211,0.0955368444113832,0.1754427526117443,0.060292762956603,0.1151499896551412,0.1053434170332622,0.96875,32,2,"envelope,onset",data/processed/env_onset/sub-034_mtrf_env_onset.npz,-0.5,0.0,0.05,hamming,1,,l2,1,True,mean,"1.0,1.0",results_env_onset\sub-034\sub-034_backward_mtrf_env_onset.summary.json,results_env_onset\sub-034\sub-034_backward_mtrf_env_onset.trial_results.csv
sub-034,,,16,0,-0.0441059918941919,0.0389744625479142,0.052200143724887,-0.0132256811769728,0.0469984533258412,0.1219847559372523,-0.074986302611411,-0.0441059918941919,0.96875,32,2,"envelope,onset",data/processed/env_onset/sub-034_mtrf_env_onset.npz,-0.5,0.0,0.05,hamming,1,,l2,1,True,mean,"1.0,1.0",results_env_onset\sub-034\sub-034_backward_mtrf_env_onset.summary.json,results_env_onset\sub-034\sub-034_backward_mtrf_env_onset.trial_results.csv
sub-034,,,17,1,0.0958432327814034,0.1381234940459198,0.0134580146169718,0.1246654794289479,0.1372342353232216,0.0702132491893626,0.0670209861338589,0.0958432327814034,0.96875,32,2,"envelope,onset",data/processed/env_onset/sub-034_mtrf_env_onset.npz,-0.5,0.0,0.05,hamming,1,,l2,1,True,mean,"1.0,1.0",results_env_onset\sub-034\sub-034_backward_mtrf_env_onset.summary.json,results_env_onset\sub-034\sub-034_backward_mtrf_env_onset.trial_results.csv
sub-034,,,18,1,0.0689767636913337,0.1046339078769014,0.0278967918116878,0.0767371160652135,0.1177381350691231,0.0565217237516691,0.0612164113174539,0.0689767636913337,0.96875,32,2,"envelope,onset",data/processed/env_onset/sub-034_mtrf_env_onset.npz,-0.5,0.0,0.05,hamming,1,,l2,1,True,mean,"1.0,1.0",results_env_onset\sub-034\sub-034_backward_mtrf_env_onset.summary.json,results_env_onset\sub-034\sub-034_backward_mtrf_env_onset.trial_results.csv
sub-034,,,19,1,0.055503445508099,0.0742008841909678,0.0369183510264893,0.0372825331644785,0.1080701237081269,0.0343457658564073,0.0737243578517195,0.055503445508099,0.96875,32,2,"envelope,onset",data/processed/env_onset/sub-034_mtrf_env_onset.npz,-0.5,0.0,0.05,hamming,1,,l2,1,True,mean,"1.0,1.0",results_env_onset\sub-034\sub-034_backward_mtrf_env_onset.summary.json,results_env_onset\sub-034\sub-034_backward_mtrf_env_onset.trial_results.csv
sub-034,,,20,1,0.0141892665180941,0.1389311930925792,0.119233489346575,0.0196977037460042,0.0962477875876109,0.0875669582974269,0.008680829290184,0.0141892665180941,0.96875,32,2,"envelope,onset",data/processed/env_onset/sub-034_mtrf_env_onset.npz,-0.5,0.0,0.05,hamming,1,,l2,1,True,mean,"1.0,1.0",results_env_onset\sub-034\sub-034_backward_mtrf_env_onset.summary.json,results_env_onset\sub-034\sub-034_backward_mtrf_env_onset.trial_results.csv
sub-034,,,21,1,0.1365971339252644,0.1017620366200327,-0.0352877425484514,0.1370497791684841,0.0963178707429667,-0.039826617939078,0.1361444886820447,0.1365971339252644,0.96875,32,2,"envelope,onset",data/processed/env_onset/sub-034_mtrf_env_onset.npz,-0.5,0.0,0.05,hamming,1,,l2,1,True,mean,"1.0,1.0",results_env_onset\sub-034\sub-034_backward_mtrf_env_onset.summary.json,results_env_onset\sub-034\sub-034_backward_mtrf_env_onset.trial_results.csv
sub-034,,,22,1,0.2152765203828681,0.185852029182195,-0.0647217826452235,0.2505738118274185,0.1705036786715204,-0.0094755502667973,0.1799792289383178,0.2152765203828681,0.96875,32,2,"envelope,onset",data/processed/env_onset/sub-034_mtrf_env_onset.npz,-0.5,0.0,0.05,hamming,1,,l2,1,True,mean,"1.0,1.0",results_env_onset\sub-034\sub-034_backward_mtrf_env_onset.summary.json,results_env_onset\sub-034\sub-034_backward_mtrf_env_onset.trial_results.csv
sub-034,,,23,1,0.2316506679305901,0.1820794386745713,-0.044228527796928,0.2263079664714993,0.2113475595199595,-0.0256458098697214,0.2369933693896809,0.2316506679305901,0.96875,32,2,"envelope,onset",data/processed/env_onset/sub-034_mtrf_env_onset.npz,-0.5,0.0,0.05,hamming,1,,l2,1,True,mean,"1.0,1.0",results_env_onset\sub-034\sub-034_backward_mtrf_env_onset.summary.json,results_env_onset\sub-034\sub-034_backward_mtrf_env_onset.trial_results.csv
sub-034,,,24,1,0.1321335970571774,0.1007304118053997,-0.0381926503282305,0.1389230621336303,0.1380346696811204,0.0126905377003958,0.1253441319807246,0.1321335970571774,0.96875,32,2,"envelope,onset",data/processed/env_onset/sub-034_mtrf_env_onset.npz,-0.5,0.0,0.05,hamming,1,,l2,1,True,mean,"1.0,1.0",results_env_onset\sub-034\sub-034_backward_mtrf_env_onset.summary.json,results_env_onset\sub-034\sub-034_backward_mtrf_env_onset.trial_results.csv
sub-034,,,25,1,0.0736913334293946,0.1044200975403943,0.0368874613579327,0.0675326361824615,0.1441821789931368,0.0643321483168091,0.0798500306763276,0.0736913334293946,0.96875,32,2,"envelope,onset",data/processed/env_onset/sub-034_mtrf_env_onset.npz,-0.5,0.0,0.05,hamming,1,,l2,1,True,mean,"1.0,1.0",results_env_onset\sub-034\sub-034_backward_mtrf_env_onset.summary.json,results_env_onset\sub-034\sub-034_backward_mtrf_env_onset.trial_results.csv
sub-034,,,26,1,0.0042099019941347,0.1130174404282639,0.1011802531289402,0.0118371872993237,0.1262056793716921,0.1296230626827464,-0.0034173833110542,0.0042099019941347,0.96875,32,2,"envelope,onset",data/processed/env_onset/sub-034_mtrf_env_onset.npz,-0.5,0.0,0.05,hamming,1,,l2,1,True,mean,"1.0,1.0",results_env_onset\sub-034\sub-034_backward_mtrf_env_onset.summary.json,results_env_onset\sub-034\sub-034_backward_mtrf_env_onset.trial_results.csv
sub-034,,,27,1,0.0580647830866604,0.1668170485557543,0.0776532346263356,0.0891638139294186,0.155704049133768,0.1287382968898658,0.0269657522439021,0.0580647830866604,0.96875,32,2,"envelope,onset",data/processed/env_onset/sub-034_mtrf_env_onset.npz,-0.5,0.0,0.05,hamming,1,,l2,1,True,mean,"1.0,1.0",results_env_onset\sub-034\sub-034_backward_mtrf_env_onset.summary.json,results_env_onset\sub-034\sub-034_backward_mtrf_env_onset.trial_results.csv
sub-034,,,28,1,0.246112014008982,0.212744559025852,-0.033296671308536,0.246041230334388,0.2283816212630962,-0.0178011764204798,0.246182797683576,0.246112014008982,0.96875,32,2,"envelope,onset",data/processed/env_onset/sub-034_mtrf_env_onset.npz,-0.5,0.0,0.05,hamming,1,,l2,1,True,mean,"1.0,1.0",results_env_onset\sub-034\sub-034_backward_mtrf_env_onset.summary.json,results_env_onset\sub-034\sub-034_backward_mtrf_env_onset.trial_results.csv
sub-034,,,29,1,0.13925952653803,0.1412909990412811,-0.0096527909116462,0.1509437899529274,0.1392861141985053,0.0117108510753726,0.1275752631231327,0.13925952653803,0.96875,32,2,"envelope,onset",data/processed/env_onset/sub-034_mtrf_env_onset.npz,-0.5,0.0,0.05,hamming,1,,l2,1,True,mean,"1.0,1.0",results_env_onset\sub-034\sub-034_backward_mtrf_env_onset.summary.json,results_env_onset\sub-034\sub-034_backward_mtrf_env_onset.trial_results.csv
sub-034,,,30,1,0.0947343196576703,0.1523926481824968,0.0300959900969788,0.1222966580855179,0.1382352556628618,0.0710632744330392,0.0671719812298226,0.0947343196576703,0.96875,32,2,"envelope,onset",data/processed/env_onset/sub-034_mtrf_env_onset.npz,-0.5,0.0,0.05,hamming,1,,l2,1,True,mean,"1.0,1.0",results_env_onset\sub-034\sub-034_backward_mtrf_env_onset.summary.json,results_env_onset\sub-034\sub-034_backward_mtrf_env_onset.trial_results.csv
sub-034,,,31,1,0.0902895910371615,0.1871905780085533,0.0677985980517532,0.1193919799568,0.1686561284898136,0.1074689263722906,0.061187202117523,0.0902895910371615,0.96875,32,2,"envelope,onset",data/processed/env_onset/sub-034_mtrf_env_onset.npz,-0.5,0.0,0.05,hamming,1,,l2,1,True,mean,"1.0,1.0",results_env_onset\sub-034\sub-034_backward_mtrf_env_onset.summary.json,results_env_onset\sub-034\sub-034_backward_mtrf_env_onset.trial_results.csv
sub-035,,,0,1,0.059749773067861,0.0507987292904978,-0.0070613472183341,0.0578600765088319,0.0917932621970358,0.0301537925701458,0.06163946962689,0.059749773067861,0.75,32,2,"envelope,onset",data/processed/env_onset/sub-035_mtrf_env_onset.npz,-0.5,0.0,0.05,hamming,1,,l2,1,True,mean,"1.0,1.0",results_env_onset\sub-035\sub-035_backward_mtrf_env_onset.summary.json,results_env_onset\sub-035\sub-035_backward_mtrf_env_onset.trial_results.csv
sub-035,,,1,1,0.0083729885319581,0.0677212443282443,0.0593251913892297,0.0083960529390145,0.1159679580460943,0.1076180339211927,0.0083499241249016,0.0083729885319581,0.75,32,2,"envelope,onset",data/processed/env_onset/sub-035_mtrf_env_onset.npz,-0.5,0.0,0.05,hamming,1,,l2,1,True,mean,"1.0,1.0",results_env_onset\sub-035\sub-035_backward_mtrf_env_onset.summary.json,results_env_onset\sub-035\sub-035_backward_mtrf_env_onset.trial_results.csv
sub-035,,,2,1,0.0356790072904712,0.0655786737812501,0.0563545264331825,0.0092241473480675,0.1008260588117315,0.0386921915788566,0.0621338672328748,0.0356790072904712,0.75,32,2,"envelope,onset",data/processed/env_onset/sub-035_mtrf_env_onset.npz,-0.5,0.0,0.05,hamming,1,,l2,1,True,mean,"1.0,1.0",results_env_onset\sub-035\sub-035_backward_mtrf_env_onset.summary.json,results_env_onset\sub-035\sub-035_backward_mtrf_env_onset.trial_results.csv
sub-035,,,3,1,0.0822108723945955,0.0928739666212188,0.0192316917124006,0.0736422749088181,0.1130262394856142,0.0222467696052412,0.090779469880373,0.0822108723945955,0.75,32,2,"envelope,onset",data/processed/env_onset/sub-035_mtrf_env_onset.npz,-0.5,0.0,0.05,hamming,1,,l2,1,True,mean,"1.0,1.0",results_env_onset\sub-035\sub-035_backward_mtrf_env_onset.summary.json,results_env_onset\sub-035\sub-035_backward_mtrf_env_onset.trial_results.csv
sub-035,,,4,1,0.0757138510762815,0.1017642977510717,-0.0096123074494803,0.111376605200552,0.0913722700873874,0.0513211731353764,0.040051096952011,0.0757138510762815,0.75,32,2,"envelope,onset",data/processed/env_onset/sub-035_mtrf_env_onset.npz,-0.5,0.0,0.05,hamming,1,,l2,1,True,mean,"1.0,1.0",results_env_onset\sub-035\sub-035_backward_mtrf_env_onset.summary.json,results_env_onset\sub-035\sub-035_backward_mtrf_env_onset.trial_results.csv
sub-035,,,5,1,0.0548628544896767,0.1017258848224435,0.0184832407158499,0.0832426441065936,0.1043508207568807,0.0778677558841208,0.0264830648727598,0.0548628544896767,0.75,32,2,"envelope,onset",data/processed/env_onset/sub-035_mtrf_env_onset.npz,-0.5,0.0,0.05,hamming,1,,l2,1,True,mean,"1.0,1.0",results_env_onset\sub-035\sub-035_backward_mtrf_env_onset.summary.json,results_env_onset\sub-035\sub-035_backward_mtrf_env_onset.trial_results.csv
sub-035,,,6,1,0.0918199972762024,0.1101443924219039,0.0163508611910934,0.0937935312308104,0.1654930703745029,0.0756466070529083,0.0898464633215945,0.0918199972762024,0.75,32,2,"envelope,onset",data/processed/env_onset/sub-035_mtrf_env_onset.npz,-0.5,0.0,0.05,hamming,1,,l2,1,True,mean,"1.0,1.0",results_env_onset\sub-035\sub-035_backward_mtrf_env_onset.summary.json,results_env_onset\sub-035\sub-035_backward_mtrf_env_onset.trial_results.csv
sub-035,,,7,1,0.0549067554329347,0.0249766961991358,-0.0050509862253875,0.0300276824245234,0.1019324752930962,0.02214664685175,0.0797858284413461,0.0549067554329347,0.75,32,2,"envelope,onset",data/processed/env_onset/sub-035_mtrf_env_onset.npz,-0.5,0.0,0.05,hamming,1,,l2,1,True,mean,"1.0,1.0",results_env_onset\sub-035\sub-035_backward_mtrf_env_onset.summary.json,results_env_onset\sub-035\sub-035_backward_mtrf_env_onset.trial_results.csv
sub-035,,,8,1,0.0170726739308587,0.0978599430127929,0.0732742164774717,0.0245857265353211,0.1550529122098539,0.1454932908834576,0.0095596213263963,0.0170726739308587,0.75,32,2,"envelope,onset",data/processed/env_onset/sub-035_mtrf_env_onset.npz,-0.5,0.0,0.05,hamming,1,,l2,1,True,mean,"1.0,1.0",results_env_onset\sub-035\sub-035_backward_mtrf_env_onset.summary.json,results_env_onset\sub-035\sub-035_backward_mtrf_env_onset.trial_results.csv
sub-035,,,9,0,-0.0596260562584562,0.0624753102920826,0.0762292166261799,-0.0137539063340973,0.0148783900423009,0.1203765962251161,-0.1054982061828151,-0.0596260562584562,0.75,32,2,"envelope,onset",data/processed/env_onset/sub-035_mtrf_env_onset.npz,-0.5,0.0,0.05,hamming,1,,l2,1,True,mean,"1.0,1.0",results_env_onset\sub-035\sub-035_backward_mtrf_env_onset.summary.json,results_env_onset\sub-035\sub-035_backward_mtrf_env_onset.trial_results.csv
sub-035,,,10,0,-0.0007031358460533,0.0811726146154198,0.0562341359722027,0.0249384786432171,0.0693849893706025,0.0957297397059264,-0.0263447503353238,-0.0007031358460533,0.75,32,2,"envelope,onset",data/processed/env_onset/sub-035_mtrf_env_onset.npz,-0.5,0.0,0.05,hamming,1,,l2,1,True,mean,"1.0,1.0",results_env_onset\sub-035\sub-035_backward_mtrf_env_onset.summary.json,results_env_onset\sub-035\sub-035_backward_mtrf_env_onset.trial_results.csv
sub-035,,,11,1,0.0618119441625141,0.0730915062788477,0.0113955890476509,0.0616959172311967,0.1119822310768946,0.0500542599830631,0.0619279710938315,0.0618119441625141,0.75,32,2,"envelope,onset",data/processed/env_onset/sub-035_mtrf_env_onset.npz,-0.5,0.0,0.05,hamming,1,,l2,1,True,mean,"1.0,1.0",results_env_onset\sub-035\sub-035_backward_mtrf_env_onset.summary.json,results_env_onset\sub-035\sub-035_backward_mtrf_env_onset.trial_results.csv
sub-035,,,12,1,0.0286885208764096,0.1008970066254711,0.0112881457664904,0.0896088608589806,0.0603134630641095,0.0925452821702708,-0.0322318191061613,0.0286885208764096,0.75,32,2,"envelope,onset",data/processed/env_onset/sub-035_mtrf_env_onset.npz,-0.5,0.0,0.05,hamming,1,,l2,1,True,mean,"1.0,1.0",results_env_onset\sub-035\sub-035_backward_mtrf_env_onset.summary.json,results_env_onset\sub-035\sub-035_backward_mtrf_env_onset.trial_results.csv
sub-035,,,13,1,0.1181927945494911,0.1498333767125553,-0.0034636981470862,0.1532970748596415,0.1437493050224036,0.0606607907830629,0.0830885142393406,0.1181927945494911,0.75,32,2,"envelope,onset",data/processed/env_onset/sub-035_mtrf_env_onset.npz,-0.5,0.0,0.05,hamming,1,,l2,1,True,mean,"1.0,1.0",results_env_onset\sub-035\sub-035_backward_mtrf_env_onset.summary.json,results_env_onset\sub-035\sub-035_backward_mtrf_env_onset.trial_results.csv
sub-035,,,14,0,-0.014962530484819,0.0619139089191032,0.0907540005057758,-0.0288400915866725,0.1458075293965804,0.146892498779546,-0.0010849693829656,-0.014962530484819,0.75,32,2,"envelope,onset",data/processed/env_onset/sub-035_mtrf_env_onset.npz,-0.5,0.0,0.05,hamming,1,,l2,1,True,mean,"1.0,1.0",results_env_onset\sub-035\sub-035_backward_mtrf_env_onset.summary.json,results_env_onset\sub-035\sub-035_backward_mtrf_env_onset.trial_results.csv
sub-035,,,15,1,0.0324577774236314,0.1071744893644716,0.0290127908394936,0.078161698524978,0.0815558597021258,0.0948020033798408,-0.013246143677715,0.0324577774236314,0.75,32,2,"envelope,onset",data/processed/env_onset/sub-035_mtrf_env_onset.npz,-0.5,0.0,0.05,hamming,1,,l2,1,True,mean,"1.0,1.0",results_env_onset\sub-035\sub-035_backward_mtrf_env_onset.summary.json,results_env_onset\sub-035\sub-035_backward_mtrf_env_onset.trial_results.csv
sub-035,,,16,0,-0.0009201001330891,0.0426688411911647,0.023823954087503,0.0188448871036617,0.0861472348837089,0.1068323222535488,-0.0206850873698399,-0.0009201001330891,0.75,32,2,"envelope,onset",data/processed/env_onset/sub-035_mtrf_env_onset.npz,-0.5,0.0,0.05,hamming,1,,l2,1,True,mean,"1.0,1.0",results_env_onset\sub-035\sub-035_backward_mtrf_env_onset.summary.json,results_env_onset\sub-035\sub-035_backward_mtrf_env_onset.trial_results.csv
sub-035,,,17,1,0.0510095854559786,0.0751384697800342,0.0387663864673528,0.0363720833126813,0.1222219663699185,0.0565748787706424,0.065647087599276,0.0510095854559786,0.75,32,2,"envelope,onset",data/processed/env_onset/sub-035_mtrf_env_onset.npz,-0.5,0.0,0.05,hamming,1,,l2,1,True,mean,"1.0,1.0",results_env_onset\sub-035\sub-035_backward_mtrf_env_onset.summary.json,results_env_onset\sub-035\sub-035_backward_mtrf_env_onset.trial_results.csv
sub-035,,,18,1,0.0859807074789989,0.1895917812761784,0.0593954303899825,0.1301963508861959,0.1023724444163231,0.0606073803445213,0.0417650640718018,0.0859807074789989,0.75,32,2,"envelope,onset",data/processed/env_onset/sub-035_mtrf_env_onset.npz,-0.5,0.0,0.05,hamming,1,,l2,1,True,mean,"1.0,1.0",results_env_onset\sub-035\sub-035_backward_mtrf_env_onset.summary.json,results_env_onset\sub-035\sub-035_backward_mtrf_env_onset.trial_results.csv
sub-035,,,19,1,0.0410346145894282,0.0553431450909106,0.0075028065636519,0.0478403385272586,0.1184448049208777,0.0842159142692798,0.0342288906515979,0.0410346145894282,0.75,32,2,"envelope,onset",data/processed/env_onset/sub-035_mtrf_env_onset.npz,-0.5,0.0,0.05,hamming,1,,l2,1,True,mean,"1.0,1.0",results_env_onset\sub-035\sub-035_backward_mtrf_env_onset.summary.json,results_env_onset\sub-035\sub-035_backward_mtrf_env_onset.trial_results.csv
sub-035,,,20,1,0.0687660123812418,0.0545248607706063,-0.0059157868009681,0.0604406475715744,0.0782911771173266,0.0011997999264172,0.0770913771909093,0.0687660123812418,0.75,32,2,"envelope,onset",data/processed/env_onset/sub-035_mtrf_env_onset.npz,-0.5,0.0,0.05,hamming,1,,l2,1,True,mean,"1.0,1.0",results_env_onset\sub-035\sub-035_backward_mtrf_env_onset.summary.json,results_env_onset\sub-035\sub-035_backward_mtrf_env_onset.trial_results.csv
sub-035,,,21,0,-0.0326623298573179,0.027840562007483,0.0569133943810019,-0.0290728323735189,0.0100265400672152,0.0462783674083321,-0.0362518273411169,-0.0326623298573179,0.75,32,2,"envelope,onset",data/processed/env_onset/sub-035_mtrf_env_onset.npz,-0.5,0.0,0.05,hamming,1,,l2,1,True,mean,"1.0,1.0",results_env_onset\sub-035\sub-035_backward_mtrf_env_onset.summary.json,results_env_onset\sub-035\sub-035_backward_mtrf_env_onset.trial_results.csv
sub-035,,,22,1,0.053684990345246,0.0952611797704927,0.0257711186441895,0.0694900611263031,0.1150901848502806,0.0772102652860916,0.0378799195641889,0.053684990345246,0.75,32,2,"envelope,onset",data/processed/env_onset/sub-035_mtrf_env_onset.npz,-0.5,0.0,0.05,hamming,1,,l2,1,True,mean,"1.0,1.0",results_env_onset\sub-035\sub-035_backward_mtrf_env_onset.summary.json,results_env_onset\sub-035\sub-035_backward_mtrf_env_onset.trial_results.csv
sub-035,,,23,1,0.0202515267183358,0.0069498897801719,-0.0098794928215069,0.0168293826016789,0.0781477673255928,0.0544740964906,0.0236736708349928,0.0202515267183358,0.75,32,2,"envelope,onset",data/processed/env_onset/sub-035_mtrf_env_onset.npz,-0.5,0.0,0.05,hamming,1,,l2,1,True,mean,"1.0,1.0",results_env_onset\sub-035\sub-035_backward_mtrf_env_onset.summary.json,results_env_onset\sub-035\sub-035_backward_mtrf_env_onset.trial_results.csv
sub-035,,,24,1,0.0417682859382056,0.1567247101025382,0.1343434311545402,0.0223812789479979,0.1669431135518699,0.1057878206234565,0.0611552929284134,0.0417682859382056,0.75,32,2,"envelope,onset",data/processed/env_onset/sub-035_mtrf_env_onset.npz,-0.5,0.0,0.05,hamming,1,,l2,1,True,mean,"1.0,1.0",results_env_onset\sub-035\sub-035_backward_mtrf_env_onset.summary.json,results_env_onset\sub-035\sub-035_backward_mtrf_env_onset.trial_results.csv
sub-035,,,25,1,0.0504834224296053,0.056285753328302,0.0143408318851754,0.0419449214431266,0.1257920532759444,0.0667701298598603,0.0590219234160841,0.0504834224296053,0.75,32,2,"envelope,onset",data/processed/env_onset/sub-035_mtrf_env_onset.npz,-0.5,0.0,0.05,hamming,1,,l2,1,True,mean,"1.0,1.0",results_env_onset\sub-035\sub-035_backward_mtrf_env_onset.summary.json,results_env_onset\sub-035\sub-035_backward_mtrf_env_onset.trial_results.csv
sub-035,,,26,1,0.06913948270565,0.1124995015945922,0.0145686822670888,0.0979308193275034,0.1543869870615687,0.1140388409777722,0.0403481460837965,0.06913948270565,0.75,32,2,"envelope,onset",data/processed/env_onset/sub-035_mtrf_env_onset.npz,-0.5,0.0,0.05,hamming,1,,l2,1,True,mean,"1.0,1.0",results_env_onset\sub-035\sub-035_backward_mtrf_env_onset.summary.json,results_env_onset\sub-035\sub-035_backward_mtrf_env_onset.trial_results.csv
sub-035,,,27,0,-0.0362422757753636,-0.0088635613351969,0.016903116996874,-0.025766678332071,0.0356673631192914,0.0823852363379477,-0.0467178732186562,-0.0362422757753636,0.75,32,2,"envelope,onset",data/processed/env_onset/sub-035_mtrf_env_onset.npz,-0.5,0.0,0.05,hamming,1,,l2,1,True,mean,"1.0,1.0",results_env_onset\sub-035\sub-035_backward_mtrf_env_onset.summary.json,results_env_onset\sub-035\sub-035_backward_mtrf_env_onset.trial_results.csv
sub-035,,,28,1,0.084120625559976,0.0861784549069667,-0.0062331976064386,0.0924116525134053,0.1539810899883124,0.0781514913817656,0.0758295986065468,0.084120625559976,0.75,32,2,"envelope,onset",data/processed/env_onset/sub-035_mtrf_env_onset.npz,-0.5,0.0,0.05,hamming,1,,l2,1,True,mean,"1.0,1.0",results_env_onset\sub-035\sub-035_backward_mtrf_env_onset.summary.json,results_env_onset\sub-035\sub-035_backward_mtrf_env_onset.trial_results.csv
sub-035,,,29,0,-0.0134185410609033,0.0387214988432398,0.0166774381426697,0.0220440607005701,-0.011691271884145,0.0371898709382316,-0.0488811428223767,-0.0134185410609033,0.75,32,2,"envelope,onset",data/processed/env_onset/sub-035_mtrf_env_onset.npz,-0.5,0.0,0.05,hamming,1,,l2,1,True,mean,"1.0,1.0",results_env_onset\sub-035\sub-035_backward_mtrf_env_onset.summary.json,results_env_onset\sub-035\sub-035_backward_mtrf_env_onset.trial_results.csv
sub-035,,,30,0,-0.0325552649351159,0.1184188207168437,0.0855364148818297,0.032882405835014,0.0383975147553808,0.1363904504606267,-0.0979929357052458,-0.0325552649351159,0.75,32,2,"envelope,onset",data/processed/env_onset/sub-035_mtrf_env_onset.npz,-0.5,0.0,0.05,hamming,1,,l2,1,True,mean,"1.0,1.0",results_env_onset\sub-035\sub-035_backward_mtrf_env_onset.summary.json,results_env_onset\sub-035\sub-035_backward_mtrf_env_onset.trial_results.csv
sub-035,,,31,1,0.1427496448396178,0.1603630486672334,0.0010909299617674,0.1592721187054659,0.148993609388516,0.0227664384147463,0.1262271709737697,0.1427496448396178,0.75,32,2,"envelope,onset",data/processed/env_onset/sub-035_mtrf_env_onset.npz,-0.5,0.0,0.05,hamming,1,,l2,1,True,mean,"1.0,1.0",results_env_onset\sub-035\sub-035_backward_mtrf_env_onset.summary.json,results_env_onset\sub-035\sub-035_backward_mtrf_env_onset.trial_results.csv
sub-036,,,0,1,0.0034417617845347,0.0040048763496077,-0.0338749559569292,0.037879832306537,-0.0271902664377782,0.0038060422996892,-0.0309963087374675,0.0034417617845347,0.65625,32,2,"envelope,onset",data/processed/env_onset/sub-036_mtrf_env_onset.npz,-0.5,0.0,0.05,hamming,1,,l2,1,True,mean,"1.0,1.0",results_env_onset\sub-036\sub-036_backward_mtrf_env_onset.summary.json,results_env_onset\sub-036\sub-036_backward_mtrf_env_onset.trial_results.csv
sub-036,,,1,1,0.1313117442509691,0.1379384312125352,-0.0032571891799262,0.1411956203924614,0.0783247452950472,-0.0431031228144296,0.1214278681094768,0.1313117442509691,0.65625,32,2,"envelope,onset",data/processed/env_onset/sub-036_mtrf_env_onset.npz,-0.5,0.0,0.05,hamming,1,,l2,1,True,mean,"1.0,1.0",results_env_onset\sub-036\sub-036_backward_mtrf_env_onset.summary.json,results_env_onset\sub-036\sub-036_backward_mtrf_env_onset.trial_results.csv
sub-036,,,2,1,0.0955762877853501,0.1030548626426919,-0.02291629919695,0.125971161839642,0.0832142201042685,0.0180328063732103,0.0651814137310582,0.0955762877853501,0.65625,32,2,"envelope,onset",data/processed/env_onset/sub-036_mtrf_env_onset.npz,-0.5,0.0,0.05,hamming,1,,l2,1,True,mean,"1.0,1.0",results_env_onset\sub-036\sub-036_backward_mtrf_env_onset.summary.json,results_env_onset\sub-036\sub-036_backward_mtrf_env_onset.trial_results.csv
sub-036,,,3,0,-0.0090553617671463,-0.0428828222063657,-0.0309250886364317,-0.011957733569934,0.0066468045918295,0.0127997945561882,-0.0061529899643586,-0.0090553617671463,0.65625,32,2,"envelope,onset",data/processed/env_onset/sub-036_mtrf_env_onset.npz,-0.5,0.0,0.05,hamming,1,,l2,1,True,mean,"1.0,1.0",results_env_onset\sub-036\sub-036_backward_mtrf_env_onset.summary.json,results_env_onset\sub-036\sub-036_backward_mtrf_env_onset.trial_results.csv
sub-036,,,4,1,0.024284940632365,0.0116780551105484,0.0247921834994708,-0.0131141283889224,0.0363964620271422,-0.0252875476265103,0.0616840096536525,0.024284940632365,0.65625,32,2,"envelope,onset",data/processed/env_onset/sub-036_mtrf_env_onset.npz,-0.5,0.0,0.05,hamming,1,,l2,1,True,mean,"1.0,1.0",results_env_onset\sub-036\sub-036_backward_mtrf_env_onset.summary.json,results_env_onset\sub-036\sub-036_backward_mtrf_env_onset.trial_results.csv
sub-036,,,5,1,0.0436523723948446,0.029519290497934,7.648933513431228e-05,0.0294428011627997,0.0687790731597606,0.0109171295328711,0.0578619436268895,0.0436523723948446,0.65625,32,2,"envelope,onset",data/processed/env_onset/sub-036_mtrf_env_onset.npz,-0.5,0.0,0.05,hamming,1,,l2,1,True,mean,"1.0,1.0",results_env_onset\sub-036\sub-036_backward_mtrf_env_onset.summary.json,results_env_onset\sub-036\sub-036_backward_mtrf_env_onset.trial_results.csv
sub-036,,,6,0,-0.0003311271528214,-0.0161704152049997,-0.0215153233587694,0.0053449081537697,-0.0616050898651852,-0.0555979274057725,-0.0060071624594127,-0.0003311271528214,0.65625,32,2,"envelope,onset",data/processed/env_onset/sub-036_mtrf_env_onset.npz,-0.5,0.0,0.05,hamming,1,,l2,1,True,mean,"1.0,1.0",results_env_onset\sub-036\sub-036_backward_mtrf_env_onset.summary.json,results_env_onset\sub-036\sub-036_backward_mtrf_env_onset.trial_results.csv
sub-036,,,7,0,-0.0198090903604854,0.0833125930871192,0.1005335646478815,-0.0172209715607622,0.0744934974011328,0.0968907065613414,-0.0223972091602085,-0.0198090903604854,0.65625,32,2,"envelope,onset",data/processed/env_onset/sub-036_mtrf_env_onset.npz,-0.5,0.0,0.05,hamming,1,,l2,1,True,mean,"1.0,1.0",results_env_onset\sub-036\sub-036_backward_mtrf_env_onset.summary.json,results_env_onset\sub-036\sub-036_backward_mtrf_env_onset.trial_results.csv
sub-036,,,8,1,0.0138124965200212,0.0404237659671668,0.0168106911156,0.0236130748515668,0.0393390326699489,0.0353271144814732,0.0040119181884756,0.0138124965200212,0.65625,32,2,"envelope,onset",data/processed/env_onset/sub-036_mtrf_env_onset.npz,-0.5,0.0,0.05,hamming,1,,l2,1,True,mean,"1.0,1.0",results_env_onset\sub-036\sub-036_backward_mtrf_env_onset.summary.json,results_env_onset\sub-036\sub-036_backward_mtrf_env_onset.trial_results.csv
sub-036,,,9,1,0.0617609200609697,0.1225887608205667,0.019259633380724,0.1033291274398426,0.0477892232710771,0.0275965105889802,0.0201927126820968,0.0617609200609697,0.65625,32,2,"envelope,onset",data/processed/env_onset/sub-036_mtrf_env_onset.npz,-0.5,0.0,0.05,hamming,1,,l2,1,True,mean,"1.0,1.0",results_env_onset\sub-036\sub-036_backward_mtrf_env_onset.summary.json,results_env_onset\sub-036\sub-036_backward_mtrf_env_onset.trial_results.csv
sub-036,,,10,1,0.0097792511011313,0.037437873571508,-0.0036176392393354,0.0410555128108434,-0.0099230157545647,0.0115739948540159,-0.0214970106085806,0.0097792511011313,0.65625,32,2,"envelope,onset",data/processed/env_onset/sub-036_mtrf_env_onset.npz,-0.5,0.0,0.05,hamming,1,,l2,1,True,mean,"1.0,1.0",results_env_onset\sub-036\sub-036_backward_mtrf_env_onset.summary.json,results_env_onset\sub-036\sub-036_backward_mtrf_env_onset.trial_results.csv
sub-036,,,11,1,0.1174654285837773,0.0333003745994939,-0.0401247052069006,0.0734250798063946,0.1010227708381009,-0.0604830065230592,0.1615057773611601,0.1174654285837773,0.65625,32,2,"envelope,onset",data/processed/env_onset/sub-036_mtrf_env_onset.npz,-0.5,0.0,0.05,hamming,1,,l2,1,True,mean,"1.0,1.0",results_env_onset\sub-036\sub-036_backward_mtrf_env_onset.summary.json,results_env_onset\sub-036\sub-036_backward_mtrf_env_onset.trial_results.csv
sub-036,,,12,1,0.0108598071716113,0.0462539432845991,0.025522241532995,0.020731701751604,0.0104551382798614,0.0094672256882428,0.0009879125916185,0.0108598071716113,0.65625,32,2,"envelope,onset",data/processed/env_onset/sub-036_mtrf_env_onset.npz,-0.5,0.0,0.05,hamming,1,,l2,1,True,mean,"1.0,1.0",results_env_onset\sub-036\sub-036_backward_mtrf_env_onset.summary.json,results_env_onset\sub-036\sub-036_backward_mtrf_env_onset.trial_results.csv
sub-036,,,13,0,-0.0735486412437125,0.0009231501834511,0.0737195017115738,-0.0727963515281227,0.0360544461110805,0.1103553770703829,-0.0743009309593023,-0.0735486412437125,0.65625,32,2,"envelope,onset",data/processed/env_onset/sub-036_mtrf_env_onset.npz,-0.5,0.0,0.05,hamming,1,,l2,1,True,mean,"1.0,1.0",results_env_onset\sub-036\sub-036_backward_mtrf_env_onset.summary.json,results_env_onset\sub-036\sub-036_backward_mtrf_env_onset.trial_results.csv
sub-036,,,14,1,0.0391651841486377,0.0770471682487295,0.0341581040392871,0.0428890642094423,0.0221033206923858,-0.0133379833954472,0.0354413040878331,0.0391651841486377,0.65625,32,2,"envelope,onset",data/processed/env_onset/sub-036_mtrf_env_onset.npz,-0.5,0.0,0.05,hamming,1,,l2,1,True,mean,"1.0,1.0",results_env_onset\sub-036\sub-036_backward_mtrf_env_onset.summary.json,results_env_onset\sub-036\sub-036_backward_mtrf_env_onset.trial_results.csv
sub-036,,,15,0,-0.0375205862059363,0.0170300062795226,0.0678357541144574,-0.0508057478349347,0.069775226249569,0.094010650826507,-0.024235424576938,-0.0375205862059363,0.65625,32,2,"envelope,onset",data/processed/env_onset/sub-036_mtrf_env_onset.npz,-0.5,0.0,0.05,hamming,1,,l2,1,True,mean,"1.0,1.0",results_env_onset\sub-036\sub-036_backward_mtrf_env_onset.summary.json,results_env_onset\sub-036\sub-036_backward_mtrf_env_onset.trial_results.csv
sub-036,,,16,1,0.0722248661214485,0.0992199856066874,-0.0069161867423428,0.1061361723490302,0.0373843947931342,-0.0009291651007326,0.0383135598938669,0.0722248661214485,0.65625,32,2,"envelope,onset",data/processed/env_onset/sub-036_mtrf_env_onset.npz,-0.5,0.0,0.05,hamming,1,,l2,1,True,mean,"1.0,1.0",results_env_onset\sub-036\sub-036_backward_mtrf_env_onset.summary.json,results_env_onset\sub-036\sub-036_backward_mtrf_env_onset.trial_results.csv
sub-036,,,17,1,0.041400923817224,0.0628068860756703,-0.0355962243594248,0.0984031104350951,0.0292297818401515,0.0448310446407985,-0.0156012628006469,0.041400923817224,0.65625,32,2,"envelope,onset",data/processed/env_onset/sub-036_mtrf_env_onset.npz,-0.5,0.0,0.05,hamming,1,,l2,1,True,mean,"1.0,1.0",results_env_onset\sub-036\sub-036_backward_mtrf_env_onset.summary.json,results_env_onset\sub-036\sub-036_backward_mtrf_env_onset.trial_results.csv
sub-036,,,18,0,-0.0384614436911441,-0.0445605043293141,0.0205999322414556,-0.0651604365707698,-0.0217436801318801,-0.0099812293203615,-0.0117624508115185,-0.0384614436911441,0.65625,32,2,"envelope,onset",data/processed/env_onset/sub-036_mtrf_env_onset.npz,-0.5,0.0,0.05,hamming,1,,l2,1,True,mean,"1.0,1.0",results_env_onset\sub-036\sub-036_backward_mtrf_env_onset.summary.json,results_env_onset\sub-036\sub-036_backward_mtrf_env_onset.trial_results.csv
sub-036,,,19,1,0.0617166909256579,0.079853757013641,0.0127571950386727,0.0670965619749683,0.0623858601423218,0.0060490402659743,0.0563368198763475,0.0617166909256579,0.65625,32,2,"envelope,onset",data/processed/env_onset/sub-036_mtrf_env_onset.npz,-0.5,0.0,0.05,hamming,1,,l2,1,True,mean,"1.0,1.0",results_env_onset\sub-036\sub-036_backward_mtrf_env_onset.summary.json,results_env_onset\sub-036\sub-036_backward_mtrf_env_onset.trial_results.csv
sub-036,,,20,1,0.005168861318791,0.0234534757509623,0.0525948986670808,-0.0291414229161184,0.0695978844908062,0.0301187389371057,0.0394791455537005,0.005168861318791,0.65625,32,2,"envelope,onset",data/processed/env_onset/sub-036_mtrf_env_onset.npz,-0.5,0.0,0.05,hamming,1,,l2,1,True,mean,"1.0,1.0",results_env_onset\sub-036\sub-036_backward_mtrf_env_onset.summary.json,results_env_onset\sub-036\sub-036_backward_mtrf_env_onset.trial_results.csv
sub-036,,,21,1,0.0333381095379879,0.0593637063169873,0.0313526460694486,0.0280110602475386,0.0350845880922667,-0.0035805707361705,0.0386651588284372,0.0333381095379879,0.65625,32,2,"envelope,onset",data/processed/env_onset/sub-036_mtrf_env_onset.npz,-0.5,0.0,0.05,hamming,1,,l2,1,True,mean,"1.0,1.0",results_env_onset\sub-036\sub-036_backward_mtrf_env_onset.summary.json,results_env_onset\sub-036\sub-036_backward_mtrf_env_onset.trial_results.csv
sub-036,,,22,1,0.0589633943967446,0.0284867543001496,0.0038273412347569,0.0246594130653927,0.0825512622912535,-0.0107161134368431,0.0932673757280966,0.0589633943967446,0.65625,32,2,"envelope,onset",data/processed/env_onset/sub-036_mtrf_env_onset.npz,-0.5,0.0,0.05,hamming,1,,l2,1,True,mean,"1.0,1.0",results_env_onset\sub-036\sub-036_backward_mtrf_env_onset.summary.json,results_env_onset\sub-036\sub-036_backward_mtrf_env_onset.trial_results.csv
sub-036,,,23,0,-0.0091802526774286,0.0243418821513547,0.0446723469260183,-0.0203304647746636,0.0676739493395813,0.065703989919775,0.0019699594198063,-0.0091802526774286,0.65625,32,2,"envelope,onset",data/processed/env_onset/sub-036_mtrf_env_onset.npz,-0.5,0.0,0.05,hamming,1,,l2,1,True,mean,"1.0,1.0",results_env_onset\sub-036\sub-036_backward_mtrf_env_onset.summary.json,results_env_onset\sub-036\sub-036_backward_mtrf_env_onset.trial_results.csv
sub-036,,,24,1,0.1087341614710899,0.0308657857830578,-0.0275000271761911,0.058365812959249,0.0956202206237756,-0.0634822893591551,0.1591025099829308,0.1087341614710899,0.65625,32,2,"envelope,onset",data/processed/env_onset/sub-036_mtrf_env_onset.npz,-0.5,0.0,0.05,hamming,1,,l2,1,True,mean,"1.0,1.0",results_env_onset\sub-036\sub-036_backward_mtrf_env_onset.summary.json,results_env_onset\sub-036\sub-036_backward_mtrf_env_onset.trial_results.csv
sub-036,,,25,0,-0.0088126262304389,0.049903452105609,0.0362824674363448,0.0136209846692642,0.0296672000927929,0.060913437222935,-0.0312462371301421,-0.0088126262304389,0.65625,32,2,"envelope,onset",data/processed/env_onset/sub-036_mtrf_env_onset.npz,-0.5,0.0,0.05,hamming,1,,l2,1,True,mean,"1.0,1.0",results_env_onset\sub-036\sub-036_backward_mtrf_env_onset.summary.json,results_env_onset\sub-036\sub-036_backward_mtrf_env_onset.trial_results.csv
sub-036,,,26,0,-0.0399828968017372,-0.0030915783517188,0.0557646756776345,-0.0588562540293533,0.0102528031635631,0.0313623427376843,-0.0211095395741211,-0.0399828968017372,0.65625,32,2,"envelope,onset",data/processed/env_onset/sub-036_mtrf_env_onset.npz,-0.5,0.0,0.05,hamming,1,,l2,1,True,mean,"1.0,1.0",results_env_onset\sub-036\sub-036_backward_mtrf_env_onset.summary.json,results_env_onset\sub-036\sub-036_backward_mtrf_env_onset.trial_results.csv
sub-036,,,27,1,0.0003390570399423,-0.041734062149006,-0.0097647358499478,-0.0319693262990581,-0.015108134691171,-0.0477555750701138,0.0326474403789427,0.0003390570399423,0.65625,32,2,"envelope,onset",data/processed/env_onset/sub-036_mtrf_env_onset.npz,-0.5,0.0,0.05,hamming,1,,l2,1,True,mean,"1.0,1.0",results_env_onset\sub-036\sub-036_backward_mtrf_env_onset.summary.json,results_env_onset\sub-036\sub-036_backward_mtrf_env_onset.trial_results.csv
sub-036,,,28,0,-0.0241397481247182,0.0434388495549317,0.0636331731232082,-0.0201943235682765,0.0380314885583194,0.0661166612394794,-0.0280851726811599,-0.0241397481247182,0.65625,32,2,"envelope,onset",data/processed/env_onset/sub-036_mtrf_env_onset.npz,-0.5,0.0,0.05,hamming,1,,l2,1,True,mean,"1.0,1.0",results_env_onset\sub-036\sub-036_backward_mtrf_env_onset.summary.json,results_env_onset\sub-036\sub-036_backward_mtrf_env_onset.trial_results.csv
sub-036,,,29,1,0.070875955255293,0.0793716551257333,-0.0025526783410516,0.0819243334667849,0.0710987477482609,0.0112711707044598,0.059827577043801,0.070875955255293,0.65625,32,2,"envelope,onset",data/processed/env_onset/sub-036_mtrf_env_onset.npz,-0.5,0.0,0.05,hamming,1,,l2,1,True,mean,"1.0,1.0",results_env_onset\sub-036\sub-036_backward_mtrf_env_onset.summary.json,results_env_onset\sub-036\sub-036_backward_mtrf_env_onset.trial_results.csv
sub-036,,,30,1,0.0262896282293325,0.0616055994639897,0.0120994847594629,0.0495061147045268,0.053864946441381,0.0507918046872427,0.0030731417541383,0.0262896282293325,0.65625,32,2,"envelope,onset",data/processed/env_onset/sub-036_mtrf_env_onset.npz,-0.5,0.0,0.05,hamming,1,,l2,1,True,mean,"1.0,1.0",results_env_onset\sub-036\sub-036_backward_mtrf_env_onset.summary.json,results_env_onset\sub-036\sub-036_backward_mtrf_env_onset.trial_results.csv
sub-036,,,31,0,-0.0315699139165193,0.028766966266895,0.0552788842263607,-0.0265119179594656,0.0089517020009893,0.0455796118745623,-0.036627909873573,-0.0315699139165193,0.65625,32,2,"envelope,onset",data/processed/env_onset/sub-036_mtrf_env_onset.npz,-0.5,0.0,0.05,hamming,1,,l2,1,True,mean,"1.0,1.0",results_env_onset\sub-036\sub-036_backward_mtrf_env_onset.summary.json,results_env_onset\sub-036\sub-036_backward_mtrf_env_onset.trial_results.csv
sub-037,,,0,1,0.1093640181080488,0.1560626505312288,0.023170141573013,0.1328925089582158,0.1587804301387039,0.072944902880822,0.0858355272578819,0.1093640181080488,0.96875,32,2,"envelope,onset",data/processed/env_onset/sub-037_mtrf_env_onset.npz,-0.5,0.0,0.05,hamming,1,,l2,1,True,mean,"1.0,1.0",results_env_onset\sub-037\sub-037_backward_mtrf_env_onset.summary.json,results_env_onset\sub-037\sub-037_backward_mtrf_env_onset.trial_results.csv
sub-037,,,1,1,0.1458907988867608,0.2148490674836377,0.0663263751439777,0.14852269233966,0.2197885733170415,0.0765296678831799,0.1432589054338615,0.1458907988867608,0.96875,32,2,"envelope,onset",data/processed/env_onset/sub-037_mtrf_env_onset.npz,-0.5,0.0,0.05,hamming,1,,l2,1,True,mean,"1.0,1.0",results_env_onset\sub-037\sub-037_backward_mtrf_env_onset.summary.json,results_env_onset\sub-037\sub-037_backward_mtrf_env_onset.trial_results.csv
sub-037,,,2,1,0.0786951878477547,0.1263167659999682,0.0264319894060932,0.099884776593875,0.1423621398409831,0.0848565407393486,0.0575055991016344,0.0786951878477547,0.96875,32,2,"envelope,onset",data/processed/env_onset/sub-037_mtrf_env_onset.npz,-0.5,0.0,0.05,hamming,1,,l2,1,True,mean,"1.0,1.0",results_env_onset\sub-037\sub-037_backward_mtrf_env_onset.summary.json,results_env_onset\sub-037\sub-037_backward_mtrf_env_onset.trial_results.csv
sub-037,,,3,1,0.0271172025393151,0.1237069395521426,0.0714637873278356,0.052243152224307,0.1326729253511016,0.1306816724967783,0.0019912528543232,0.0271172025393151,0.96875,32,2,"envelope,onset",data/processed/env_onset/sub-037_mtrf_env_onset.npz,-0.5,0.0,0.05,hamming,1,,l2,1,True,mean,"1.0,1.0",results_env_onset\sub-037\sub-037_backward_mtrf_env_onset.summary.json,results_env_onset\sub-037\sub-037_backward_mtrf_env_onset.trial_results.csv
sub-037,,,4,1,0.0806411708259053,0.1158495138332999,0.0340650230179042,0.0817844908153957,0.1164656488921842,0.0369677980557691,0.079497850836415,0.0806411708259053,0.96875,32,2,"envelope,onset",data/processed/env_onset/sub-037_mtrf_env_onset.npz,-0.5,0.0,0.05,hamming,1,,l2,1,True,mean,"1.0,1.0",results_env_onset\sub-037\sub-037_backward_mtrf_env_onset.summary.json,results_env_onset\sub-037\sub-037_backward_mtrf_env_onset.trial_results.csv
sub-037,,,5,1,0.2080574435444424,0.1958547422544488,-0.0204381228452844,0.2162928650997332,0.2206308276000229,0.0208088056108714,0.1998220219891515,0.2080574435444424,0.96875,32,2,"envelope,onset",data/processed/env_onset/sub-037_mtrf_env_onset.npz,-0.5,0.0,0.05,hamming,1,,l2,1,True,mean,"1.0,1.0",results_env_onset\sub-037\sub-037_backward_mtrf_env_onset.summary.json,results_env_onset\sub-037\sub-037_backward_mtrf_env_onset.trial_results.csv
sub-037,,,6,1,0.0941371251039745,0.1554744214786509,0.0466508702963397,0.1088235511823112,0.1725781309404487,0.0931274319148109,0.0794506990256377,0.0941371251039745,0.96875,32,2,"envelope,onset",data/processed/env_onset/sub-037_mtrf_env_onset.npz,-0.5,0.0,0.05,hamming,1,,l2,1,True,mean,"1.0,1.0",results_env_onset\sub-037\sub-037_backward_mtrf_env_onset.summary.json,results_env_onset\sub-037\sub-037_backward_mtrf_env_onset.trial_results.csv
sub-037,,,7,1,0.0582680448602909,0.0569352501565491,-0.005431333386706,0.0623665835432551,0.1022381438482087,0.048068637670882,0.0541695061773266,0.0582680448602909,0.96875,32,2,"envelope,onset",data/processed/env_onset/sub-037_mtrf_env_onset.npz,-0.5,0.0,0.05,hamming,1,,l2,1,True,mean,"1.0,1.0",results_env_onset\sub-037\sub-037_backward_mtrf_env_onset.summary.json,results_env_onset\sub-037\sub-037_backward_mtrf_env_onset.trial_results.csv
sub-037,,,8,1,0.1215844148483431,0.1442934545653194,0.0234990060662156,0.1207944484991037,0.1515689102640387,0.0291945290664561,0.1223743811975826,0.1215844148483431,0.96875,32,2,"envelope,onset",data/processed/env_onset/sub-037_mtrf_env_onset.npz,-0.5,0.0,0.05,hamming,1,,l2,1,True,mean,"1.0,1.0",results_env_onset\sub-037\sub-037_backward_mtrf_env_onset.summary.json,results_env_onset\sub-037\sub-037_backward_mtrf_env_onset.trial_results.csv
sub-037,,,9,1,0.0180631723630994,0.0899262614395507,0.0845856044326079,0.0053406570069427,0.1297716256919479,0.0989859379726917,0.0307856877192561,0.0180631723630994,0.96875,32,2,"envelope,onset",data/processed/env_onset/sub-037_mtrf_env_onset.npz,-0.5,0.0,0.05,hamming,1,,l2,1,True,mean,"1.0,1.0",results_env_onset\sub-037\sub-037_backward_mtrf_env_onset.summary.json,results_env_onset\sub-037\sub-037_backward_mtrf_env_onset.trial_results.csv
sub-037,,,10,1,0.0006643592444477,0.1241617387077976,0.1232988883728772,0.0008628503349204,0.1603202684211093,0.1598544002671343,0.000465868153975,0.0006643592444477,0.96875,32,2,"envelope,onset",data/processed/env_onset/sub-037_mtrf_env_onset.npz,-0.5,0.0,0.05,hamming,1,,l2,1,True,mean,"1.0,1.0",results_env_onset\sub-037\sub-037_backward_mtrf_env_onset.summary.json,results_env_onset\sub-037\sub-037_backward_mtrf_env_onset.trial_results.csv
sub-037,,,11,1,0.0095718166082974,0.1374323447595099,0.1121045021892576,0.0253278425702522,0.119348411065964,0.1255326204196213,-0.0061842093536573,0.0095718166082974,0.96875,32,2,"envelope,onset",data/processed/env_onset/sub-037_mtrf_env_onset.npz,-0.5,0.0,0.05,hamming,1,,l2,1,True,mean,"1.0,1.0",results_env_onset\sub-037\sub-037_backward_mtrf_env_onset.summary.json,results_env_onset\sub-037\sub-037_backward_mtrf_env_onset.trial_results.csv
sub-037,,,12,1,0.0447175500487569,0.0685805784802574,0.0603132234720489,0.0082673550082085,0.1587970733365285,0.077629328247223,0.0811677450893054,0.0447175500487569,0.96875,32,2,"envelope,onset",data/processed/env_onset/sub-037_mtrf_env_onset.npz,-0.5,0.0,0.05,hamming,1,,l2,1,True,mean,"1.0,1.0",results_env_onset\sub-037\sub-037_backward_mtrf_env_onset.summary.json,results_env_onset\sub-037\sub-037_backward_mtrf_env_onset.trial_results.csv
sub-037,,,13,1,0.0546044562102131,0.1177791520042704,-0.0011372816654837,0.1189164336697542,0.0730582826785555,0.0827658039278834,-0.0097075212493279,0.0546044562102131,0.96875,32,2,"envelope,onset",data/processed/env_onset/sub-037_mtrf_env_onset.npz,-0.5,0.0,0.05,hamming,1,,l2,1,True,mean,"1.0,1.0",results_env_onset\sub-037\sub-037_backward_mtrf_env_onset.summary.json,results_env_onset\sub-037\sub-037_backward_mtrf_env_onset.trial_results.csv
sub-037,,,14,0,-0.04298318297857,0.105234533193585,0.1507819722305996,-0.0455474390370145,0.1106378477616559,0.1510567746817813,-0.0404189269201254,-0.04298318297857,0.96875,32,2,"envelope,onset",data/processed/env_onset/sub-037_mtrf_env_onset.npz,-0.5,0.0,0.05,hamming,1,,l2,1,True,mean,"1.0,1.0",results_env_onset\sub-037\sub-037_backward_mtrf_env_onset.summary.json,results_env_onset\sub-037\sub-037_backward_mtrf_env_onset.trial_results.csv
sub-037,,,15,1,0.0882490031402466,0.1110683119452579,0.0326393588015338,0.078428953143724,0.1391329575812159,0.0410639044444468,0.0980690531367691,0.0882490031402466,0.96875,32,2,"envelope,onset",data/processed/env_onset/sub-037_mtrf_env_onset.npz,-0.5,0.0,0.05,hamming,1,,l2,1,True,mean,"1.0,1.0",results_env_onset\sub-037\sub-037_backward_mtrf_env_onset.summary.json,results_env_onset\sub-037\sub-037_backward_mtrf_env_onset.trial_results.csv
sub-037,,,16,1,0.0915272739552444,0.122958728321728,0.0278167553312869,0.0951419729904411,0.114908703068044,0.0269961281479963,0.0879125749200477,0.0915272739552444,0.96875,32,2,"envelope,onset",data/processed/env_onset/sub-037_mtrf_env_onset.npz,-0.5,0.0,0.05,hamming,1,,l2,1,True,mean,"1.0,1.0",results_env_onset\sub-037\sub-037_backward_mtrf_env_onset.summary.json,results_env_onset\sub-037\sub-037_backward_mtrf_env_onset.trial_results.csv
sub-037,,,17,1,0.1086029175838188,0.1724581265105191,0.0679358175028241,0.104522309007695,0.2065291764286563,0.0938456502687137,0.1126835261599425,0.1086029175838188,0.96875,32,2,"envelope,onset",data/processed/env_onset/sub-037_mtrf_env_onset.npz,-0.5,0.0,0.05,hamming,1,,l2,1,True,mean,"1.0,1.0",results_env_onset\sub-037\sub-037_backward_mtrf_env_onset.summary.json,results_env_onset\sub-037\sub-037_backward_mtrf_env_onset.trial_results.csv
sub-037,,,18,1,0.0786430283149934,0.1262470583386159,0.0482430488916581,0.0780040094469578,0.1680741974819961,0.0887921502989671,0.0792820471830289,0.0786430283149934,0.96875,32,2,"envelope,onset",data/processed/env_onset/sub-037_mtrf_env_onset.npz,-0.5,0.0,0.05,hamming,1,,l2,1,True,mean,"1.0,1.0",results_env_onset\sub-037\sub-037_backward_mtrf_env_onset.summary.json,results_env_onset\sub-037\sub-037_backward_mtrf_env_onset.trial_results.csv
sub-037,,,19,1,0.1293659251159964,0.1126375010403405,-0.0125722111058089,0.1252097121461494,0.1861747882763982,0.0526526501905547,0.1335221380858435,0.1293659251159964,0.96875,32,2,"envelope,onset",data/processed/env_onset/sub-037_mtrf_env_onset.npz,-0.5,0.0,0.05,hamming,1,,l2,1,True,mean,"1.0,1.0",results_env_onset\sub-037\sub-037_backward_mtrf_env_onset.summary.json,results_env_onset\sub-037\sub-037_backward_mtrf_env_onset.trial_results.csv
sub-037,,,20,1,0.134895807087246,0.1417524658809526,-0.0014456491947086,0.1431981150756612,0.17612358845966,0.0495300893608291,0.1265934990988308,0.134895807087246,0.96875,32,2,"envelope,onset",data/processed/env_onset/sub-037_mtrf_env_onset.npz,-0.5,0.0,0.05,hamming,1,,l2,1,True,mean,"1.0,1.0",results_env_onset\sub-037\sub-037_backward_mtrf_env_onset.summary.json,results_env_onset\sub-037\sub-037_backward_mtrf_env_onset.trial_results.csv
sub-037,,,21,1,0.0336093349440335,0.1320143650172339,0.0854790995366251,0.0465352654806087,0.1284154855525651,0.1077320811451066,0.0206834044074584,0.0336093349440335,0.96875,32,2,"envelope,onset",data/processed/env_onset/sub-037_mtrf_env_onset.npz,-0.5,0.0,0.05,hamming,1,,l2,1,True,mean,"1.0,1.0",results_env_onset\sub-037\sub-037_backward_mtrf_env_onset.summary.json,results_env_onset\sub-037\sub-037_backward_mtrf_env_onset.trial_results.csv
sub-037,,,22,1,0.0816745946855148,0.1351309144791669,0.0254025015432279,0.109728412935939,0.1256662880062556,0.0720455115711648,0.0536207764350907,0.0816745946855148,0.96875,32,2,"envelope,onset",data/processed/env_onset/sub-037_mtrf_env_onset.npz,-0.5,0.0,0.05,hamming,1,,l2,1,True,mean,"1.0,1.0",results_env_onset\sub-037\sub-037_backward_mtrf_env_onset.summary.json,results_env_onset\sub-037\sub-037_backward_mtrf_env_onset.trial_results.csv
sub-037,,,23,1,0.0212431313403685,0.0557155097179246,0.0615934665150985,-0.0058779567971739,0.1358587504498148,0.0874945309719038,0.048364219477911,0.0212431313403685,0.96875,32,2,"envelope,onset",data/processed/env_onset/sub-037_mtrf_env_onset.npz,-0.5,0.0,0.05,hamming,1,,l2,1,True,mean,"1.0,1.0",results_env_onset\sub-037\sub-037_backward_mtrf_env_onset.summary.json,results_env_onset\sub-037\sub-037_backward_mtrf_env_onset.trial_results.csv
sub-037,,,24,1,0.1392261657321545,0.1409486500695478,0.013231808113586,0.1277168419559617,0.1487051743570261,-0.0020303151513212,0.1507354895083473,0.1392261657321545,0.96875,32,2,"envelope,onset",data/processed/env_onset/sub-037_mtrf_env_onset.npz,-0.5,0.0,0.05,hamming,1,,l2,1,True,mean,"1.0,1.0",results_env_onset\sub-037\sub-037_backward_mtrf_env_onset.summary.json,results_env_onset\sub-037\sub-037_backward_mtrf_env_onset.trial_results.csv
sub-037,,,25,1,0.1189187977826779,0.1098417707537651,0.0007888326575568,0.1090529380962082,0.089487214281766,-0.0392974431873816,0.1287846574691477,0.1189187977826779,0.96875,32,2,"envelope,onset",data/processed/env_onset/sub-037_mtrf_env_onset.npz,-0.5,0.0,0.05,hamming,1,,l2,1,True,mean,"1.0,1.0",results_env_onset\sub-037\sub-037_backward_mtrf_env_onset.summary.json,results_env_onset\sub-037\sub-037_backward_mtrf_env_onset.trial_results.csv
sub-037,,,26,1,0.1668066629284804,0.2008861459852752,0.0058038030563549,0.1950823429289202,0.170208410926264,0.0316774279982233,0.1385309829280407,0.1668066629284804,0.96875,32,2,"envelope,onset",data/processed/env_onset/sub-037_mtrf_env_onset.npz,-0.5,0.0,0.05,hamming,1,,l2,1,True,mean,"1.0,1.0",results_env_onset\sub-037\sub-037_backward_mtrf_env_onset.summary.json,results_env_onset\sub-037\sub-037_backward_mtrf_env_onset.trial_results.csv
sub-037,,,27,1,0.1376302374719647,0.1691971389254274,0.0246960385894143,0.144501100336013,0.1281474451608817,-0.0026119294470346,0.1307593746079163,0.1376302374719647,0.96875,32,2,"envelope,onset",data/processed/env_onset/sub-037_mtrf_env_onset.npz,-0.5,0.0,0.05,hamming,1,,l2,1,True,mean,"1.0,1.0",results_env_onset\sub-037\sub-037_backward_mtrf_env_onset.summary.json,results_env_onset\sub-037\sub-037_backward_mtrf_env_onset.trial_results.csv
sub-037,,,28,1,0.0773093640120017,0.1600262104106324,0.0529445383345784,0.1070816720760539,0.1130008156516661,0.0654637597037167,0.0475370559479494,0.0773093640120017,0.96875,32,2,"envelope,onset",data/processed/env_onset/sub-037_mtrf_env_onset.npz,-0.5,0.0,0.05,hamming,1,,l2,1,True,mean,"1.0,1.0",results_env_onset\sub-037\sub-037_backward_mtrf_env_onset.summary.json,results_env_onset\sub-037\sub-037_backward_mtrf_env_onset.trial_results.csv
sub-037,,,29,1,0.1984517235470134,0.175369418808687,-0.0527607697886339,0.228130188597321,0.1637941800236725,-0.0049790784730333,0.1687732584967058,0.1984517235470134,0.96875,32,2,"envelope,onset",data/processed/env_onset/sub-037_mtrf_env_onset.npz,-0.5,0.0,0.05,hamming,1,,l2,1,True,mean,"1.0,1.0",results_env_onset\sub-037\sub-037_backward_mtrf_env_onset.summary.json,results_env_onset\sub-037\sub-037_backward_mtrf_env_onset.trial_results.csv
sub-037,,,30,1,0.144414656414881,0.1508118725004986,0.0053659632657573,0.1454459092347413,0.1825210502535023,0.0391376466584815,0.1433834035950208,0.144414656414881,0.96875,32,2,"envelope,onset",data/processed/env_onset/sub-037_mtrf_env_onset.npz,-0.5,0.0,0.05,hamming,1,,l2,1,True,mean,"1.0,1.0",results_env_onset\sub-037\sub-037_backward_mtrf_env_onset.summary.json,results_env_onset\sub-037\sub-037_backward_mtrf_env_onset.trial_results.csv
sub-037,,,31,1,0.1404173627293427,0.1733419303248692,0.0419090614263477,0.1314328688985215,0.190822531296583,0.041420674736419,0.1494018565601639,0.1404173627293427,0.96875,32,2,"envelope,onset",data/processed/env_onset/sub-037_mtrf_env_onset.npz,-0.5,0.0,0.05,hamming,1,,l2,1,True,mean,"1.0,1.0",results_env_onset\sub-037\sub-037_backward_mtrf_env_onset.summary.json,results_env_onset\sub-037\sub-037_backward_mtrf_env_onset.trial_results.csv
sub-038,,,0,1,0.1322237151719736,0.0854028788181395,-0.0548944911321971,0.1402973699503366,0.0610578261139905,-0.0630922342796199,0.1241500603936105,0.1322237151719736,0.78125,32,2,"envelope,onset",data/processed/env_onset/sub-038_mtrf_env_onset.npz,-0.5,0.0,0.05,hamming,1,,l2,1,True,mean,"1.0,1.0",results_env_onset\sub-038\sub-038_backward_mtrf_env_onset.summary.json,results_env_onset\sub-038\sub-038_backward_mtrf_env_onset.trial_results.csv
sub-038,,,1,1,0.0646179376167416,0.0800095150499699,-0.0043043959687254,0.0843139110186953,-0.0088434198831961,-0.0537653840979841,0.0449219642147879,0.0646179376167416,0.78125,32,2,"envelope,onset",data/processed/env_onset/sub-038_mtrf_env_onset.npz,-0.5,0.0,0.05,hamming,1,,l2,1,True,mean,"1.0,1.0",results_env_onset\sub-038\sub-038_backward_mtrf_env_onset.summary.json,results_env_onset\sub-038\sub-038_backward_mtrf_env_onset.trial_results.csv
sub-038,,,2,1,0.0606067937216671,0.0539046485942296,0.0058191245921528,0.0480855240020768,0.0308117524240176,-0.0423163110172399,0.0731280634412575,0.0606067937216671,0.78125,32,2,"envelope,onset",data/processed/env_onset/sub-038_mtrf_env_onset.npz,-0.5,0.0,0.05,hamming,1,,l2,1,True,mean,"1.0,1.0",results_env_onset\sub-038\sub-038_backward_mtrf_env_onset.summary.json,results_env_onset\sub-038\sub-038_backward_mtrf_env_onset.trial_results.csv
sub-038,,,3,0,-0.0977042461710063,-0.0123200133739663,0.1147336676830429,-0.1270536810570093,-0.0139116395100387,0.0544431717749646,-0.0683548112850033,-0.0977042461710063,0.78125,32,2,"envelope,onset",data/processed/env_onset/sub-038_mtrf_env_onset.npz,-0.5,0.0,0.05,hamming,1,,l2,1,True,mean,"1.0,1.0",results_env_onset\sub-038\sub-038_backward_mtrf_env_onset.summary.json,results_env_onset\sub-038\sub-038_backward_mtrf_env_onset.trial_results.csv
sub-038,,,4,1,0.0436987335374831,0.0757675198937697,-0.0049942605969858,0.0807617804907556,0.016446867432964,0.0098111808487532,0.0066356865842107,0.0436987335374831,0.78125,32,2,"envelope,onset",data/processed/env_onset/sub-038_mtrf_env_onset.npz,-0.5,0.0,0.05,hamming,1,,l2,1,True,mean,"1.0,1.0",results_env_onset\sub-038\sub-038_backward_mtrf_env_onset.summary.json,results_env_onset\sub-038\sub-038_backward_mtrf_env_onset.trial_results.csv
sub-038,,,5,1,0.1058992052694745,0.0725076464935656,-0.048697745417751,0.1212053919113166,0.0230376296585547,-0.0675553889690776,0.0905930186276323,0.1058992052694745,0.78125,32,2,"envelope,onset",data/processed/env_onset/sub-038_mtrf_env_onset.npz,-0.5,0.0,0.05,hamming,1,,l2,1,True,mean,"1.0,1.0",results_env_onset\sub-038\sub-038_backward_mtrf_env_onset.summary.json,results_env_onset\sub-038\sub-038_backward_mtrf_env_onset.trial_results.csv
sub-038,,,6,1,0.0721621323204214,0.0479156303439203,0.0077281664387484,0.0401874639051718,0.1337852691056764,0.0296484683700053,0.1041368007356711,0.0721621323204214,0.78125,32,2,"envelope,onset",data/processed/env_onset/sub-038_mtrf_env_onset.npz,-0.5,0.0,0.05,hamming,1,,l2,1,True,mean,"1.0,1.0",results_env_onset\sub-038\sub-038_backward_mtrf_env_onset.summary.json,results_env_onset\sub-038\sub-038_backward_mtrf_env_onset.trial_results.csv
sub-038,,,7,1,0.1644083452812078,0.164872014307516,-0.0509129359239123,0.2157849502314283,0.0621358457761825,-0.0508958945548047,0.1130317403309873,0.1644083452812078,0.78125,32,2,"envelope,onset",data/processed/env_onset/sub-038_mtrf_env_onset.npz,-0.5,0.0,0.05,hamming,1,,l2,1,True,mean,"1.0,1.0",results_env_onset\sub-038\sub-038_backward_mtrf_env_onset.summary.json,results_env_onset\sub-038\sub-038_backward_mtrf_env_onset.trial_results.csv
sub-038,,,8,1,0.1531699090768652,0.1977481424460823,0.0367520215728972,0.1609961208731851,0.1624740003787413,0.0171303030981959,0.1453436972805453,0.1531699090768652,0.78125,32,2,"envelope,onset",data/processed/env_onset/sub-038_mtrf_env_onset.npz,-0.5,0.0,0.05,hamming,1,,l2,1,True,mean,"1.0,1.0",results_env_onset\sub-038\sub-038_backward_mtrf_env_onset.summary.json,results_env_onset\sub-038\sub-038_backward_mtrf_env_onset.trial_results.csv
sub-038,,,9,1,0.0116096921438763,0.0114679146893029,-0.007949178610141,0.019417093299444,0.0204025309859013,0.0166002399975927,0.0038022909883086,0.0116096921438763,0.78125,32,2,"envelope,onset",data/processed/env_onset/sub-038_mtrf_env_onset.npz,-0.5,0.0,0.05,hamming,1,,l2,1,True,mean,"1.0,1.0",results_env_onset\sub-038\sub-038_backward_mtrf_env_onset.summary.json,results_env_onset\sub-038\sub-038_backward_mtrf_env_onset.trial_results.csv
sub-038,,,10,1,0.0967532241031982,0.1293660272819779,0.0252454181872235,0.1041206090947544,0.0985804350633476,0.0091945959517055,0.089385839111642,0.0967532241031982,0.78125,32,2,"envelope,onset",data/processed/env_onset/sub-038_mtrf_env_onset.npz,-0.5,0.0,0.05,hamming,1,,l2,1,True,mean,"1.0,1.0",results_env_onset\sub-038\sub-038_backward_mtrf_env_onset.summary.json,results_env_onset\sub-038\sub-038_backward_mtrf_env_onset.trial_results.csv
sub-038,,,11,1,0.0860127179056171,-0.0067151628421266,-0.0711365065137751,0.0644213436716484,0.0422259590819383,-0.0653781330576473,0.1076040921395857,0.0860127179056171,0.78125,32,2,"envelope,onset",data/processed/env_onset/sub-038_mtrf_env_onset.npz,-0.5,0.0,0.05,hamming,1,,l2,1,True,mean,"1.0,1.0",results_env_onset\sub-038\sub-038_backward_mtrf_env_onset.summary.json,results_env_onset\sub-038\sub-038_backward_mtrf_env_onset.trial_results.csv
sub-038,,,12,1,0.1097952878703773,0.1124914405819631,-0.0211634236194306,0.1336548642013938,0.0926342721379379,0.006698560598577,0.0859357115393609,0.1097952878703773,0.78125,32,2,"envelope,onset",data/processed/env_onset/sub-038_mtrf_env_onset.npz,-0.5,0.0,0.05,hamming,1,,l2,1,True,mean,"1.0,1.0",results_env_onset\sub-038\sub-038_backward_mtrf_env_onset.summary.json,results_env_onset\sub-038\sub-038_backward_mtrf_env_onset.trial_results.csv
sub-038,,,13,1,0.0277195893333561,0.0567153436793628,0.0252692572256929,0.0314460864536698,0.0213175179775474,-0.002675574235495,0.0239930922130424,0.0277195893333561,0.78125,32,2,"envelope,onset",data/processed/env_onset/sub-038_mtrf_env_onset.npz,-0.5,0.0,0.05,hamming,1,,l2,1,True,mean,"1.0,1.0",results_env_onset\sub-038\sub-038_backward_mtrf_env_onset.summary.json,results_env_onset\sub-038\sub-038_backward_mtrf_env_onset.trial_results.csv
sub-038,,,14,1,0.0419294683129955,0.074678696967751,0.0264244830824749,0.0482542138852761,0.0569411624816762,0.0213364397409613,0.0356047227407149,0.0419294683129955,0.78125,32,2,"envelope,onset",data/processed/env_onset/sub-038_mtrf_env_onset.npz,-0.5,0.0,0.05,hamming,1,,l2,1,True,mean,"1.0,1.0",results_env_onset\sub-038\sub-038_backward_mtrf_env_onset.summary.json,results_env_onset\sub-038\sub-038_backward_mtrf_env_onset.trial_results.csv
sub-038,,,15,0,-0.0677174767691037,0.0078042658143056,0.0949399098639086,-0.087135644049603,-0.0024205229956872,0.045878786492917,-0.0482993094886043,-0.0677174767691037,0.78125,32,2,"envelope,onset",data/processed/env_onset/sub-038_mtrf_env_onset.npz,-0.5,0.0,0.05,hamming,1,,l2,1,True,mean,"1.0,1.0",results_env_onset\sub-038\sub-038_backward_mtrf_env_onset.summary.json,results_env_onset\sub-038\sub-038_backward_mtrf_env_onset.trial_results.csv
sub-038,,,16,1,0.0562815467432141,0.0621283405218801,0.0153160653980116,0.0468122751238685,0.0679176902930061,0.0021668719304463,0.0657508183625597,0.0562815467432141,0.78125,32,2,"envelope,onset",data/processed/env_onset/sub-038_mtrf_env_onset.npz,-0.5,0.0,0.05,hamming,1,,l2,1,True,mean,"1.0,1.0",results_env_onset\sub-038\sub-038_backward_mtrf_env_onset.summary.json,results_env_onset\sub-038\sub-038_backward_mtrf_env_onset.trial_results.csv
sub-038,,,17,1,0.0969370524553121,0.0548329900920936,-0.0579156664482486,0.1127486565403422,0.0469861053995115,-0.0341393429707705,0.0811254483702821,0.0969370524553121,0.78125,32,2,"envelope,onset",data/processed/env_onset/sub-038_mtrf_env_onset.npz,-0.5,0.0,0.05,hamming,1,,l2,1,True,mean,"1.0,1.0",results_env_onset\sub-038\sub-038_backward_mtrf_env_onset.summary.json,results_env_onset\sub-038\sub-038_backward_mtrf_env_onset.trial_results.csv
sub-038,,,18,1,0.0973387769378814,0.0518921418804572,-0.0441725369208211,0.0960646788012784,0.0615803829635118,-0.0370324921109726,0.0986128750744844,0.0973387769378814,0.78125,32,2,"envelope,onset",data/processed/env_onset/sub-038_mtrf_env_onset.npz,-0.5,0.0,0.05,hamming,1,,l2,1,True,mean,"1.0,1.0",results_env_onset\sub-038\sub-038_backward_mtrf_env_onset.summary.json,results_env_onset\sub-038\sub-038_backward_mtrf_env_onset.trial_results.csv
sub-038,,,19,1,0.1196789425658498,0.0891521879254904,-0.0293476293995654,0.1184998173250558,0.108359837266153,-0.0124982305404907,0.1208580678066437,0.1196789425658498,0.78125,32,2,"envelope,onset",data/processed/env_onset/sub-038_mtrf_env_onset.npz,-0.5,0.0,0.05,hamming,1,,l2,1,True,mean,"1.0,1.0",results_env_onset\sub-038\sub-038_backward_mtrf_env_onset.summary.json,results_env_onset\sub-038\sub-038_backward_mtrf_env_onset.trial_results.csv
sub-038,,,20,1,0.0307886228351291,0.0043894745111587,0.0055181803413281,-0.0011287058301694,0.0570450684954541,-0.0056608830049735,0.0627059515004276,0.0307886228351291,0.78125,32,2,"envelope,onset",data/processed/env_onset/sub-038_mtrf_env_onset.npz,-0.5,0.0,0.05,hamming,1,,l2,1,True,mean,"1.0,1.0",results_env_onset\sub-038\sub-038_backward_mtrf_env_onset.summary.json,results_env_onset\sub-038\sub-038_backward_mtrf_env_onset.trial_results.csv
sub-038,,,21,0,-0.0017678394347071,0.0156691399355209,0.0010941023019273,0.0145750376335935,0.0480609541175277,0.0661716706205357,-0.0181107165030079,-0.0017678394347071,0.78125,32,2,"envelope,onset",data/processed/env_onset/sub-038_mtrf_env_onset.npz,-0.5,0.0,0.05,hamming,1,,l2,1,True,mean,"1.0,1.0",results_env_onset\sub-038\sub-038_backward_mtrf_env_onset.summary.json,results_env_onset\sub-038\sub-038_backward_mtrf_env_onset.trial_results.csv
sub-038,,,22,0,-0.0302205213310798,0.0401737238286579,0.0448161514689052,-0.0046424276402472,-0.0035182452127965,0.0522803698091158,-0.0557986150219123,-0.0302205213310798,0.78125,32,2,"envelope,onset",data/processed/env_onset/sub-038_mtrf_env_onset.npz,-0.5,0.0,0.05,hamming,1,,l2,1,True,mean,"1.0,1.0",results_env_onset\sub-038\sub-038_backward_mtrf_env_onset.summary.json,results_env_onset\sub-038\sub-038_backward_mtrf_env_onset.trial_results.csv
sub-038,,,23,1,0.0025959585178466,0.0471249678016229,0.0349180375412714,0.0122069302603515,0.0502769500035272,0.0572919632281853,-0.0070150132246581,0.0025959585178466,0.78125,32,2,"envelope,onset",data/processed/env_onset/sub-038_mtrf_env_onset.npz,-0.5,0.0,0.05,hamming,1,,l2,1,True,mean,"1.0,1.0",results_env_onset\sub-038\sub-038_backward_mtrf_env_onset.summary.json,results_env_onset\sub-038\sub-038_backward_mtrf_env_onset.trial_results.csv
sub-038,,,24,1,0.087462983074453,0.0935059160642933,0.0306489631781522,0.0628569528861411,0.0853790885128174,-0.0266899247499475,0.112069013262765,0.087462983074453,0.78125,32,2,"envelope,onset",data/processed/env_onset/sub-038_mtrf_env_onset.npz,-0.5,0.0,0.05,hamming,1,,l2,1,True,mean,"1.0,1.0",results_env_onset\sub-038\sub-038_backward_mtrf_env_onset.summary.json,results_env_onset\sub-038\sub-038_backward_mtrf_env_onset.trial_results.csv
sub-038,,,25,1,0.0849320996895503,0.0927057702112421,-0.0131571668823077,0.1058629370935498,0.0747533556528164,0.0107520933672656,0.0640012622855507,0.0849320996895503,0.78125,32,2,"envelope,onset",data/processed/env_onset/sub-038_mtrf_env_onset.npz,-0.5,0.0,0.05,hamming,1,,l2,1,True,mean,"1.0,1.0",results_env_onset\sub-038\sub-038_backward_mtrf_env_onset.summary.json,results_env_onset\sub-038\sub-038_backward_mtrf_env_onset.trial_results.csv
sub-038,,,26,0,-0.0102167851583468,0.0453633793770895,0.0207611505956392,0.0246022287814503,0.0232388265844778,0.0682746256826219,-0.045035799098144,-0.0102167851583468,0.78125,32,2,"envelope,onset",data/processed/env_onset/sub-038_mtrf_env_onset.npz,-0.5,0.0,0.05,hamming,1,,l2,1,True,mean,"1.0,1.0",results_env_onset\sub-038\sub-038_backward_mtrf_env_onset.summary.json,results_env_onset\sub-038\sub-038_backward_mtrf_env_onset.trial_results.csv
sub-038,,,27,1,0.0262362425139298,0.0473584777606342,0.0065820456290577,0.0407764321315764,0.025737338015813,0.0140412851195297,0.0116960528962832,0.0262362425139298,0.78125,32,2,"envelope,onset",data/processed/env_onset/sub-038_mtrf_env_onset.npz,-0.5,0.0,0.05,hamming,1,,l2,1,True,mean,"1.0,1.0",results_env_onset\sub-038\sub-038_backward_mtrf_env_onset.summary.json,results_env_onset\sub-038\sub-038_backward_mtrf_env_onset.trial_results.csv
sub-038,,,28,1,0.0323981658370014,0.0841273806973054,0.0636260076147005,0.0205013730826048,0.0656808779780321,0.0213859193866341,0.0442949585913979,0.0323981658370014,0.78125,32,2,"envelope,onset",data/processed/env_onset/sub-038_mtrf_env_onset.npz,-0.5,0.0,0.05,hamming,1,,l2,1,True,mean,"1.0,1.0",results_env_onset\sub-038\sub-038_backward_mtrf_env_onset.summary.json,results_env_onset\sub-038\sub-038_backward_mtrf_env_onset.trial_results.csv
sub-038,,,29,0,-0.0217920467931663,0.1103471750394334,0.1031259153484435,0.0072212596909898,0.0480941723862632,0.0988995256635859,-0.0508053532773226,-0.0217920467931663,0.78125,32,2,"envelope,onset",data/processed/env_onset/sub-038_mtrf_env_onset.npz,-0.5,0.0,0.05,hamming,1,,l2,1,True,mean,"1.0,1.0",results_env_onset\sub-038\sub-038_backward_mtrf_env_onset.summary.json,results_env_onset\sub-038\sub-038_backward_mtrf_env_onset.trial_results.csv
sub-038,,,30,0,-0.0023276930189497,0.0139241264425339,0.0078375927950914,0.0060865336474425,0.016174666752824,0.0269165864381661,-0.010741919685342,-0.0023276930189497,0.78125,32,2,"envelope,onset",data/processed/env_onset/sub-038_mtrf_env_onset.npz,-0.5,0.0,0.05,hamming,1,,l2,1,True,mean,"1.0,1.0",results_env_onset\sub-038\sub-038_backward_mtrf_env_onset.summary.json,results_env_onset\sub-038\sub-038_backward_mtrf_env_onset.trial_results.csv
sub-038,,,31,1,0.1861531644967908,0.1188693650851021,-0.0509350042304489,0.1698043693155511,0.1431431232289682,-0.0593588364490623,0.2025019596780305,0.1861531644967908,0.78125,32,2,"envelope,onset",data/processed/env_onset/sub-038_mtrf_env_onset.npz,-0.5,0.0,0.05,hamming,1,,l2,1,True,mean,"1.0,1.0",results_env_onset\sub-038\sub-038_backward_mtrf_env_onset.summary.json,results_env_onset\sub-038\sub-038_backward_mtrf_env_onset.trial_results.csv
sub-039,,,0,1,0.0789796261036679,0.0976491214161054,0.0005558755479594,0.097093245868146,0.1063682183589058,0.045502212019716,0.0608660063391898,0.0789796261036679,0.96875,32,2,"envelope,onset",data/processed/env_onset/sub-039_mtrf_env_onset.npz,-0.5,0.0,0.05,hamming,1,,l2,1,True,mean,"1.0,1.0",results_env_onset\sub-039\sub-039_backward_mtrf_env_onset.summary.json,results_env_onset\sub-039\sub-039_backward_mtrf_env_onset.trial_results.csv
sub-039,,,1,0,-0.0057638541622964,0.0275933385837391,0.022991916309929,0.00460142227381,0.0421542677397355,0.0582833983381384,-0.0161291305984029,-0.0057638541622964,0.96875,32,2,"envelope,onset",data/processed/env_onset/sub-039_mtrf_env_onset.npz,-0.5,0.0,0.05,hamming,1,,l2,1,True,mean,"1.0,1.0",results_env_onset\sub-039\sub-039_backward_mtrf_env_onset.summary.json,results_env_onset\sub-039\sub-039_backward_mtrf_env_onset.trial_results.csv
sub-039,,,2,1,0.0253197067008317,0.0615576701537444,0.041502340850983,0.0200553293027614,0.0772594969583001,0.0466754128593981,0.0305840840989019,0.0253197067008317,0.96875,32,2,"envelope,onset",data/processed/env_onset/sub-039_mtrf_env_onset.npz,-0.5,0.0,0.05,hamming,1,,l2,1,True,mean,"1.0,1.0",results_env_onset\sub-039\sub-039_backward_mtrf_env_onset.summary.json,results_env_onset\sub-039\sub-039_backward_mtrf_env_onset.trial_results.csv
sub-039,,,3,1,0.1598588277286114,0.0935756939774511,-0.0927799081199976,0.1863556020974487,0.1066636057342653,-0.0266984476255088,0.1333620533597741,0.1598588277286114,0.96875,32,2,"envelope,onset",data/processed/env_onset/sub-039_mtrf_env_onset.npz,-0.5,0.0,0.05,hamming,1,,l2,1,True,mean,"1.0,1.0",results_env_onset\sub-039\sub-039_backward_mtrf_env_onset.summary.json,results_env_onset\sub-039\sub-039_backward_mtrf_env_onset.trial_results.csv
sub-039,,,4,1,0.0577648572036518,0.0594612821035127,-0.0142105097286895,0.0736717918322023,0.0740385851429751,0.0321806625678737,0.0418579225751013,0.0577648572036518,0.96875,32,2,"envelope,onset",data/processed/env_onset/sub-039_mtrf_env_onset.npz,-0.5,0.0,0.05,hamming,1,,l2,1,True,mean,"1.0,1.0",results_env_onset\sub-039\sub-039_backward_mtrf_env_onset.summary.json,results_env_onset\sub-039\sub-039_backward_mtrf_env_onset.trial_results.csv
sub-039,,,5,1,0.0769463432437809,0.0604926674877056,-0.0115141941129277,0.0720068616006333,0.0715191106977901,-0.0103667141891384,0.0818858248869285,0.0769463432437809,0.96875,32,2,"envelope,onset",data/processed/env_onset/sub-039_mtrf_env_onset.npz,-0.5,0.0,0.05,hamming,1,,l2,1,True,mean,"1.0,1.0",results_env_onset\sub-039\sub-039_backward_mtrf_env_onset.summary.json,results_env_onset\sub-039\sub-039_backward_mtrf_env_onset.trial_results.csv
sub-039,,,6,1,0.0938832058815977,0.1440715513544868,0.029500635734842,0.1145709156196447,0.1255100505289571,0.0523145543854063,0.0731954961435508,0.0938832058815977,0.96875,32,2,"envelope,onset",data/processed/env_onset/sub-039_mtrf_env_onset.npz,-0.5,0.0,0.05,hamming,1,,l2,1,True,mean,"1.0,1.0",results_env_onset\sub-039\sub-039_backward_mtrf_env_onset.summary.json,results_env_onset\sub-039\sub-039_backward_mtrf_env_onset.trial_results.csv
sub-039,,,7,1,0.1580734589307912,0.0678662790148536,-0.1094762225213285,0.1773425015361821,0.1364484600998644,-0.0023559562255358,0.1388044163254002,0.1580734589307912,0.96875,32,2,"envelope,onset",data/processed/env_onset/sub-039_mtrf_env_onset.npz,-0.5,0.0,0.05,hamming,1,,l2,1,True,mean,"1.0,1.0",results_env_onset\sub-039\sub-039_backward_mtrf_env_onset.summary.json,results_env_onset\sub-039\sub-039_backward_mtrf_env_onset.trial_results.csv
sub-039,,,8,1,0.1293377469939686,0.1669203624083802,0.0081903653118515,0.1587299970965286,0.1589123453255612,0.0589668484341525,0.0999454968914086,0.1293377469939686,0.96875,32,2,"envelope,onset",data/processed/env_onset/sub-039_mtrf_env_onset.npz,-0.5,0.0,0.05,hamming,1,,l2,1,True,mean,"1.0,1.0",results_env_onset\sub-039\sub-039_backward_mtrf_env_onset.summary.json,results_env_onset\sub-039\sub-039_backward_mtrf_env_onset.trial_results.csv
sub-039,,,9,1,0.2398155216318599,0.2318482756497681,-0.0711533064568709,0.3030015821066391,0.1878273937714087,0.011197932614328,0.1766294611570807,0.2398155216318599,0.96875,32,2,"envelope,onset",data/processed/env_onset/sub-039_mtrf_env_onset.npz,-0.5,0.0,0.05,hamming,1,,l2,1,True,mean,"1.0,1.0",results_env_onset\sub-039\sub-039_backward_mtrf_env_onset.summary.json,results_env_onset\sub-039\sub-039_backward_mtrf_env_onset.trial_results.csv
sub-039,,,10,1,0.0460905141400907,0.0649175547092561,0.0228406373056837,0.0420769174035723,0.0614214689510134,0.0113173580744044,0.050104110876609,0.0460905141400907,0.96875,32,2,"envelope,onset",data/processed/env_onset/sub-039_mtrf_env_onset.npz,-0.5,0.0,0.05,hamming,1,,l2,1,True,mean,"1.0,1.0",results_env_onset\sub-039\sub-039_backward_mtrf_env_onset.summary.json,results_env_onset\sub-039\sub-039_backward_mtrf_env_onset.trial_results.csv
sub-039,,,11,1,0.0720419863460281,0.1248598202953112,0.0361257071950791,0.0887341131002321,0.1327848434882179,0.0774349838963937,0.0553498595918241,0.0720419863460281,0.96875,32,2,"envelope,onset",data/processed/env_onset/sub-039_mtrf_env_onset.npz,-0.5,0.0,0.05,hamming,1,,l2,1,True,mean,"1.0,1.0",results_env_onset\sub-039\sub-039_backward_mtrf_env_onset.summary.json,results_env_onset\sub-039\sub-039_backward_mtrf_env_onset.trial_results.csv
sub-039,,,12,1,0.0144536842135059,0.0308114603063502,0.034695651625451,-0.0038841913191007,0.0903886872438158,0.057597127497703,0.0327915597461127,0.0144536842135059,0.96875,32,2,"envelope,onset",data/processed/env_onset/sub-039_mtrf_env_onset.npz,-0.5,0.0,0.05,hamming,1,,l2,1,True,mean,"1.0,1.0",results_env_onset\sub-039\sub-039_backward_mtrf_env_onset.summary.json,results_env_onset\sub-039\sub-039_backward_mtrf_env_onset.trial_results.csv
sub-039,,,13,1,0.1480875376979881,0.157667081970427,-0.0356562134576078,0.1933232954280348,0.0533782473593089,-0.0494735326086325,0.1028517799679414,0.1480875376979881,0.96875,32,2,"envelope,onset",data/processed/env_onset/sub-039_mtrf_env_onset.npz,-0.5,0.0,0.05,hamming,1,,l2,1,True,mean,"1.0,1.0",results_env_onset\sub-039\sub-039_backward_mtrf_env_onset.summary.json,results_env_onset\sub-039\sub-039_backward_mtrf_env_onset.trial_results.csv
sub-039,,,14,1,0.0951597291351356,0.1340245139335407,0.0045750774638034,0.1294494364697373,0.1106762656156227,0.0498062438150888,0.0608700218005338,0.0951597291351356,0.96875,32,2,"envelope,onset",data/processed/env_onset/sub-039_mtrf_env_onset.npz,-0.5,0.0,0.05,hamming,1,,l2,1,True,mean,"1.0,1.0",results_env_onset\sub-039\sub-039_backward_mtrf_env_onset.summary.json,results_env_onset\sub-039\sub-039_backward_mtrf_env_onset.trial_results.csv
sub-039,,,15,1,0.0483310130417024,0.0634723956109312,0.0086046877982865,0.0548677078126446,0.1085246533147577,0.0667303350439974,0.0417943182707602,0.0483310130417024,0.96875,32,2,"envelope,onset",data/processed/env_onset/sub-039_mtrf_env_onset.npz,-0.5,0.0,0.05,hamming,1,,l2,1,True,mean,"1.0,1.0",results_env_onset\sub-039\sub-039_backward_mtrf_env_onset.summary.json,results_env_onset\sub-039\sub-039_backward_mtrf_env_onset.trial_results.csv
sub-039,,,16,1,0.2352699932216272,0.1069687074241683,-0.1278372141959984,0.2348059216201667,0.1440547651364279,-0.0916792996866597,0.2357340648230876,0.2352699932216272,0.96875,32,2,"envelope,onset",data/processed/env_onset/sub-039_mtrf_env_onset.npz,-0.5,0.0,0.05,hamming,1,,l2,1,True,mean,"1.0,1.0",results_env_onset\sub-039\sub-039_backward_mtrf_env_onset.summary.json,results_env_onset\sub-039\sub-039_backward_mtrf_env_onset.trial_results.csv
sub-039,,,17,1,0.0887587457067536,0.1330808655642802,0.0214055864679961,0.1116752790962841,0.1315164044993234,0.0656741921821003,0.0658422123172231,0.0887587457067536,0.96875,32,2,"envelope,onset",data/processed/env_onset/sub-039_mtrf_env_onset.npz,-0.5,0.0,0.05,hamming,1,,l2,1,True,mean,"1.0,1.0",results_env_onset\sub-039\sub-039_backward_mtrf_env_onset.summary.json,results_env_onset\sub-039\sub-039_backward_mtrf_env_onset.trial_results.csv
sub-039,,,18,1,0.1045868432651548,0.1164204350002084,0.0416708514119062,0.0747495835883022,0.2070161407805643,0.0725920378385568,0.1344241029420074,0.1045868432651548,0.96875,32,2,"envelope,onset",data/processed/env_onset/sub-039_mtrf_env_onset.npz,-0.5,0.0,0.05,hamming,1,,l2,1,True,mean,"1.0,1.0",results_env_onset\sub-039\sub-039_backward_mtrf_env_onset.summary.json,results_env_onset\sub-039\sub-039_backward_mtrf_env_onset.trial_results.csv
sub-039,,,19,1,0.0764996016031156,0.1128627212820052,0.0136708422496938,0.0991918790323113,0.0929903704820683,0.0391830463081483,0.0538073241739199,0.0764996016031156,0.96875,32,2,"envelope,onset",data/processed/env_onset/sub-039_mtrf_env_onset.npz,-0.5,0.0,0.05,hamming,1,,l2,1,True,mean,"1.0,1.0",results_env_onset\sub-039\sub-039_backward_mtrf_env_onset.summary.json,results_env_onset\sub-039\sub-039_backward_mtrf_env_onset.trial_results.csv
sub-039,,,20,1,0.0474237363592137,0.0493603602399952,0.0633176004833401,-0.0139572402433448,0.1525215234677165,0.0437168105059442,0.1088047129617722,0.0474237363592137,0.96875,32,2,"envelope,onset",data/processed/env_onset/sub-039_mtrf_env_onset.npz,-0.5,0.0,0.05,hamming,1,,l2,1,True,mean,"1.0,1.0",results_env_onset\sub-039\sub-039_backward_mtrf_env_onset.summary.json,results_env_onset\sub-039\sub-039_backward_mtrf_env_onset.trial_results.csv
sub-039,,,21,1,0.1688574544466465,0.0247306657396831,-0.167636699978973,0.1923673657186561,0.0772073696796298,-0.068140173495007,0.1453475431746368,0.1688574544466465,0.96875,32,2,"envelope,onset",data/processed/env_onset/sub-039_mtrf_env_onset.npz,-0.5,0.0,0.05,hamming,1,,l2,1,True,mean,"1.0,1.0",results_env_onset\sub-039\sub-039_backward_mtrf_env_onset.summary.json,results_env_onset\sub-039\sub-039_backward_mtrf_env_onset.trial_results.csv
sub-039,,,22,1,0.0337948370303437,0.1246010393589094,0.0707909488597812,0.0538100904991282,0.1058577095121685,0.0920781259506092,0.0137795835615593,0.0337948370303437,0.96875,32,2,"envelope,onset",data/processed/env_onset/sub-039_mtrf_env_onset.npz,-0.5,0.0,0.05,hamming,1,,l2,1,True,mean,"1.0,1.0",results_env_onset\sub-039\sub-039_backward_mtrf_env_onset.summary.json,results_env_onset\sub-039\sub-039_backward_mtrf_env_onset.trial_results.csv
sub-039,,,23,1,0.176287156239113,0.1532964531908416,-0.0542862068567194,0.2075826600475611,0.130284310266603,-0.0147073421640619,0.144991652430665,0.176287156239113,0.96875,32,2,"envelope,onset",data/processed/env_onset/sub-039_mtrf_env_onset.npz,-0.5,0.0,0.05,hamming,1,,l2,1,True,mean,"1.0,1.0",results_env_onset\sub-039\sub-039_backward_mtrf_env_onset.summary.json,results_env_onset\sub-039\sub-039_backward_mtrf_env_onset.trial_results.csv
sub-039,,,24,1,0.0575861532810186,0.0827915391691155,0.0100962405240764,0.0726952986450391,0.0742770212651347,0.0318000133481365,0.0424770079169982,0.0575861532810186,0.96875,32,2,"envelope,onset",data/processed/env_onset/sub-039_mtrf_env_onset.npz,-0.5,0.0,0.05,hamming,1,,l2,1,True,mean,"1.0,1.0",results_env_onset\sub-039\sub-039_backward_mtrf_env_onset.summary.json,results_env_onset\sub-039\sub-039_backward_mtrf_env_onset.trial_results.csv
sub-039,,,25,1,0.1412506334194579,0.1289818827305979,-0.0407119000806596,0.1696937828112576,0.1208269605747108,0.0080194765470524,0.1128074840276583,0.1412506334194579,0.96875,32,2,"envelope,onset",data/processed/env_onset/sub-039_mtrf_env_onset.npz,-0.5,0.0,0.05,hamming,1,,l2,1,True,mean,"1.0,1.0",results_env_onset\sub-039\sub-039_backward_mtrf_env_onset.summary.json,results_env_onset\sub-039\sub-039_backward_mtrf_env_onset.trial_results.csv
sub-039,,,26,1,0.0872599985950733,0.1418298160764402,0.005896133200055,0.1359336828763852,0.0732870283131854,0.034700713999424,0.0385863143137614,0.0872599985950733,0.96875,32,2,"envelope,onset",data/processed/env_onset/sub-039_mtrf_env_onset.npz,-0.5,0.0,0.05,hamming,1,,l2,1,True,mean,"1.0,1.0",results_env_onset\sub-039\sub-039_backward_mtrf_env_onset.summary.json,results_env_onset\sub-039\sub-039_backward_mtrf_env_onset.trial_results.csv
sub-039,,,27,1,0.1576058694655734,0.0878651407614023,-0.0599646902323935,0.1478298309937959,0.15252630048505,-0.0148556074523008,0.1673819079373509,0.1576058694655734,0.96875,32,2,"envelope,onset",data/processed/env_onset/sub-039_mtrf_env_onset.npz,-0.5,0.0,0.05,hamming,1,,l2,1,True,mean,"1.0,1.0",results_env_onset\sub-039\sub-039_backward_mtrf_env_onset.summary.json,results_env_onset\sub-039\sub-039_backward_mtrf_env_onset.trial_results.csv
sub-039,,,28,1,0.0727063177153688,0.0771676151512377,0.0167985325902998,0.0603690825609379,0.1270157650455464,0.0419722121757466,0.0850435528697997,0.0727063177153688,0.96875,32,2,"envelope,onset",data/processed/env_onset/sub-039_mtrf_env_onset.npz,-0.5,0.0,0.05,hamming,1,,l2,1,True,mean,"1.0,1.0",results_env_onset\sub-039\sub-039_backward_mtrf_env_onset.summary.json,results_env_onset\sub-039\sub-039_backward_mtrf_env_onset.trial_results.csv
sub-039,,,29,1,0.1668920470742601,0.1811272233441292,0.0354925324714682,0.1456346908726609,0.2181700664458986,0.0300206631700393,0.1881494032758593,0.1668920470742601,0.96875,32,2,"envelope,onset",data/processed/env_onset/sub-039_mtrf_env_onset.npz,-0.5,0.0,0.05,hamming,1,,l2,1,True,mean,"1.0,1.0",results_env_onset\sub-039\sub-039_backward_mtrf_env_onset.summary.json,results_env_onset\sub-039\sub-039_backward_mtrf_env_onset.trial_results.csv
sub-039,,,30,1,0.0243137495148731,0.1060991993454346,0.0478085191314071,0.0582906802140275,0.0681614420920262,0.0778246232763073,-0.0096631811842811,0.0243137495148731,0.96875,32,2,"envelope,onset",data/processed/env_onset/sub-039_mtrf_env_onset.npz,-0.5,0.0,0.05,hamming,1,,l2,1,True,mean,"1.0,1.0",results_env_onset\sub-039\sub-039_backward_mtrf_env_onset.summary.json,results_env_onset\sub-039\sub-039_backward_mtrf_env_onset.trial_results.csv
sub-039,,,31,1,0.0029868106673973,0.0755132590805819,0.0218507131171927,0.0536625459633892,0.0779853635568163,0.1256742881854108,-0.0476889246285944,0.0029868106673973,0.96875,32,2,"envelope,onset",data/processed/env_onset/sub-039_mtrf_env_onset.npz,-0.5,0.0,0.05,hamming,1,,l2,1,True,mean,"1.0,1.0",results_env_onset\sub-039\sub-039_backward_mtrf_env_onset.summary.json,results_env_onset\sub-039\sub-039_backward_mtrf_env_onset.trial_results.csv
sub-040,,,0,1,0.0532735133874072,0.1151251187675741,0.075104061455272,0.0400210573123021,0.0926201541800939,0.0260941847175815,0.0665259694625124,0.0532735133874072,0.9375,32,2,"envelope,onset",data/processed/env_onset/sub-040_mtrf_env_onset.npz,-0.5,0.0,0.05,hamming,1,,l2,1,True,mean,"1.0,1.0",results_env_onset\sub-040\sub-040_backward_mtrf_env_onset.summary.json,results_env_onset\sub-040\sub-040_backward_mtrf_env_onset.trial_results.csv
sub-040,,,1,1,0.1109358670561329,0.0912967593850378,-0.0238393948205694,0.1151361542056073,0.0936241658269269,-0.0131114140797315,0.1067355799066584,0.1109358670561329,0.9375,32,2,"envelope,onset",data/processed/env_onset/sub-040_mtrf_env_onset.npz,-0.5,0.0,0.05,hamming,1,,l2,1,True,mean,"1.0,1.0",results_env_onset\sub-040\sub-040_backward_mtrf_env_onset.summary.json,results_env_onset\sub-040\sub-040_backward_mtrf_env_onset.trial_results.csv
sub-040,,,2,1,0.0716186053115905,0.0931669895580748,0.0007059592146517,0.092461030343423,0.0912575751533326,0.0404813948735746,0.0507761802797579,0.0716186053115905,0.9375,32,2,"envelope,onset",data/processed/env_onset/sub-040_mtrf_env_onset.npz,-0.5,0.0,0.05,hamming,1,,l2,1,True,mean,"1.0,1.0",results_env_onset\sub-040\sub-040_backward_mtrf_env_onset.summary.json,results_env_onset\sub-040\sub-040_backward_mtrf_env_onset.trial_results.csv
sub-040,,,3,1,0.0432876044845076,0.0951205354152115,0.0148163736823468,0.0803041617328646,0.0686638435754664,0.0623927963393159,0.0062710472361505,0.0432876044845076,0.9375,32,2,"envelope,onset",data/processed/env_onset/sub-040_mtrf_env_onset.npz,-0.5,0.0,0.05,hamming,1,,l2,1,True,mean,"1.0,1.0",results_env_onset\sub-040\sub-040_backward_mtrf_env_onset.summary.json,results_env_onset\sub-040\sub-040_backward_mtrf_env_onset.trial_results.csv
sub-040,,,4,0,-0.0267384261502245,0.0454666269291271,0.0792746838825865,-0.0338080569534593,0.0563105350604132,0.075979330407403,-0.0196687953469897,-0.0267384261502245,0.9375,32,2,"envelope,onset",data/processed/env_onset/sub-040_mtrf_env_onset.npz,-0.5,0.0,0.05,hamming,1,,l2,1,True,mean,"1.0,1.0",results_env_onset\sub-040\sub-040_backward_mtrf_env_onset.summary.json,results_env_onset\sub-040\sub-040_backward_mtrf_env_onset.trial_results.csv
sub-040,,,5,1,0.116823217953885,0.1395245447704375,-0.0390882658974677,0.1786128106679052,0.1236601867058946,0.0686265614660299,0.0550336252398647,0.116823217953885,0.9375,32,2,"envelope,onset",data/processed/env_onset/sub-040_mtrf_env_onset.npz,-0.5,0.0,0.05,hamming,1,,l2,1,True,mean,"1.0,1.0",results_env_onset\sub-040\sub-040_backward_mtrf_env_onset.summary.json,results_env_onset\sub-040\sub-040_backward_mtrf_env_onset.trial_results.csv
sub-040,,,6,1,0.1353867557296799,0.062309557698948,-0.0439463389998514,0.1062558966987994,0.0552944648287228,-0.1092231499318375,0.1645176147605603,0.1353867557296799,0.9375,32,2,"envelope,onset",data/processed/env_onset/sub-040_mtrf_env_onset.npz,-0.5,0.0,0.05,hamming,1,,l2,1,True,mean,"1.0,1.0",results_env_onset\sub-040\sub-040_backward_mtrf_env_onset.summary.json,results_env_onset\sub-040\sub-040_backward_mtrf_env_onset.trial_results.csv
sub-040,,,7,1,0.0829002746704694,0.0792664132984446,-0.0188844406443365,0.0981508539427811,0.0958142973517184,0.0281646019535608,0.0676496953981576,0.0829002746704694,0.9375,32,2,"envelope,onset",data/processed/env_onset/sub-040_mtrf_env_onset.npz,-0.5,0.0,0.05,hamming,1,,l2,1,True,mean,"1.0,1.0",results_env_onset\sub-040\sub-040_backward_mtrf_env_onset.summary.json,results_env_onset\sub-040\sub-040_backward_mtrf_env_onset.trial_results.csv
sub-040,,,8,1,0.1022657677257083,0.1163108664669802,0.0033276139702438,0.1129832524967364,0.1223547969177209,0.0308065139630406,0.0915482829546803,0.1022657677257083,0.9375,32,2,"envelope,onset",data/processed/env_onset/sub-040_mtrf_env_onset.npz,-0.5,0.0,0.05,hamming,1,,l2,1,True,mean,"1.0,1.0",results_env_onset\sub-040\sub-040_backward_mtrf_env_onset.summary.json,results_env_onset\sub-040\sub-040_backward_mtrf_env_onset.trial_results.csv
sub-040,,,9,1,0.0137021916325542,0.0365082940180929,0.0206785082381599,0.0158297857799329,0.0790784247261295,0.0675038272409539,0.0115745974851755,0.0137021916325542,0.9375,32,2,"envelope,onset",data/processed/env_onset/sub-040_mtrf_env_onset.npz,-0.5,0.0,0.05,hamming,1,,l2,1,True,mean,"1.0,1.0",results_env_onset\sub-040\sub-040_backward_mtrf_env_onset.summary.json,results_env_onset\sub-040\sub-040_backward_mtrf_env_onset.trial_results.csv
sub-040,,,10,1,0.0153508126932253,0.0080614581371931,0.0142451064176183,-0.0061836482804251,0.0715407931851081,0.0346555195182323,0.0368852736668757,0.0153508126932253,0.9375,32,2,"envelope,onset",data/processed/env_onset/sub-040_mtrf_env_onset.npz,-0.5,0.0,0.05,hamming,1,,l2,1,True,mean,"1.0,1.0",results_env_onset\sub-040\sub-040_backward_mtrf_env_onset.summary.json,results_env_onset\sub-040\sub-040_backward_mtrf_env_onset.trial_results.csv
sub-040,,,11,1,0.009675955427466,0.0260567187347547,0.0103271774109814,0.0157295413237733,0.0793318179489442,0.0757094484177855,0.0036223695311587,0.009675955427466,0.9375,32,2,"envelope,onset",data/processed/env_onset/sub-040_mtrf_env_onset.npz,-0.5,0.0,0.05,hamming,1,,l2,1,True,mean,"1.0,1.0",results_env_onset\sub-040\sub-040_backward_mtrf_env_onset.summary.json,results_env_onset\sub-040\sub-040_backward_mtrf_env_onset.trial_results.csv
sub-040,,,12,1,0.1142091445816,0.0839307776826127,0.0036007176061615,0.0803300600764512,0.1468307436128341,-0.0012574854739148,0.1480882290867489,0.1142091445816,0.9375,32,2,"envelope,onset",data/processed/env_onset/sub-040_mtrf_env_onset.npz,-0.5,0.0,0.05,hamming,1,,l2,1,True,mean,"1.0,1.0",results_env_onset\sub-040\sub-040_backward_mtrf_env_onset.summary.json,results_env_onset\sub-040\sub-040_backward_mtrf_env_onset.trial_results.csv
sub-040,,,13,1,0.0418258904461864,0.0453101800148752,0.0231508533334922,0.0221593266813829,0.0822764283411573,0.0207839741301674,0.0614924542109899,0.0418258904461864,0.9375,32,2,"envelope,onset",data/processed/env_onset/sub-040_mtrf_env_onset.npz,-0.5,0.0,0.05,hamming,1,,l2,1,True,mean,"1.0,1.0",results_env_onset\sub-040\sub-040_backward_mtrf_env_onset.summary.json,results_env_onset\sub-040\sub-040_backward_mtrf_env_onset.trial_results.csv
sub-040,,,14,0,-0.0225349210318537,0.0320976697587285,0.0656346380988137,-0.0335369683400851,0.0920854518286444,0.1036183255522667,-0.0115328737236222,-0.0225349210318537,0.9375,32,2,"envelope,onset",data/processed/env_onset/sub-040_mtrf_env_onset.npz,-0.5,0.0,0.05,hamming,1,,l2,1,True,mean,"1.0,1.0",results_env_onset\sub-040\sub-040_backward_mtrf_env_onset.summary.json,results_env_onset\sub-040\sub-040_backward_mtrf_env_onset.trial_results.csv
sub-040,,,15,1,0.1640177250876202,0.1257184820738024,-0.0289449584485006,0.154663440522303,0.1695509396451626,-0.0038210700077747,0.1733720096529373,0.1640177250876202,0.9375,32,2,"envelope,onset",data/processed/env_onset/sub-040_mtrf_env_onset.npz,-0.5,0.0,0.05,hamming,1,,l2,1,True,mean,"1.0,1.0",results_env_onset\sub-040\sub-040_backward_mtrf_env_onset.summary.json,results_env_onset\sub-040\sub-040_backward_mtrf_env_onset.trial_results.csv
sub-040,,,16,1,0.0988946827740768,0.1064683120363262,0.0183115414787045,0.0881567705576217,0.0960360987974239,-0.013596496193108,0.1096325949905319,0.0988946827740768,0.9375,32,2,"envelope,onset",data/processed/env_onset/sub-040_mtrf_env_onset.npz,-0.5,0.0,0.05,hamming,1,,l2,1,True,mean,"1.0,1.0",results_env_onset\sub-040\sub-040_backward_mtrf_env_onset.summary.json,results_env_onset\sub-040\sub-040_backward_mtrf_env_onset.trial_results.csv
sub-040,,,17,1,0.0805425971475516,0.0834258840935903,-0.0116217963580013,0.0950476804515917,0.062953998030591,-0.0030835158129204,0.0660375138435114,0.0805425971475516,0.9375,32,2,"envelope,onset",data/processed/env_onset/sub-040_mtrf_env_onset.npz,-0.5,0.0,0.05,hamming,1,,l2,1,True,mean,"1.0,1.0",results_env_onset\sub-040\sub-040_backward_mtrf_env_onset.summary.json,results_env_onset\sub-040\sub-040_backward_mtrf_env_onset.trial_results.csv
sub-040,,,18,1,0.1353895100861443,0.1043302059964021,-0.0479639671265919,0.1522941731229941,0.1182050837693801,-0.0002797632799144,0.1184848470492946,0.1353895100861443,0.9375,32,2,"envelope,onset",data/processed/env_onset/sub-040_mtrf_env_onset.npz,-0.5,0.0,0.05,hamming,1,,l2,1,True,mean,"1.0,1.0",results_env_onset\sub-040\sub-040_backward_mtrf_env_onset.summary.json,results_env_onset\sub-040\sub-040_backward_mtrf_env_onset.trial_results.csv
sub-040,,,19,1,0.0792252584468336,0.1285768841673364,0.0135757699239597,0.1150011142433767,0.087795602975279,0.0443462003249884,0.0434494026502905,0.0792252584468336,0.9375,32,2,"envelope,onset",data/processed/env_onset/sub-040_mtrf_env_onset.npz,-0.5,0.0,0.05,hamming,1,,l2,1,True,mean,"1.0,1.0",results_env_onset\sub-040\sub-040_backward_mtrf_env_onset.summary.json,results_env_onset\sub-040\sub-040_backward_mtrf_env_onset.trial_results.csv
sub-040,,,20,1,0.1674815060362268,0.1866597906292829,-0.00256512673004,0.1892249173593229,0.1666070323267452,0.0208689376136144,0.1457380947131308,0.1674815060362268,0.9375,32,2,"envelope,onset",data/processed/env_onset/sub-040_mtrf_env_onset.npz,-0.5,0.0,0.05,hamming,1,,l2,1,True,mean,"1.0,1.0",results_env_onset\sub-040\sub-040_backward_mtrf_env_onset.summary.json,results_env_onset\sub-040\sub-040_backward_mtrf_env_onset.trial_results.csv
sub-040,,,21,1,0.039902937607489,0.1227591933028664,0.0709657034459945,0.0517934898568718,0.0794698337280727,0.0514574483699665,0.0280123853581061,0.039902937607489,0.9375,32,2,"envelope,onset",data/processed/env_onset/sub-040_mtrf_env_onset.npz,-0.5,0.0,0.05,hamming,1,,l2,1,True,mean,"1.0,1.0",results_env_onset\sub-040\sub-040_backward_mtrf_env_onset.summary.json,results_env_onset\sub-040\sub-040_backward_mtrf_env_onset.trial_results.csv
sub-040,,,22,1,0.1034603345745347,0.1143008077867738,-0.0390202427355744,0.1533210505223483,0.090032799485892,0.0364331808591709,0.0535996186267211,0.1034603345745347,0.9375,32,2,"envelope,onset",data/processed/env_onset/sub-040_mtrf_env_onset.npz,-0.5,0.0,0.05,hamming,1,,l2,1,True,mean,"1.0,1.0",results_env_onset\sub-040\sub-040_backward_mtrf_env_onset.summary.json,results_env_onset\sub-040\sub-040_backward_mtrf_env_onset.trial_results.csv
sub-040,,,23,1,0.0559982248303174,0.1223778234341382,0.0304030927113383,0.0919747307227999,0.1288220333474668,0.1088003144096319,0.0200217189378349,0.0559982248303174,0.9375,32,2,"envelope,onset",data/processed/env_onset/sub-040_mtrf_env_onset.npz,-0.5,0.0,0.05,hamming,1,,l2,1,True,mean,"1.0,1.0",results_env_onset\sub-040\sub-040_backward_mtrf_env_onset.summary.json,results_env_onset\sub-040\sub-040_backward_mtrf_env_onset.trial_results.csv
sub-040,,,24,1,0.1618240049066094,0.0789496558556859,-0.040717172489002,0.1196668283446879,0.1231633504642506,-0.0808178310042802,0.2039811814685308,0.1618240049066094,0.9375,32,2,"envelope,onset",data/processed/env_onset/sub-040_mtrf_env_onset.npz,-0.5,0.0,0.05,hamming,1,,l2,1,True,mean,"1.0,1.0",results_env_onset\sub-040\sub-040_backward_mtrf_env_onset.summary.json,results_env_onset\sub-040\sub-040_backward_mtrf_env_onset.trial_results.csv
sub-040,,,25,1,0.0485442939771857,0.0966599979679716,0.0587102546431425,0.0379497433248291,0.1683369559759363,0.1091981113463939,0.0591388446295424,0.0485442939771857,0.9375,32,2,"envelope,onset",data/processed/env_onset/sub-040_mtrf_env_onset.npz,-0.5,0.0,0.05,hamming,1,,l2,1,True,mean,"1.0,1.0",results_env_onset\sub-040\sub-040_backward_mtrf_env_onset.summary.json,results_env_onset\sub-040\sub-040_backward_mtrf_env_onset.trial_results.csv
sub-040,,,26,1,0.1374059408417896,0.0768320185668057,-0.0442455569175119,0.1210775754843176,0.1232613082472837,-0.0304729979519778,0.1537343061992616,0.1374059408417896,0.9375,32,2,"envelope,onset",data/processed/env_onset/sub-040_mtrf_env_onset.npz,-0.5,0.0,0.05,hamming,1,,l2,1,True,mean,"1.0,1.0",results_env_onset\sub-040\sub-040_backward_mtrf_env_onset.summary.json,results_env_onset\sub-040\sub-040_backward_mtrf_env_onset.trial_results.csv
sub-040,,,27,1,0.0765525085462315,0.1630963211730369,0.0871366619991118,0.075959659173925,0.1578903818639025,0.0807450239453645,0.0771453579185379,0.0765525085462315,0.9375,32,2,"envelope,onset",data/processed/env_onset/sub-040_mtrf_env_onset.npz,-0.5,0.0,0.05,hamming,1,,l2,1,True,mean,"1.0,1.0",results_env_onset\sub-040\sub-040_backward_mtrf_env_onset.summary.json,results_env_onset\sub-040\sub-040_backward_mtrf_env_onset.trial_results.csv
sub-040,,,28,1,0.0859265919177388,0.1103716755226592,0.0313441348293258,0.0790275406933334,0.1510697817830437,0.0582441386408994,0.0928256431421443,0.0859265919177388,0.9375,32,2,"envelope,onset",data/processed/env_onset/sub-040_mtrf_env_onset.npz,-0.5,0.0,0.05,hamming,1,,l2,1,True,mean,"1.0,1.0",results_env_onset\sub-040\sub-040_backward_mtrf_env_onset.summary.json,results_env_onset\sub-040\sub-040_backward_mtrf_env_onset.trial_results.csv
sub-040,,,29,1,0.1818729071065901,0.1940591573222637,-0.0323471315434179,0.2264062888656817,0.1317790595367966,-0.0055604658107018,0.1373395253474984,0.1818729071065901,0.9375,32,2,"envelope,onset",data/processed/env_onset/sub-040_mtrf_env_onset.npz,-0.5,0.0,0.05,hamming,1,,l2,1,True,mean,"1.0,1.0",results_env_onset\sub-040\sub-040_backward_mtrf_env_onset.summary.json,results_env_onset\sub-040\sub-040_backward_mtrf_env_onset.trial_results.csv
sub-040,,,30,1,0.0916576626452119,0.1410724710468542,0.0397938683592081,0.1012786026876461,0.1623849546013283,0.0803482319985506,0.0820367226027777,0.0916576626452119,0.9375,32,2,"envelope,onset",data/processed/env_onset/sub-040_mtrf_env_onset.npz,-0.5,0.0,0.05,hamming,1,,l2,1,True,mean,"1.0,1.0",results_env_onset\sub-040\sub-040_backward_mtrf_env_onset.summary.json,results_env_onset\sub-040\sub-040_backward_mtrf_env_onset.trial_results.csv
sub-040,,,31,1,0.0631731288635246,0.0889882678828932,-0.0077776347188766,0.0967659026017698,0.0878395337871364,0.058259178661857,0.0295803551252794,0.0631731288635246,0.9375,32,2,"envelope,onset",data/processed/env_onset/sub-040_mtrf_env_onset.npz,-0.5,0.0,0.05,hamming,1,,l2,1,True,mean,"1.0,1.0",results_env_onset\sub-040\sub-040_backward_mtrf_env_onset.summary.json,results_env_onset\sub-040\sub-040_backward_mtrf_env_onset.trial_results.csv
sub-041,,,0,1,0.1375246417423364,0.1214333813685201,0.0052608330495188,0.1161725483190013,0.1635929753204865,0.0047162401548149,0.1588767351656715,0.1375246417423364,1.0,32,2,"envelope,onset",data/processed/env_onset/sub-041_mtrf_env_onset.npz,-0.5,0.0,0.05,hamming,1,,l2,1,True,mean,"1.0,1.0",results_env_onset\sub-041\sub-041_backward_mtrf_env_onset.summary.json,results_env_onset\sub-041\sub-041_backward_mtrf_env_onset.trial_results.csv
sub-041,,,1,1,0.1990069260444307,0.2134501304850297,0.0531160026483648,0.1603341278366648,0.2335973450484138,-0.0040823792037827,0.2376797242521965,0.1990069260444307,1.0,32,2,"envelope,onset",data/processed/env_onset/sub-041_mtrf_env_onset.npz,-0.5,0.0,0.05,hamming,1,,l2,1,True,mean,"1.0,1.0",results_env_onset\sub-041\sub-041_backward_mtrf_env_onset.summary.json,results_env_onset\sub-041\sub-041_backward_mtrf_env_onset.trial_results.csv
sub-041,,,2,1,0.0673090800723125,0.071450519520312,-0.0246202601867786,0.0960707797070906,0.0663420402987366,0.0277946598612021,0.0385473804375344,0.0673090800723125,1.0,32,2,"envelope,onset",data/processed/env_onset/sub-041_mtrf_env_onset.npz,-0.5,0.0,0.05,hamming,1,,l2,1,True,mean,"1.0,1.0",results_env_onset\sub-041\sub-041_backward_mtrf_env_onset.summary.json,results_env_onset\sub-041\sub-041_backward_mtrf_env_onset.trial_results.csv
sub-041,,,3,1,0.143375689948149,0.1590901029907529,0.0179900812004742,0.1411000217902787,0.1483740873320362,0.0027227292260168,0.1456513581060193,0.143375689948149,1.0,32,2,"envelope,onset",data/processed/env_onset/sub-041_mtrf_env_onset.npz,-0.5,0.0,0.05,hamming,1,,l2,1,True,mean,"1.0,1.0",results_env_onset\sub-041\sub-041_backward_mtrf_env_onset.summary.json,results_env_onset\sub-041\sub-041_backward_mtrf_env_onset.trial_results.csv
sub-041,,,4,1,0.1122093785952055,0.150023363262078,0.0410122022871388,0.1090111609749391,0.1543045184832981,0.0388969222678263,0.1154075962154718,0.1122093785952055,1.0,32,2,"envelope,onset",data/processed/env_onset/sub-041_mtrf_env_onset.npz,-0.5,0.0,0.05,hamming,1,,l2,1,True,mean,"1.0,1.0",results_env_onset\sub-041\sub-041_backward_mtrf_env_onset.summary.json,results_env_onset\sub-041\sub-041_backward_mtrf_env_onset.trial_results.csv
sub-041,,,5,1,0.0688426140145506,0.2072409266684827,0.1265859707606995,0.0806549559077831,0.1441424338207571,0.0871121616994389,0.0570302721213181,0.0688426140145506,1.0,32,2,"envelope,onset",data/processed/env_onset/sub-041_mtrf_env_onset.npz,-0.5,0.0,0.05,hamming,1,,l2,1,True,mean,"1.0,1.0",results_env_onset\sub-041\sub-041_backward_mtrf_env_onset.summary.json,results_env_onset\sub-041\sub-041_backward_mtrf_env_onset.trial_results.csv
sub-041,,,6,1,0.0563070761635359,0.0604407168840329,0.0481637077198896,0.0122770091641433,0.100019343695777,-0.0003177994671515,0.1003371431629286,0.0563070761635359,1.0,32,2,"envelope,onset",data/processed/env_onset/sub-041_mtrf_env_onset.npz,-0.5,0.0,0.05,hamming,1,,l2,1,True,mean,"1.0,1.0",results_env_onset\sub-041\sub-041_backward_mtrf_env_onset.summary.json,results_env_onset\sub-041\sub-041_backward_mtrf_env_onset.trial_results.csv
sub-041,,,7,1,0.1517961242595672,0.1517519427798637,-0.0033216175936984,0.1550735603735621,0.1220261442638189,-0.0264925438817534,0.1485186881455723,0.1517961242595672,1.0,32,2,"envelope,onset",data/processed/env_onset/sub-041_mtrf_env_onset.npz,-0.5,0.0,0.05,hamming,1,,l2,1,True,mean,"1.0,1.0",results_env_onset\sub-041\sub-041_backward_mtrf_env_onset.summary.json,results_env_onset\sub-041\sub-041_backward_mtrf_env_onset.trial_results.csv
sub-041,,,8,1,0.1129361033052237,0.1990792104124585,0.0647253038026354,0.1343539066098231,0.1738662202668985,0.0823479202662741,0.0915183000006243,0.1129361033052237,1.0,32,2,"envelope,onset",data/processed/env_onset/sub-041_mtrf_env_onset.npz,-0.5,0.0,0.05,hamming,1,,l2,1,True,mean,"1.0,1.0",results_env_onset\sub-041\sub-041_backward_mtrf_env_onset.summary.json,results_env_onset\sub-041\sub-041_backward_mtrf_env_onset.trial_results.csv
sub-041,,,9,1,0.1413419938165984,0.1488094354453037,0.0511183130435488,0.0976911224017549,0.1782364746758116,-0.0067563905556302,0.1849928652314418,0.1413419938165984,1.0,32,2,"envelope,onset",data/processed/env_onset/sub-041_mtrf_env_onset.npz,-0.5,0.0,0.05,hamming,1,,l2,1,True,mean,"1.0,1.0",results_env_onset\sub-041\sub-041_backward_mtrf_env_onset.summary.json,results_env_onset\sub-041\sub-041_backward_mtrf_env_onset.trial_results.csv
sub-041,,,10,1,0.147958392688693,0.1550702836329823,0.0047485291055381,0.1503217545274442,0.2041362824013505,0.0585412515514087,0.1455950308499418,0.147958392688693,1.0,32,2,"envelope,onset",data/processed/env_onset/sub-041_mtrf_env_onset.npz,-0.5,0.0,0.05,hamming,1,,l2,1,True,mean,"1.0,1.0",results_env_onset\sub-041\sub-041_backward_mtrf_env_onset.summary.json,results_env_onset\sub-041\sub-041_backward_mtrf_env_onset.trial_results.csv
sub-041,,,11,1,0.0819091165559304,0.0273825598979929,-0.0270586799371226,0.0544412398351155,0.0736638699511298,-0.0357131233256155,0.1093769932767453,0.0819091165559304,1.0,32,2,"envelope,onset",data/processed/env_onset/sub-041_mtrf_env_onset.npz,-0.5,0.0,0.05,hamming,1,,l2,1,True,mean,"1.0,1.0",results_env_onset\sub-041\sub-041_backward_mtrf_env_onset.summary.json,results_env_onset\sub-041\sub-041_backward_mtrf_env_onset.trial_results.csv
sub-041,,,12,1,0.1831132864185142,0.1789690523688143,-0.0267003241168821,0.2056693764856965,0.110292289048453,-0.0502649073028789,0.1605571963513319,0.1831132864185142,1.0,32,2,"envelope,onset",data/processed/env_onset/sub-041_mtrf_env_onset.npz,-0.5,0.0,0.05,hamming,1,,l2,1,True,mean,"1.0,1.0",results_env_onset\sub-041\sub-041_backward_mtrf_env_onset.summary.json,results_env_onset\sub-041\sub-041_backward_mtrf_env_onset.trial_results.csv
sub-041,,,13,1,0.1427286158146535,0.1958633395720808,0.0616236025341565,0.1342397370379243,0.1669386686020831,0.0157211740107003,0.1512174945913827,0.1427286158146535,1.0,32,2,"envelope,onset",data/processed/env_onset/sub-041_mtrf_env_onset.npz,-0.5,0.0,0.05,hamming,1,,l2,1,True,mean,"1.0,1.0",results_env_onset\sub-041\sub-041_backward_mtrf_env_onset.summary.json,results_env_onset\sub-041\sub-041_backward_mtrf_env_onset.trial_results.csv
sub-041,,,14,1,0.1343480374429304,0.1199458516114167,0.0213782286436997,0.098567622967717,0.1042155469516622,-0.0659129049664815,0.1701284519181438,0.1343480374429304,1.0,32,2,"envelope,onset",data/processed/env_onset/sub-041_mtrf_env_onset.npz,-0.5,0.0,0.05,hamming,1,,l2,1,True,mean,"1.0,1.0",results_env_onset\sub-041\sub-041_backward_mtrf_env_onset.summary.json,results_env_onset\sub-041\sub-041_backward_mtrf_env_onset.trial_results.csv
sub-041,,,15,1,0.0595454364375308,0.0645129592119424,0.018342923879137,0.0461700353328053,0.0913359856027933,0.018415148060537,0.0729208375422562,0.0595454364375308,1.0,32,2,"envelope,onset",data/processed/env_onset/sub-041_mtrf_env_onset.npz,-0.5,0.0,0.05,hamming,1,,l2,1,True,mean,"1.0,1.0",results_env_onset\sub-041\sub-041_backward_mtrf_env_onset.summary.json,results_env_onset\sub-041\sub-041_backward_mtrf_env_onset.trial_results.csv
sub-041,,,16,1,0.0543714785977016,0.1079690739465605,0.0187688820532981,0.0892001918932624,0.0824344604601284,0.0628916951579876,0.0195427653021408,0.0543714785977016,1.0,32,2,"envelope,onset",data/processed/env_onset/sub-041_mtrf_env_onset.npz,-0.5,0.0,0.05,hamming,1,,l2,1,True,mean,"1.0,1.0",results_env_onset\sub-041\sub-041_backward_mtrf_env_onset.summary.json,results_env_onset\sub-041\sub-041_backward_mtrf_env_onset.trial_results.csv
sub-041,,,17,1,0.0417702067888119,0.0882864273169211,0.0897473423152994,-0.0014609149983782,0.1208833978656364,0.0358820692896342,0.0850013285760021,0.0417702067888119,1.0,32,2,"envelope,onset",data/processed/env_onset/sub-041_mtrf_env_onset.npz,-0.5,0.0,0.05,hamming,1,,l2,1,True,mean,"1.0,1.0",results_env_onset\sub-041\sub-041_backward_mtrf_env_onset.summary.json,results_env_onset\sub-041\sub-041_backward_mtrf_env_onset.trial_results.csv
sub-041,,,18,1,0.0585570176766165,0.1385348222496651,0.0684714321482353,0.0700633901014297,0.0943380981740365,0.0472874529222332,0.0470506452518032,0.0585570176766165,1.0,32,2,"envelope,onset",data/processed/env_onset/sub-041_mtrf_env_onset.npz,-0.5,0.0,0.05,hamming,1,,l2,1,True,mean,"1.0,1.0",results_env_onset\sub-041\sub-041_backward_mtrf_env_onset.summary.json,results_env_onset\sub-041\sub-041_backward_mtrf_env_onset.trial_results.csv
sub-041,,,19,1,0.1225699828809035,0.1579883151853404,0.0597998171790588,0.0981884980062816,0.1755737683522216,0.0286223005966961,0.1469514677555254,0.1225699828809035,1.0,32,2,"envelope,onset",data/processed/env_onset/sub-041_mtrf_env_onset.npz,-0.5,0.0,0.05,hamming,1,,l2,1,True,mean,"1.0,1.0",results_env_onset\sub-041\sub-041_backward_mtrf_env_onset.summary.json,results_env_onset\sub-041\sub-041_backward_mtrf_env_onset.trial_results.csv
sub-041,,,20,1,0.0793229598355615,0.1410005382747448,0.0474266057856807,0.093573932489064,0.1239592408241577,0.0588872536420986,0.065071987182059,0.0793229598355615,1.0,32,2,"envelope,onset",data/processed/env_onset/sub-041_mtrf_env_onset.npz,-0.5,0.0,0.05,hamming,1,,l2,1,True,mean,"1.0,1.0",results_env_onset\sub-041\sub-041_backward_mtrf_env_onset.summary.json,results_env_onset\sub-041\sub-041_backward_mtrf_env_onset.trial_results.csv
sub-041,,,21,1,0.0995831492082693,0.0957964170475574,0.0037594523123684,0.092036964735189,0.1005101814897845,-0.006619152191565,0.1071293336813495,0.0995831492082693,1.0,32,2,"envelope,onset",data/processed/env_onset/sub-041_mtrf_env_onset.npz,-0.5,0.0,0.05,hamming,1,,l2,1,True,mean,"1.0,1.0",results_env_onset\sub-041\sub-041_backward_mtrf_env_onset.summary.json,results_env_onset\sub-041\sub-041_backward_mtrf_env_onset.trial_results.csv
sub-041,,,22,1,0.0513599812067421,0.1607098403687256,0.1279182889128696,0.0327915514558559,0.1531333786001687,0.0832049676425404,0.0699284109576282,0.0513599812067421,1.0,32,2,"envelope,onset",data/processed/env_onset/sub-041_mtrf_env_onset.npz,-0.5,0.0,0.05,hamming,1,,l2,1,True,mean,"1.0,1.0",results_env_onset\sub-041\sub-041_backward_mtrf_env_onset.summary.json,results_env_onset\sub-041\sub-041_backward_mtrf_env_onset.trial_results.csv
sub-041,,,23,1,0.0720464549831293,0.0908908387632142,0.0304117279248259,0.0604791108383882,0.1255296016283748,0.0419158025005043,0.0836137991278704,0.0720464549831293,1.0,32,2,"envelope,onset",data/processed/env_onset/sub-041_mtrf_env_onset.npz,-0.5,0.0,0.05,hamming,1,,l2,1,True,mean,"1.0,1.0",results_env_onset\sub-041\sub-041_backward_mtrf_env_onset.summary.json,results_env_onset\sub-041\sub-041_backward_mtrf_env_onset.trial_results.csv
sub-041,,,24,1,0.2028933266863525,0.2037871022547622,-0.016900503530958,0.2206876057857202,0.1380423375893361,-0.0470567099976486,0.1850990475869848,0.2028933266863525,1.0,32,2,"envelope,onset",data/processed/env_onset/sub-041_mtrf_env_onset.npz,-0.5,0.0,0.05,hamming,1,,l2,1,True,mean,"1.0,1.0",results_env_onset\sub-041\sub-041_backward_mtrf_env_onset.summary.json,results_env_onset\sub-041\sub-041_backward_mtrf_env_onset.trial_results.csv
sub-041,,,25,1,0.1856705973531235,0.1968104142135723,-0.0399702374685457,0.2367806516821181,0.1400812522702944,0.0055207092461655,0.1345605430241289,0.1856705973531235,1.0,32,2,"envelope,onset",data/processed/env_onset/sub-041_mtrf_env_onset.npz,-0.5,0.0,0.05,hamming,1,,l2,1,True,mean,"1.0,1.0",results_env_onset\sub-041\sub-041_backward_mtrf_env_onset.summary.json,results_env_onset\sub-041\sub-041_backward_mtrf_env_onset.trial_results.csv
sub-041,,,26,1,0.0783788095531129,0.0812501633583509,0.010746420232954,0.0705037431253969,0.1268716203037664,0.0406177443229375,0.0862538759808289,0.0783788095531129,1.0,32,2,"envelope,onset",data/processed/env_onset/sub-041_mtrf_env_onset.npz,-0.5,0.0,0.05,hamming,1,,l2,1,True,mean,"1.0,1.0",results_env_onset\sub-041\sub-041_backward_mtrf_env_onset.summary.json,results_env_onset\sub-041\sub-041_backward_mtrf_env_onset.trial_results.csv
sub-041,,,27,1,0.1945792603051916,0.2167248968021,-0.0045681482302598,0.2212930450323598,0.1449946131945224,-0.0228708623835011,0.1678654755780236,0.1945792603051916,1.0,32,2,"envelope,onset",data/processed/env_onset/sub-041_mtrf_env_onset.npz,-0.5,0.0,0.05,hamming,1,,l2,1,True,mean,"1.0,1.0",results_env_onset\sub-041\sub-041_backward_mtrf_env_onset.summary.json,results_env_onset\sub-041\sub-041_backward_mtrf_env_onset.trial_results.csv
sub-041,,,28,1,0.1479633009176215,0.199649664168026,0.0200228919768027,0.1796267721912233,0.176629593663283,0.0603297640192634,0.1162998296440196,0.1479633009176215,1.0,32,2,"envelope,onset",data/processed/env_onset/sub-041_mtrf_env_onset.npz,-0.5,0.0,0.05,hamming,1,,l2,1,True,mean,"1.0,1.0",results_env_onset\sub-041\sub-041_backward_mtrf_env_onset.summary.json,results_env_onset\sub-041\sub-041_backward_mtrf_env_onset.trial_results.csv
sub-041,,,29,1,0.0401758070694117,0.0991758975941184,0.0800422683732601,0.0191336292208583,0.1107536917547029,0.0495357068367378,0.061217984917965,0.0401758070694117,1.0,32,2,"envelope,onset",data/processed/env_onset/sub-041_mtrf_env_onset.npz,-0.5,0.0,0.05,hamming,1,,l2,1,True,mean,"1.0,1.0",results_env_onset\sub-041\sub-041_backward_mtrf_env_onset.summary.json,results_env_onset\sub-041\sub-041_backward_mtrf_env_onset.trial_results.csv
sub-041,,,30,1,0.0502121289661058,0.1307248094427299,0.0470845397917496,0.0836402696509803,0.0805269528523003,0.0637429645710689,0.0167839882812314,0.0502121289661058,1.0,32,2,"envelope,onset",data/processed/env_onset/sub-041_mtrf_env_onset.npz,-0.5,0.0,0.05,hamming,1,,l2,1,True,mean,"1.0,1.0",results_env_onset\sub-041\sub-041_backward_mtrf_env_onset.summary.json,results_env_onset\sub-041\sub-041_backward_mtrf_env_onset.trial_results.csv
sub-041,,,31,1,0.0872097256463643,0.1728905136599988,0.0615350214100859,0.1113554922499128,0.1343775032993542,0.0713135442565384,0.0630639590428158,0.0872097256463643,1.0,32,2,"envelope,onset",data/processed/env_onset/sub-041_mtrf_env_onset.npz,-0.5,0.0,0.05,hamming,1,,l2,1,True,mean,"1.0,1.0",results_env_onset\sub-041\sub-041_backward_mtrf_env_onset.summary.json,results_env_onset\sub-041\sub-041_backward_mtrf_env_onset.trial_results.csv
sub-042,,,0,1,0.0043406206216199,0.0922451638626521,0.057372489034792,0.03487267482786,0.0590512657539007,0.0852426993385209,-0.0261914335846201,0.0043406206216199,0.8125,32,2,"envelope,onset",data/processed/env_onset/sub-042_mtrf_env_onset.npz,-0.5,0.0,0.05,hamming,1,,l2,1,True,mean,"1.0,1.0",results_env_onset\sub-042\sub-042_backward_mtrf_env_onset.summary.json,results_env_onset\sub-042\sub-042_backward_mtrf_env_onset.trial_results.csv
sub-042,,,1,0,-0.0306588867178221,0.0256555389720325,0.0565418970080755,-0.0308863580360429,0.0331170342518552,0.0635484496514567,-0.0304314153996014,-0.0306588867178221,0.8125,32,2,"envelope,onset",data/processed/env_onset/sub-042_mtrf_env_onset.npz,-0.5,0.0,0.05,hamming,1,,l2,1,True,mean,"1.0,1.0",results_env_onset\sub-042\sub-042_backward_mtrf_env_onset.summary.json,results_env_onset\sub-042\sub-042_backward_mtrf_env_onset.trial_results.csv
sub-042,,,2,0,-0.0053613623008922,0.099712967163838,0.0552775385616066,0.0444354286022314,0.0464524870207254,0.1016106402247412,-0.0551581532040158,-0.0053613623008922,0.8125,32,2,"envelope,onset",data/processed/env_onset/sub-042_mtrf_env_onset.npz,-0.5,0.0,0.05,hamming,1,,l2,1,True,mean,"1.0,1.0",results_env_onset\sub-042\sub-042_backward_mtrf_env_onset.summary.json,results_env_onset\sub-042\sub-042_backward_mtrf_env_onset.trial_results.csv
sub-042,,,3,1,0.1075356635236678,0.1263477279860898,-0.035292254741533,0.1616399827276228,0.0952297329959312,0.0417983886762184,0.0534313443197127,0.1075356635236678,0.8125,32,2,"envelope,onset",data/processed/env_onset/sub-042_mtrf_env_onset.npz,-0.5,0.0,0.05,hamming,1,,l2,1,True,mean,"1.0,1.0",results_env_onset\sub-042\sub-042_backward_mtrf_env_onset.summary.json,results_env_onset\sub-042\sub-042_backward_mtrf_env_onset.trial_results.csv
sub-042,,,4,1,0.0866446075656092,0.1588292322303092,0.0647364078176038,0.0940928244127053,0.1337747002118934,0.0545783094933803,0.0791963907185131,0.0866446075656092,0.8125,32,2,"envelope,onset",data/processed/env_onset/sub-042_mtrf_env_onset.npz,-0.5,0.0,0.05,hamming,1,,l2,1,True,mean,"1.0,1.0",results_env_onset\sub-042\sub-042_backward_mtrf_env_onset.summary.json,results_env_onset\sub-042\sub-042_backward_mtrf_env_onset.trial_results.csv
sub-042,,,5,1,0.0718040017239434,0.0619333331625547,0.0316566338421511,0.0302766993204035,0.1220068484767457,0.0086755443492623,0.1133313041274833,0.0718040017239434,0.8125,32,2,"envelope,onset",data/processed/env_onset/sub-042_mtrf_env_onset.npz,-0.5,0.0,0.05,hamming,1,,l2,1,True,mean,"1.0,1.0",results_env_onset\sub-042\sub-042_backward_mtrf_env_onset.summary.json,results_env_onset\sub-042\sub-042_backward_mtrf_env_onset.trial_results.csv
sub-042,,,6,1,0.069811146573986,0.0620980291497106,-0.0300303624705756,0.0921283916202862,0.0345661256362364,-0.0129277758914494,0.0474939015276858,0.069811146573986,0.8125,32,2,"envelope,onset",data/processed/env_onset/sub-042_mtrf_env_onset.npz,-0.5,0.0,0.05,hamming,1,,l2,1,True,mean,"1.0,1.0",results_env_onset\sub-042\sub-042_backward_mtrf_env_onset.summary.json,results_env_onset\sub-042\sub-042_backward_mtrf_env_onset.trial_results.csv
sub-042,,,7,1,0.2254423599436602,0.2126595029061424,-0.0232857534638801,0.2359452563700226,0.2135508509932095,-0.0013886125240883,0.2149394635172978,0.2254423599436602,0.8125,32,2,"envelope,onset",data/processed/env_onset/sub-042_mtrf_env_onset.npz,-0.5,0.0,0.05,hamming,1,,l2,1,True,mean,"1.0,1.0",results_env_onset\sub-042\sub-042_backward_mtrf_env_onset.summary.json,results_env_onset\sub-042\sub-042_backward_mtrf_env_onset.trial_results.csv
sub-042,,,8,1,0.0945455057007802,0.145791772410096,0.0153007997235582,0.1304909726865378,0.1129213623789647,0.054321323663942,0.0586000387150226,0.0945455057007802,0.8125,32,2,"envelope,onset",data/processed/env_onset/sub-042_mtrf_env_onset.npz,-0.5,0.0,0.05,hamming,1,,l2,1,True,mean,"1.0,1.0",results_env_onset\sub-042\sub-042_backward_mtrf_env_onset.summary.json,results_env_onset\sub-042\sub-042_backward_mtrf_env_onset.trial_results.csv
sub-042,,,9,1,0.0798693447319521,0.1070421677261828,0.0359995024302899,0.0710426652958929,0.1227011389008583,0.0340051147328469,0.0886960241680113,0.0798693447319521,0.8125,32,2,"envelope,onset",data/processed/env_onset/sub-042_mtrf_env_onset.npz,-0.5,0.0,0.05,hamming,1,,l2,1,True,mean,"1.0,1.0",results_env_onset\sub-042\sub-042_backward_mtrf_env_onset.summary.json,results_env_onset\sub-042\sub-042_backward_mtrf_env_onset.trial_results.csv
sub-042,,,10,1,0.0128081516085159,0.086671973399636,0.0821378488494658,0.0045341245501701,0.0692524166153982,0.0481702379485365,0.0210821786668616,0.0128081516085159,0.8125,32,2,"envelope,onset",data/processed/env_onset/sub-042_mtrf_env_onset.npz,-0.5,0.0,0.05,hamming,1,,l2,1,True,mean,"1.0,1.0",results_env_onset\sub-042\sub-042_backward_mtrf_env_onset.summary.json,results_env_onset\sub-042\sub-042_backward_mtrf_env_onset.trial_results.csv
sub-042,,,11,0,-0.0551605411579092,0.0106319613221796,0.0771857304411924,-0.0665537691190127,0.0135766233242321,0.0573439365210378,-0.0437673131968057,-0.0551605411579092,0.8125,32,2,"envelope,onset",data/processed/env_onset/sub-042_mtrf_env_onset.npz,-0.5,0.0,0.05,hamming,1,,l2,1,True,mean,"1.0,1.0",results_env_onset\sub-042\sub-042_backward_mtrf_env_onset.summary.json,results_env_onset\sub-042\sub-042_backward_mtrf_env_onset.trial_results.csv
sub-042,,,12,0,-0.0239169587542188,0.1117571731363007,0.0892589781215616,0.022498195014739,0.0254055163652768,0.0957376288884537,-0.0703321125231768,-0.0239169587542188,0.8125,32,2,"envelope,onset",data/processed/env_onset/sub-042_mtrf_env_onset.npz,-0.5,0.0,0.05,hamming,1,,l2,1,True,mean,"1.0,1.0",results_env_onset\sub-042\sub-042_backward_mtrf_env_onset.summary.json,results_env_onset\sub-042\sub-042_backward_mtrf_env_onset.trial_results.csv
sub-042,,,13,1,0.0844790820497635,0.1153603045875187,-0.0128609123807536,0.1282212169682723,0.0629047447388775,0.0221677976076227,0.0407369471312547,0.0844790820497635,0.8125,32,2,"envelope,onset",data/processed/env_onset/sub-042_mtrf_env_onset.npz,-0.5,0.0,0.05,hamming,1,,l2,1,True,mean,"1.0,1.0",results_env_onset\sub-042\sub-042_backward_mtrf_env_onset.summary.json,results_env_onset\sub-042\sub-042_backward_mtrf_env_onset.trial_results.csv
sub-042,,,14,1,0.0136911822875372,0.0994126415104522,0.0608915903421964,0.0385210511682557,0.0616982950356176,0.0728369816287989,-0.0111386865931813,0.0136911822875372,0.8125,32,2,"envelope,onset",data/processed/env_onset/sub-042_mtrf_env_onset.npz,-0.5,0.0,0.05,hamming,1,,l2,1,True,mean,"1.0,1.0",results_env_onset\sub-042\sub-042_backward_mtrf_env_onset.summary.json,results_env_onset\sub-042\sub-042_backward_mtrf_env_onset.trial_results.csv
sub-042,,,15,1,0.0625666201661569,0.1319108279280801,0.0717952664919465,0.0601155614361336,0.0774399739431586,0.0124222950469784,0.0650176788961801,0.0625666201661569,0.8125,32,2,"envelope,onset",data/processed/env_onset/sub-042_mtrf_env_onset.npz,-0.5,0.0,0.05,hamming,1,,l2,1,True,mean,"1.0,1.0",results_env_onset\sub-042\sub-042_backward_mtrf_env_onset.summary.json,results_env_onset\sub-042\sub-042_backward_mtrf_env_onset.trial_results.csv
sub-042,,,16,1,0.0695796440973245,0.1209403548550324,0.0346829657440162,0.0862573891110161,0.1020816360566181,0.0491797369729852,0.0529018990836328,0.0695796440973245,0.8125,32,2,"envelope,onset",data/processed/env_onset/sub-042_mtrf_env_onset.npz,-0.5,0.0,0.05,hamming,1,,l2,1,True,mean,"1.0,1.0",results_env_onset\sub-042\sub-042_backward_mtrf_env_onset.summary.json,results_env_onset\sub-042\sub-042_backward_mtrf_env_onset.trial_results.csv
sub-042,,,17,1,0.0373760153078976,0.2034351834107698,0.1391766144972108,0.064258568913559,0.1563952535131338,0.1459017918108976,0.0104934617022362,0.0373760153078976,0.8125,32,2,"envelope,onset",data/processed/env_onset/sub-042_mtrf_env_onset.npz,-0.5,0.0,0.05,hamming,1,,l2,1,True,mean,"1.0,1.0",results_env_onset\sub-042\sub-042_backward_mtrf_env_onset.summary.json,results_env_onset\sub-042\sub-042_backward_mtrf_env_onset.trial_results.csv
sub-042,,,18,1,0.1377114374332628,0.0914736213900029,-0.0406896521066754,0.1321632734966784,0.0759993120264767,-0.0672602893433705,0.1432596013698472,0.1377114374332628,0.8125,32,2,"envelope,onset",data/processed/env_onset/sub-042_mtrf_env_onset.npz,-0.5,0.0,0.05,hamming,1,,l2,1,True,mean,"1.0,1.0",results_env_onset\sub-042\sub-042_backward_mtrf_env_onset.summary.json,results_env_onset\sub-042\sub-042_backward_mtrf_env_onset.trial_results.csv
sub-042,,,19,1,0.0671769056945479,0.0589934542253927,-0.0013306842344476,0.0603241384598403,0.095712322296117,0.0216826493668614,0.0740296729292556,0.0671769056945479,0.8125,32,2,"envelope,onset",data/processed/env_onset/sub-042_mtrf_env_onset.npz,-0.5,0.0,0.05,hamming,1,,l2,1,True,mean,"1.0,1.0",results_env_onset\sub-042\sub-042_backward_mtrf_env_onset.summary.json,results_env_onset\sub-042\sub-042_backward_mtrf_env_onset.trial_results.csv
sub-042,,,20,1,0.1486880974844078,0.1350128996001485,-0.0364050326127707,0.1714179322129193,0.0839795300511623,-0.041978732704734,0.1259582627558963,0.1486880974844078,0.8125,32,2,"envelope,onset",data/processed/env_onset/sub-042_mtrf_env_onset.npz,-0.5,0.0,0.05,hamming,1,,l2,1,True,mean,"1.0,1.0",results_env_onset\sub-042\sub-042_backward_mtrf_env_onset.summary.json,results_env_onset\sub-042\sub-042_backward_mtrf_env_onset.trial_results.csv
sub-042,,,21,1,0.0810436459863507,0.1006630567311461,0.0053907793691579,0.0952722773619882,0.0565923430684757,-0.0102226715422374,0.0668150146107131,0.0810436459863507,0.8125,32,2,"envelope,onset",data/processed/env_onset/sub-042_mtrf_env_onset.npz,-0.5,0.0,0.05,hamming,1,,l2,1,True,mean,"1.0,1.0",results_env_onset\sub-042\sub-042_backward_mtrf_env_onset.summary.json,results_env_onset\sub-042\sub-042_backward_mtrf_env_onset.trial_results.csv
sub-042,,,22,1,0.1333931901570408,0.173430338839205,-0.0094950290336804,0.1829253678728855,0.0855660325866924,0.0017050201454962,0.0838610124411961,0.1333931901570408,0.8125,32,2,"envelope,onset",data/processed/env_onset/sub-042_mtrf_env_onset.npz,-0.5,0.0,0.05,hamming,1,,l2,1,True,mean,"1.0,1.0",results_env_onset\sub-042\sub-042_backward_mtrf_env_onset.summary.json,results_env_onset\sub-042\sub-042_backward_mtrf_env_onset.trial_results.csv
sub-042,,,23,1,0.0040731854214431,0.1562151924615635,0.1342243400524456,0.0219908524091179,0.0639575299435388,0.0778020115097705,-0.0138444815662316,0.0040731854214431,0.8125,32,2,"envelope,onset",data/processed/env_onset/sub-042_mtrf_env_onset.npz,-0.5,0.0,0.05,hamming,1,,l2,1,True,mean,"1.0,1.0",results_env_onset\sub-042\sub-042_backward_mtrf_env_onset.summary.json,results_env_onset\sub-042\sub-042_backward_mtrf_env_onset.trial_results.csv
sub-042,,,24,1,0.0276133797713623,0.1353210010868816,0.0863739396755357,0.0489470614113458,0.1218828585318947,0.1156031604005159,0.0062796981313787,0.0276133797713623,0.8125,32,2,"envelope,onset",data/processed/env_onset/sub-042_mtrf_env_onset.npz,-0.5,0.0,0.05,hamming,1,,l2,1,True,mean,"1.0,1.0",results_env_onset\sub-042\sub-042_backward_mtrf_env_onset.summary.json,results_env_onset\sub-042\sub-042_backward_mtrf_env_onset.trial_results.csv
sub-042,,,25,1,0.1934005060994038,0.2333983806890713,-0.0240012532670436,0.2573996339561149,0.1475051419872711,0.0181037637445784,0.1294013782426927,0.1934005060994038,0.8125,32,2,"envelope,onset",data/processed/env_onset/sub-042_mtrf_env_onset.npz,-0.5,0.0,0.05,hamming,1,,l2,1,True,mean,"1.0,1.0",results_env_onset\sub-042\sub-042_backward_mtrf_env_onset.summary.json,results_env_onset\sub-042\sub-042_backward_mtrf_env_onset.trial_results.csv
sub-042,,,26,0,-0.0679465541861203,0.023768791053038,0.126301559069056,-0.1025327680160179,0.0820217594091421,0.1153820997653649,-0.0333603403562228,-0.0679465541861203,0.8125,32,2,"envelope,onset",data/processed/env_onset/sub-042_mtrf_env_onset.npz,-0.5,0.0,0.05,hamming,1,,l2,1,True,mean,"1.0,1.0",results_env_onset\sub-042\sub-042_backward_mtrf_env_onset.summary.json,results_env_onset\sub-042\sub-042_backward_mtrf_env_onset.trial_results.csv
sub-042,,,27,1,0.1775530133944668,0.1819763719785619,0.0076892167966367,0.1742871551819251,0.1558857021986726,-0.0249331694083358,0.1808188716070085,0.1775530133944668,0.8125,32,2,"envelope,onset",data/processed/env_onset/sub-042_mtrf_env_onset.npz,-0.5,0.0,0.05,hamming,1,,l2,1,True,mean,"1.0,1.0",results_env_onset\sub-042\sub-042_backward_mtrf_env_onset.summary.json,results_env_onset\sub-042\sub-042_backward_mtrf_env_onset.trial_results.csv
sub-042,,,28,1,0.1101941033233298,0.1800543960084046,0.019604145952273,0.1604502500561316,0.1359475614038085,0.0760096048132804,0.059937956590528,0.1101941033233298,0.8125,32,2,"envelope,onset",data/processed/env_onset/sub-042_mtrf_env_onset.npz,-0.5,0.0,0.05,hamming,1,,l2,1,True,mean,"1.0,1.0",results_env_onset\sub-042\sub-042_backward_mtrf_env_onset.summary.json,results_env_onset\sub-042\sub-042_backward_mtrf_env_onset.trial_results.csv
sub-042,,,29,1,0.0249874444632091,0.151563020280605,0.1075103608967214,0.0440526593838836,0.1118808785034191,0.1059586489608843,0.0059222295425347,0.0249874444632091,0.8125,32,2,"envelope,onset",data/processed/env_onset/sub-042_mtrf_env_onset.npz,-0.5,0.0,0.05,hamming,1,,l2,1,True,mean,"1.0,1.0",results_env_onset\sub-042\sub-042_backward_mtrf_env_onset.summary.json,results_env_onset\sub-042\sub-042_backward_mtrf_env_onset.trial_results.csv
sub-042,,,30,1,0.1427696169952254,0.1834603556473194,0.0027711659241349,0.1806891897231844,0.1867882478856514,0.081938203618385,0.1048500442672664,0.1427696169952254,0.8125,32,2,"envelope,onset",data/processed/env_onset/sub-042_mtrf_env_onset.npz,-0.5,0.0,0.05,hamming,1,,l2,1,True,mean,"1.0,1.0",results_env_onset\sub-042\sub-042_backward_mtrf_env_onset.summary.json,results_env_onset\sub-042\sub-042_backward_mtrf_env_onset.trial_results.csv
sub-042,,,31,0,-0.0163750097480493,0.1283184209999374,0.0915632326091766,0.0367551883907608,0.0665981358998909,0.1361033437867504,-0.0695052078868595,-0.0163750097480493,0.8125,32,2,"envelope,onset",data/processed/env_onset/sub-042_mtrf_env_onset.npz,-0.5,0.0,0.05,hamming,1,,l2,1,True,mean,"1.0,1.0",results_env_onset\sub-042\sub-042_backward_mtrf_env_onset.summary.json,results_env_onset\sub-042\sub-042_backward_mtrf_env_onset.trial_results.csv
sub-043,,,0,1,0.0561162080693684,0.094130540184781,-0.0158466669055072,0.1099772070902882,0.0555570479453438,0.0533018388968951,0.0022552090484486,0.0561162080693684,0.84375,32,2,"envelope,onset",data/processed/env_onset/sub-043_mtrf_env_onset.npz,-0.5,0.0,0.05,hamming,1,,l2,1,True,mean,"1.0,1.0",results_env_onset\sub-043\sub-043_backward_mtrf_env_onset.summary.json,results_env_onset\sub-043\sub-043_backward_mtrf_env_onset.trial_results.csv
sub-043,,,1,1,0.065328985985202,0.0614459816016473,-0.0117041493798984,0.0731501309815458,0.1256563932103216,0.0681485522214633,0.0575078409888583,0.065328985985202,0.84375,32,2,"envelope,onset",data/processed/env_onset/sub-043_mtrf_env_onset.npz,-0.5,0.0,0.05,hamming,1,,l2,1,True,mean,"1.0,1.0",results_env_onset\sub-043\sub-043_backward_mtrf_env_onset.summary.json,results_env_onset\sub-043\sub-043_backward_mtrf_env_onset.trial_results.csv
sub-043,,,2,1,0.0255996376811943,0.1013386087334957,0.0581638873569498,0.0431747213765458,0.0707462591483384,0.0627217051624957,0.0080245539858427,0.0255996376811943,0.84375,32,2,"envelope,onset",data/processed/env_onset/sub-043_mtrf_env_onset.npz,-0.5,0.0,0.05,hamming,1,,l2,1,True,mean,"1.0,1.0",results_env_onset\sub-043\sub-043_backward_mtrf_env_onset.summary.json,results_env_onset\sub-043\sub-043_backward_mtrf_env_onset.trial_results.csv
sub-043,,,3,1,0.0968223144797461,0.1375930477902807,-0.0063644042642443,0.143957452054525,0.0625993629084802,0.012912186003513,0.0496871769049672,0.0968223144797461,0.84375,32,2,"envelope,onset",data/processed/env_onset/sub-043_mtrf_env_onset.npz,-0.5,0.0,0.05,hamming,1,,l2,1,True,mean,"1.0,1.0",results_env_onset\sub-043\sub-043_backward_mtrf_env_onset.summary.json,results_env_onset\sub-043\sub-043_backward_mtrf_env_onset.trial_results.csv
sub-043,,,4,1,0.1189044692332535,0.1267237722997031,-0.0100866869859553,0.1368104592856585,0.1040832641079358,0.0030847849270873,0.1009984791808484,0.1189044692332535,0.84375,32,2,"envelope,onset",data/processed/env_onset/sub-043_mtrf_env_onset.npz,-0.5,0.0,0.05,hamming,1,,l2,1,True,mean,"1.0,1.0",results_env_onset\sub-043\sub-043_backward_mtrf_env_onset.summary.json,results_env_onset\sub-043\sub-043_backward_mtrf_env_onset.trial_results.csv
sub-043,,,5,1,0.0149691313654467,0.0371867341733358,-0.0278351650242841,0.0650218991976199,0.0057753941265973,0.0408590305933237,-0.0350836364667264,0.0149691313654467,0.84375,32,2,"envelope,onset",data/processed/env_onset/sub-043_mtrf_env_onset.npz,-0.5,0.0,0.05,hamming,1,,l2,1,True,mean,"1.0,1.0",results_env_onset\sub-043\sub-043_backward_mtrf_env_onset.summary.json,results_env_onset\sub-043\sub-043_backward_mtrf_env_onset.trial_results.csv
sub-043,,,6,1,0.0753761140777287,0.1308516275146082,0.0347733329580075,0.0960782945566006,0.133237147988543,0.0785632143896862,0.0546739335988567,0.0753761140777287,0.84375,32,2,"envelope,onset",data/processed/env_onset/sub-043_mtrf_env_onset.npz,-0.5,0.0,0.05,hamming,1,,l2,1,True,mean,"1.0,1.0",results_env_onset\sub-043\sub-043_backward_mtrf_env_onset.summary.json,results_env_onset\sub-043\sub-043_backward_mtrf_env_onset.trial_results.csv
sub-043,,,7,1,0.1003854604184471,0.0585211483282921,-0.0350631171740054,0.0935842655022975,0.1418159602259096,0.0346293048913129,0.1071866553345967,0.1003854604184471,0.84375,32,2,"envelope,onset",data/processed/env_onset/sub-043_mtrf_env_onset.npz,-0.5,0.0,0.05,hamming,1,,l2,1,True,mean,"1.0,1.0",results_env_onset\sub-043\sub-043_backward_mtrf_env_onset.summary.json,results_env_onset\sub-043\sub-043_backward_mtrf_env_onset.trial_results.csv
sub-043,,,8,1,0.103634674478262,0.1177604897740711,-0.0136782994826977,0.1314387892567689,0.1230293646745166,0.0471988049747615,0.0758305596997551,0.103634674478262,0.84375,32,2,"envelope,onset",data/processed/env_onset/sub-043_mtrf_env_onset.npz,-0.5,0.0,0.05,hamming,1,,l2,1,True,mean,"1.0,1.0",results_env_onset\sub-043\sub-043_backward_mtrf_env_onset.summary.json,results_env_onset\sub-043\sub-043_backward_mtrf_env_onset.trial_results.csv
sub-043,,,9,1,0.0676398279072703,0.0935971114188425,0.0220206061837686,0.0715765052350739,0.1297696215223553,0.0660664709428886,0.0637031505794667,0.0676398279072703,0.84375,32,2,"envelope,onset",data/processed/env_onset/sub-043_mtrf_env_onset.npz,-0.5,0.0,0.05,hamming,1,,l2,1,True,mean,"1.0,1.0",results_env_onset\sub-043\sub-043_backward_mtrf_env_onset.summary.json,results_env_onset\sub-043\sub-043_backward_mtrf_env_onset.trial_results.csv
sub-043,,,10,1,0.0179999841183637,0.0989321086455347,0.0259032521001178,0.0730288565454169,0.0586781159006165,0.095707004209306,-0.0370288883086894,0.0179999841183637,0.84375,32,2,"envelope,onset",data/processed/env_onset/sub-043_mtrf_env_onset.npz,-0.5,0.0,0.05,hamming,1,,l2,1,True,mean,"1.0,1.0",results_env_onset\sub-043\sub-043_backward_mtrf_env_onset.summary.json,results_env_onset\sub-043\sub-043_backward_mtrf_env_onset.trial_results.csv
sub-043,,,11,1,0.0670482050354891,0.0906946427711988,0.0266245318121708,0.064070110959028,0.094581107367494,0.0245548082555437,0.0700262991119502,0.0670482050354891,0.84375,32,2,"envelope,onset",data/processed/env_onset/sub-043_mtrf_env_onset.npz,-0.5,0.0,0.05,hamming,1,,l2,1,True,mean,"1.0,1.0",results_env_onset\sub-043\sub-043_backward_mtrf_env_onset.summary.json,results_env_onset\sub-043\sub-043_backward_mtrf_env_onset.trial_results.csv
sub-043,,,12,0,-0.0191422652519126,0.0359590253714385,0.0210755295084989,0.0148834958629396,0.0186067020333954,0.0717747284001604,-0.053168026366765,-0.0191422652519126,0.84375,32,2,"envelope,onset",data/processed/env_onset/sub-043_mtrf_env_onset.npz,-0.5,0.0,0.05,hamming,1,,l2,1,True,mean,"1.0,1.0",results_env_onset\sub-043\sub-043_backward_mtrf_env_onset.summary.json,results_env_onset\sub-043\sub-043_backward_mtrf_env_onset.trial_results.csv
sub-043,,,13,0,-0.0298396985998093,0.0649502478173163,0.0791499443903192,-0.0141996965730029,0.0404982392467971,0.0859779398734128,-0.0454797006266157,-0.0298396985998093,0.84375,32,2,"envelope,onset",data/processed/env_onset/sub-043_mtrf_env_onset.npz,-0.5,0.0,0.05,hamming,1,,l2,1,True,mean,"1.0,1.0",results_env_onset\sub-043\sub-043_backward_mtrf_env_onset.summary.json,results_env_onset\sub-043\sub-043_backward_mtrf_env_onset.trial_results.csv
sub-043,,,14,1,0.0005307093162906,0.0236046808829507,0.035705185359913,-0.0121005044769623,0.0901274588854486,0.076965535775905,0.0131619231095435,0.0005307093162906,0.84375,32,2,"envelope,onset",data/processed/env_onset/sub-043_mtrf_env_onset.npz,-0.5,0.0,0.05,hamming,1,,l2,1,True,mean,"1.0,1.0",results_env_onset\sub-043\sub-043_backward_mtrf_env_onset.summary.json,results_env_onset\sub-043\sub-043_backward_mtrf_env_onset.trial_results.csv
sub-043,,,15,1,0.0514556988609612,0.0976391339345852,0.052888426625587,0.0447507073089981,0.0980339804233849,0.0398732900104606,0.0581606904129243,0.0514556988609612,0.84375,32,2,"envelope,onset",data/processed/env_onset/sub-043_mtrf_env_onset.npz,-0.5,0.0,0.05,hamming,1,,l2,1,True,mean,"1.0,1.0",results_env_onset\sub-043\sub-043_backward_mtrf_env_onset.summary.json,results_env_onset\sub-043\sub-043_backward_mtrf_env_onset.trial_results.csv
sub-043,,,16,0,-0.0418042693919999,0.0100199641116697,0.1149021997174109,-0.1048822356057411,0.0835874854940818,0.0623137886723405,0.0212736968217412,-0.0418042693919999,0.84375,32,2,"envelope,onset",data/processed/env_onset/sub-043_mtrf_env_onset.npz,-0.5,0.0,0.05,hamming,1,,l2,1,True,mean,"1.0,1.0",results_env_onset\sub-043\sub-043_backward_mtrf_env_onset.summary.json,results_env_onset\sub-043\sub-043_backward_mtrf_env_onset.trial_results.csv
sub-043,,,17,1,0.1165943955771281,0.1041334851413429,-0.0265304314630013,0.1306639166043442,0.1435076458316155,0.0409827712817035,0.102524874549912,0.1165943955771281,0.84375,32,2,"envelope,onset",data/processed/env_onset/sub-043_mtrf_env_onset.npz,-0.5,0.0,0.05,hamming,1,,l2,1,True,mean,"1.0,1.0",results_env_onset\sub-043\sub-043_backward_mtrf_env_onset.summary.json,results_env_onset\sub-043\sub-043_backward_mtrf_env_onset.trial_results.csv
sub-043,,,18,1,0.1349294130451341,0.1758855997008303,0.0211660188852906,0.1547195808155396,0.1668136102664265,0.0516743649916978,0.1151392452747287,0.1349294130451341,0.84375,32,2,"envelope,onset",data/processed/env_onset/sub-043_mtrf_env_onset.npz,-0.5,0.0,0.05,hamming,1,,l2,1,True,mean,"1.0,1.0",results_env_onset\sub-043\sub-043_backward_mtrf_env_onset.summary.json,results_env_onset\sub-043\sub-043_backward_mtrf_env_onset.trial_results.csv
sub-043,,,19,1,0.0673329796460478,0.0798661184488614,0.0038527358835584,0.0760133825653029,0.0716510863582918,0.012998509631499,0.0586525767267927,0.0673329796460478,0.84375,32,2,"envelope,onset",data/processed/env_onset/sub-043_mtrf_env_onset.npz,-0.5,0.0,0.05,hamming,1,,l2,1,True,mean,"1.0,1.0",results_env_onset\sub-043\sub-043_backward_mtrf_env_onset.summary.json,results_env_onset\sub-043\sub-043_backward_mtrf_env_onset.trial_results.csv
sub-043,,,20,1,0.0688327332388531,0.1298951251244269,0.0029279087803942,0.1269672163440327,0.0840468884816345,0.073348638347961,0.0106982501336734,0.0688327332388531,0.84375,32,2,"envelope,onset",data/processed/env_onset/sub-043_mtrf_env_onset.npz,-0.5,0.0,0.05,hamming,1,,l2,1,True,mean,"1.0,1.0",results_env_onset\sub-043\sub-043_backward_mtrf_env_onset.summary.json,results_env_onset\sub-043\sub-043_backward_mtrf_env_onset.trial_results.csv
sub-043,,,21,1,0.1757931965287821,0.1804463710760264,-0.0307451365388741,0.2111915076149005,0.1655432028349662,0.0251483173923025,0.1403948854426637,0.1757931965287821,0.84375,32,2,"envelope,onset",data/processed/env_onset/sub-043_mtrf_env_onset.npz,-0.5,0.0,0.05,hamming,1,,l2,1,True,mean,"1.0,1.0",results_env_onset\sub-043\sub-043_backward_mtrf_env_onset.summary.json,results_env_onset\sub-043\sub-043_backward_mtrf_env_onset.trial_results.csv
sub-043,,,22,1,0.0707159391132563,0.1178707069797312,0.0307585589232455,0.0871121480564857,0.1283016638404675,0.0739819336704405,0.054319730170027,0.0707159391132563,0.84375,32,2,"envelope,onset",data/processed/env_onset/sub-043_mtrf_env_onset.npz,-0.5,0.0,0.05,hamming,1,,l2,1,True,mean,"1.0,1.0",results_env_onset\sub-043\sub-043_backward_mtrf_env_onset.summary.json,results_env_onset\sub-043\sub-043_backward_mtrf_env_onset.trial_results.csv
sub-043,,,23,1,0.0907991957924172,0.0837229184583038,-0.0389905493286973,0.1227134677870011,0.1110520617391639,0.0521671379413307,0.0588849237978332,0.0907991957924172,0.84375,32,2,"envelope,onset",data/processed/env_onset/sub-043_mtrf_env_onset.npz,-0.5,0.0,0.05,hamming,1,,l2,1,True,mean,"1.0,1.0",results_env_onset\sub-043\sub-043_backward_mtrf_env_onset.summary.json,results_env_onset\sub-043\sub-043_backward_mtrf_env_onset.trial_results.csv
sub-043,,,24,1,0.0381476889869125,0.0868731780451712,0.0065399654886565,0.0803332125565146,0.0711956933909043,0.0752335279735939,-0.0040378345826896,0.0381476889869125,0.84375,32,2,"envelope,onset",data/processed/env_onset/sub-043_mtrf_env_onset.npz,-0.5,0.0,0.05,hamming,1,,l2,1,True,mean,"1.0,1.0",results_env_onset\sub-043\sub-043_backward_mtrf_env_onset.summary.json,results_env_onset\sub-043\sub-043_backward_mtrf_env_onset.trial_results.csv
sub-043,,,25,0,-0.0085570171182551,0.0361137416230217,0.086580668009409,-0.0504669263863873,0.0892065050801148,0.0558536129302377,0.033352892149877,-0.0085570171182551,0.84375,32,2,"envelope,onset",data/processed/env_onset/sub-043_mtrf_env_onset.npz,-0.5,0.0,0.05,hamming,1,,l2,1,True,mean,"1.0,1.0",results_env_onset\sub-043\sub-043_backward_mtrf_env_onset.summary.json,results_env_onset\sub-043\sub-043_backward_mtrf_env_onset.trial_results.csv
sub-043,,,26,1,0.0921222795708284,0.074203562983477,-0.0703266094723902,0.1445301724558673,0.08200697005597,0.0422925833701805,0.0397143866857895,0.0921222795708284,0.84375,32,2,"envelope,onset",data/processed/env_onset/sub-043_mtrf_env_onset.npz,-0.5,0.0,0.05,hamming,1,,l2,1,True,mean,"1.0,1.0",results_env_onset\sub-043\sub-043_backward_mtrf_env_onset.summary.json,results_env_onset\sub-043\sub-043_backward_mtrf_env_onset.trial_results.csv
sub-043,,,27,1,0.0985429992268095,0.1143602636841086,-0.009432982444772,0.1237932461288806,0.0649460309643975,-0.0083467213603408,0.0732927523247383,0.0985429992268095,0.84375,32,2,"envelope,onset",data/processed/env_onset/sub-043_mtrf_env_onset.npz,-0.5,0.0,0.05,hamming,1,,l2,1,True,mean,"1.0,1.0",results_env_onset\sub-043\sub-043_backward_mtrf_env_onset.summary.json,results_env_onset\sub-043\sub-043_backward_mtrf_env_onset.trial_results.csv
sub-043,,,28,1,0.0609837796357204,0.1283878151474961,0.0448241549171098,0.0835636602303862,0.0839365619622202,0.0455326629211656,0.0384038990410546,0.0609837796357204,0.84375,32,2,"envelope,onset",data/processed/env_onset/sub-043_mtrf_env_onset.npz,-0.5,0.0,0.05,hamming,1,,l2,1,True,mean,"1.0,1.0",results_env_onset\sub-043\sub-043_backward_mtrf_env_onset.summary.json,results_env_onset\sub-043\sub-043_backward_mtrf_env_onset.trial_results.csv
sub-043,,,29,1,0.0808651077561003,0.1547542157203074,0.0278207695443997,0.1269334461759077,0.1111367880076428,0.0763400186713499,0.0347967693362929,0.0808651077561003,0.84375,32,2,"envelope,onset",data/processed/env_onset/sub-043_mtrf_env_onset.npz,-0.5,0.0,0.05,hamming,1,,l2,1,True,mean,"1.0,1.0",results_env_onset\sub-043\sub-043_backward_mtrf_env_onset.summary.json,results_env_onset\sub-043\sub-043_backward_mtrf_env_onset.trial_results.csv
sub-043,,,30,0,-0.0024276563521906,0.1346941102130133,0.0621757935797217,0.0725183166332915,0.0909099584973149,0.1682835878349877,-0.0773736293376727,-0.0024276563521906,0.84375,32,2,"envelope,onset",data/processed/env_onset/sub-043_mtrf_env_onset.npz,-0.5,0.0,0.05,hamming,1,,l2,1,True,mean,"1.0,1.0",results_env_onset\sub-043\sub-043_backward_mtrf_env_onset.summary.json,results_env_onset\sub-043\sub-043_backward_mtrf_env_onset.trial_results.csv
sub-043,,,31,1,0.0268360227854082,0.0901848896132742,0.0696755520097317,0.0205093376035424,0.0874465548035787,0.0542838468363047,0.0331627079672739,0.0268360227854082,0.84375,32,2,"envelope,onset",data/processed/env_onset/sub-043_mtrf_env_onset.npz,-0.5,0.0,0.05,hamming,1,,l2,1,True,mean,"1.0,1.0",results_env_onset\sub-043\sub-043_backward_mtrf_env_onset.summary.json,results_env_onset\sub-043\sub-043_backward_mtrf_env_onset.trial_results.csv
sub-044,,,0,1,0.2844481115052119,0.2077805261362887,-0.047245019738604,0.2550255458748928,0.2236094536302045,-0.0902612235053264,0.313870677135531,0.2844481115052119,1.0,32,2,"envelope,onset",data/processed/env_onset/sub-044_mtrf_env_onset.npz,-0.5,0.0,0.05,hamming,1,,l2,1,True,mean,"1.0,1.0",results_env_onset\sub-044\sub-044_backward_mtrf_env_onset.summary.json,results_env_onset\sub-044\sub-044_backward_mtrf_env_onset.trial_results.csv
sub-044,,,1,1,0.1672958474532465,0.140836730784884,-0.0190116112752035,0.1598483420600875,0.1631344051046324,-0.011608947741773,0.1747433528464055,0.1672958474532465,1.0,32,2,"envelope,onset",data/processed/env_onset/sub-044_mtrf_env_onset.npz,-0.5,0.0,0.05,hamming,1,,l2,1,True,mean,"1.0,1.0",results_env_onset\sub-044\sub-044_backward_mtrf_env_onset.summary.json,results_env_onset\sub-044\sub-044_backward_mtrf_env_onset.trial_results.csv
sub-044,,,2,1,0.1242133849884261,0.1386565921893017,0.0005123454345445,0.1381442467547571,0.1306994428241652,0.0204169196020701,0.110282523222095,0.1242133849884261,1.0,32,2,"envelope,onset",data/processed/env_onset/sub-044_mtrf_env_onset.npz,-0.5,0.0,0.05,hamming,1,,l2,1,True,mean,"1.0,1.0",results_env_onset\sub-044\sub-044_backward_mtrf_env_onset.summary.json,results_env_onset\sub-044\sub-044_backward_mtrf_env_onset.trial_results.csv
sub-044,,,3,1,0.2255092479810375,0.1182577682170296,-0.1351784846091831,0.2534362528262128,0.1175914193910091,-0.0799908237448529,0.1975822431358621,0.2255092479810375,1.0,32,2,"envelope,onset",data/processed/env_onset/sub-044_mtrf_env_onset.npz,-0.5,0.0,0.05,hamming,1,,l2,1,True,mean,"1.0,1.0",results_env_onset\sub-044\sub-044_backward_mtrf_env_onset.summary.json,results_env_onset\sub-044\sub-044_backward_mtrf_env_onset.trial_results.csv
sub-044,,,4,1,0.1747394156770772,0.1062730717133162,-0.0704610507455426,0.1767341224588588,0.1641949413823434,-0.0085497675129521,0.1727447088952956,0.1747394156770772,1.0,32,2,"envelope,onset",data/processed/env_onset/sub-044_mtrf_env_onset.npz,-0.5,0.0,0.05,hamming,1,,l2,1,True,mean,"1.0,1.0",results_env_onset\sub-044\sub-044_backward_mtrf_env_onset.summary.json,results_env_onset\sub-044\sub-044_backward_mtrf_env_onset.trial_results.csv
sub-044,,,5,1,0.0928742476170163,0.1002561826740834,-0.0176603096795938,0.1179164923536772,0.1103808672134857,0.0425488643331304,0.0678320028803553,0.0928742476170163,1.0,32,2,"envelope,onset",data/processed/env_onset/sub-044_mtrf_env_onset.npz,-0.5,0.0,0.05,hamming,1,,l2,1,True,mean,"1.0,1.0",results_env_onset\sub-044\sub-044_backward_mtrf_env_onset.summary.json,results_env_onset\sub-044\sub-044_backward_mtrf_env_onset.trial_results.csv
sub-044,,,6,1,0.2278702538698336,0.2560792520862229,-0.006929152610542,0.263008404696765,0.2095499896969272,0.0168178866540249,0.1927321030429023,0.2278702538698336,1.0,32,2,"envelope,onset",data/processed/env_onset/sub-044_mtrf_env_onset.npz,-0.5,0.0,0.05,hamming,1,,l2,1,True,mean,"1.0,1.0",results_env_onset\sub-044\sub-044_backward_mtrf_env_onset.summary.json,results_env_onset\sub-044\sub-044_backward_mtrf_env_onset.trial_results.csv
sub-044,,,7,1,0.1930500793473134,0.1345740800370672,-0.0275587761714499,0.1621328562085172,0.1717277481539102,-0.0522395543321995,0.2239673024861097,0.1930500793473134,1.0,32,2,"envelope,onset",data/processed/env_onset/sub-044_mtrf_env_onset.npz,-0.5,0.0,0.05,hamming,1,,l2,1,True,mean,"1.0,1.0",results_env_onset\sub-044\sub-044_backward_mtrf_env_onset.summary.json,results_env_onset\sub-044\sub-044_backward_mtrf_env_onset.trial_results.csv
sub-044,,,8,1,0.1481543033745868,0.2246091870466641,0.0458820056711562,0.1787271813755078,0.2256296568462401,0.1080482314725743,0.1175814253736657,0.1481543033745868,1.0,32,2,"envelope,onset",data/processed/env_onset/sub-044_mtrf_env_onset.npz,-0.5,0.0,0.05,hamming,1,,l2,1,True,mean,"1.0,1.0",results_env_onset\sub-044\sub-044_backward_mtrf_env_onset.summary.json,results_env_onset\sub-044\sub-044_backward_mtrf_env_onset.trial_results.csv
sub-044,,,9,1,0.1804577814819718,0.1961286097156122,0.0386578284457891,0.157470781269823,0.2760634456660097,0.0726186639718891,0.2034447816941206,0.1804577814819718,1.0,32,2,"envelope,onset",data/processed/env_onset/sub-044_mtrf_env_onset.npz,-0.5,0.0,0.05,hamming,1,,l2,1,True,mean,"1.0,1.0",results_env_onset\sub-044\sub-044_backward_mtrf_env_onset.summary.json,results_env_onset\sub-044\sub-044_backward_mtrf_env_onset.trial_results.csv
sub-044,,,10,1,0.19041429424818,0.2018227710263743,-0.0353729747097393,0.2371957457361136,0.1348968616690262,-0.0087359810912203,0.1436328427602465,0.19041429424818,1.0,32,2,"envelope,onset",data/processed/env_onset/sub-044_mtrf_env_onset.npz,-0.5,0.0,0.05,hamming,1,,l2,1,True,mean,"1.0,1.0",results_env_onset\sub-044\sub-044_backward_mtrf_env_onset.summary.json,results_env_onset\sub-044\sub-044_backward_mtrf_env_onset.trial_results.csv
sub-044,,,11,1,0.1663491278422581,0.1928339286009341,0.0185166948801649,0.1743172337207691,0.1989775032609396,0.0405964812971924,0.1583810219637471,0.1663491278422581,1.0,32,2,"envelope,onset",data/processed/env_onset/sub-044_mtrf_env_onset.npz,-0.5,0.0,0.05,hamming,1,,l2,1,True,mean,"1.0,1.0",results_env_onset\sub-044\sub-044_backward_mtrf_env_onset.summary.json,results_env_onset\sub-044\sub-044_backward_mtrf_env_onset.trial_results.csv
sub-044,,,12,1,0.228109973012854,0.2123742051189806,-0.0448510545908798,0.2572252597098605,0.2195673335068223,0.0205726471909747,0.1989946863158476,0.228109973012854,1.0,32,2,"envelope,onset",data/processed/env_onset/sub-044_mtrf_env_onset.npz,-0.5,0.0,0.05,hamming,1,,l2,1,True,mean,"1.0,1.0",results_env_onset\sub-044\sub-044_backward_mtrf_env_onset.summary.json,results_env_onset\sub-044\sub-044_backward_mtrf_env_onset.trial_results.csv
sub-044,,,13,1,0.0811625440344462,0.0988949318195856,0.0258108455017371,0.0730840863178484,0.1256343536779551,0.0363933519269112,0.0892410017510439,0.0811625440344462,1.0,32,2,"envelope,onset",data/processed/env_onset/sub-044_mtrf_env_onset.npz,-0.5,0.0,0.05,hamming,1,,l2,1,True,mean,"1.0,1.0",results_env_onset\sub-044\sub-044_backward_mtrf_env_onset.summary.json,results_env_onset\sub-044\sub-044_backward_mtrf_env_onset.trial_results.csv
sub-044,,,14,1,0.1683102579959941,0.1514946077591905,-0.0482435285800718,0.1997381363392624,0.1420022511907891,0.0051198715380633,0.1368823796527258,0.1683102579959941,1.0,32,2,"envelope,onset",data/processed/env_onset/sub-044_mtrf_env_onset.npz,-0.5,0.0,0.05,hamming,1,,l2,1,True,mean,"1.0,1.0",results_env_onset\sub-044\sub-044_backward_mtrf_env_onset.summary.json,results_env_onset\sub-044\sub-044_backward_mtrf_env_onset.trial_results.csv
sub-044,,,15,1,0.0516739408765457,0.1045929274171801,0.0575798386205332,0.0470130887966468,0.1644640124290702,0.1081292194726255,0.0563347929564446,0.0516739408765457,1.0,32,2,"envelope,onset",data/processed/env_onset/sub-044_mtrf_env_onset.npz,-0.5,0.0,0.05,hamming,1,,l2,1,True,mean,"1.0,1.0",results_env_onset\sub-044\sub-044_backward_mtrf_env_onset.summary.json,results_env_onset\sub-044\sub-044_backward_mtrf_env_onset.trial_results.csv
sub-044,,,16,1,0.0995744017343615,0.1638985617119955,0.0528574462930567,0.1110411154189388,0.1622513694402655,0.0741436813904812,0.0881076880497843,0.0995744017343615,1.0,32,2,"envelope,onset",data/processed/env_onset/sub-044_mtrf_env_onset.npz,-0.5,0.0,0.05,hamming,1,,l2,1,True,mean,"1.0,1.0",results_env_onset\sub-044\sub-044_backward_mtrf_env_onset.summary.json,results_env_onset\sub-044\sub-044_backward_mtrf_env_onset.trial_results.csv
sub-044,,,17,1,0.0629256312755216,0.1439636075735849,0.0978180673304143,0.0461455402431705,0.1693781832537338,0.0896724609458611,0.0797057223078726,0.0629256312755216,1.0,32,2,"envelope,onset",data/processed/env_onset/sub-044_mtrf_env_onset.npz,-0.5,0.0,0.05,hamming,1,,l2,1,True,mean,"1.0,1.0",results_env_onset\sub-044\sub-044_backward_mtrf_env_onset.summary.json,results_env_onset\sub-044\sub-044_backward_mtrf_env_onset.trial_results.csv
sub-044,,,18,1,0.1011818203654651,0.1065735665147051,0.0285799496185109,0.0779936168961941,0.1352265034731306,0.0108564796383945,0.124370023834736,0.1011818203654651,1.0,32,2,"envelope,onset",data/processed/env_onset/sub-044_mtrf_env_onset.npz,-0.5,0.0,0.05,hamming,1,,l2,1,True,mean,"1.0,1.0",results_env_onset\sub-044\sub-044_backward_mtrf_env_onset.summary.json,results_env_onset\sub-044\sub-044_backward_mtrf_env_onset.trial_results.csv
sub-044,,,19,1,0.2017186726792096,0.240918812884523,-0.0043078727448288,0.2452266856293518,0.1892878488865549,0.0310771891574875,0.1582106597290674,0.2017186726792096,1.0,32,2,"envelope,onset",data/processed/env_onset/sub-044_mtrf_env_onset.npz,-0.5,0.0,0.05,hamming,1,,l2,1,True,mean,"1.0,1.0",results_env_onset\sub-044\sub-044_backward_mtrf_env_onset.summary.json,results_env_onset\sub-044\sub-044_backward_mtrf_env_onset.trial_results.csv
sub-044,,,20,1,0.1919283759549735,0.1729743615641173,-0.0109543963727541,0.1839287579368714,0.2020616204901611,0.0021336265170854,0.1999279939730757,0.1919283759549735,1.0,32,2,"envelope,onset",data/processed/env_onset/sub-044_mtrf_env_onset.npz,-0.5,0.0,0.05,hamming,1,,l2,1,True,mean,"1.0,1.0",results_env_onset\sub-044\sub-044_backward_mtrf_env_onset.summary.json,results_env_onset\sub-044\sub-044_backward_mtrf_env_onset.trial_results.csv
sub-044,,,21,1,0.1904478636028478,0.2487272239886092,0.0679372373166623,0.1807899866719468,0.2807830848615808,0.0806773443278319,0.2001057405337489,0.1904478636028478,1.0,32,2,"envelope,onset",data/processed/env_onset/sub-044_mtrf_env_onset.npz,-0.5,0.0,0.05,hamming,1,,l2,1,True,mean,"1.0,1.0",results_env_onset\sub-044\sub-044_backward_mtrf_env_onset.summary.json,results_env_onset\sub-044\sub-044_backward_mtrf_env_onset.trial_results.csv
sub-044,,,22,1,0.1815514617557354,0.0979363184529711,-0.0607019112132537,0.1586382296662248,0.1992132781151732,-0.0052514157300726,0.2044646938452458,0.1815514617557354,1.0,32,2,"envelope,onset",data/processed/env_onset/sub-044_mtrf_env_onset.npz,-0.5,0.0,0.05,hamming,1,,l2,1,True,mean,"1.0,1.0",results_env_onset\sub-044\sub-044_backward_mtrf_env_onset.summary.json,results_env_onset\sub-044\sub-044_backward_mtrf_env_onset.trial_results.csv
sub-044,,,23,1,0.2532091271881563,0.2612589791326289,-0.0294740636886915,0.2907330428213205,0.2387767874780895,0.0230915759230973,0.2156852115549922,0.2532091271881563,1.0,32,2,"envelope,onset",data/processed/env_onset/sub-044_mtrf_env_onset.npz,-0.5,0.0,0.05,hamming,1,,l2,1,True,mean,"1.0,1.0",results_env_onset\sub-044\sub-044_backward_mtrf_env_onset.summary.json,results_env_onset\sub-044\sub-044_backward_mtrf_env_onset.trial_results.csv
sub-044,,,24,1,0.1387794875860467,0.1100114479896858,-0.0117905307339081,0.121801978723594,0.1754435901157855,0.019686593667286,0.1557569964484995,0.1387794875860467,1.0,32,2,"envelope,onset",data/processed/env_onset/sub-044_mtrf_env_onset.npz,-0.5,0.0,0.05,hamming,1,,l2,1,True,mean,"1.0,1.0",results_env_onset\sub-044\sub-044_backward_mtrf_env_onset.summary.json,results_env_onset\sub-044\sub-044_backward_mtrf_env_onset.trial_results.csv
sub-044,,,25,1,0.2634971471548017,0.2354618341890957,-0.0354741980263172,0.2709360322154129,0.2357393751826595,-0.0203188869115309,0.2560582620941904,0.2634971471548017,1.0,32,2,"envelope,onset",data/processed/env_onset/sub-044_mtrf_env_onset.npz,-0.5,0.0,0.05,hamming,1,,l2,1,True,mean,"1.0,1.0",results_env_onset\sub-044\sub-044_backward_mtrf_env_onset.summary.json,results_env_onset\sub-044\sub-044_backward_mtrf_env_onset.trial_results.csv
sub-044,,,26,1,0.1248320557717602,0.1613032729742115,-0.0050317990246179,0.1663350719988295,0.1226529514780998,0.0393239119334089,0.0833290395446909,0.1248320557717602,1.0,32,2,"envelope,onset",data/processed/env_onset/sub-044_mtrf_env_onset.npz,-0.5,0.0,0.05,hamming,1,,l2,1,True,mean,"1.0,1.0",results_env_onset\sub-044\sub-044_backward_mtrf_env_onset.summary.json,results_env_onset\sub-044\sub-044_backward_mtrf_env_onset.trial_results.csv
sub-044,,,27,1,0.1564487255319207,0.1590012440028277,0.0189434367801796,0.1400578072226481,0.1841956893961003,0.0113560455549069,0.1728396438411933,0.1564487255319207,1.0,32,2,"envelope,onset",data/processed/env_onset/sub-044_mtrf_env_onset.npz,-0.5,0.0,0.05,hamming,1,,l2,1,True,mean,"1.0,1.0",results_env_onset\sub-044\sub-044_backward_mtrf_env_onset.summary.json,results_env_onset\sub-044\sub-044_backward_mtrf_env_onset.trial_results.csv
sub-044,,,28,1,0.0688199002629868,0.1171126166253878,0.0257119386456979,0.0914006779796899,0.136131588996509,0.0898924664502253,0.0462391225462837,0.0688199002629868,1.0,32,2,"envelope,onset",data/processed/env_onset/sub-044_mtrf_env_onset.npz,-0.5,0.0,0.05,hamming,1,,l2,1,True,mean,"1.0,1.0",results_env_onset\sub-044\sub-044_backward_mtrf_env_onset.summary.json,results_env_onset\sub-044\sub-044_backward_mtrf_env_onset.trial_results.csv
sub-044,,,29,1,0.1031853151900839,0.1240397744449245,0.0014714685794144,0.12256830586551,0.1290211556017617,0.0452188310871038,0.0838023245146579,0.1031853151900839,1.0,32,2,"envelope,onset",data/processed/env_onset/sub-044_mtrf_env_onset.npz,-0.5,0.0,0.05,hamming,1,,l2,1,True,mean,"1.0,1.0",results_env_onset\sub-044\sub-044_backward_mtrf_env_onset.summary.json,results_env_onset\sub-044\sub-044_backward_mtrf_env_onset.trial_results.csv
sub-044,,,30,1,0.0322370795803351,0.1342613533612914,0.0622740418916733,0.0719873114696181,0.13325701609256,0.1407701684015079,-0.0075131523089479,0.0322370795803351,1.0,32,2,"envelope,onset",data/processed/env_onset/sub-044_mtrf_env_onset.npz,-0.5,0.0,0.05,hamming,1,,l2,1,True,mean,"1.0,1.0",results_env_onset\sub-044\sub-044_backward_mtrf_env_onset.summary.json,results_env_onset\sub-044\sub-044_backward_mtrf_env_onset.trial_results.csv
sub-044,,,31,1,0.1180857284156854,0.128703636010022,0.0171361343055922,0.1115675017044298,0.1705632355821273,0.0459592804551861,0.1246039551269411,0.1180857284156854,1.0,32,2,"envelope,onset",data/processed/env_onset/sub-044_mtrf_env_onset.npz,-0.5,0.0,0.05,hamming,1,,l2,1,True,mean,"1.0,1.0",results_env_onset\sub-044\sub-044_backward_mtrf_env_onset.summary.json,results_env_onset\sub-044\sub-044_backward_mtrf_env_onset.trial_results.csv
