subject,trial_index,correct,score,r_att_envelope,r_ign_envelope,diff_envelope,r_att_onset,r_ign_onset,diff_onset,r_diff_combined,subject_decoding_accuracy,subject_n_trials,subject_n_features,predictor_names,input_path,tstart,tstop,basis,basis_window,test,partitions,error,selective_stopping,scale_data,score_mode,feature_weights,summary_path,trial_csv_path,hearing_status,group_label,group_HI,z_att_envelope,z_ign_envelope,z_att_onset,z_ign_onset,z_delta_envelope,z_delta_onset,z_delta_combined,delta_envelope,delta_onset,delta_combined
sub-001,0,1,0.0750237347317015,0.1069121409915486,0.0452544361315807,0.0616577048599678,0.1330782293872634,0.0446884647838281,0.0883897646034352,0.0750237347317015,0.9375,32,2,"envelope,onset",data/processed/env_onset/sub-001_mtrf_env_onset.npz,-0.5,0.0,0.05,hamming,1,,l2,1,True,mean,"1.0,1.0",results_env_onset\sub-001\sub-001_backward_mtrf_env_onset.summary.json,results_env_onset\sub-001\sub-001_backward_mtrf_env_onset.trial_results.csv,hi,HI,1,0.10732230020488169,0.045285367299892645,0.13387228107314128,0.044718248979004,0.062036932904989045,0.08915403209413728,0.07559548249956316,0.061657704859967896,0.08838976460343531,0.0750237347317016
sub-001,1,1,0.1295501185165273,0.1550281279572823,0.0157468504533054,0.1392812775039769,0.1777186931480653,0.0578997336189876,0.1198189595290777,0.1295501185165273,0.9375,32,2,"envelope,onset",data/processed/env_onset/sub-001_mtrf_env_onset.npz,-0.5,0.0,0.05,hamming,1,,l2,1,True,mean,"1.0,1.0",results_env_onset\sub-001\sub-001_backward_mtrf_env_onset.summary.json,results_env_onset\sub-001\sub-001_backward_mtrf_env_onset.trial_results.csv,hi,HI,1,0.15628831829470327,0.015748152193978033,0.1796259881757454,0.057964564692022935,0.14054016610072523,0.12166142348372247,0.13110079479222386,0.1392812775039769,0.1198189595290777,0.1295501185165273
sub-001,2,1,0.100021799679509,0.0703987505174224,-0.0081138507991146,0.078512601316537,0.0834314537085973,-0.0380995443338837,0.1215309980424811,0.100021799679509,0.9375,32,2,"envelope,onset",data/processed/env_onset/sub-001_mtrf_env_onset.npz,-0.5,0.0,0.05,hamming,1,,l2,1,True,mean,"1.0,1.0",results_env_onset\sub-001\sub-001_backward_mtrf_env_onset.summary.json,results_env_onset\sub-001\sub-001_backward_mtrf_env_onset.trial_results.csv,hi,HI,1,0.07051539593221189,-0.008114028863454085,0.08362584967720658,-0.0381179951917955,0.07862942479566597,0.12174384486900208,0.10018663483233403,0.078512601316537,0.12153099804248099,0.100021799679509
sub-001,3,0,-0.0189670177846236,0.1176748498219625,0.0839602143379485,0.0337146354840139,0.04895272093117,0.1206013919844312,-0.0716486710532611,-0.0189670177846236,0.9375,32,2,"envelope,onset",data/processed/env_onset/sub-001_mtrf_env_onset.npz,-0.5,0.0,0.05,hamming,1,,l2,1,True,mean,"1.0,1.0",results_env_onset\sub-001\sub-001_backward_mtrf_env_onset.summary.json,results_env_onset\sub-001\sub-001_backward_mtrf_env_onset.trial_results.csv,hi,HI,1,0.1182225701730888,0.08415834041299562,0.048991880176391105,0.12119125172123581,0.034064229760093184,-0.07219937154484471,-0.019067570892375763,0.033714635484014,-0.0716486710532612,-0.018967017784623598
sub-001,4,1,0.1232319149460431,0.0685914827928526,-0.0316454187014001,0.1002369014942527,0.1129758780382539,-0.0332510503595795,0.1462269283978334,0.1232319149460431,0.9375,32,2,"envelope,onset",data/processed/env_onset/sub-001_mtrf_env_onset.npz,-0.5,0.0,0.05,hamming,1,,l2,1,True,mean,"1.0,1.0",results_env_onset\sub-001\sub-001_backward_mtrf_env_onset.summary.json,results_env_onset\sub-001\sub-001_backward_mtrf_env_onset.trial_results.csv,hi,HI,1,0.0686993570144225,-0.0316559886370231,0.11346025059147254,-0.03326331297435731,0.10035534565144559,0.14672356356582986,0.12353945460863772,0.1002369014942527,0.1462269283978334,0.12323191494604305
sub-001,5,1,0.0435838611837029,0.108550747751439,0.0363158001935098,0.0722349475579291,0.1097132538291662,0.0947804790196894,0.0149327748094767,0.0435838611837029,0.9375,32,2,"envelope,onset",data/processed/env_onset/sub-001_mtrf_env_onset.npz,-0.5,0.0,0.05,hamming,1,,l2,1,True,mean,"1.0,1.0",results_env_onset\sub-001\sub-001_backward_mtrf_env_onset.summary.json,results_env_onset\sub-001\sub-001_backward_mtrf_env_onset.trial_results.csv,hi,HI,1,0.10898014844610969,0.03633177771628938,0.11015666675291924,0.0950658337332635,0.0726483707298203,0.015090833019655747,0.043869601874738026,0.0722349475579292,0.014932774809476801,0.043583861183703
sub-001,6,1,0.1118159034446914,0.153606139309526,0.0261186327284768,0.1274875065810491,0.1260724019071377,0.029928101598804,0.0961443003083336,0.1118159034446914,0.9375,32,2,"envelope,onset",data/processed/env_onset/sub-001_mtrf_env_onset.npz,-0.5,0.0,0.05,hamming,1,,l2,1,True,mean,"1.0,1.0",results_env_onset\sub-001\sub-001_backward_mtrf_env_onset.summary.json,results_env_onset\sub-001\sub-001_backward_mtrf_env_onset.trial_results.csv,hi,HI,1,0.15483164037329025,0.026124574389510956,0.12674678710708445,0.029937041850315597,0.1287070659837793,0.09680974525676886,0.11275840562027407,0.12748750658104918,0.0961443003083337,0.11181590344469144
sub-001,7,1,0.0795106341045098,0.1499701871568614,0.0271745736029335,0.1227956135539278,0.1326356537734587,0.0964099991183668,0.0362256546550918,0.0795106341045098,0.9375,32,2,"envelope,onset",data/processed/env_onset/sub-001_mtrf_env_onset.npz,-0.5,0.0,0.05,hamming,1,,l2,1,True,mean,"1.0,1.0",results_env_onset\sub-001\sub-001_backward_mtrf_env_onset.summary.json,results_env_onset\sub-001\sub-001_backward_mtrf_env_onset.trial_results.csv,hi,HI,1,0.15110993700372116,0.02718126565704259,0.13342175319884567,0.0967103828386002,0.12392867134667856,0.036711370360245466,0.08032002085346202,0.12279561355392789,0.03622565465509191,0.0795106341045099
sub-001,8,1,0.0834096180045597,0.1635635044765271,0.0503282351105648,0.1132352693659622,0.1660444324686735,0.1124604658255163,0.0535839666431572,0.0834096180045597,0.9375,32,2,"envelope,onset",data/processed/env_onset/sub-001_mtrf_env_onset.npz,-0.5,0.0,0.05,hamming,1,,l2,1,True,mean,"1.0,1.0",results_env_onset\sub-001\sub-001_backward_mtrf_env_onset.summary.json,results_env_onset\sub-001\sub-001_backward_mtrf_env_onset.trial_results.csv,hi,HI,1,0.16504598057558498,0.0503707924593601,0.1675961741673253,0.11293820558309438,0.11467518811622487,0.05465796858423093,0.0846665783502279,0.11323526936596229,0.053583966643157205,0.08340961800455975
sub-001,9,1,0.0044910189029927,0.0213888994307887,-0.0142848376225617,0.0356737370533505,-0.0098395479229387,0.0168521513244261,-0.0266916992473649,0.0044910189029927,0.9375,32,2,"envelope,onset",data/processed/env_onset/sub-001_mtrf_env_onset.npz,-0.5,0.0,0.05,hamming,1,,l2,1,True,mean,"1.0,1.0",results_env_onset\sub-001\sub-001_backward_mtrf_env_onset.summary.json,results_env_onset\sub-001\sub-001_backward_mtrf_env_onset.trial_results.csv,hi,HI,1,0.02139216202674196,-0.01428580937993905,-0.009839865485583504,0.016853746905246176,0.03567797140668101,-0.02669361239082968,0.004492179507925666,0.0356737370533504,-0.0266916992473648,0.004491018902992798
sub-001,10,1,0.0475364802391222,0.1502589633500531,0.053484678811119,0.0967742845389341,0.1252259837376148,0.1269273077983045,-0.0017013240606896,0.0475364802391222,0.9375,32,2,"envelope,onset",data/processed/env_onset/sub-001_mtrf_env_onset.npz,-0.5,0.0,0.05,hamming,1,,l2,1,True,mean,"1.0,1.0",results_env_onset\sub-001\sub-001_backward_mtrf_env_onset.summary.json,results_env_onset\sub-001\sub-001_backward_mtrf_env_onset.trial_results.csv,hi,HI,1,0.15140537061408088,0.05353576614222997,0.12588679151358736,0.12761559591850644,0.09786960447185092,-0.001728804404919071,0.048070400033465924,0.0967742845389341,-0.0017013240606897073,0.04753648023912219
sub-001,11,1,0.0983536461572696,0.1286803480767036,0.0447138062956117,0.0839665417810918,0.168115053384161,0.0553743028507135,0.1127407505334475,0.0983536461572696,0.9375,32,2,"envelope,onset",data/processed/env_onset/sub-001_mtrf_env_onset.npz,-0.5,0.0,0.05,hamming,1,,l2,1,True,mean,"1.0,1.0",results_env_onset\sub-001\sub-001_backward_mtrf_env_onset.summary.json,results_env_onset\sub-001\sub-001_backward_mtrf_env_onset.trial_results.csv,hi,HI,1,0.12939774599946832,0.044743641229368275,0.1697262586026137,0.05543100553082328,0.08465410477010005,0.11429525307179042,0.09947467892094523,0.08396654178109189,0.1127407505334475,0.09835364615726969
sub-001,12,1,0.0873684272715772,0.1299783519054138,0.0824482198561255,0.0475301320492883,0.1674752677124757,0.0402685452186095,0.1272067224938662,0.0873684272715772,0.9375,32,2,"envelope,onset",data/processed/env_onset/sub-001_mtrf_env_onset.npz,-0.5,0.0,0.05,hamming,1,,l2,1,True,mean,"1.0,1.0",results_env_onset\sub-001\sub-001_backward_mtrf_env_onset.summary.json,results_env_onset\sub-001\sub-001_backward_mtrf_env_onset.trial_results.csv,hi,HI,1,0.13071782985532598,0.08263580521051721,0.16906793773984555,0.04029033231673741,0.04808202464480878,0.12877760542310812,0.08842981503395844,0.0475301320492883,0.1272067224938662,0.08736842727157725
sub-001,13,1,0.1421110700801,0.111889761050815,-0.0323774742648009,0.1442672353156159,0.1070846786430387,-0.0328702262015454,0.1399549048445841,0.1421110700801,0.9375,32,2,"envelope,onset",data/processed/env_onset/sub-001_mtrf_env_onset.npz,-0.5,0.0,0.05,hamming,1,,l2,1,True,mean,"1.0,1.0",results_env_onset\sub-001\sub-001_backward_mtrf_env_onset.summary.json,results_env_onset\sub-001\sub-001_backward_mtrf_env_onset.trial_results.csv,hi,HI,1,0.11236022795136029,-0.032388795164099836,0.10749683605841803,-0.03288207211322177,0.14474902311546012,0.1403789081716398,0.14256396564354995,0.1442672353156159,0.1399549048445841,0.1421110700801
sub-001,14,1,0.1201168184699177,0.1099752422379889,0.0174625240581317,0.0925127181798571,0.1695507850780528,0.0218298663180745,0.1477209187599782,0.1201168184699177,0.9375,32,2,"envelope,onset",data/processed/env_onset/sub-001_mtrf_env_onset.npz,-0.5,0.0,0.05,hamming,1,,l2,1,True,mean,"1.0,1.0",results_env_onset\sub-001\sub-001_backward_mtrf_env_onset.summary.json,results_env_onset\sub-001\sub-001_backward_mtrf_env_onset.trial_results.csv,hi,HI,1,0.11042185485906517,0.017464299388850763,0.17120411625430948,0.021833334933685434,0.0929575554702144,0.14937078132062404,0.12116416839541921,0.09251271817985719,0.14772091875997828,0.12011681846991773
sub-001,15,1,0.0669386811319301,0.0828326670215239,0.037939353947011,0.0448933130745129,0.1193160668574746,0.0303320176681271,0.0889840491893474,0.0669386811319301,0.9375,32,2,"envelope,onset",data/processed/env_onset/sub-001_mtrf_env_onset.npz,-0.5,0.0,0.05,hamming,1,,l2,1,True,mean,"1.0,1.0",results_env_onset\sub-001\sub-001_backward_mtrf_env_onset.summary.json,results_env_onset\sub-001\sub-001_backward_mtrf_env_onset.trial_results.csv,hi,HI,1,0.08302289599522249,0.03795757291762745,0.1198871604040133,0.030341324941630658,0.04506532307759504,0.08954583546238265,0.06730557926998884,0.04489331307451291,0.0889840491893475,0.0669386811319302
sub-001,16,1,0.035357526875592,0.0565018019430463,0.0298255244574599,0.0266762774855864,0.1021534768334732,0.0581147005678755,0.0440387762655976,0.035357526875592,0.9375,32,2,"envelope,onset",data/processed/env_onset/sub-001_mtrf_env_onset.npz,-0.5,0.0,0.05,hamming,1,,l2,1,True,mean,"1.0,1.0",results_env_onset\sub-001\sub-001_backward_mtrf_env_onset.summary.json,results_env_onset\sub-001\sub-001_backward_mtrf_env_onset.trial_results.csv,hi,HI,1,0.0565620438376583,0.029834373064263113,0.1025110535539532,0.05818025741265033,0.02672767077339519,0.044330796141302864,0.03552923345734903,0.0266762774855864,0.0440387762655977,0.03535752687559205
sub-001,17,1,0.1537697834533776,0.1479727932968087,-0.0034378001892202,0.1514105934860289,0.1621323857371572,0.0060034123164308,0.1561289734207263,0.1537697834533776,0.9375,32,2,"envelope,onset",data/processed/env_onset/sub-001_mtrf_env_onset.npz,-0.5,0.0,0.05,hamming,1,,l2,1,True,mean,"1.0,1.0",results_env_onset\sub-001\sub-001_backward_mtrf_env_onset.summary.json,results_env_onset\sub-001\sub-001_backward_mtrf_env_onset.trial_results.csv,hi,HI,1,0.14906720915508612,-0.0034378137324958652,0.16357587516632616,0.006003484440903734,0.15250502288758197,0.15757239072542242,0.1550387068065022,0.15141059348602892,0.15612897342072637,0.15376978345337766
sub-001,18,1,0.0036074263948804,0.1014335547718304,0.1028425549777139,-0.0014090002058834,0.08708864201105,0.0784647890154055,0.0086238529956444,0.0036074263948804,0.9375,32,2,"envelope,onset",data/processed/env_onset/sub-001_mtrf_env_onset.npz,-0.5,0.0,0.05,hamming,1,,l2,1,True,mean,"1.0,1.0",results_env_onset\sub-001\sub-001_backward_mtrf_env_onset.summary.json,results_env_onset\sub-001\sub-001_backward_mtrf_env_onset.trial_results.csv,hi,HI,1,0.10178359357759907,0.10320744793716013,0.08730982201686659,0.0786264151493345,-0.0014238543595610637,0.008683406867532092,0.0036297762539855144,-0.0014090002058834983,0.008623852995644499,0.0036074263948805
sub-001,19,1,0.0028992988049991,0.068334823667822,0.0670997728343573,0.0012350508334647,0.0624055298858454,0.0578419831093118,0.0045635467765336,0.0028992988049991,0.9375,32,2,"envelope,onset",data/processed/env_onset/sub-001_mtrf_env_onset.npz,-0.5,0.0,0.05,hamming,1,,l2,1,True,mean,"1.0,1.0",results_env_onset\sub-001\sub-001_backward_mtrf_env_onset.summary.json,results_env_onset\sub-001\sub-001_backward_mtrf_env_onset.trial_results.csv,hi,HI,1,0.06844148920910867,0.067200748634744,0.062486731453695855,0.05790662012387172,0.001240740574364671,0.004580111329824138,0.0029104259520944045,0.0012350508334647015,0.004563546776533596,0.0028992988049991487
sub-001,20,1,0.0288717073276024,0.1109781246694435,0.0903999699933966,0.0205781546760469,0.1160245513506787,0.0788592913715208,0.0371652599791579,0.0288717073276024,0.9375,32,2,"envelope,onset",data/processed/env_onset/sub-001_mtrf_env_onset.npz,-0.5,0.0,0.05,hamming,1,,l2,1,True,mean,"1.0,1.0",results_env_onset\sub-001\sub-001_backward_mtrf_env_onset.summary.json,results_env_onset\sub-001\sub-001_backward_mtrf_env_onset.trial_results.csv,hi,HI,1,0.11143712889854944,0.09064743871915573,0.11654942644330364,0.07902337377821077,0.020789690179393708,0.037526052665092874,0.02915787142224329,0.0205781546760469,0.0371652599791579,0.0288717073276024
sub-001,21,1,0.1045267351483695,0.1261571701621575,0.0174490619423936,0.1087081082197639,0.0893624856992701,-0.0109828763777048,0.100345362076975,0.1045267351483695,0.9375,32,2,"envelope,onset",data/processed/env_onset/sub-001_mtrf_env_onset.npz,-0.5,0.0,0.05,hamming,1,,l2,1,True,mean,"1.0,1.0",results_env_onset\sub-001\sub-001_backward_mtrf_env_onset.summary.json,results_env_onset\sub-001\sub-001_backward_mtrf_env_onset.trial_results.csv,hi,HI,1,0.12683292538625707,0.017450833169892124,0.08960150460811306,-0.010983318007599923,0.10938209221636494,0.10058482261571298,0.10498345741603896,0.1087081082197639,0.1003453620769749,0.10452673514836941
sub-001,22,0,-0.01874479904251,0.1228852300267693,0.122939404318424,-5.417429165470444e-05,0.1015166129417484,0.1389520367351138,-0.0374354237933654,-0.01874479904251,0.9375,32,2,"envelope,onset",data/processed/env_onset/sub-001_mtrf_env_onset.npz,-0.5,0.0,0.05,hamming,1,,l2,1,True,mean,"1.0,1.0",results_env_onset\sub-001\sub-001_backward_mtrf_env_onset.summary.json,results_env_onset\sub-001\sub-001_backward_mtrf_env_onset.trial_results.csv,hi,HI,1,0.12350944985190843,0.12356445513242673,0.10186751591201187,0.13985682162155763,-5.500528051829989e-05,-0.037989305709545756,-0.019022155495032028,-5.417429165470444e-05,-0.03743542379336541,-0.018744799042510057
sub-001,23,1,0.0655206762423683,0.1149633897581549,0.0442130576169163,0.0707503321412385,0.1184097308672302,0.0581187105237321,0.0602910203434981,0.0655206762423683,0.9375,32,2,"envelope,onset",data/processed/env_onset/sub-001_mtrf_env_onset.npz,-0.5,0.0,0.05,hamming,1,,l2,1,True,mean,"1.0,1.0",results_env_onset\sub-001\sub-001_backward_mtrf_env_onset.summary.json,results_env_onset\sub-001\sub-001_backward_mtrf_env_onset.trial_results.csv,hi,HI,1,0.11547391870015762,0.04424190060049722,0.11896783577145612,0.058184280958239236,0.0712320180996604,0.06078355481321688,0.06600778645643864,0.0707503321412386,0.06029102034349809,0.06552067624236835
sub-001,24,1,0.0400926829842198,0.1257564512116172,0.0760674149963533,0.0496890362152639,0.1096004768802966,0.0791041471271209,0.0304963297531757,0.0400926829842198,0.9375,32,2,"envelope,onset",data/processed/env_onset/sub-001_mtrf_env_onset.npz,-0.5,0.0,0.05,hamming,1,,l2,1,True,mean,"1.0,1.0",results_env_onset\sub-001\sub-001_backward_mtrf_env_onset.summary.json,results_env_onset\sub-001\sub-001_backward_mtrf_env_onset.trial_results.csv,hi,HI,1,0.12642574648859378,0.0762146415371064,0.11004251719797456,0.07926976656084082,0.05021110495148738,0.030772750637133736,0.04049192779431056,0.04968903621526388,0.030496329753175705,0.040092682984219793
sub-001,25,1,0.0660198946171725,0.1282570966649948,0.0548233560102751,0.0734337406547197,0.1417414628459609,0.0831354142663356,0.0586060485796253,0.0660198946171725,0.9375,32,2,"envelope,onset",data/processed/env_onset/sub-001_mtrf_env_onset.npz,-0.5,0.0,0.05,hamming,1,,l2,1,True,mean,"1.0,1.0",results_env_onset\sub-001\sub-001_backward_mtrf_env_onset.summary.json,results_env_onset\sub-001\sub-001_backward_mtrf_env_onset.trial_results.csv,hi,HI,1,0.1289673919257662,0.05487838097384063,0.14270229766541337,0.08332774252261642,0.07408901095192558,0.05937455514279695,0.06673178304736127,0.07343374065471969,0.0586060485796253,0.0660198946171725
sub-001,26,1,0.0389628016426373,0.1593608098076286,0.1351530130325209,0.0242077967751076,0.1893092984311491,0.1355914919209821,0.053717806510167,0.0389628016426373,0.9375,32,2,"envelope,onset",data/processed/env_onset/sub-001_mtrf_env_onset.npz,-0.5,0.0,0.05,hamming,1,,l2,1,True,mean,"1.0,1.0",results_env_onset\sub-001\sub-001_backward_mtrf_env_onset.summary.json,results_env_onset\sub-001\sub-001_backward_mtrf_env_onset.trial_results.csv,hi,HI,1,0.16073078151394968,0.13598506823419693,0.19162069690705139,0.13643173254267782,0.02474571327975275,0.055188964364373566,0.03996733882206316,0.024207796775107704,0.053717806510167,0.03896280164263735
sub-001,27,1,0.0221301791288855,0.0950014109757792,0.0775797827762411,0.017421628199538,0.0639500792572131,0.03711134919898,0.026838730058233,0.0221301791288855,0.9375,32,2,"envelope,onset",data/processed/env_onset/sub-001_mtrf_env_onset.npz,-0.5,0.0,0.05,hamming,1,,l2,1,True,mean,"1.0,1.0",results_env_onset\sub-001\sub-001_backward_mtrf_env_onset.summary.json,results_env_onset\sub-001\sub-001_backward_mtrf_env_onset.trial_results.csv,hi,HI,1,0.09528877310133724,0.0777359883981747,0.06403747081363903,0.03712840052117916,0.017552784703162544,0.02690907029245987,0.022230927497811206,0.017421628199538103,0.026838730058233104,0.022130179128885603
sub-001,28,1,0.0144420936665658,0.0674953489301831,0.062813347130095,0.004682001800088,0.1113371089040268,0.0871349233709831,0.0242021855330436,0.0144420936665658,0.9375,32,2,"envelope,onset",data/processed/env_onset/sub-001_mtrf_env_onset.npz,-0.5,0.0,0.05,hamming,1,,l2,1,True,mean,"1.0,1.0",results_env_onset\sub-001\sub-001_backward_mtrf_env_onset.summary.json,results_env_onset\sub-001\sub-001_backward_mtrf_env_onset.trial_results.csv,hi,HI,1,0.06759812443562888,0.06289615361474818,0.11180060424433594,0.08735645726666107,0.0047019708208806965,0.02444414697767487,0.014573058899277784,0.004682001800088098,0.024202185533043707,0.014442093666565903
sub-001,29,1,0.0664714507896806,0.1250612042002216,0.0377126887347203,0.0873485154655012,0.1516085562725642,0.1060141701587042,0.0455943861138599,0.0664714507896806,0.9375,32,2,"envelope,onset",data/processed/env_onset/sub-001_mtrf_env_onset.npz,-0.5,0.0,0.05,hamming,1,,l2,1,True,mean,"1.0,1.0",results_env_onset\sub-001\sub-001_backward_mtrf_env_onset.summary.json,results_env_onset\sub-001\sub-001_backward_mtrf_env_onset.trial_results.csv,hi,HI,1,0.12571939031922727,0.03773058292528724,0.15278642557870306,0.10641403466004092,0.08798880739394002,0.046372390918662146,0.06718059915630109,0.08734851546550129,0.045594386113860005,0.06647145078968064
sub-001,30,1,0.0954061261010908,0.1630779699104115,0.0543533936573717,0.1087245762530398,0.1509245646633785,0.0688368887142366,0.0820876759491418,0.0954061261010908,0.9375,32,2,"envelope,onset",data/processed/env_onset/sub-001_mtrf_env_onset.npz,-0.5,0.0,0.05,hamming,1,,l2,1,True,mean,"1.0,1.0",results_env_onset\sub-001\sub-001_backward_mtrf_env_onset.summary.json,results_env_onset\sub-001\sub-001_backward_mtrf_env_onset.trial_results.csv,hi,HI,1,0.16454714009564408,0.05440701399008219,0.15208641663438868,0.06894592715232661,0.1101401261055619,0.08314048948206207,0.09664030779381198,0.10872457625303981,0.0820876759491419,0.09540612610109087
sub-001,31,1,0.0319091487421484,0.1445966883566302,0.1261471869262405,0.0184495014303896,0.142999927992439,0.0976311319385317,0.0453687960539072,0.0319091487421484,0.9375,32,2,"envelope,onset",data/processed/env_onset/sub-001_mtrf_env_onset.npz,-0.5,0.0,0.05,hamming,1,,l2,1,True,mean,"1.0,1.0",results_env_onset\sub-001\sub-001_backward_mtrf_env_onset.summary.json,results_env_onset\sub-001\sub-001_backward_mtrf_env_onset.trial_results.csv,hi,HI,1,0.14561727472695365,0.12682278070409264,0.1439867990877332,0.0979431195563358,0.018794494022861014,0.0460436795313974,0.03241908677712921,0.018449501430389703,0.045368796053907284,0.031909148742148494
sub-002,0,1,0.1311876005010738,0.0887811066470372,-0.0437374077236322,0.1325185143706695,0.1344156617587828,0.0045589751273045,0.1298566866314782,0.1311876005010738,0.9375,32,2,"envelope,onset",data/processed/env_onset/sub-002_mtrf_env_onset.npz,-0.5,0.0,0.05,hamming,1,,l2,1,True,mean,"1.0,1.0",results_env_onset\sub-002\sub-002_backward_mtrf_env_onset.summary.json,results_env_onset\sub-002\sub-002_backward_mtrf_env_onset.trial_results.csv,hi,HI,1,0.08901547611485028,-0.04376532909412926,0.1352340737439874,0.004559006712664385,0.13278080520897953,0.13067506703132303,0.13172793612015127,0.13251851437066942,0.1298566866314783,0.13118760050107386
sub-002,1,1,0.1014698107597163,0.1433891669944425,0.0208089713023602,0.1225801956920823,0.1439408925518923,0.063581466724542,0.0803594258273503,0.1014698107597163,0.9375,32,2,"envelope,onset",data/processed/env_onset/sub-002_mtrf_env_onset.npz,-0.5,0.0,0.05,hamming,1,,l2,1,True,mean,"1.0,1.0",results_env_onset\sub-002\sub-002_backward_mtrf_env_onset.summary.json,results_env_onset\sub-002\sub-002_backward_mtrf_env_onset.trial_results.csv,hi,HI,1,0.1443841863941041,0.020811975603292066,0.14494753937010588,0.06366735335179226,0.12357221079081204,0.08128018601831362,0.10242619840456282,0.12258019569208231,0.0803594258273503,0.10146981075971631
sub-002,2,1,0.0851612062659767,0.1475708287582009,0.0491342678294926,0.0984365609287082,0.0984532902454757,0.0265674386422306,0.0718858516032451,0.0851612062659767,0.9375,32,2,"envelope,onset",data/processed/env_onset/sub-002_mtrf_env_onset.npz,-0.5,0.0,0.05,hamming,1,,l2,1,True,mean,"1.0,1.0",results_env_onset\sub-002\sub-002_backward_mtrf_env_onset.summary.json,results_env_onset\sub-002\sub-002_backward_mtrf_env_onset.trial_results.csv,hi,HI,1,0.14865627115956928,0.04917386479633533,0.0987732574254711,0.026573691978458464,0.09948240636323395,0.07219956544701264,0.08584098590512329,0.09843656092870831,0.0718858516032451,0.0851612062659767
sub-002,3,1,0.1988025344167467,0.1551307791698665,-0.0424202523319925,0.197551031501859,0.1653840877894859,-0.0346699495421485,0.2000540373316345,0.1988025344167467,0.9375,32,2,"envelope,onset",data/processed/env_onset/sub-002_mtrf_env_onset.npz,-0.5,0.0,0.05,hamming,1,,l2,1,True,mean,"1.0,1.0",results_env_onset\sub-002\sub-002_backward_mtrf_env_onset.summary.json,results_env_onset\sub-002\sub-002_backward_mtrf_env_onset.trial_results.csv,hi,HI,1,0.15639349906676783,-0.04244572460728923,0.16691718355274193,-0.03468385072464141,0.19883922367405707,0.20160103427738335,0.20022012897572022,0.19755103150185901,0.2000540373316344,0.19880253441674672
sub-002,4,1,0.0663866191083759,0.0977780456126194,0.0032000920659244,0.0945779535466949,0.0565550468450898,0.0183597621750329,0.0381952846700568,0.0663866191083759,0.9375,32,2,"envelope,onset",data/processed/env_onset/sub-002_mtrf_env_onset.npz,-0.5,0.0,0.05,hamming,1,,l2,1,True,mean,"1.0,1.0",results_env_onset\sub-002\sub-002_backward_mtrf_env_onset.summary.json,results_env_onset\sub-002\sub-002_backward_mtrf_env_onset.trial_results.csv,hi,HI,1,0.09809144921329427,0.003200102989600968,0.056615459427242144,0.018361825500538224,0.0948913462236933,0.03825363392670392,0.06657249007519861,0.09457795354669499,0.0381952846700569,0.06638661910837594
sub-002,5,1,0.1008458897763238,0.1556117106938228,0.0409228331739037,0.114688877519919,0.1148405823371539,0.0278376803044252,0.0870029020327286,0.1008458897763238,0.9375,32,2,"envelope,onset",data/processed/env_onset/sub-002_mtrf_env_onset.npz,-0.5,0.0,0.05,hamming,1,,l2,1,True,mean,"1.0,1.0",results_env_onset\sub-002\sub-002_backward_mtrf_env_onset.summary.json,results_env_onset\sub-002\sub-002_backward_mtrf_env_onset.trial_results.csv,hi,HI,1,0.15688632759203425,0.04094570034862383,0.11534946822578578,0.027844874460731472,0.11594062724341042,0.0875045937650543,0.10172261050423237,0.11468887751991909,0.0870029020327287,0.10084588977632389
sub-002,6,1,0.1101348504163188,0.1337446178852381,0.0315747049680637,0.1021699129171744,0.1407742548315639,0.0226744669161006,0.1180997879154632,0.1101348504163188,0.9375,32,2,"envelope,onset",data/processed/env_onset/sub-002_mtrf_env_onset.npz,-0.5,0.0,0.05,hamming,1,,l2,1,True,mean,"1.0,1.0",results_env_onset\sub-002\sub-002_backward_mtrf_env_onset.summary.json,results_env_onset\sub-002\sub-002_backward_mtrf_env_onset.trial_results.csv,hi,HI,1,0.1345507453171346,0.031585204176106225,0.1417153971697942,0.022678354000771877,0.10296554114102838,0.11903704316902232,0.11100129215502536,0.1021699129171744,0.11809978791546329,0.11013485041631885
sub-002,7,1,0.0929293299725959,0.1551008800188081,0.0337164862128042,0.1213843938060038,0.1137231668786613,0.0492489007394734,0.0644742661391879,0.0929293299725959,0.9375,32,2,"envelope,onset",data/processed/env_onset/sub-002_mtrf_env_onset.npz,-0.5,0.0,0.05,hamming,1,,l2,1,True,mean,"1.0,1.0",results_env_onset\sub-002\sub-002_backward_mtrf_env_onset.summary.json,results_env_onset\sub-002\sub-002_backward_mtrf_env_onset.trial_results.csv,hi,HI,1,0.15636286277840541,0.03372927125108915,0.11421726568535175,0.04928877576939063,0.12263359152731626,0.06492848991596112,0.09378104072163869,0.12138439380600388,0.0644742661391879,0.0929293299725959
sub-002,8,1,0.1617715786129007,0.1408019130577443,-0.0640706171623215,0.2048725302200658,0.0902704359325104,-0.0284001910732251,0.1186706270057355,0.1617715786129007,0.9375,32,2,"envelope,onset",data/processed/env_onset/sub-002_mtrf_env_onset.npz,-0.5,0.0,0.05,hamming,1,,l2,1,True,mean,"1.0,1.0",results_env_onset\sub-002\sub-002_backward_mtrf_env_onset.summary.json,results_env_onset\sub-002\sub-002_backward_mtrf_env_onset.trial_results.csv,hi,HI,1,0.14174361470374722,-0.06415850463375443,0.09051683890497163,-0.028407830359321054,0.20590211933750163,0.11892466926429268,0.16241339430089716,0.2048725302200658,0.1186706270057355,0.16177157861290065
sub-002,9,1,0.1318550259169174,0.0166490688998331,-0.110599711375507,0.1272487802753402,0.0298763701599444,-0.1065849013985501,0.1364612715584946,0.1318550259169174,0.9375,32,2,"envelope,onset",data/processed/env_onset/sub-002_mtrf_env_onset.npz,-0.5,0.0,0.05,hamming,1,,l2,1,True,mean,"1.0,1.0",results_env_onset\sub-002\sub-002_backward_mtrf_env_onset.summary.json,results_env_onset\sub-002\sub-002_backward_mtrf_env_onset.trial_results.csv,hi,HI,1,0.016650607482497946,-0.11105401316669124,0.029885264114707773,-0.10699128865044419,0.1277046206491892,0.13687655276515195,0.1322905867071706,0.1272487802753401,0.1364612715584945,0.13185502591691728
sub-002,10,1,0.0744343857231483,0.1210893089877415,0.0698771553052356,0.0512121536825059,0.1466189293934924,0.0489623116297016,0.0976566177637908,0.0744343857231483,0.9375,32,2,"envelope,onset",data/processed/env_onset/sub-002_mtrf_env_onset.npz,-0.5,0.0,0.05,hamming,1,,l2,1,True,mean,"1.0,1.0",results_env_onset\sub-002\sub-002_backward_mtrf_env_onset.summary.json,results_env_onset\sub-002\sub-002_backward_mtrf_env_onset.trial_results.csv,hi,HI,1,0.12168639967701161,0.06999122212268144,0.14768332006602186,0.049001493917506654,0.051695177554330174,0.0986818261485152,0.07518850185142269,0.05121215368250591,0.09765661776379078,0.07443438572314834
sub-002,11,1,0.1548901777572266,0.1322220008240156,-0.0420323848192359,0.1742543856432516,0.1310551317981592,-0.0044708380730423,0.1355259698712016,0.1548901777572266,0.9375,32,2,"envelope,onset",data/processed/env_onset/sub-002_mtrf_env_onset.npz,-0.5,0.0,0.05,hamming,1,,l2,1,True,mean,"1.0,1.0",results_env_onset\sub-002\sub-002_backward_mtrf_env_onset.summary.json,results_env_onset\sub-002\sub-002_backward_mtrf_env_onset.trial_results.csv,hi,HI,1,0.13300071635380412,-0.042057164262448536,0.13181327027238282,-0.0044708678616891505,0.17505788061625266,0.13628413813407197,0.15567100937516232,0.17425438564325152,0.1355259698712015,0.15489017775722652
sub-002,12,1,0.101353352480501,0.1506295144090771,0.0382510430370092,0.1123784713720678,0.1084140964714548,0.0180858628825205,0.0903282335889342,0.101353352480501,0.9375,32,2,"envelope,onset",data/processed/env_onset/sub-002_mtrf_env_onset.npz,-0.5,0.0,0.05,hamming,1,,l2,1,True,mean,"1.0,1.0",results_env_onset\sub-002\sub-002_backward_mtrf_env_onset.summary.json,results_env_onset\sub-002\sub-002_backward_mtrf_env_onset.trial_results.csv,hi,HI,1,0.151784502753371,0.03826971500454443,0.1088418698430223,0.018087835222113255,0.11351478774882656,0.09075403462090904,0.1021344111848678,0.1123784713720679,0.0903282335889343,0.10135335248050109
sub-002,13,1,0.1473997076271877,0.1237695624660248,-0.0286899170590434,0.1524594795250682,0.1305920764563019,-0.0117478592730053,0.1423399357293072,0.1473997076271877,0.9375,32,2,"envelope,onset",data/processed/env_onset/sub-002_mtrf_env_onset.npz,-0.5,0.0,0.05,hamming,1,,l2,1,True,mean,"1.0,1.0",results_env_onset\sub-002\sub-002_backward_mtrf_env_onset.summary.json,results_env_onset\sub-002\sub-002_backward_mtrf_env_onset.trial_results.csv,hi,HI,1,0.1244074404733624,-0.028697792614251216,0.13134215181611195,-0.011748399767054258,0.15310523308761362,0.1430905515831662,0.1480978923353899,0.1524594795250682,0.1423399357293072,0.14739970762718768
sub-002,14,1,0.122631571859697,0.1001488333707428,-0.0380036281036038,0.1381524614743466,0.1139832556179502,0.0068725733729027,0.1071106822450474,0.122631571859697,0.9375,32,2,"envelope,onset",data/processed/env_onset/sub-002_mtrf_env_onset.npz,-0.5,0.0,0.05,hamming,1,,l2,1,True,mean,"1.0,1.0",results_env_onset\sub-002\sub-002_backward_mtrf_env_onset.summary.json,results_env_onset\sub-002\sub-002_backward_mtrf_env_onset.trial_results.csv,hi,HI,1,0.10048568673047972,-0.03802193988072682,0.1144807701165467,0.006872681578370915,0.13850762661120655,0.10760808853817579,0.12305785757469118,0.1381524614743466,0.1071106822450475,0.12263157185969704
sub-002,15,1,0.1077754379917881,0.0680142700482635,-0.0629521927398504,0.1309664627881139,0.0787196138346735,-0.0058647993607887,0.0845844131954622,0.1077754379917881,0.9375,32,2,"envelope,onset",data/processed/env_onset/sub-002_mtrf_env_onset.npz,-0.5,0.0,0.05,hamming,1,,l2,1,True,mean,"1.0,1.0",results_env_onset\sub-002\sub-002_backward_mtrf_env_onset.summary.json,results_env_onset\sub-002\sub-002_backward_mtrf_env_onset.trial_results.csv,hi,HI,1,0.0681194387707489,-0.06303555043359202,0.07888282373770218,-0.005864866603804912,0.13115498920434093,0.08474769034150709,0.10795133977292401,0.1309664627881139,0.0845844131954622,0.10777543799178806
sub-002,16,1,0.0558653685006357,0.1313789493917844,0.0551071300827364,0.0762718193090479,0.1025980457595645,0.0671391280673411,0.0354589176922234,0.0558653685006357,0.9375,32,2,"envelope,onset",data/processed/env_onset/sub-002_mtrf_env_onset.npz,-0.5,0.0,0.05,hamming,1,,l2,1,True,mean,"1.0,1.0",results_env_onset\sub-002\sub-002_backward_mtrf_env_onset.summary.json,results_env_onset\sub-002\sub-002_backward_mtrf_env_onset.trial_results.csv,hi,HI,1,0.13214276101155598,0.05516301497821104,0.1029603312761363,0.06724028196620675,0.07697974603334493,0.035720049309929544,0.056349897671637235,0.076271819309048,0.035458917692223396,0.0558653685006357
sub-002,17,1,0.1471566008498094,0.1741231898718357,0.0174901124704296,0.156633077401406,0.1440372580393712,0.0063571337411584,0.1376801242982127,0.1471566008498094,0.9375,32,2,"envelope,onset",data/processed/env_onset/sub-002_mtrf_env_onset.npz,-0.5,0.0,0.05,hamming,1,,l2,1,True,mean,"1.0,1.0",results_env_onset\sub-002\sub-002_backward_mtrf_env_onset.summary.json,results_env_onset\sub-002\sub-002_backward_mtrf_env_onset.trial_results.csv,hi,HI,1,0.1759156522565169,0.017491896229824503,0.1450459450890518,0.0063572193805002015,0.1584237560266924,0.1386887257085516,0.14855624086762198,0.15663307740140608,0.1376801242982128,0.14715660084980944
sub-002,18,1,0.1613788404218377,0.2322387829622313,0.0619290438494658,0.1703097391127654,0.2269112718686012,0.0744633301376913,0.1524479417309099,0.1613788404218377,0.9375,32,2,"envelope,onset",data/processed/env_onset/sub-002_mtrf_env_onset.npz,-0.5,0.0,0.05,hamming,1,,l2,1,True,mean,"1.0,1.0",results_env_onset\sub-002\sub-002_backward_mtrf_env_onset.summary.json,results_env_onset\sub-002\sub-002_backward_mtrf_env_onset.trial_results.csv,hi,HI,1,0.23655458658235268,0.062008396753783064,0.23093065145092734,0.07460141761064755,0.17454618982856962,0.1563292338402798,0.1654377118344247,0.1703097391127655,0.1524479417309099,0.1613788404218377
sub-002,19,1,0.1168508388870332,0.1499134364653088,0.0107414469987725,0.1391719894665363,0.1031125339826992,0.008582845675169,0.0945296883075301,0.1168508388870332,0.9375,32,2,"envelope,onset",data/processed/env_onset/sub-002_mtrf_env_onset.npz,-0.5,0.0,0.05,hamming,1,,l2,1,True,mean,"1.0,1.0",results_env_onset\sub-002\sub-002_backward_mtrf_env_onset.summary.json,results_env_onset\sub-002\sub-002_backward_mtrf_env_onset.trial_results.csv,hi,HI,1,0.1510518810668258,0.010741860138711729,0.10348032058769668,0.008583056436946419,0.14031002092811407,0.09489726415075027,0.11760364253943217,0.1391719894665363,0.09452968830753021,0.11685083888703326
sub-002,20,1,0.0426849763389848,0.1203913019268081,0.0507452443524915,0.0696460575743165,0.0877594851586279,0.0720355900549748,0.0157238951036531,0.0426849763389848,0.9375,32,2,"envelope,onset",data/processed/env_onset/sub-002_mtrf_env_onset.npz,-0.5,0.0,0.05,hamming,1,,l2,1,True,mean,"1.0,1.0",results_env_onset\sub-002\sub-002_backward_mtrf_env_onset.summary.json,results_env_onset\sub-002\sub-002_backward_mtrf_env_onset.trial_results.csv,hi,HI,1,0.1209780663455126,0.05078886946020682,0.08798583191182459,0.0721605800296866,0.07018919688530578,0.015825251882137986,0.043007224383721884,0.06964605757431659,0.0157238951036531,0.04268497633898485
sub-002,21,1,0.0734222469208976,0.177698405509621,0.0744314172939035,0.1032669882157174,0.1379186708286386,0.0943411652025608,0.0435775056260778,0.0734222469208976,0.9375,32,2,"envelope,onset",data/processed/env_onset/sub-002_mtrf_env_onset.npz,-0.5,0.0,0.05,hamming,1,,l2,1,True,mean,"1.0,1.0",results_env_onset\sub-002\sub-002_backward_mtrf_env_onset.summary.json,results_env_onset\sub-002\sub-002_backward_mtrf_env_onset.trial_results.csv,hi,HI,1,0.17960503895399552,0.07456932690697338,0.13880326488697017,0.09462255623256503,0.10503571204702214,0.04418070865440514,0.07460821035071363,0.10326698821571749,0.04357750562607779,0.07342224692089763
sub-002,22,0,-0.0030414172535893,0.1134867144165339,0.0887753262659657,0.0247113881505681,0.0883312696159031,0.11912549227365,-0.0307942226577469,-0.0030414172535893,0.9375,32,2,"envelope,onset",data/processed/env_onset/sub-002_mtrf_env_onset.npz,-0.5,0.0,0.05,hamming,1,,l2,1,True,mean,"1.0,1.0",results_env_onset\sub-002\sub-002_backward_mtrf_env_onset.summary.json,results_env_onset\sub-002\sub-002_backward_mtrf_env_onset.trial_results.csv,hi,HI,1,0.11397772164691801,0.08900964981336577,0.08856208348081422,0.11969383801354647,0.024968071833552236,-0.031131754532732245,-0.0030818413495900046,0.024711388150568198,-0.03079422265774691,-0.0030414172535893555
sub-002,23,1,0.1128813438598321,0.1509024385408935,0.0138859790221234,0.1370164595187701,0.1173906463484886,0.0286444181475944,0.0887462282008941,0.1128813438598321,0.9375,32,2,"envelope,onset",data/processed/env_onset/sub-002_mtrf_env_onset.npz,-0.5,0.0,0.05,hamming,1,,l2,1,True,mean,"1.0,1.0",results_env_onset\sub-002\sub-002_backward_mtrf_env_onset.summary.json,results_env_onset\sub-002\sub-002_backward_mtrf_env_onset.trial_results.csv,hi,HI,1,0.1520637748478181,0.013886871625464814,0.1179343857330219,0.028652256280739544,0.1381769032223533,0.08928212945228235,0.11372951633731782,0.1370164595187701,0.0887462282008942,0.11288134385983215
sub-002,24,1,0.0814575524785775,0.1136761043192466,0.0015418518512442,0.1121342524680023,0.08918014821522,0.0383992957260672,0.0507808524891527,0.0814575524785775,0.9375,32,2,"envelope,onset",data/processed/env_onset/sub-002_mtrf_env_onset.npz,-0.5,0.0,0.05,hamming,1,,l2,1,True,mean,"1.0,1.0",results_env_onset\sub-002\sub-002_backward_mtrf_env_onset.summary.json,results_env_onset\sub-002\sub-002_backward_mtrf_env_onset.trial_results.csv,hi,HI,1,0.11416958675140103,0.00154185307306441,0.08941770233558258,0.038418185770499755,0.11262773367833662,0.05099951656508282,0.08181362512170973,0.1121342524680024,0.050780852489152796,0.0814575524785776
sub-002,25,1,0.0671445857851819,0.1024740670593496,6.223424516237955e-05,0.1024118328141873,0.1087350171368083,0.0768576783806317,0.0318773387561766,0.0671445857851819,0.9375,32,2,"envelope,onset",data/processed/env_onset/sub-002_mtrf_env_onset.npz,-0.5,0.0,0.05,hamming,1,,l2,1,True,mean,"1.0,1.0",results_env_onset\sub-002\sub-002_backward_mtrf_env_onset.summary.json,results_env_onset\sub-002\sub-002_backward_mtrf_env_onset.trial_results.csv,hi,HI,1,0.10283503525816888,6.223424524272606e-05,0.10916661879298425,0.07700955242697491,0.10277280101292616,0.032157066366009346,0.06746493368946775,0.10241183281418721,0.0318773387561766,0.0671445857851819
sub-002,26,0,-0.0003790153311276,0.0702693001282614,0.056180164921873,0.0140891352063884,0.102781250382534,0.1176284162511776,-0.0148471658686436,-0.0003790153311276,0.9375,32,2,"envelope,onset",data/processed/env_onset/sub-002_mtrf_env_onset.npz,-0.5,0.0,0.05,hamming,1,,l2,1,True,mean,"1.0,1.0",results_env_onset\sub-002\sub-002_backward_mtrf_env_onset.summary.json,results_env_onset\sub-002\sub-002_backward_mtrf_env_onset.trial_results.csv,hi,HI,1,0.07038530198435192,0.05623938258799355,0.10314548841197581,0.11817548485166626,0.01414591939635837,-0.015029996439690455,-0.00044203852166604246,0.014089135206388395,-0.014847165868643611,-0.0003790153311276079
sub-002,27,1,0.0664410914389268,0.1633657932211636,0.0809894771978596,0.082376316023304,0.1405747055542757,0.090068838699726,0.0505058668545497,0.0664410914389268,0.9375,32,2,"envelope,onset",data/processed/env_onset/sub-002_mtrf_env_onset.npz,-0.5,0.0,0.05,hamming,1,,l2,1,True,mean,"1.0,1.0",results_env_onset\sub-002\sub-002_backward_mtrf_env_onset.summary.json,results_env_onset\sub-002\sub-002_backward_mtrf_env_onset.trial_results.csv,hi,HI,1,0.16484284129752202,0.08116725535263919,0.1415118192248408,0.09031358913632725,0.08367558594488284,0.05119823008851354,0.06743690801669819,0.082376316023304,0.050505866854549705,0.06644109143892685
sub-002,28,1,0.1300453003338325,0.131843298729003,0.018168154629867,0.113675144099136,0.1687537762506872,0.0223383196821583,0.1464154565685289,0.1300453003338325,0.9375,32,2,"envelope,onset",data/processed/env_onset/sub-002_mtrf_env_onset.npz,-0.5,0.0,0.05,hamming,1,,l2,1,True,mean,"1.0,1.0",results_env_onset\sub-002\sub-002_backward_mtrf_env_onset.summary.json,results_env_onset\sub-002\sub-002_backward_mtrf_env_onset.trial_results.csv,hi,HI,1,0.1326152953558266,0.018170154018511697,0.17038363125626613,0.022342036406102203,0.11444514133731491,0.14804159485016394,0.13124336809373943,0.113675144099136,0.1464154565685289,0.13004530033383244
sub-002,29,1,0.0032998317329584,0.0726374910886158,0.0450027438418159,0.0276347472467998,0.0629941566099067,0.0840292403907896,-0.0210350837808829,0.0032998317329584,0.9375,32,2,"envelope,onset",data/processed/env_onset/sub-002_mtrf_env_onset.npz,-0.5,0.0,0.05,hamming,1,,l2,1,True,mean,"1.0,1.0",results_env_onset\sub-002\sub-002_backward_mtrf_env_onset.summary.json,results_env_onset\sub-002\sub-002_backward_mtrf_env_onset.trial_results.csv,hi,HI,1,0.07276564714108122,0.04503316136880061,0.06307768137900506,0.08422785691271113,0.02773248577228061,-0.021150175533706073,0.003291155119287268,0.027634747246799894,-0.021035083780882896,0.003299831732958499
sub-002,30,1,0.0492325975428349,0.1140236568615355,0.0584739881256534,0.0555496687358821,0.127135097645925,0.0842195712961372,0.0429155263497878,0.0492325975428349,0.9375,32,2,"envelope,onset",data/processed/env_onset/sub-002_mtrf_env_onset.npz,-0.5,0.0,0.05,hamming,1,,l2,1,True,mean,"1.0,1.0",results_env_onset\sub-002\sub-002_backward_mtrf_env_onset.summary.json,results_env_onset\sub-002\sub-002_backward_mtrf_env_onset.trial_results.csv,hi,HI,1,0.11452170336083747,0.058540770079529354,0.12782679385246656,0.08441954437465486,0.05598093328130812,0.0434072494778117,0.04969409137955991,0.055549668735882095,0.042915526349787805,0.04923259754283495
sub-002,31,1,0.0639973657444926,0.0968001015447684,0.0202493181503563,0.0765507833944121,0.1104199797942154,0.0589760316996423,0.0514439480945731,0.0639973657444926,0.9375,32,2,"envelope,onset",data/processed/env_onset/sub-002_mtrf_env_onset.npz,-0.5,0.0,0.05,hamming,1,,l2,1,True,mean,"1.0,1.0",results_env_onset\sub-002\sub-002_backward_mtrf_env_onset.summary.json,results_env_onset\sub-002\sub-002_backward_mtrf_env_onset.trial_results.csv,hi,HI,1,0.09710416021159454,0.020252086473737163,0.11087205948906742,0.0590445510166819,0.07685207373785738,0.05182750847238552,0.06433979110512145,0.0765507833944121,0.0514439480945731,0.06399736574449261
sub-003,0,1,0.0922746026823798,0.1938391335759842,0.0951416321475774,0.0986975014284068,0.1772656990641479,0.0914139951277952,0.0858517039363527,0.0922746026823798,0.65625,32,2,"envelope,onset",data/processed/env_onset/sub-003_mtrf_env_onset.npz,-0.5,0.0,0.05,hamming,1,,l2,1,True,mean,"1.0,1.0",results_env_onset\sub-003\sub-003_backward_mtrf_env_onset.summary.json,results_env_onset\sub-003\sub-003_backward_mtrf_env_onset.trial_results.csv,hi,HI,1,0.1963231235757311,0.09543027323567094,0.17915825898575719,0.09166991375908222,0.10089285034006015,0.08748834522667497,0.09419059778336755,0.0986975014284068,0.0858517039363527,0.09227460268237975
sub-003,1,1,0.0983979641976859,0.0923437683788232,-0.0207756454699165,0.1131194138487397,0.0711085377812447,-0.0125679767653873,0.0836765145466321,0.0983979641976859,0.65625,32,2,"envelope,onset",data/processed/env_onset/sub-003_mtrf_env_onset.npz,-0.5,0.0,0.05,hamming,1,,l2,1,True,mean,"1.0,1.0",results_env_onset\sub-003\sub-003_backward_mtrf_env_onset.summary.json,results_env_onset\sub-003\sub-003_backward_mtrf_env_onset.trial_results.csv,hi,HI,1,0.09260760279662049,-0.020778635357187148,0.07122875435460484,-0.012568638549008741,0.11338623815380763,0.08379739290361357,0.0985918155287106,0.1131194138487397,0.083676514546632,0.09839796419768584
sub-003,2,0,-0.072532232266046,0.1169297529481254,0.1534360640551302,-0.0365063111070047,0.063122366842014,0.1716805202671013,-0.1085581534250873,-0.072532232266046,0.65625,32,2,"envelope,onset",data/processed/env_onset/sub-003_mtrf_env_onset.npz,-0.5,0.0,0.05,hamming,1,,l2,1,True,mean,"1.0,1.0",results_env_onset\sub-003\sub-003_backward_mtrf_env_onset.summary.json,results_env_onset\sub-003\sub-003_backward_mtrf_env_onset.trial_results.csv,hi,HI,1,0.11746707781601713,0.15465745990626864,0.06320640345459229,0.1733977071467902,-0.03719038209025151,-0.11019130369219791,-0.07369084289122471,-0.036506311107004794,-0.10855815342508729,-0.07253223226604605
sub-003,3,1,0.0555247846562156,0.0437794552621415,-0.0300548636652992,0.0738343189274407,0.058802505832044,0.0215872554470534,0.0372152503849905,0.0555247846562156,0.65625,32,2,"envelope,onset",data/processed/env_onset/sub-003_mtrf_env_onset.npz,-0.5,0.0,0.05,hamming,1,,l2,1,True,mean,"1.0,1.0",results_env_onset\sub-003\sub-003_backward_mtrf_env_onset.summary.json,results_env_onset\sub-003\sub-003_backward_mtrf_env_onset.trial_results.csv,hi,HI,1,0.04380745729974669,-0.030063918040722802,0.0588704212761075,0.02159060967437367,0.07387137534046949,0.037279811601733825,0.05557559347110166,0.07383431892744069,0.0372152503849906,0.055524784656215645
sub-003,4,0,-0.0012833367994661,0.0941314791009655,0.0457699710480803,0.0483615080528852,0.0446674579540883,0.0955956396059057,-0.0509281816518174,-0.0012833367994661,0.65625,32,2,"envelope,onset",data/processed/env_onset/sub-003_mtrf_env_onset.npz,-0.5,0.0,0.05,hamming,1,,l2,1,True,mean,"1.0,1.0",results_env_onset\sub-003\sub-003_backward_mtrf_env_onset.summary.json,results_env_onset\sub-003\sub-003_backward_mtrf_env_onset.trial_results.csv,hi,HI,1,0.09441099133135936,0.04580197230321773,0.04469720013323652,0.09588844788152581,0.048609019028141624,-0.051191247748289294,-0.0012911143600738348,0.0483615080528852,-0.050928181651817395,-0.001283336799466097
sub-003,5,0,-0.0116781078968338,0.0467157301291097,0.0279181833039315,0.0187975468251782,-0.0147730735027653,0.0273806891160806,-0.0421537626188459,-0.0116781078968338,0.65625,32,2,"envelope,onset",data/processed/env_onset/sub-003_mtrf_env_onset.npz,-0.5,0.0,0.05,hamming,1,,l2,1,True,mean,"1.0,1.0",results_env_onset\sub-003\sub-003_backward_mtrf_env_onset.summary.json,results_env_onset\sub-003\sub-003_backward_mtrf_env_onset.trial_results.csv,hi,HI,1,0.04674975820203143,0.0279254400741909,-0.014774148353593874,0.027387534649320533,0.01882431812784053,-0.04216168300291441,-0.01166868243753694,0.0187975468251782,-0.0421537626188459,-0.011678107896833852
sub-003,6,0,-0.0311976315686055,0.0216130543754066,0.0978987196988511,-0.0762856653234445,0.0522353777864745,0.0383449756002411,0.0138904021862333,-0.0311976315686055,0.65625,32,2,"envelope,onset",data/processed/env_onset/sub-003_mtrf_env_onset.npz,-0.5,0.0,0.05,hamming,1,,l2,1,True,mean,"1.0,1.0",results_env_onset\sub-003\sub-003_backward_mtrf_env_onset.summary.json,results_env_onset\sub-003\sub-003_backward_mtrf_env_onset.trial_results.csv,hi,HI,1,0.02161642064526762,0.09821328959838262,0.05228296439598607,0.03836378554463637,-0.07659686895311499,0.013919178851349703,-0.03133884505088264,-0.0762856653234445,0.0138904021862334,-0.031197631568605548
sub-003,7,1,0.1957983737309275,0.1318589974004076,-0.0380068844802152,0.1698658818806228,0.163907543964721,-0.0578233216165111,0.2217308655812321,0.1957983737309275,0.65625,32,2,"envelope,onset",data/processed/env_onset/sub-003_mtrf_env_onset.npz,-0.5,0.0,0.05,hamming,1,,l2,1,True,mean,"1.0,1.0",results_env_onset\sub-003\sub-003_backward_mtrf_env_onset.summary.json,results_env_onset\sub-003\sub-003_backward_mtrf_env_onset.trial_results.csv,hi,HI,1,0.132631271772852,-0.038025200967650566,0.16539949761988493,-0.057887896006092565,0.17065647274050255,0.2232873936259775,0.19697193318324002,0.1698658818806228,0.2217308655812321,0.19579837373092746
sub-003,8,0,-0.0207805174827032,0.0515808532979951,0.0655434137859683,-0.0139625604879732,0.0559009753327127,0.083499449810146,-0.0275984744774333,-0.0207805174827032,0.65625,32,2,"envelope,onset",data/processed/env_onset/sub-003_mtrf_env_onset.npz,-0.5,0.0,0.05,hamming,1,,l2,1,True,mean,"1.0,1.0",results_env_onset\sub-003\sub-003_backward_mtrf_env_onset.summary.json,results_env_onset\sub-003\sub-003_backward_mtrf_env_onset.trial_results.csv,hi,HI,1,0.051626671533907535,0.06563751329056422,0.05595931342704796,0.08369432279550368,-0.014010841756656685,-0.027735009368455715,-0.0208729255625562,-0.013962560487973202,-0.027598474477433292,-0.020780517482703247
sub-003,9,1,0.0881990406734354,0.052170186870138,-0.0468208798810241,0.0989910667511621,0.0589963792390306,-0.0184106353566781,0.0774070145957088,0.0881990406734354,0.65625,32,2,"envelope,onset",data/processed/env_onset/sub-003_mtrf_env_onset.npz,-0.5,0.0,0.05,hamming,1,,l2,1,True,mean,"1.0,1.0",results_env_onset\sub-003\sub-003_backward_mtrf_env_onset.summary.json,results_env_onset\sub-003\sub-003_backward_mtrf_env_onset.trial_results.csv,hi,HI,1,0.05221759534042021,-0.04685513844955651,0.059064969599926624,-0.018412715883934515,0.09907273378997672,0.07747768548386114,0.08827520963691893,0.0989910667511621,0.0774070145957087,0.0881990406734354
sub-003,10,1,0.0368444493484405,0.0947058009965744,0.0592643861266323,0.035441414869942,0.0934306620869714,0.0551831782600323,0.038247483826939,0.0368444493484405,0.65625,32,2,"envelope,onset",data/processed/env_onset/sub-003_mtrf_env_onset.npz,-0.5,0.0,0.05,hamming,1,,l2,1,True,mean,"1.0,1.0",results_env_onset\sub-003\sub-003_backward_mtrf_env_onset.summary.json,results_env_onset\sub-003\sub-003_backward_mtrf_env_onset.trial_results.csv,hi,HI,1,0.09499047930901369,0.05933391683685987,0.09370395598991038,0.05523929512254991,0.035656562472153826,0.03846466086736047,0.037060611669757146,0.0354414148699421,0.0382474838269391,0.0368444493484406
sub-003,11,0,-0.0775764669378468,0.0747396438491135,0.1383971725264468,-0.0636575286773332,0.0094043444942479,0.1008997496926084,-0.0914954051983604,-0.0775764669378468,0.65625,32,2,"envelope,onset",data/processed/env_onset/sub-003_mtrf_env_onset.npz,-0.5,0.0,0.05,hamming,1,,l2,1,True,mean,"1.0,1.0",results_env_onset\sub-003\sub-003_backward_mtrf_env_onset.summary.json,results_env_onset\sub-003\sub-003_backward_mtrf_env_onset.trial_results.csv,hi,HI,1,0.07487927772149819,0.13929107777766608,0.009404621754351153,0.10124426866088704,-0.0644118000561679,-0.09183964690653589,-0.07812572348135188,-0.06365752867733329,-0.0914954051983605,-0.0775764669378469
sub-003,12,1,0.0280694004080299,0.1194096050246744,0.079858650758531,0.0395509542661433,0.097904834607628,0.0813169880577115,0.0165878465499164,0.0280694004080299,0.65625,32,2,"envelope,onset",data/processed/env_onset/sub-003_mtrf_env_onset.npz,-0.5,0.0,0.05,hamming,1,,l2,1,True,mean,"1.0,1.0",results_env_onset\sub-003\sub-003_backward_mtrf_env_onset.summary.json,results_env_onset\sub-003\sub-003_backward_mtrf_env_onset.trial_results.csv,hi,HI,1,0.11998205051689846,0.08002906695206563,0.09821946368427853,0.08149693745143215,0.03995298356483283,0.016722526232846383,0.028337754898839607,0.0395509542661434,0.016587846549916505,0.02806940040802995
sub-003,13,0,-0.0427111183193249,0.0692085695367628,0.0923165140915642,-0.0231079445548014,0.0414871421760701,0.1038014342599185,-0.0623142920838483,-0.0427111183193249,0.65625,32,2,"envelope,onset",data/processed/env_onset/sub-003_mtrf_env_onset.npz,-0.5,0.0,0.05,hamming,1,,l2,1,True,mean,"1.0,1.0",results_env_onset\sub-003\sub-003_backward_mtrf_env_onset.summary.json,results_env_onset\sub-003\sub-003_backward_mtrf_env_onset.trial_results.csv,hi,HI,1,0.06931938719408826,0.09258011417282828,0.04151096910802653,0.10417667420847794,-0.02326072697874003,-0.06266570510045141,-0.04296321603959572,-0.023107944554801405,-0.0623142920838484,-0.042711118319324906
sub-003,14,1,0.0277011518759227,0.0600639619692645,0.049464411019872,0.0105995509493925,0.0734694467386267,0.0286666939361738,0.0448027528024529,0.0277011518759227,0.65625,32,2,"envelope,onset",data/processed/env_onset/sub-003_mtrf_env_onset.npz,-0.5,0.0,0.05,hamming,1,,l2,1,True,mean,"1.0,1.0",results_env_onset\sub-003\sub-003_backward_mtrf_env_onset.summary.json,results_env_onset\sub-003\sub-003_backward_mtrf_env_onset.trial_results.csv,hi,HI,1,0.06013634923266169,0.04950481233287269,0.07360206665181207,0.028674550375913068,0.010631536899788997,0.044927516275899,0.027779526587843998,0.010599550949392501,0.0448027528024529,0.0277011518759227
sub-003,15,1,0.0735237922748202,0.061484765270262,-0.0037563375796761,0.0652411028499382,0.0918563468858223,0.0100498651861201,0.0818064816997022,0.0735237922748202,0.65625,32,2,"envelope,onset",data/processed/env_onset/sub-003_mtrf_env_onset.npz,-0.5,0.0,0.05,hamming,1,,l2,1,True,mean,"1.0,1.0",results_env_onset\sub-003\sub-003_backward_mtrf_env_onset.summary.json,results_env_onset\sub-003\sub-003_backward_mtrf_env_onset.trial_results.csv,hi,HI,1,0.061562420002693866,-0.0037563552472235917,0.09211601140862977,0.010050203551383873,0.06531877524991746,0.08206580785724589,0.07369229155358167,0.0652411028499381,0.0818064816997022,0.07352379227482014
sub-003,16,0,-0.0244764931749056,0.0603659126351516,0.1248676500948023,-0.0645017374596506,0.0833560448005151,0.0678072936906759,0.0155487511098392,-0.0244764931749056,0.65625,32,2,"envelope,onset",data/processed/env_onset/sub-003_mtrf_env_onset.npz,-0.5,0.0,0.05,hamming,1,,l2,1,True,mean,"1.0,1.0",results_env_onset\sub-003\sub-003_backward_mtrf_env_onset.summary.json,results_env_onset\sub-003\sub-003_backward_mtrf_env_onset.trial_results.csv,hi,HI,1,0.06043939870939781,0.12552276570188498,0.08354991266380526,0.06791150344080221,-0.06508336699248717,0.015638409223003052,-0.024722478884742057,-0.06450173745965071,0.015548751109839207,-0.02447649317490575
sub-003,17,1,0.078538978647167,0.1464759104930768,0.0417113141462315,0.1047645963468453,0.176505190808502,0.1241918298610133,0.0523133609474887,0.078538978647167,0.65625,32,2,"envelope,onset",data/processed/env_onset/sub-003_mtrf_env_onset.npz,-0.5,0.0,0.05,hamming,1,,l2,1,True,mean,"1.0,1.0",results_env_onset\sub-003\sub-003_backward_mtrf_env_onset.summary.json,results_env_onset\sub-003\sub-003_backward_mtrf_env_onset.trial_results.csv,hi,HI,1,0.1475371622588875,0.04173552968025826,0.17837318699325458,0.12483629996573475,0.10580163257862923,0.053536887027519825,0.07966925980307453,0.10476459634684529,0.05231336094748869,0.078538978647167
sub-003,18,0,-0.0367333146070627,0.0511567465941684,0.0545719491806185,-0.0034152025864501,0.0692796085987508,0.1393310352264261,-0.0700514266276752,-0.0367333146070627,0.65625,32,2,"envelope,onset",data/processed/env_onset/sub-003_mtrf_env_onset.npz,-0.5,0.0,0.05,hamming,1,,l2,1,True,mean,"1.0,1.0",results_env_onset\sub-003\sub-003_backward_mtrf_env_onset.summary.json,results_env_onset\sub-003\sub-003_backward_mtrf_env_onset.trial_results.csv,hi,HI,1,0.051201442749651035,0.054626219718424365,0.06939076851123975,0.14024330253010292,-0.00342477696877333,-0.07085253401886317,-0.03713865549381825,-0.003415202586450103,-0.07005142662767529,-0.036733314607062695
sub-003,19,1,0.0796113799086557,0.1133573165621744,-0.0031555505014957,0.1165128670636702,0.0853841215025584,0.0426742287489172,0.0427098927536412,0.0796113799086557,0.65625,32,2,"envelope,onset",data/processed/env_onset/sub-003_mtrf_env_onset.npz,-0.5,0.0,0.05,hamming,1,,l2,1,True,mean,"1.0,1.0",results_env_onset\sub-003\sub-003_backward_mtrf_env_onset.summary.json,results_env_onset\sub-003\sub-003_backward_mtrf_env_onset.trial_results.csv,hi,HI,1,0.11384663745272407,-0.0031555609753552297,0.08559253007187348,0.04270016162470014,0.1170021984280793,0.04289236844717334,0.07994728343762632,0.1165128670636701,0.042709892753641204,0.07961137990865566
sub-003,20,0,-0.0888888877419409,-0.0065840366283167,0.0903866551507558,-0.0969706917790725,-0.0038972511496223,0.0769098325551869,-0.0808070837048092,-0.0888888877419409,0.65625,32,2,"envelope,onset",data/processed/env_onset/sub-003_mtrf_env_onset.npz,-0.5,0.0,0.05,hamming,1,,l2,1,True,mean,"1.0,1.0",results_env_onset\sub-003\sub-003_backward_mtrf_env_onset.summary.json,results_env_onset\sub-003\sub-003_backward_mtrf_env_onset.trial_results.csv,hi,HI,1,-0.006584131769107345,0.09063401418530702,-0.0038972708810215625,0.07706201672386961,-0.09721814595441436,-0.08095928760489118,-0.08908871677965277,-0.09697069177907251,-0.0808070837048092,-0.08888888774194086
sub-003,21,1,0.0474967512633126,0.1052791893794965,0.0682197213266641,0.0370594680528324,0.0864085827398709,0.0284745482660781,0.0579340344737927,0.0474967512633126,0.65625,32,2,"envelope,onset",data/processed/env_onset/sub-003_mtrf_env_onset.npz,-0.5,0.0,0.05,hamming,1,,l2,1,True,mean,"1.0,1.0",results_env_onset\sub-003\sub-003_backward_mtrf_env_onset.summary.json,results_env_onset\sub-003\sub-003_backward_mtrf_env_onset.trial_results.csv,hi,HI,1,0.10567075797050686,0.06832584777219607,0.08662460624936026,0.02848224773234687,0.03734491019831079,0.058142358517013396,0.047743634357662094,0.0370594680528324,0.0579340344737928,0.0474967512633126
sub-003,22,0,-0.0137694917038009,0.0516674249332377,0.0509865284498363,0.0006808964834014,0.0201612641973935,0.0483811440883968,-0.0282198798910033,-0.0137694917038009,0.65625,32,2,"envelope,onset",data/processed/env_onset/sub-003_mtrf_env_onset.npz,-0.5,0.0,0.05,hamming,1,,l2,1,True,mean,"1.0,1.0",results_env_onset\sub-003\sub-003_backward_mtrf_env_onset.summary.json,results_env_onset\sub-003\sub-003_backward_mtrf_env_onset.trial_results.csv,hi,HI,1,0.05171347450361032,0.051030779461773666,0.020163996557675132,0.04841894634108746,0.0006826950418366562,-0.02825494978341233,-0.013786127370787837,0.0006808964834013956,-0.0282198798910033,-0.013769491703800952
sub-003,23,1,0.0279856252684315,0.0839281791761157,0.0774845093627754,0.0064436698133402,0.1063854399974101,0.0568578592738872,0.0495275807235228,0.0279856252684315,0.65625,32,2,"envelope,onset",data/processed/env_onset/sub-003_mtrf_env_onset.npz,-0.5,0.0,0.05,hamming,1,,l2,1,True,mean,"1.0,1.0",results_env_onset\sub-003\sub-003_backward_mtrf_env_onset.summary.json,results_env_onset\sub-003\sub-003_backward_mtrf_env_onset.trial_results.csv,hi,HI,1,0.08412607790929257,0.07764013881036483,0.10678953959761872,0.056919248729900715,0.006485939098927737,0.049870290867718006,0.02817811498332287,0.006443669813340297,0.049527580723522896,0.027985625268431596
sub-003,24,1,0.0323274925770713,0.127109756029739,0.121532992426499,0.00557676360324,0.1255675668172317,0.066489345266329,0.0590782215509027,0.0323274925770713,0.65625,32,2,"envelope,onset",data/processed/env_onset/sub-003_mtrf_env_onset.npz,-0.5,0.0,0.05,hamming,1,,l2,1,True,mean,"1.0,1.0",results_env_onset\sub-003\sub-003_backward_mtrf_env_onset.summary.json,results_env_onset\sub-003\sub-003_backward_mtrf_env_onset.trial_results.csv,hi,HI,1,0.12780103598629214,0.12213671006933231,0.12623383157664356,0.06658758541157045,0.005664325916959825,0.05964624616507311,0.03265528604101647,0.005576763603240012,0.059078221550902685,0.03232749257707135
sub-003,25,1,0.1672477548106863,0.1791276241509553,-0.0254575191567432,0.2045851433076986,0.1390676822371326,0.0091573159234585,0.129910366313674,0.1672477548106863,0.65625,32,2,"envelope,onset",data/processed/env_onset/sub-003_mtrf_env_onset.npz,-0.5,0.0,0.05,hamming,1,,l2,1,True,mean,"1.0,1.0",results_env_onset\sub-003\sub-003_backward_mtrf_env_onset.summary.json,results_env_onset\sub-003\sub-003_backward_mtrf_env_onset.trial_results.csv,hi,HI,1,0.1810812473707134,-0.025463020844063232,0.13997474586118647,0.009157571902960205,0.20654426821477664,0.13081717395822626,0.16868072108650145,0.2045851433076985,0.12991036631367409,0.1672477548106863
sub-003,26,1,0.0639778369427777,0.105726340201998,0.0397552094529882,0.0659711307490097,0.1240020704767352,0.0620175273401894,0.0619845431365457,0.0639778369427777,0.65625,32,2,"envelope,onset",data/processed/env_onset/sub-003_mtrf_env_onset.npz,-0.5,0.0,0.05,hamming,1,,l2,1,True,mean,"1.0,1.0",results_env_onset\sub-003\sub-003_backward_mtrf_env_onset.summary.json,results_env_onset\sub-003\sub-003_backward_mtrf_env_onset.trial_results.csv,hi,HI,1,0.10612294198581265,0.03977617339686166,0.12464357256870538,0.06209722139230008,0.066346768588951,0.06254635117640531,0.06444655988267815,0.0659711307490098,0.0619845431365458,0.0639778369427778
sub-003,27,1,0.0465471423954784,0.1095241168620838,0.0668046817697893,0.0427194350922945,0.0934233826888477,0.0430485329901853,0.0503748496986624,0.0465471423954784,0.65625,32,2,"envelope,onset",data/processed/env_onset/sub-003_mtrf_env_onset.npz,-0.5,0.0,0.05,hamming,1,,l2,1,True,mean,"1.0,1.0",results_env_onset\sub-003\sub-003_backward_mtrf_env_onset.summary.json,results_env_onset\sub-003\sub-003_backward_mtrf_env_onset.trial_results.csv,hi,HI,1,0.10996522942526749,0.06690432883637856,0.09369661249327944,0.04307515476952376,0.04306090058888892,0.05062145772375568,0.0468411791563223,0.04271943509229449,0.0503748496986624,0.04654714239547844
sub-003,28,1,0.0439925565360706,0.1350611375861009,0.0566171705741506,0.0784439670119503,0.0755952444616987,0.0660540984015076,0.009541146060191,0.0439925565360706,0.65625,32,2,"envelope,onset",data/processed/env_onset/sub-003_mtrf_env_onset.npz,-0.5,0.0,0.05,hamming,1,,l2,1,True,mean,"1.0,1.0",results_env_onset\sub-003\sub-003_backward_mtrf_env_onset.summary.json,results_env_onset\sub-003\sub-003_backward_mtrf_env_onset.trial_results.csv,hi,HI,1,0.13589148451786665,0.05667778271472311,0.07573974012482246,0.06615041852851815,0.07921370180314354,0.00958932159630431,0.04440151169972392,0.07844396701195028,0.009541146060191102,0.04399255653607069
sub-003,29,1,0.0723664007685531,0.1161036398920163,0.0115001422207651,0.1046034976712512,0.0950912827164986,0.0549619788506436,0.040129303865855,0.0723664007685531,0.65625,32,2,"envelope,onset",data/processed/env_onset/sub-003_mtrf_env_onset.npz,-0.5,0.0,0.05,hamming,1,,l2,1,True,mean,"1.0,1.0",results_env_onset\sub-003\sub-003_backward_mtrf_env_onset.summary.json,results_env_onset\sub-003\sub-003_backward_mtrf_env_onset.trial_results.csv,hi,HI,1,0.11662959492421389,0.011500649238140793,0.09537946412744147,0.05501742277587892,0.10512894568607309,0.04036204135156255,0.07274549351881782,0.1046034976712512,0.040129303865855,0.0723664007685531
sub-003,30,1,0.0432884557516828,0.1284185858012772,0.053786009392556,0.0746325764087212,0.0680642562578969,0.0561199211632525,0.0119443350946443,0.0432884557516828,0.65625,32,2,"envelope,onset",data/processed/env_onset/sub-003_mtrf_env_onset.npz,-0.5,0.0,0.05,hamming,1,,l2,1,True,mean,"1.0,1.0",results_env_onset\sub-003\sub-003_backward_mtrf_env_onset.summary.json,results_env_onset\sub-003\sub-003_backward_mtrf_env_onset.trial_results.csv,hi,HI,1,0.12913158542817518,0.05383796607969148,0.06816965745984595,0.056178948290449345,0.0752936193484837,0.011990709169396603,0.04364216425894016,0.07463257640872122,0.011944335094644404,0.04328845575168281
sub-003,31,1,0.0433262865944816,0.0480023568376518,0.0007193839219444,0.0472829729157074,0.0483657151284582,0.0089961148552023,0.0393696002732559,0.0433262865944816,0.65625,32,2,"envelope,onset",data/processed/env_onset/sub-003_mtrf_env_onset.npz,-0.5,0.0,0.05,hamming,1,,l2,1,True,mean,"1.0,1.0",results_env_onset\sub-003\sub-003_backward_mtrf_env_onset.summary.json,results_env_onset\sub-003\sub-003_backward_mtrf_env_onset.trial_results.csv,hi,HI,1,0.04803927732542466,0.0007193840460413369,0.048403481192876616,0.008996357552426415,0.047319893279383324,0.0394071236404502,0.043363508459916766,0.0472829729157074,0.039369600273255895,0.04332628659448165
sub-004,0,1,0.0777576045824191,0.1360356298993066,0.0656897807078447,0.0703458491914618,0.1407000466345161,0.0555306866611397,0.0851693599733763,0.0777576045824191,0.9375,32,2,"envelope,onset",data/processed/env_onset/sub-004_mtrf_env_onset.npz,-0.5,0.0,0.05,hamming,1,,l2,1,True,mean,"1.0,1.0",results_env_onset\sub-004\sub-004_backward_mtrf_env_onset.summary.json,results_env_onset\sub-004\sub-004_backward_mtrf_env_onset.trial_results.csv,hi,HI,1,0.13688421674643822,0.06578451312606096,0.1416396894336988,0.055587871701782025,0.07109970362037726,0.08605181773191678,0.07857576067614702,0.07034584919146189,0.08516935997337641,0.07775760458241915
sub-004,1,1,0.1446592006724963,0.1562544128004817,-0.0049778049291276,0.1612322177296093,0.1319695802111822,0.0038833965957988,0.1280861836153834,0.1446592006724963,0.9375,32,2,"envelope,onset",data/processed/env_onset/sub-004_mtrf_env_onset.npz,-0.5,0.0,0.05,hamming,1,,l2,1,True,mean,"1.0,1.0",results_env_onset\sub-004\sub-004_backward_mtrf_env_onset.summary.json,results_env_onset\sub-004\sub-004_backward_mtrf_env_onset.trial_results.csv,hi,HI,1,0.1575450465540687,-0.004977846043988218,0.13274381295558985,0.003883416117511263,0.1625228925980569,0.1288603968380786,0.14569164471806775,0.1612322177296093,0.1280861836153834,0.14465920067249635
sub-004,2,1,0.0106847699017281,0.1549923139083214,0.1350128413733742,0.0199794725349472,0.1198388224108882,0.1184487551423791,0.0013900672685091,0.0106847699017281,0.9375,32,2,"envelope,onset",data/processed/env_onset/sub-004_mtrf_env_onset.npz,-0.5,0.0,0.05,hamming,1,,l2,1,True,mean,"1.0,1.0",results_env_onset\sub-004\sub-004_backward_mtrf_env_onset.summary.json,results_env_onset\sub-004\sub-004_backward_mtrf_env_onset.trial_results.csv,hi,HI,1,0.15625162251331623,0.13584229126676012,0.12041749915958189,0.11900741516685044,0.02040933124655611,0.0014100839927314451,0.010909707619643778,0.019979472534947224,0.0013900672685090987,0.010684769901728161
sub-004,3,1,0.0366507316597597,0.1329673472627335,0.0850356116920052,0.0479317355707282,0.085017953837149,0.0596482260883577,0.0253697277487912,0.0366507316597597,0.9375,32,2,"envelope,onset",data/processed/env_onset/sub-004_mtrf_env_onset.npz,-0.5,0.0,0.05,hamming,1,,l2,1,True,mean,"1.0,1.0",results_env_onset\sub-004\sub-004_backward_mtrf_env_onset.summary.json,results_env_onset\sub-004\sub-004_backward_mtrf_env_onset.trial_results.csv,hi,HI,1,0.133759401538092,0.0852414713178673,0.08522368487496497,0.05971911851146141,0.048517930220224686,0.02550456636350356,0.03701124829186413,0.04793173557072829,0.025369727748791294,0.036650731659759794
sub-004,4,1,0.064362289120707,0.2078606637106847,0.0959353137583325,0.1119253499523522,0.1500807950729779,0.1332815667839161,0.0167992282890618,0.064362289120707,0.9375,32,2,"envelope,onset",data/processed/env_onset/sub-004_mtrf_env_onset.npz,-0.5,0.0,0.05,hamming,1,,l2,1,True,mean,"1.0,1.0",results_env_onset\sub-004\sub-004_backward_mtrf_env_onset.summary.json,results_env_onset\sub-004\sub-004_backward_mtrf_env_onset.trial_results.csv,hi,HI,1,0.210934360616427,0.09623126603171922,0.15122309176755577,0.1340792901671049,0.11470309458470779,0.01714380160045087,0.06592344809257933,0.1119253499523522,0.0167992282890618,0.064362289120707
sub-004,5,1,0.1721718714601198,0.1935525403257908,0.0269965068615224,0.1665560334642683,0.1874073277605671,0.0096196183045958,0.1777877094559712,0.1721718714601198,0.9375,32,2,"envelope,onset",data/processed/env_onset/sub-004_mtrf_env_onset.npz,-0.5,0.0,0.05,hamming,1,,l2,1,True,mean,"1.0,1.0",results_env_onset\sub-004\sub-004_backward_mtrf_env_onset.summary.json,results_env_onset\sub-004\sub-004_backward_mtrf_env_onset.trial_results.csv,hi,HI,1,0.19602535875981533,0.027003068184773205,0.1896487636211806,0.009619915044791948,0.16902229057504212,0.18002884857638865,0.17452556957571538,0.1665560334642684,0.1777877094559713,0.17217187146011986
sub-004,6,1,0.1653142714874587,0.1843783513756842,0.0188317707201641,0.1655465806555201,0.1848050428808399,0.0197230805614425,0.1650819623193973,0.1653142714874587,0.9375,32,2,"envelope,onset",data/processed/env_onset/sub-004_mtrf_env_onset.npz,-0.5,0.0,0.05,hamming,1,,l2,1,True,mean,"1.0,1.0",results_env_onset\sub-004\sub-004_backward_mtrf_env_onset.summary.json,results_env_onset\sub-004\sub-004_backward_mtrf_env_onset.trial_results.csv,hi,HI,1,0.1865113681940486,0.018833997332661934,0.18695311171748005,0.01972563858401166,0.16767737086138665,0.1672274731334684,0.16745242199742752,0.1655465806555201,0.1650819623193974,0.16531427148745875
sub-004,7,1,0.0543159753750262,0.122417442134295,0.087296527709523,0.0351209144247719,0.1224870659507731,0.0489760296254926,0.0735110363252805,0.0543159753750262,0.9375,32,2,"envelope,onset",data/processed/env_onset/sub-004_mtrf_env_onset.npz,-0.5,0.0,0.05,hamming,1,,l2,1,True,mean,"1.0,1.0",results_env_onset\sub-004\sub-004_backward_mtrf_env_onset.summary.json,results_env_onset\sub-004\sub-004_backward_mtrf_env_onset.trial_results.csv,hi,HI,1,0.12303451737464753,0.08751930028446153,0.12310520106155293,0.049015244887845213,0.035515217090186,0.07408995617370771,0.054802586631946856,0.035120914424772,0.0735110363252805,0.05431597537502625
sub-004,8,1,0.1132627252771385,0.1676738644121878,0.0642260886733303,0.1034477757388575,0.1503919756240778,0.0273143008086583,0.1230776748154195,0.1132627252771385,0.9375,32,2,"envelope,onset",data/processed/env_onset/sub-004_mtrf_env_onset.npz,-0.5,0.0,0.05,hamming,1,,l2,1,True,mean,"1.0,1.0",results_env_onset\sub-004\sub-004_backward_mtrf_env_onset.summary.json,results_env_onset\sub-004\sub-004_backward_mtrf_env_onset.trial_results.csv,hi,HI,1,0.169272272410244,0.06431461855561703,0.15154145816023212,0.027321096653861583,0.10495765385462698,0.12422036150637054,0.11458900768049876,0.1034477757388575,0.12307767481541951,0.1132627252771385
sub-004,9,1,0.1440139310977969,0.213085580803142,0.0423363548073958,0.1707492259957462,0.1915059333693043,0.0742272971694567,0.1172786361998476,0.1440139310977969,0.9375,32,2,"envelope,onset",data/processed/env_onset/sub-004_mtrf_env_onset.npz,-0.5,0.0,0.05,hamming,1,,l2,1,True,mean,"1.0,1.0",results_env_onset\sub-004\sub-004_backward_mtrf_env_onset.summary.json,results_env_onset\sub-004\sub-004_backward_mtrf_env_onset.trial_results.csv,hi,HI,1,0.2164014800207384,0.04236167613826483,0.19389996801067083,0.0743640727828636,0.17403980388247356,0.11953589522780723,0.1467878495551404,0.17074922599574618,0.1172786361998476,0.1440139310977969
sub-004,10,0,-0.0389093759352238,0.0438019270735888,0.0764407432179946,-0.0326388161444057,0.0694068330948397,0.1145867688208817,-0.0451799357260419,-0.0389093759352238,0.9375,32,2,"envelope,onset",data/processed/env_onset/sub-004_mtrf_env_onset.npz,-0.5,0.0,0.05,hamming,1,,l2,1,True,mean,"1.0,1.0",results_env_onset\sub-004\sub-004_backward_mtrf_env_onset.summary.json,results_env_onset\sub-004\sub-004_backward_mtrf_env_onset.trial_results.csv,hi,HI,1,0.04382997228648813,0.07659015324535083,0.06951860772007447,0.11509227018050351,-0.032760180958862704,-0.04557366246042904,-0.03916692170964588,-0.0326388161444058,-0.045179935726041995,-0.038909375935223894
sub-004,11,1,0.1561203701044546,0.1543326329367573,0.022850274715471,0.1314823582212862,0.1728577669645933,-0.0079006150230297,0.180758381987623,0.1561203701044546,0.9375,32,2,"envelope,onset",data/processed/env_onset/sub-004_mtrf_env_onset.npz,-0.5,0.0,0.05,hamming,1,,l2,1,True,mean,"1.0,1.0",results_env_onset\sub-004\sub-004_backward_mtrf_env_onset.summary.json,results_env_onset\sub-004\sub-004_backward_mtrf_env_onset.trial_results.csv,hi,HI,1,0.15557577491542862,0.022854252938325673,0.17461095926967285,-0.007900779413906392,0.13272152197710296,0.18251173868357923,0.1576166303303411,0.13148235822128632,0.18075838198762298,0.15612037010445465
sub-004,12,1,0.0683729470496656,0.1988364531054166,0.1289133494302867,0.0699231036751299,0.1883511146588779,0.1215283242346765,0.0668227904242013,0.0683729470496656,0.9375,32,2,"envelope,onset",data/processed/env_onset/sub-004_mtrf_env_onset.npz,-0.5,0.0,0.05,hamming,1,,l2,1,True,mean,"1.0,1.0",results_env_onset\sub-004\sub-004_backward_mtrf_env_onset.summary.json,results_env_onset\sub-004\sub-004_backward_mtrf_env_onset.trial_results.csv,hi,HI,1,0.2015208191770073,0.12963467772653636,0.19062708394214423,0.12213197189610844,0.07188614145047093,0.06849511204603578,0.07019062674825335,0.06992310367512988,0.06682279042420142,0.06837294704966565
sub-004,13,1,0.0201337008049317,0.1854108330272148,0.1633226616165982,0.0220881714106166,0.1825946895002589,0.1644154593010119,0.0181792301992469,0.0201337008049317,0.9375,32,2,"envelope,onset",data/processed/env_onset/sub-004_mtrf_env_onset.npz,-0.5,0.0,0.05,hamming,1,,l2,1,True,mean,"1.0,1.0",results_env_onset\sub-004\sub-004_backward_mtrf_env_onset.summary.json,results_env_onset\sub-004\sub-004_backward_mtrf_env_onset.trial_results.csv,hi,HI,1,0.18758039574063057,0.16479852733725772,0.18466556245979257,0.1659214798675107,0.022781868403372846,0.018744082592281858,0.020762975497827352,0.022088171410616614,0.018179230199247,0.020133700804931806
sub-004,14,1,0.0010964595970502,0.1230418624106451,0.1355922801764373,-0.0125504177657921,0.1524536071183014,0.1377102701584088,0.0147433369598925,0.0010964595970502,0.9375,32,2,"envelope,onset",data/processed/env_onset/sub-004_mtrf_env_onset.npz,-0.5,0.0,0.05,hamming,1,,l2,1,True,mean,"1.0,1.0",results_env_onset\sub-004\sub-004_backward_mtrf_env_onset.summary.json,results_env_onset\sub-004\sub-004_backward_mtrf_env_onset.trial_results.csv,hi,HI,1,0.1236684868813742,0.13643253556176713,0.1536514706567785,0.13859082946645002,-0.012764048680392923,0.015060641190328489,0.001148296254967783,-0.012550417765792188,0.014743336959892578,0.001096459597050195
sub-004,15,1,0.2206223881470866,0.2751472537727313,0.0492382350061403,0.2259090187665909,0.2576761033138653,0.042340345786283,0.2153357575275822,0.2206223881470866,0.9375,32,2,"envelope,onset",data/processed/env_onset/sub-004_mtrf_env_onset.npz,-0.5,0.0,0.05,hamming,1,,l2,1,True,mean,"1.0,1.0",results_env_onset\sub-004\sub-004_backward_mtrf_env_onset.summary.json,results_env_onset\sub-004\sub-004_backward_mtrf_env_onset.trial_results.csv,hi,HI,1,0.28242420925275646,0.04927808410954165,0.2636176340998694,0.04236567428397176,0.2331461251432148,0.22125195981589763,0.22719904247955622,0.225909018766591,0.21533575752758233,0.22062238814708668
sub-004,16,1,0.105532231705348,0.2008227114164151,0.0566138572983527,0.1442088541180623,0.1383380393632559,0.0714824300706221,0.0668556092926337,0.105532231705348,0.9375,32,2,"envelope,onset",data/processed/env_onset/sub-004_mtrf_env_onset.npz,-0.5,0.0,0.05,hamming,1,,l2,1,True,mean,"1.0,1.0",results_env_onset\sub-004\sub-004_backward_mtrf_env_onset.summary.json,results_env_onset\sub-004\sub-004_backward_mtrf_env_onset.trial_results.csv,hi,HI,1,0.20358969223467238,0.05667445878467765,0.13923079037632424,0.0716045568699326,0.14691523344999474,0.06762623350639164,0.10727073347819319,0.14420885411806242,0.06685560929263379,0.1055322317053481
sub-004,17,1,0.0184396911489104,0.1331644183482142,0.1077736249923409,0.0253907933558733,0.139503717511896,0.1280151285699483,0.0114885889419476,0.0184396911489104,0.9375,32,2,"envelope,onset",data/processed/env_onset/sub-004_mtrf_env_onset.npz,-0.5,0.0,0.05,hamming,1,,l2,1,True,mean,"1.0,1.0",results_env_onset\sub-004\sub-004_backward_mtrf_env_onset.summary.json,results_env_onset\sub-004\sub-004_backward_mtrf_env_onset.trial_results.csv,hi,HI,1,0.1339600249688979,0.10819382641811169,0.14041940781045156,0.12872138466992078,0.0257661985507862,0.011698023140530783,0.01873211084565849,0.025390793355873284,0.011488588941947708,0.018439691148910496
sub-004,18,1,0.1604076518399417,0.2174157902013382,0.0438857725380492,0.1735300176632889,0.1767647297937382,0.0294794437771436,0.1472852860165945,0.1604076518399417,0.9375,32,2,"envelope,onset",data/processed/env_onset/sub-004_mtrf_env_onset.npz,-0.5,0.0,0.05,hamming,1,,l2,1,True,mean,"1.0,1.0",results_env_onset\sub-004\sub-004_backward_mtrf_env_onset.summary.json,results_env_onset\sub-004\sub-004_backward_mtrf_env_onset.trial_results.csv,hi,HI,1,0.22094207671269483,0.04391397923614326,0.17864108435350315,0.02948798781438303,0.17702809747655157,0.14915309653912012,0.16309059700783585,0.173530017663289,0.1472852860165946,0.1604076518399418
sub-004,19,1,0.0896905477558334,0.1902859731078253,0.1245884006546872,0.0656975724531381,0.2278161671984649,0.1141326441399361,0.1136835230585287,0.0896905477558334,0.9375,32,2,"envelope,onset",data/processed/env_onset/sub-004_mtrf_env_onset.npz,-0.5,0.0,0.05,hamming,1,,l2,1,True,mean,"1.0,1.0",results_env_onset\sub-004\sub-004_backward_mtrf_env_onset.summary.json,results_env_onset\sub-004\sub-004_backward_mtrf_env_onset.trial_results.csv,hi,HI,1,0.19263386933095195,0.12523910330105834,0.23188487472715708,0.1146321276820817,0.06739476602989361,0.11725274704507538,0.0923237565374845,0.0656975724531381,0.1136835230585288,0.08969054775583346
sub-004,20,1,0.1505301529521683,0.2016989263199255,0.0427582403620323,0.1589406859578931,0.1868647089111714,0.0447450889647279,0.1421196199464435,0.1505301529521683,0.9375,32,2,"envelope,onset",data/processed/env_onset/sub-004_mtrf_env_onset.npz,-0.5,0.0,0.05,hamming,1,,l2,1,True,mean,"1.0,1.0",results_env_onset\sub-004\sub-004_backward_mtrf_env_onset.summary.json,results_env_onset\sub-004\sub-004_backward_mtrf_env_onset.trial_results.csv,hi,HI,1,0.20450289742011374,0.04278432681212109,0.18908645268936788,0.0447749866119301,0.16171857060799266,0.14431146607743778,0.15301501834271522,0.1589406859578932,0.1421196199464435,0.15053015295216837
sub-004,21,1,0.1543577493846395,0.238987703298609,0.054246725653721,0.1847409776448879,0.1836490122565546,0.0596744911321635,0.123974521124391,0.1543577493846395,0.9375,32,2,"envelope,onset",data/processed/env_onset/sub-004_mtrf_env_onset.npz,-0.5,0.0,0.05,hamming,1,,l2,1,True,mean,"1.0,1.0",results_env_onset\sub-004\sub-004_backward_mtrf_env_onset.summary.json,results_env_onset\sub-004\sub-004_backward_mtrf_env_onset.trial_results.csv,hi,HI,1,0.24370022027068616,0.05430003054602077,0.18575646731148643,0.05974547737907049,0.18940018972466538,0.12601098993241594,0.15770558982854066,0.184740977644888,0.12397452112439111,0.15435774938463956
sub-004,22,0,-0.0256513385214195,0.1244876540557975,0.1340188363351998,-0.0095311822794022,0.1065137112006457,0.1482852059640825,-0.0417714947634367,-0.0256513385214195,0.9375,32,2,"envelope,onset",data/processed/env_onset/sub-004_mtrf_env_onset.npz,-0.5,0.0,0.05,hamming,1,,l2,1,True,mean,"1.0,1.0",results_env_onset\sub-004\sub-004_backward_mtrf_env_onset.summary.json,results_env_onset\sub-004\sub-004_backward_mtrf_env_onset.trial_results.csv,hi,HI,1,0.12513676953397632,0.13482996865658303,0.1069192809669426,0.14938663063536545,-0.009693199122606716,-0.042467349668422846,-0.02608027439551478,-0.009531182279402292,-0.041771494763436806,-0.02565133852141955
sub-004,23,1,0.0775093317628962,0.2078117559117756,0.085041500163234,0.1227702557485415,0.119851161737328,0.0876027539600771,0.0322484077772508,0.0775093317628962,0.9375,32,2,"envelope,onset",data/processed/env_onset/sub-004_mtrf_env_onset.npz,-0.5,0.0,0.05,hamming,1,,l2,1,True,mean,"1.0,1.0",results_env_onset\sub-004\sub-004_backward_mtrf_env_onset.summary.json,results_env_onset\sub-004\sub-004_backward_mtrf_env_onset.trial_results.csv,hi,HI,1,0.21088324482541446,0.0852474026820886,0.12043001829615362,0.08782788643144725,0.12563584214332585,0.03260213186470637,0.07911898700401611,0.12277025574854158,0.032248407777250895,0.07750933176289623
sub-004,24,1,0.1899544101072688,0.2267662269354546,0.0004570437127381,0.2263091832227165,0.1997653256417064,0.0461656886498851,0.1535996369918212,0.1899544101072688,0.9375,32,2,"envelope,onset",data/processed/env_onset/sub-004_mtrf_env_onset.npz,-0.5,0.0,0.05,hamming,1,,l2,1,True,mean,"1.0,1.0",results_env_onset\sub-004\sub-004_backward_mtrf_env_onset.summary.json,results_env_onset\sub-004\sub-004_backward_mtrf_env_onset.trial_results.csv,hi,HI,1,0.23077773824323441,0.0004570437445618986,0.20248811354347426,0.04619852784851825,0.2303206944986725,0.15628958569495602,0.19330514009681427,0.22630918322271648,0.1535996369918213,0.18995441010726888
sub-004,25,1,0.0526571544684888,0.1411498590247306,0.0515244726317492,0.0896253863929814,0.0910819951806851,0.0753930726366887,0.0156889225439963,0.0526571544684888,0.9375,32,2,"envelope,onset",data/processed/env_onset/sub-004_mtrf_env_onset.npz,-0.5,0.0,0.05,hamming,1,,l2,1,True,mean,"1.0,1.0",results_env_onset\sub-004\sub-004_backward_mtrf_env_onset.summary.json,results_env_onset\sub-004\sub-004_backward_mtrf_env_onset.trial_results.csv,hi,HI,1,0.1420986160423676,0.05157014062675144,0.09133512630260528,0.07553640944272612,0.09052847541561615,0.01579871685987916,0.053163596137747654,0.0896253863929814,0.01568892254399641,0.052657154468488905
sub-004,26,1,0.1030921450964811,0.1780477340779158,0.0705371278766437,0.107510606201272,0.1383118347673799,0.0396381507756896,0.0986736839916902,0.1030921450964811,0.9375,32,2,"envelope,onset",data/processed/env_onset/sub-004_mtrf_env_onset.npz,-0.5,0.0,0.05,hamming,1,,l2,1,True,mean,"1.0,1.0",results_env_onset\sub-004\sub-004_backward_mtrf_env_onset.summary.json,results_env_onset\sub-004\sub-004_backward_mtrf_env_onset.trial_results.csv,hi,HI,1,0.17996578098175237,0.07065446386553127,0.13920407460656606,0.03965892996413038,0.1093113171162211,0.09954514464243568,0.10442823087932838,0.1075106062012721,0.0986736839916903,0.10309214509648121
sub-004,27,1,0.061607771691329,0.143895950457149,0.075683406615104,0.0682125438420449,0.1783433838153227,0.1233403842747097,0.055002999540613,0.061607771691329,0.9375,32,2,"envelope,onset",data/processed/env_onset/sub-004_mtrf_env_onset.npz,-0.5,0.0,0.05,hamming,1,,l2,1,True,mean,"1.0,1.0",results_env_onset\sub-004\sub-004_backward_mtrf_env_onset.summary.json,results_env_onset\sub-004\sub-004_backward_mtrf_env_onset.trial_results.csv,hi,HI,1,0.14490164672335543,0.07582840958353167,0.1802711265605195,0.1239716089442815,0.06907323713982376,0.056299517616238,0.06268637737803087,0.068212543842045,0.055002999540612996,0.061607771691329
sub-004,28,1,0.0884485029472249,0.1306746277204743,0.0261925611473217,0.1044820665731526,0.1264370208817923,0.054022081560495,0.0724149393212972,0.0884485029472249,0.9375,32,2,"envelope,onset",data/processed/env_onset/sub-004_mtrf_env_onset.npz,-0.5,0.0,0.05,hamming,1,,l2,1,True,mean,"1.0,1.0",results_env_onset\sub-004\sub-004_backward_mtrf_env_onset.summary.json,results_env_onset\sub-004\sub-004_backward_mtrf_env_onset.trial_results.csv,hi,HI,1,0.13142613628133826,0.02619855341857169,0.1271173123519407,0.05407472618983797,0.10522758286276657,0.07304258616210274,0.08913508451243465,0.10448206657315261,0.07241493932129729,0.08844850294722495
sub-004,29,1,0.0733592726349915,0.14632488083337,0.0704134221243008,0.0759114587090691,0.1156484439240688,0.0448413573631549,0.0708070865609139,0.0733592726349915,0.9375,32,2,"envelope,onset",data/processed/env_onset/sub-004_mtrf_env_onset.npz,-0.5,0.0,0.05,hamming,1,,l2,1,True,mean,"1.0,1.0",results_env_onset\sub-004\sub-004_backward_mtrf_env_onset.summary.json,results_env_onset\sub-004\sub-004_backward_mtrf_env_onset.trial_results.csv,hi,HI,1,0.14738282466960398,0.07053014062880207,0.11616820372967854,0.04487144855484241,0.07685268404080191,0.07129675517483614,0.07407471960781903,0.07591145870906921,0.07080708656091389,0.07335927263499155
sub-004,30,1,0.0792535630690475,0.14142902486225,0.0274133112483981,0.1140157136138518,0.1219439509925456,0.0774525384683024,0.0444914125242432,0.0792535630690475,0.9375,32,2,"envelope,onset",data/processed/env_onset/sub-004_mtrf_env_onset.npz,-0.5,0.0,0.05,hamming,1,,l2,1,True,mean,"1.0,1.0",results_env_onset\sub-004\sub-004_backward_mtrf_env_onset.summary.json,results_env_onset\sub-004\sub-004_backward_mtrf_env_onset.trial_results.csv,hi,HI,1,0.14238346830395449,0.027420181286063453,0.12255385077341452,0.0776079748882209,0.11496328701789103,0.04494587588519362,0.07995458145154233,0.1140157136138519,0.0444914125242432,0.07925356306904754
sub-004,31,1,0.0698482311572211,0.1331295759916828,0.0369515954094037,0.0961779805822791,0.1211781990628516,0.0776597173306885,0.0435184817321631,0.0698482311572211,0.9375,32,2,"envelope,onset",data/processed/env_onset/sub-004_mtrf_env_onset.npz,-0.5,0.0,0.05,hamming,1,,l2,1,True,mean,"1.0,1.0",results_env_onset\sub-004\sub-004_backward_mtrf_env_onset.summary.json,results_env_onset\sub-004\sub-004_backward_mtrf_env_onset.trial_results.csv,hi,HI,1,0.13392455377467366,0.0369684273552686,0.1217766134943823,0.07781640746350936,0.09695612641940507,0.043960206030872945,0.07045816622513901,0.09617798058227908,0.043518481732163106,0.0698482311572211
sub-005,0,1,0.11081076026943,0.0804924649490175,-0.0361008173373542,0.1165932822863718,0.0976920362409984,-0.0073362020114897,0.1050282382524882,0.11081076026943,0.90625,32,2,"envelope,onset",data/processed/env_onset/sub-005_mtrf_env_onset.npz,-0.5,0.0,0.05,hamming,1,,l2,1,True,mean,"1.0,1.0",results_env_onset\sub-005\sub-005_backward_mtrf_env_onset.summary.json,results_env_onset\sub-005\sub-005_backward_mtrf_env_onset.trial_results.csv,hi,HI,1,0.08066698175742794,-0.03611651263782234,0.09800461034474196,-0.007336333626861454,0.11678349439525028,0.10534094397160342,0.11106221918342685,0.1165932822863717,0.1050282382524881,0.1108107602694299
sub-005,1,1,0.0320756932680503,-0.00226467576001,0.0169283857860631,-0.0191930615460732,0.0112127713253307,-0.0721316767568431,0.0833444480821739,0.0320756932680503,0.90625,32,2,"envelope,onset",data/processed/env_onset/sub-005_mtrf_env_onset.npz,-0.5,0.0,0.05,hamming,1,,l2,1,True,mean,"1.0,1.0",results_env_onset\sub-005\sub-005_backward_mtrf_env_onset.summary.json,results_env_onset\sub-005\sub-005_backward_mtrf_env_onset.trial_results.csv,hi,HI,1,-0.0022646796316786034,0.016930003121382858,0.011213241273978007,-0.07225716861074716,-0.01919468275306146,0.08347040988472516,0.03213786356583185,-0.0191930615460731,0.0833444480821738,0.03207569326805035
sub-005,2,1,0.0376218898251339,0.0565553622710349,0.0318772689063191,0.0246780933647158,0.0394885991745536,-0.0110770871109982,0.0505656862855519,0.0376218898251339,0.90625,32,2,"envelope,onset",data/processed/env_onset/sub-005_mtrf_env_onset.npz,-0.5,0.0,0.05,hamming,1,,l2,1,True,mean,"1.0,1.0",results_env_onset\sub-005\sub-005_backward_mtrf_env_onset.summary.json,results_env_onset\sub-005\sub-005_backward_mtrf_env_onset.trial_results.csv,hi,HI,1,0.05661577586531161,0.031888072965702036,0.03950914390849625,-0.011077540204082326,0.02472770289960957,0.05058668411257857,0.037657193506094075,0.024678093364715797,0.0505656862855518,0.0376218898251338
sub-005,3,1,0.0316382886198132,0.0179794748576459,-0.0114678804010451,0.0294473552586911,-0.0032683422700088,-0.0370975642509441,0.0338292219809352,0.0316382886198132,0.90625,32,2,"envelope,onset",data/processed/env_onset/sub-005_mtrf_env_onset.npz,-0.5,0.0,0.05,hamming,1,,l2,1,True,mean,"1.0,1.0",results_env_onset\sub-005\sub-005_backward_mtrf_env_onset.summary.json,results_env_onset\sub-005\sub-005_backward_mtrf_env_onset.trial_results.csv,hi,HI,1,0.01798141259093061,-0.011468383163086841,-0.0032683539076274323,-0.03711459656867969,0.02944979575401745,0.03384624266105226,0.03164801920753486,0.029447355258691,0.0338292219809353,0.031638288619813146
sub-005,4,1,0.0584989237377775,0.0144300448874214,-0.0130859726471503,0.0275160175345717,0.0613094927717703,-0.028172337169213,0.0894818299409833,0.0584989237377775,0.90625,32,2,"envelope,onset",data/processed/env_onset/sub-005_mtrf_env_onset.npz,-0.5,0.0,0.05,hamming,1,,l2,1,True,mean,"1.0,1.0",results_env_onset\sub-005\sub-005_backward_mtrf_env_onset.summary.json,results_env_onset\sub-005\sub-005_backward_mtrf_env_onset.trial_results.csv,hi,HI,1,0.014431046583687726,-0.013086719682915813,0.061386484295190884,-0.028179793999523015,0.027517766266603537,0.08956627829471389,0.05854202228065872,0.0275160175345717,0.0894818299409833,0.0584989237377775
sub-005,5,1,0.1788515333638421,0.1303402583384118,-0.0431743036324605,0.1735145619708723,0.1554527752543213,-0.0287357295024906,0.1841885047568119,0.1788515333638421,0.90625,32,2,"envelope,onset",data/processed/env_onset/sub-005_mtrf_env_onset.npz,-0.5,0.0,0.05,hamming,1,,l2,1,True,mean,"1.0,1.0",results_env_onset\sub-005\sub-005_backward_mtrf_env_onset.summary.json,results_env_onset\sub-005\sub-005_backward_mtrf_env_onset.trial_results.csv,hi,HI,1,0.13108597317226844,-0.04320115960384433,0.1567234521498312,-0.028743642857849507,0.17428713277611277,0.1854670950076807,0.17987711389189673,0.1735145619708723,0.1841885047568119,0.1788515333638421
sub-005,6,1,0.0455728652172145,0.066004220915054,0.0036876111846653,0.0623166097303886,0.0392986850275654,0.0104695643235248,0.0288291207040405,0.0455728652172145,0.90625,32,2,"envelope,onset",data/processed/env_onset/sub-005_mtrf_env_onset.npz,-0.5,0.0,0.05,hamming,1,,l2,1,True,mean,"1.0,1.0",results_env_onset\sub-005\sub-005_backward_mtrf_env_onset.summary.json,results_env_onset\sub-005\sub-005_backward_mtrf_env_onset.trial_results.csv,hi,HI,1,0.06610032263146094,0.0036876279000993867,0.039318934582871716,0.010469946877868331,0.06241269473136155,0.028848987705003385,0.04563084121818247,0.062316609730388696,0.028829120704040603,0.04557286521721465
sub-005,7,1,0.0372890758020861,0.0753354071986344,0.0539883280830172,0.0213470791156171,0.0642871636489582,0.0110560911604031,0.053231072488555,0.0372890758020861,0.90625,32,2,"envelope,onset",data/processed/env_onset/sub-005_mtrf_env_onset.npz,-0.5,0.0,0.05,hamming,1,,l2,1,True,mean,"1.0,1.0",results_env_onset\sub-005\sub-005_backward_mtrf_env_onset.summary.json,results_env_onset\sub-005\sub-005_backward_mtrf_env_onset.trial_results.csv,hi,HI,1,0.07547841460740738,0.05404087398028391,0.06437594675010547,0.011056541681810134,0.02143754062712347,0.053319405068295335,0.0373784728477094,0.021347079115617194,0.0532310724885551,0.03728907580208615
sub-005,8,1,0.1253933205619757,0.1650941030791479,0.0195169582629789,0.1455771448161689,0.1303176862922706,0.025108189984488,0.1052094963077825,0.1253933205619757,0.90625,32,2,"envelope,onset",data/processed/env_onset/sub-005_mtrf_env_onset.npz,-0.5,0.0,0.05,hamming,1,,l2,1,True,mean,"1.0,1.0",results_env_onset\sub-005\sub-005_backward_mtrf_env_onset.summary.json,results_env_onset\sub-005\sub-005_backward_mtrf_env_onset.trial_results.csv,hi,HI,1,0.16661905885567602,0.019519436908479536,0.13106301110062,0.025113468226263796,0.14709962194719647,0.10594954287435619,0.12652458241077633,0.145577144816169,0.10520949630778262,0.12539332056197583
sub-005,9,1,0.1468915061594449,0.0864028277877924,-0.0184773024345782,0.1048801302223706,0.0964071709325982,-0.0924957111639209,0.1889028820965192,0.1468915061594449,0.90625,32,2,"envelope,onset",data/processed/env_onset/sub-005_mtrf_env_onset.npz,-0.5,0.0,0.05,hamming,1,,l2,1,True,mean,"1.0,1.0",results_env_onset\sub-005\sub-005_backward_mtrf_env_onset.summary.json,results_env_onset\sub-005\sub-005_backward_mtrf_env_onset.trial_results.csv,hi,HI,1,0.08661880800792487,-0.018479405648382664,0.09670752811931413,-0.09276085456797493,0.10509821365630753,0.18946838268728905,0.1472832981717983,0.10488013022237061,0.1889028820965191,0.14689150615944485
sub-005,10,1,0.0594911633968865,0.0847650553899784,0.0215500764968959,0.0632149788930824,0.0702697367509918,0.0145023888503013,0.0557673479006905,0.0594911633968865,0.90625,32,2,"envelope,onset",data/processed/env_onset/sub-005_mtrf_env_onset.npz,-0.5,0.0,0.05,hamming,1,,l2,1,True,mean,"1.0,1.0",results_env_onset\sub-005\sub-005_backward_mtrf_env_onset.summary.json,results_env_onset\sub-005\sub-005_backward_mtrf_env_onset.trial_results.csv,hi,HI,1,0.08496895066711972,0.021553413420241,0.07038574077373884,0.014503405689292752,0.06341553724687872,0.05588233508444609,0.0596489361656624,0.0632149788930825,0.055767347900690496,0.059491163396886496
sub-005,11,1,0.0555029722933688,0.0870486897746312,0.0205379743626425,0.0665107154119887,0.0509923681869647,0.0064971390122157,0.0444952291747489,0.0555029722933688,0.90625,32,2,"envelope,onset",data/processed/env_onset/sub-005_mtrf_env_onset.npz,-0.5,0.0,0.05,hamming,1,,l2,1,True,mean,"1.0,1.0",results_env_onset\sub-005\sub-005_backward_mtrf_env_onset.summary.json,results_env_onset\sub-005\sub-005_backward_mtrf_env_onset.trial_results.csv,hi,HI,1,0.08726956459080429,0.020540862790335127,0.05103663442135106,0.006497230435374377,0.06672870180046916,0.04453940398597669,0.05563405289322293,0.0665107154119887,0.044495229174749,0.055502972293368855
sub-005,12,1,0.0662798712074067,0.0632834247413437,0.0013826522191953,0.0619007725221484,0.0996787783682421,0.0290198084755772,0.0706589698926649,0.0662798712074067,0.90625,32,2,"envelope,onset",data/processed/env_onset/sub-005_mtrf_env_onset.npz,-0.5,0.0,0.05,hamming,1,,l2,1,True,mean,"1.0,1.0",results_env_onset\sub-005\sub-005_backward_mtrf_env_onset.summary.json,results_env_onset\sub-005\sub-005_backward_mtrf_env_onset.trial_results.csv,hi,HI,1,0.06336810729742384,0.0013826531002809105,0.10001089195248138,0.02902795893129012,0.06198545419714293,0.07098293302119126,0.06648419360916709,0.0619007725221484,0.0706589698926649,0.06627987120740665
sub-005,13,1,0.0951275829977693,0.0973863060411174,-0.0056585814116724,0.1030448874527899,0.0525430163896955,-0.0346672621530531,0.0872102785427487,0.0951275829977693,0.90625,32,2,"envelope,onset",data/processed/env_onset/sub-005_mtrf_env_onset.npz,-0.5,0.0,0.05,hamming,1,,l2,1,True,mean,"1.0,1.0",results_env_onset\sub-005\sub-005_backward_mtrf_env_onset.summary.json,results_env_onset\sub-005\sub-005_backward_mtrf_env_onset.trial_results.csv,hi,HI,1,0.0976959435201775,-0.0056586418078974484,0.052591449679003394,-0.034681160101653334,0.10335458532807495,0.08727260978065673,0.09531359755436584,0.1030448874527898,0.0872102785427486,0.09512758299776919
sub-005,14,1,0.1007887203999206,0.1277434972438043,-0.0244869166667552,0.1522304139105596,0.0222089742433974,-0.0271380526458842,0.0493470268892816,0.1007887203999206,0.90625,32,2,"envelope,onset",data/processed/env_onset/sub-005_mtrf_env_onset.npz,-0.5,0.0,0.05,hamming,1,,l2,1,True,mean,"1.0,1.0",results_env_onset\sub-005\sub-005_backward_mtrf_env_onset.summary.json,results_env_onset\sub-005\sub-005_backward_mtrf_env_onset.trial_results.csv,hi,HI,1,0.1284452374741025,-0.02449181262085998,0.022212626765051285,-0.027144717747172347,0.15293705009496247,0.049357344512223636,0.10114719730359306,0.1522304139105595,0.049347026889281595,0.10078872039992054
sub-005,15,1,0.1846300941518552,0.1364418556262226,-0.0361650644214322,0.1726069200476549,0.1261536265549133,-0.0704996417011422,0.1966532682560556,0.1846300941518552,0.90625,32,2,"envelope,onset",data/processed/env_onset/sub-005_mtrf_env_onset.npz,-0.5,0.0,0.05,hamming,1,,l2,1,True,mean,"1.0,1.0",results_env_onset\sub-005\sub-005_backward_mtrf_env_onset.summary.json,results_env_onset\sub-005\sub-005_backward_mtrf_env_onset.trial_results.csv,hi,HI,1,0.137298125029053,-0.036180843711892056,0.12682932446976233,-0.07061679034554043,0.17347896874094507,0.19744611481530278,0.18546254177812393,0.1726069200476548,0.1966532682560555,0.18463009415185516
sub-005,16,1,0.1534035247115286,0.1065063300781764,-0.058872765922096,0.1653790960002724,0.0360175536024497,-0.1054103998203351,0.1414279534227848,0.1534035247115286,0.90625,32,2,"envelope,onset",data/processed/env_onset/sub-005_mtrf_env_onset.npz,-0.5,0.0,0.05,hamming,1,,l2,1,True,mean,"1.0,1.0",results_env_onset\sub-005\sub-005_backward_mtrf_env_onset.summary.json,results_env_onset\sub-005\sub-005_backward_mtrf_env_onset.trial_results.csv,hi,HI,1,0.10691181514936814,-0.05894092544226296,0.03603314049700469,-0.10580344086336432,0.1658527405916311,0.14183658136036903,0.15384466097600008,0.1653790960002724,0.1414279534227848,0.1534035247115286
sub-005,17,1,0.0833220740507493,0.0802850338843395,0.0388422919801091,0.0414427419042303,0.1250541358151594,-0.0001472703821089,0.1252014061972683,0.0833220740507493,0.90625,32,2,"envelope,onset",data/processed/env_onset/sub-005_mtrf_env_onset.npz,-0.5,0.0,0.05,hamming,1,,l2,1,True,mean,"1.0,1.0",results_env_onset\sub-005\sub-005_backward_mtrf_env_onset.summary.json,results_env_onset\sub-005\sub-005_backward_mtrf_env_onset.trial_results.csv,hi,HI,1,0.08045820148054389,0.03886184377691332,0.1257122096323816,-0.00014727038317359446,0.04159635770363057,0.1258594800155552,0.08372791885959288,0.0414427419042304,0.1252014061972683,0.08332207405074935
sub-005,18,0,-0.0107045580323382,0.0539181147204868,0.0741880622597373,-0.0202699475392504,0.039801201966472,0.040940370491898,-0.0011391685254259,-0.0107045580323382,0.90625,32,2,"envelope,onset",data/processed/env_onset/sub-005_mtrf_env_onset.npz,-0.5,0.0,0.05,hamming,1,,l2,1,True,mean,"1.0,1.0",results_env_onset\sub-005\sub-005_backward_mtrf_env_onset.summary.json,results_env_onset\sub-005\sub-005_backward_mtrf_env_onset.trial_results.csv,hi,HI,1,0.053970455633430454,0.07432462061876152,0.0398222387999011,0.040963267097880535,-0.020354164985331068,-0.001141028297979435,-0.010747596641655251,-0.020269947539250502,-0.0011391685254259973,-0.01070455803233825
sub-005,19,1,0.0231763925229803,0.0757275268382677,0.0670274415026982,0.0087000853355695,0.0825777030193722,0.0449250033089811,0.0376526997103911,0.0231763925229803,0.90625,32,2,"envelope,onset",data/processed/env_onset/sub-005_mtrf_env_onset.npz,-0.5,0.0,0.05,hamming,1,,l2,1,True,mean,"1.0,1.0",results_env_onset\sub-005\sub-005_backward_mtrf_env_onset.summary.json,results_env_onset\sub-005\sub-005_backward_mtrf_env_onset.trial_results.csv,hi,HI,1,0.07587278413133364,0.06712809052119567,0.08276617598889911,0.04495526334560356,0.008744693610137966,0.03781091264329555,0.02327780312671676,0.008700085335569499,0.0376526997103911,0.0231763925229803
sub-005,20,1,0.1018615748993077,0.1243666908282853,0.0313884161208145,0.0929782747074708,0.1013854598344283,-0.0093594152567162,0.1107448750911445,0.1018615748993077,0.90625,32,2,"envelope,onset",data/processed/env_onset/sub-005_mtrf_env_onset.npz,-0.5,0.0,0.05,hamming,1,,l2,1,True,mean,"1.0,1.0",results_env_onset\sub-005\sub-005_backward_mtrf_env_onset.summary.json,results_env_onset\sub-005\sub-005_backward_mtrf_env_onset.trial_results.csv,hi,HI,1,0.12501390408858287,0.03139873051638713,0.10173499889793582,-0.009359688561807114,0.09361517357219575,0.11109468745974294,0.10235493051596933,0.0929782747074708,0.1107448750911445,0.10186157489930765
sub-005,21,1,0.0823509646010118,0.0671878735112032,0.0203975429990764,0.0467903305121268,0.0831432429563792,-0.0347683557335175,0.1179115986898967,0.0823509646010118,0.90625,32,2,"envelope,onset",data/processed/env_onset/sub-005_mtrf_env_onset.npz,-0.5,0.0,0.05,hamming,1,,l2,1,True,mean,"1.0,1.0",results_env_onset\sub-005\sub-005_backward_mtrf_env_onset.summary.json,results_env_onset\sub-005\sub-005_backward_mtrf_env_onset.trial_results.csv,hi,HI,1,0.06728924829404184,0.02040037257109027,0.0833356257023649,-0.034782375679998624,0.04688887572295157,0.11811800138236353,0.08250343855265754,0.046790330512126804,0.1179115986898967,0.08235096460101175
sub-005,22,1,0.1010138855177074,0.101010973924643,-0.022258320374002,0.1232692942986451,0.0948215716919228,0.016063094955153,0.0787584767367697,0.1010138855177074,0.90625,32,2,"envelope,onset",data/processed/env_onset/sub-005_mtrf_env_onset.npz,-0.5,0.0,0.05,hamming,1,,l2,1,True,mean,"1.0,1.0",results_env_onset\sub-005\sub-005_backward_mtrf_env_onset.summary.json,results_env_onset\sub-005\sub-005_backward_mtrf_env_onset.trial_results.csv,hi,HI,1,0.10135663816131382,-0.022261997301253528,0.09510729906415148,0.01606447671849651,0.12361863546256735,0.07904282234565498,0.10133072890411116,0.123269294298645,0.0787584767367698,0.1010138855177074
sub-005,23,1,0.0665679793565638,0.070919698898752,-0.0056349538376915,0.0765546527364436,0.0484785054541413,-0.0081028005225425,0.0565813059766839,0.0665679793565638,0.90625,32,2,"envelope,onset",data/processed/env_onset/sub-005_mtrf_env_onset.npz,-0.5,0.0,0.05,hamming,1,,l2,1,True,mean,"1.0,1.0",results_env_onset\sub-005\sub-005_backward_mtrf_env_onset.summary.json,results_env_onset\sub-005\sub-005_backward_mtrf_env_onset.trial_results.csv,hi,HI,1,0.07103895832923107,-0.005635013480502965,0.048516536599779767,-0.008102977860334279,0.07667397180973404,0.05661951446011405,0.06664674313492404,0.0765546527364435,0.0565813059766838,0.06656797935656365
sub-005,24,0,-0.0264015180203623,0.0312237097044791,0.0508431422432214,-0.0196194325387423,0.0354851506353621,0.0686687541373444,-0.0331836035019822,-0.0264015180203623,0.90625,32,2,"envelope,onset",data/processed/env_onset/sub-005_mtrf_env_onset.npz,-0.5,0.0,0.05,hamming,1,,l2,1,True,mean,"1.0,1.0",results_env_onset\sub-005\sub-005_backward_mtrf_env_onset.summary.json,results_env_onset\sub-005\sub-005_backward_mtrf_env_onset.trial_results.csv,hi,HI,1,0.031233862517568003,0.05088702058583473,0.035500056150610436,0.06877699403656062,-0.01965315806826673,-0.03327693788595019,-0.02646504797710846,-0.019619432538742303,-0.033183603501982295,-0.0264015180203623
sub-005,25,1,0.0822075585419569,0.1082248622738806,0.050368855986945,0.0578560062869356,0.1439059851313508,0.0373468743343725,0.1065591107969782,0.0822075585419569,0.90625,32,2,"envelope,onset",data/processed/env_onset/sub-005_mtrf_env_onset.npz,-0.5,0.0,0.05,hamming,1,,l2,1,True,mean,"1.0,1.0",results_env_onset\sub-005\sub-005_backward_mtrf_env_onset.summary.json,results_env_onset\sub-005\sub-005_backward_mtrf_env_onset.trial_results.csv,hi,HI,1,0.10865038897888209,0.050411516570391626,0.1449118935843131,0.037364252550175225,0.05823887240849046,0.10754764103413789,0.08289325672131417,0.0578560062869356,0.1065591107969783,0.08220755854195695
sub-005,26,1,0.0487046091142562,0.1205079940538459,0.0745933625897783,0.0459146314640676,0.1317936377528016,0.0802990509883568,0.0514945867644447,0.0487046091142562,0.90625,32,2,"envelope,onset",data/processed/env_onset/sub-005_mtrf_env_onset.npz,-0.5,0.0,0.05,hamming,1,,l2,1,True,mean,"1.0,1.0",results_env_onset\sub-005\sub-005_backward_mtrf_env_onset.summary.json,results_env_onset\sub-005\sub-005_backward_mtrf_env_onset.trial_results.csv,hi,HI,1,0.12109647637940131,0.07473217635904501,0.13256475620585723,0.08047230953654728,0.0463643000203563,0.05209244666930994,0.04922837334483312,0.04591463146406759,0.051494586764444794,0.04870460911425619
sub-005,27,0,-0.0057538096349728,0.0691229995751937,0.0278025971009982,0.0413204024741955,-0.0102068474212375,0.0426211743229035,-0.0528280217441411,-0.0057538096349728,0.90625,32,2,"envelope,onset",data/processed/env_onset/sub-005_mtrf_env_onset.npz,-0.5,0.0,0.05,hamming,1,,l2,1,True,mean,"1.0,1.0",results_env_onset\sub-005\sub-005_backward_mtrf_env_onset.summary.json,results_env_onset\sub-005\sub-005_backward_mtrf_env_onset.trial_results.csv,hi,HI,1,0.06923340590608734,0.027809764083268993,-0.010207201892279043,0.04264701052605001,0.04142364182281835,-0.05285421241832905,-0.005715285297755349,0.0413204024741955,-0.052828021744141,-0.00575380963497275
sub-005,28,1,0.0375244220039037,0.0428524710091976,0.0084124143936916,0.0344400566155059,0.0422664475380261,0.0016576601457245,0.0406087873923016,0.0375244220039037,0.90625,32,2,"envelope,onset",data/processed/env_onset/sub-005_mtrf_env_onset.npz,-0.5,0.0,0.05,hamming,1,,l2,1,True,mean,"1.0,1.0",results_env_onset\sub-005\sub-005_backward_mtrf_env_onset.summary.json,results_env_onset\sub-005\sub-005_backward_mtrf_env_onset.trial_results.csv,hi,HI,1,0.04287873043497097,0.008412612847373097,0.042291643551958295,0.0016576616640537184,0.03446611758759788,0.040633981887904576,0.03755004973775122,0.034440056615506,0.0406087873923016,0.037524422003903796
sub-005,29,1,0.1002582009423091,0.1311702992446268,-0.0147775885304959,0.1459478877751227,0.0322439267318962,-0.0223245873775993,0.0545685141094956,0.1002582009423091,0.90625,32,2,"envelope,onset",data/processed/env_onset/sub-005_mtrf_env_onset.npz,-0.5,0.0,0.05,hamming,1,,l2,1,True,mean,"1.0,1.0",results_env_onset\sub-005\sub-005_backward_mtrf_env_onset.summary.json,results_env_onset\sub-005\sub-005_backward_mtrf_env_onset.trial_results.csv,hi,HI,1,0.13193045213904395,-0.01477866436721725,0.03225510806415432,-0.02232829724991075,0.1467091165062612,0.05458340531406507,0.10064626091016313,0.14594788777512271,0.0545685141094955,0.10025820094230911
sub-005,30,1,0.0272518723229537,0.0941432076549709,0.0354852586269815,0.0586579490279894,0.0817709113617098,0.0859251157437917,-0.0041542043820819,0.0272518723229537,0.90625,32,2,"envelope,onset",data/processed/env_onset/sub-005_mtrf_env_onset.npz,-0.5,0.0,0.05,hamming,1,,l2,1,True,mean,"1.0,1.0",results_env_onset\sub-005\sub-005_backward_mtrf_env_onset.summary.json,results_env_onset\sub-005\sub-005_backward_mtrf_env_onset.trial_results.csv,hi,HI,1,0.09442282475123157,0.0355001642783843,0.08195389929274438,0.08613752278227203,0.05892266047284726,-0.004183623489527652,0.027369518491659806,0.0586579490279894,-0.0041542043820819025,0.02725187232295375
sub-005,31,1,0.1713984355555067,0.1177615616650138,-0.0028231889385165,0.1205847506035303,0.14639043708856,-0.075821683418923,0.222212120507483,0.1713984355555067,0.90625,32,2,"envelope,onset",data/processed/env_onset/sub-005_mtrf_env_onset.npz,-0.5,0.0,0.05,hamming,1,,l2,1,True,mean,"1.0,1.0",results_env_onset\sub-005\sub-005_backward_mtrf_env_onset.summary.json,results_env_onset\sub-005\sub-005_backward_mtrf_env_onset.trial_results.csv,hi,HI,1,0.11831050051762723,-0.0028231964391967727,0.14744981591510428,-0.0759674844615436,0.12113369695682401,0.22341730037664786,0.17227549866673594,0.1205847506035303,0.222212120507483,0.17139843555550666
sub-006,0,1,0.0505051501769881,0.1268786768918765,0.0613160053947008,0.0655626714971757,0.1096668356347005,0.0742192067779,0.0354476288568005,0.0505051501769881,1.0,32,2,"envelope,onset",data/processed/env_onset/sub-006_mtrf_env_onset.npz,-0.5,0.0,0.05,hamming,1,,l2,1,True,mean,"1.0,1.0",results_env_onset\sub-006\sub-006_backward_mtrf_env_onset.summary.json,results_env_onset\sub-006\sub-006_backward_mtrf_env_onset.trial_results.csv,hi,HI,1,0.1275661690230826,0.06139302149310357,0.1101096832574477,0.07435593757369818,0.06617314752997902,0.03575374568374952,0.05096344660686427,0.0655626714971757,0.0354476288568005,0.0505051501769881
sub-006,1,1,0.0355297095290847,0.0879797741050113,0.0837321963575698,0.0042475777474415,0.13848824901144,0.071676407700712,0.0668118413107279,0.0355297095290847,1.0,32,2,"envelope,onset",data/processed/env_onset/sub-006_mtrf_env_onset.npz,-0.5,0.0,0.05,hamming,1,,l2,1,True,mean,"1.0,1.0",results_env_onset\sub-006\sub-006_backward_mtrf_env_onset.summary.json,results_env_onset\sub-006\sub-006_backward_mtrf_env_onset.trial_results.csv,hi,HI,1,0.08820783496061581,0.08392870807350082,0.13938393398038185,0.07179953348540878,0.004279126887114987,0.06758440049497307,0.035931763691044026,0.0042475777474415,0.066811841310728,0.03552970952908475
sub-006,2,1,0.1808370394699208,0.1333643272370334,-0.0126002484371315,0.145964575674165,0.1707970188305511,-0.0449124844351255,0.2157095032656766,0.1808370394699208,1.0,32,2,"envelope,onset",data/processed/env_onset/sub-006_mtrf_env_onset.npz,-0.5,0.0,0.05,hamming,1,,l2,1,True,mean,"1.0,1.0",results_env_onset\sub-006\sub-006_backward_mtrf_env_onset.summary.json,results_env_onset\sub-006\sub-006_backward_mtrf_env_onset.trial_results.csv,hi,HI,1,0.13416354830944474,-0.012600915332103562,0.17248751637829043,-0.04494271916142828,0.1467644636415483,0.2174302355397187,0.1820973495906335,0.1459645756741649,0.2157095032656766,0.18083703946992075
sub-006,3,1,0.1261314437357198,0.1577650668348693,0.0331022918916679,0.1246627749432014,0.1715975333772352,0.0439974208489969,0.1276001125282383,0.1261314437357198,1.0,32,2,"envelope,onset",data/processed/env_onset/sub-006_mtrf_env_onset.npz,-0.5,0.0,0.05,hamming,1,,l2,1,True,mean,"1.0,1.0",results_env_onset\sub-006\sub-006_backward_mtrf_env_onset.summary.json,results_env_onset\sub-006\sub-006_backward_mtrf_env_onset.trial_results.csv,hi,HI,1,0.15909388291725568,0.033114390588564635,0.1733122012571633,0.0440258435419601,0.12597949232869105,0.1292863577152032,0.12763292502194712,0.1246627749432014,0.1276001125282383,0.12613144373571986
sub-006,4,1,0.0736039068859149,0.1032356818331894,0.0188238339585916,0.0844118478745978,0.125691491643988,0.0628955257467561,0.0627959658972319,0.0736039068859149,1.0,32,2,"envelope,onset",data/processed/env_onset/sub-006_mtrf_env_onset.npz,-0.5,0.0,0.05,hamming,1,,l2,1,True,mean,"1.0,1.0",results_env_onset\sub-006\sub-006_backward_mtrf_env_onset.summary.json,results_env_onset\sub-006\sub-006_backward_mtrf_env_onset.trial_results.csv,hi,HI,1,0.10360479343897516,0.018826057756619722,0.12635974364588512,0.06297865818060955,0.08477873568235544,0.06338108546527557,0.07407991057381551,0.0844118478745978,0.0627959658972319,0.07360390688591484
sub-006,5,1,0.0803597132243063,0.1191370723079839,0.0602358456087067,0.0589012266992772,0.1187247663320196,0.0169065665826841,0.1018181997493355,0.0803597132243063,1.0,32,2,"envelope,onset",data/processed/env_onset/sub-006_mtrf_env_onset.npz,-0.5,0.0,0.05,hamming,1,,l2,1,True,mean,"1.0,1.0",results_env_onset\sub-006\sub-006_backward_mtrf_env_onset.summary.json,results_env_onset\sub-006\sub-006_backward_mtrf_env_onset.trial_results.csv,hi,HI,1,0.11970558476080012,0.060308857007549094,0.11928736321736352,0.016908177671537405,0.05939672775325103,0.10237918554582612,0.08088795664953857,0.0589012266992772,0.10181819974933551,0.08035971322430635
sub-006,6,1,0.1241322133229756,0.1344978741833128,0.0059424020840168,0.1285554720992959,0.1387339549935671,0.0190250004469118,0.1197089545466553,0.1241322133229756,1.0,32,2,"envelope,onset",data/processed/env_onset/sub-006_mtrf_env_onset.npz,-0.5,0.0,0.05,hamming,1,,l2,1,True,mean,"1.0,1.0",results_env_onset\sub-006\sub-006_backward_mtrf_env_onset.summary.json,results_env_onset\sub-006\sub-006_backward_mtrf_env_onset.trial_results.csv,hi,HI,1,0.1353177998206984,0.0059424720318152595,0.13963445319903517,0.019027296315902484,0.12937532778888314,0.12060715688313269,0.12499124233600792,0.128555472099296,0.11970895454665531,0.12413221332297565
sub-006,7,1,0.1431426641719721,0.1766796289936715,-0.0069459167226128,0.1836255457162843,0.1297369703023773,0.0270771876747174,0.1026597826276599,0.1431426641719721,1.0,32,2,"envelope,onset",data/processed/env_onset/sub-006_mtrf_env_onset.npz,-0.5,0.0,0.05,hamming,1,,l2,1,True,mean,"1.0,1.0",results_env_onset\sub-006\sub-006_backward_mtrf_env_onset.summary.json,results_env_onset\sub-006\sub-006_backward_mtrf_env_onset.trial_results.csv,hi,HI,1,0.17855324011375817,-0.006946028429521465,0.13047230801320955,0.027083808018112537,0.18549926854327964,0.10338849999509701,0.14444388426918833,0.1836255457162843,0.1026597826276599,0.1431426641719721
sub-006,8,1,0.0625973896883221,0.12739154291387,0.0346343427961828,0.0927572001176871,0.1323940335821746,0.0999564543232176,0.032437579258957,0.0625973896883221,1.0,32,2,"envelope,onset",data/processed/env_onset/sub-006_mtrf_env_onset.npz,-0.5,0.0,0.05,hamming,1,,l2,1,True,mean,"1.0,1.0",results_env_onset\sub-006\sub-006_backward_mtrf_env_onset.summary.json,results_env_onset\sub-006\sub-006_backward_mtrf_env_onset.trial_results.csv,hi,HI,1,0.12808746087266074,0.034648201171714264,0.133175814273549,0.10029136239241564,0.09343925970094646,0.032884451881133356,0.06316185579103992,0.0927572001176872,0.032437579258957,0.0625973896883221
sub-006,9,1,0.1062192388962365,0.0573123220327199,-0.0294916312266154,0.0868039532593353,0.1239214171878929,-0.0017131073452447,0.1256345245331377,0.1062192388962365,1.0,32,2,"envelope,onset",data/processed/env_onset/sub-006_mtrf_env_onset.npz,-0.5,0.0,0.05,hamming,1,,l2,1,True,mean,"1.0,1.0",results_env_onset\sub-006\sub-006_backward_mtrf_env_onset.summary.json,results_env_onset\sub-006\sub-006_backward_mtrf_env_onset.trial_results.csv,hi,HI,1,0.05737519729974184,-0.02950018586880595,0.12456166057807046,-0.00171310902108736,0.08687538316854779,0.12627476959915782,0.1065750763838528,0.0868039532593353,0.12563452453313761,0.10621923889623647
sub-006,10,1,0.041175025618016,0.1129661464327652,0.0836549997271445,0.0293111467056207,0.1290028579620378,0.0759639534316265,0.0530389045304112,0.041175025618016,1.0,32,2,"envelope,onset",data/processed/env_onset/sub-006_mtrf_env_onset.npz,-0.5,0.0,0.05,hamming,1,,l2,1,True,mean,"1.0,1.0",results_env_onset\sub-006\sub-006_backward_mtrf_env_onset.summary.json,results_env_onset\sub-006\sub-006_backward_mtrf_env_onset.trial_results.csv,hi,HI,1,0.11345039318128296,0.08385096689575539,0.12972569997588157,0.07611057865697743,0.029599426285527572,0.05361512131890414,0.041607273802215856,0.029311146705620697,0.05303890453041131,0.041175025618016003
sub-006,11,1,0.2004354677598804,0.1573499486978524,-0.0605158822807211,0.2178658309785736,0.2278718778624981,0.0448667733213108,0.1830051045411872,0.2004354677598804,1.0,32,2,"envelope,onset",data/processed/env_onset/sub-006_mtrf_env_onset.npz,-0.5,0.0,0.05,hamming,1,,l2,1,True,mean,"1.0,1.0",results_env_onset\sub-006\sub-006_backward_mtrf_env_onset.summary.json,results_env_onset\sub-006\sub-006_backward_mtrf_env_onset.trial_results.csv,hi,HI,1,0.15866819739944915,-0.060589918218385753,0.23194363585149852,0.044896915750123334,0.2192581156178349,0.18704672010137519,0.20315241785960503,0.2178658309785735,0.1830051045411873,0.20043546775988041
sub-006,12,1,0.1148556842561746,0.1686946094606229,0.0328333170608873,0.1358612923997355,0.1697058282746321,0.0758557521620183,0.0938500761126137,0.1148556842561746,1.0,32,2,"envelope,onset",data/processed/env_onset/sub-006_mtrf_env_onset.npz,-0.5,0.0,0.05,hamming,1,,l2,1,True,mean,"1.0,1.0",results_env_onset\sub-006\sub-006_backward_mtrf_env_onset.summary.json,results_env_onset\sub-006\sub-006_backward_mtrf_env_onset.trial_results.csv,hi,HI,1,0.170322730759785,0.032845123095742494,0.17136375279514698,0.07600175028490627,0.1374776076640425,0.09536200251024071,0.1164198050871416,0.1358612923997356,0.0938500761126138,0.1148556842561747
sub-006,13,1,0.2170995956880904,0.1925565566455349,-0.0422838353877342,0.2348403920332691,0.2437808540141223,0.0444220546712106,0.1993587993429117,0.2170995956880904,1.0,32,2,"envelope,onset",data/processed/env_onset/sub-006_mtrf_env_onset.npz,-0.5,0.0,0.05,hamming,1,,l2,1,True,mean,"1.0,1.0",results_env_onset\sub-006\sub-006_backward_mtrf_env_onset.summary.json,results_env_onset\sub-006\sub-006_backward_mtrf_env_onset.trial_results.csv,hi,HI,1,0.1949908175699305,-0.04230906253265289,0.24878994279812086,0.04445130894313195,0.2372998801025834,0.2043386338549889,0.22081925697878615,0.2348403920332691,0.1993587993429117,0.2170995956880904
sub-006,14,1,0.1485423910159041,0.199135912673489,0.0511935087593209,0.1479424039141681,0.246972179757816,0.0978298016401759,0.14914237811764,0.1485423910159041,1.0,32,2,"envelope,onset",data/processed/env_onset/sub-006_mtrf_env_onset.npz,-0.5,0.0,0.05,hamming,1,,l2,1,True,mean,"1.0,1.0",results_env_onset\sub-006\sub-006_backward_mtrf_env_onset.summary.json,results_env_onset\sub-006\sub-006_backward_mtrf_env_onset.trial_results.csv,hi,HI,1,0.2018326248496095,0.05123830144380939,0.25218573135194416,0.09814370510016505,0.15059432340580012,0.1540420262517791,0.15231817482878962,0.1479424039141681,0.14914237811764008,0.1485423910159041
sub-006,15,1,0.1656072976576341,0.1837060073681716,-0.0040822062857834,0.1877882136539551,0.1884158116387728,0.0449894299774597,0.1434263816613131,0.1656072976576341,1.0,32,2,"envelope,onset",data/processed/env_onset/sub-006_mtrf_env_onset.npz,-0.5,0.0,0.05,hamming,1,,l2,1,True,mean,"1.0,1.0",results_env_onset\sub-006\sub-006_backward_mtrf_env_onset.summary.json,results_env_onset\sub-006\sub-006_backward_mtrf_env_onset.trial_results.csv,hi,HI,1,0.18581545242926273,-0.004082228961860709,0.19069416138856568,0.045019820493870634,0.18989768139112345,0.14567434089469505,0.16778601114290925,0.187788213653955,0.1434263816613131,0.16560729765763404
sub-006,16,1,0.0729388651110552,0.1514116555787814,0.0631424293539186,0.0882692262248627,0.1701576533271267,0.112549149329879,0.0576085039972476,0.0729388651110552,1.0,32,2,"envelope,onset",data/processed/env_onset/sub-006_mtrf_env_onset.npz,-0.5,0.0,0.05,hamming,1,,l2,1,True,mean,"1.0,1.0",results_env_onset\sub-006\sub-006_backward_mtrf_env_onset.summary.json,results_env_onset\sub-006\sub-006_backward_mtrf_env_onset.trial_results.csv,hi,HI,1,0.15258489877347786,0.06322654624962949,0.17182901308316958,0.11302802597400263,0.08935835252384837,0.05880098710916695,0.07407966981650765,0.08826922622486279,0.057608503997247706,0.07293886511105524
sub-006,17,1,0.0153104050306765,0.0785188020552887,0.0785050519045255,1.3750150763214286e-05,0.0930364034126095,0.0624293435020196,0.0306070599105899,0.0153104050306765,1.0,32,2,"envelope,onset",data/processed/env_onset/sub-006_mtrf_env_onset.npz,-0.5,0.0,0.05,hamming,1,,l2,1,True,mean,"1.0,1.0",results_env_onset\sub-006\sub-006_backward_mtrf_env_onset.summary.json,results_env_onset\sub-006\sub-006_backward_mtrf_env_onset.trial_results.csv,hi,HI,1,0.07868076302442262,0.07866692759034624,0.09330624016877005,0.06251063820906974,1.3835434076375774e-05,0.03079560195970031,0.015404718696888343,1.3750150763200408e-05,0.030607059910589908,0.015310405030676554
sub-006,18,1,0.134105541373348,0.1335387602850884,-0.0102963566552006,0.143835116940289,0.1675981295578068,0.0432221637513998,0.1243759658064069,0.134105541373348,1.0,32,2,"envelope,onset",data/processed/env_onset/sub-006_mtrf_env_onset.npz,-0.5,0.0,0.05,hamming,1,,l2,1,True,mean,"1.0,1.0",results_env_onset\sub-006\sub-006_backward_mtrf_env_onset.summary.json,results_env_onset\sub-006\sub-006_backward_mtrf_env_onset.trial_results.csv,hi,HI,1,0.1343411442194028,-0.010296720534294446,0.16919434772989755,0.04324910920093152,0.14463786475369725,0.12594523852896602,0.13529155164133164,0.143835116940289,0.12437596580640702,0.13410554137334801
sub-006,19,1,0.1138608859624939,0.1590737663519817,0.0556064673421127,0.1034672990098689,0.1984111532128199,0.074156680297701,0.1242544729151189,0.1138608859624939,1.0,32,2,"envelope,onset",data/processed/env_onset/sub-006_mtrf_env_onset.npz,-0.5,0.0,0.05,hamming,1,,l2,1,True,mean,"1.0,1.0",results_env_onset\sub-006\sub-006_backward_mtrf_env_onset.summary.json,results_env_onset\sub-006\sub-006_backward_mtrf_env_onset.trial_results.csv,hi,HI,1,0.16043627220236983,0.055663887108237935,0.2010780514637558,0.07429306505249164,0.10477238509413189,0.12678498641126415,0.11577868575269802,0.10346729900986901,0.1242544729151189,0.11386088596249395
sub-006,20,1,0.1504743042607001,0.1956236632215656,0.0268455233151187,0.1687781399064469,0.1583408849660489,0.0261704163510955,0.1321704686149533,0.1504743042607001,1.0,32,2,"envelope,onset",data/processed/env_onset/sub-006_mtrf_env_onset.npz,-0.5,0.0,0.05,hamming,1,,l2,1,True,mean,"1.0,1.0",results_env_onset\sub-006\sub-006_backward_mtrf_env_onset.summary.json,results_env_onset\sub-006\sub-006_backward_mtrf_env_onset.trial_results.csv,hi,HI,1,0.1981779909509939,0.02685197513474541,0.1596844539702359,0.02617639343233099,0.17132601581624848,0.1335080605379049,0.1524170381770767,0.1687781399064469,0.1321704686149534,0.15047430426070016
sub-006,21,1,0.0937837040751555,0.1463398933456269,0.0115647144942985,0.1347751788513284,0.1422382740899105,0.0894460447909279,0.0527922292989826,0.0937837040751555,1.0,32,2,"envelope,onset",data/processed/env_onset/sub-006_mtrf_env_onset.npz,-0.5,0.0,0.05,hamming,1,,l2,1,True,mean,"1.0,1.0",results_env_onset\sub-006\sub-006_backward_mtrf_env_onset.summary.json,results_env_onset\sub-006\sub-006_backward_mtrf_env_onset.trial_results.csv,hi,HI,1,0.14739816568151912,0.01156523010075142,0.1432093312877472,0.0896857369794965,0.1358329355807677,0.05352359430825071,0.0946782649445092,0.1347751788513284,0.0527922292989826,0.09378370407515549
sub-006,22,1,0.1531062778048185,0.2236782186066816,0.0566721474066632,0.1670060712000183,0.1880152002346601,0.0488087158250412,0.1392064844096188,0.1531062778048185,1.0,32,2,"envelope,onset",data/processed/env_onset/sub-006_mtrf_env_onset.npz,-0.5,0.0,0.05,hamming,1,,l2,1,True,mean,"1.0,1.0",results_env_onset\sub-006\sub-006_backward_mtrf_env_onset.summary.json,results_env_onset\sub-006\sub-006_backward_mtrf_env_onset.trial_results.csv,hi,HI,1,0.2275247171189427,0.0567329365146916,0.19027883708270216,0.04884753017098733,0.1707917806042511,0.14143130691171482,0.15611154375798297,0.1670060712000184,0.13920648440961889,0.15310627780481864
sub-006,23,1,0.0400005236857027,0.1080799896818592,0.0889376693675825,0.0191423203142766,0.1375267000939084,0.0766679730367796,0.0608587270571287,0.0400005236857027,1.0,32,2,"envelope,onset",data/processed/env_onset/sub-006_mtrf_env_onset.npz,-0.5,0.0,0.05,hamming,1,,l2,1,True,mean,"1.0,1.0",results_env_onset\sub-006\sub-006_backward_mtrf_env_onset.summary.json,results_env_onset\sub-006\sub-006_backward_mtrf_env_onset.trial_results.csv,hi,HI,1,0.10850380176366904,0.08917328489238965,0.13840371568196375,0.07681872261185724,0.019330516871279388,0.06158499307010651,0.04045775497069295,0.019142320314276692,0.06085872705712882,0.040000523685702755
sub-006,24,1,0.127842581227702,0.1429890449094399,0.0143104363689174,0.1286786085405225,0.1755561157226823,0.0485495618078007,0.1270065539148816,0.127842581227702,1.0,32,2,"envelope,onset",data/processed/env_onset/sub-006_mtrf_env_onset.npz,-0.5,0.0,0.05,hamming,1,,l2,1,True,mean,"1.0,1.0",results_env_onset\sub-006\sub-006_backward_mtrf_env_onset.summary.json,results_env_onset\sub-006\sub-006_backward_mtrf_env_onset.trial_results.csv,hi,HI,1,0.14397568882856338,0.014311413360323875,0.1773937626058288,0.04858776058706204,0.1296642754682395,0.12880600201876674,0.12923513874350312,0.1286786085405225,0.12700655391488158,0.12784258122770203
sub-006,25,1,0.0858910793086256,0.1065116976598351,0.0076117238124264,0.0988999738474086,0.1504953982750529,0.0776132135052104,0.0728821847698425,0.0858910793086256,1.0,32,2,"envelope,onset",data/processed/env_onset/sub-006_mtrf_env_onset.npz,-0.5,0.0,0.05,hamming,1,,l2,1,True,mean,"1.0,1.0",results_env_onset\sub-006\sub-006_backward_mtrf_env_onset.summary.json,results_env_onset\sub-006\sub-006_backward_mtrf_env_onset.trial_results.csv,hi,HI,1,0.10691724432046694,0.007611870821082775,0.15164727581433227,0.0777696216401797,0.09930537349938416,0.07387765417415257,0.08659151383676836,0.0988999738474087,0.0728821847698425,0.0858910793086256
sub-006,26,1,0.1228314880509511,0.1657293798746102,0.0619283745360084,0.1038010053386018,0.1897212815142639,0.0478593107509634,0.1418619707633005,0.1228314880509511,1.0,32,2,"envelope,onset",data/processed/env_onset/sub-006_mtrf_env_onset.npz,-0.5,0.0,0.05,hamming,1,,l2,1,True,mean,"1.0,1.0",results_env_onset\sub-006\sub-006_backward_mtrf_env_onset.summary.json,results_env_onset\sub-006\sub-006_backward_mtrf_env_onset.trial_results.csv,hi,HI,1,0.16727220647651111,0.06200772486351561,0.19204802804142004,0.0478959018527213,0.10526448161299551,0.14415212618869874,0.12470830390084713,0.1038010053386018,0.1418619707633005,0.12283148805095115
sub-006,27,1,0.2222805040710682,0.2102519444641667,-0.0371361053880806,0.2473880498522474,0.2084050451487875,0.0112320868588985,0.197172958289889,0.2222805040710682,1.0,32,2,"envelope,onset",data/processed/env_onset/sub-006_mtrf_env_onset.npz,-0.5,0.0,0.05,hamming,1,,l2,1,True,mean,"1.0,1.0",results_env_onset\sub-006\sub-006_backward_mtrf_env_onset.summary.json,results_env_onset\sub-006\sub-006_backward_mtrf_env_onset.trial_results.csv,hi,HI,1,0.21343492896438687,-0.0371531908756318,0.21150339210856264,0.011232559240507421,0.25058811984001866,0.20027083286805522,0.22542947635403693,0.2473880498522473,0.19717295828988898,0.22228050407106814
sub-006,28,1,0.1240936989158423,0.0879013958118767,-0.030408357547208,0.1183097533590848,0.1712941930048064,0.0414165485322066,0.1298776444725998,0.1240936989158423,1.0,32,2,"envelope,onset",data/processed/env_onset/sub-006_mtrf_env_onset.npz,-0.5,0.0,0.05,hamming,1,,l2,1,True,mean,"1.0,1.0",results_env_onset\sub-006\sub-006_backward_mtrf_env_onset.summary.json,results_env_onset\sub-006\sub-006_backward_mtrf_env_onset.trial_results.csv,hi,HI,1,0.08812884580110276,-0.030417735297710486,0.17299967457140325,0.04144025395743821,0.11854658109881325,0.13155942061396503,0.12505300085638915,0.1183097533590847,0.12987764447259978,0.12409369891584224
sub-006,29,1,0.1655102557258285,0.1558708742322871,-0.0490092666620453,0.2048801408943324,0.1498219907661985,0.0236816202088739,0.1261403705573246,0.1655102557258285,1.0,32,2,"envelope,onset",data/processed/env_onset/sub-006_mtrf_env_onset.npz,-0.5,0.0,0.05,hamming,1,,l2,1,True,mean,"1.0,1.0",results_env_onset\sub-006\sub-006_backward_mtrf_env_onset.summary.json,results_env_onset\sub-006\sub-006_backward_mtrf_env_onset.trial_results.csv,hi,HI,1,0.15715193349635156,-0.049048561894531564,0.1509583342756969,0.023686048734389863,0.20620049539088314,0.12727228554130704,0.1667363904660951,0.2048801408943324,0.1261403705573246,0.1655102557258285
sub-006,30,1,0.0408550102346863,0.1539701989092232,0.1021167954102794,0.0518534034989437,0.1577034792291088,0.1278468622586799,0.0298566169704289,0.0408550102346863,1.0,32,2,"envelope,onset",data/processed/env_onset/sub-006_mtrf_env_onset.npz,-0.5,0.0,0.05,hamming,1,,l2,1,True,mean,"1.0,1.0",results_env_onset\sub-006\sub-006_backward_mtrf_env_onset.summary.json,results_env_onset\sub-006\sub-006_backward_mtrf_env_onset.trial_results.csv,hi,HI,1,0.15520451885219091,0.10247398545165697,0.1590307239089751,0.1285503186333759,0.05273053340053395,0.0304804052755992,0.041605469338066574,0.051853403498943795,0.029856616970428906,0.04085501023468635
sub-006,31,1,0.1401127010857731,0.197082947906576,0.0606092684116245,0.1364736794949514,0.2520500777438887,0.108298355067294,0.1437517226765947,0.1401127010857731,1.0,32,2,"envelope,onset",data/processed/env_onset/sub-006_mtrf_env_onset.npz,-0.5,0.0,0.05,hamming,1,,l2,1,True,mean,"1.0,1.0",results_env_onset\sub-006\sub-006_backward_mtrf_env_onset.summary.json,results_env_onset\sub-006\sub-006_backward_mtrf_env_onset.trial_results.csv,hi,HI,1,0.1996957942800636,0.06068364813433716,0.2576007610901475,0.10872475336577224,0.13901214614572643,0.14887600772437526,0.14394407693505085,0.13647367949495148,0.1437517226765947,0.1401127010857731
sub-007,0,1,0.0296788980234567,0.0507407382757293,0.0152284419748904,0.0355122963008388,0.0191239409708358,-0.0047215587752388,0.0238454997460746,0.0296788980234567,0.78125,32,2,"envelope,onset",data/processed/env_onset/sub-007_mtrf_env_onset.npz,-0.5,0.0,0.05,hamming,1,,l2,1,True,mean,"1.0,1.0",results_env_onset\sub-007\sub-007_backward_mtrf_env_onset.summary.json,results_env_onset\sub-007\sub-007_backward_mtrf_env_onset.trial_results.csv,hi,HI,1,0.050784351751015824,0.015229619324919265,0.019126272851077857,-0.004721593861795936,0.03555473242609656,0.023847866712873794,0.029701299569485175,0.0355122963008389,0.0238454997460746,0.029678898023456753
sub-007,1,1,0.0573444406179028,0.0647000870693932,-0.0095263967165097,0.0742264837859029,0.0417601230230533,0.0012977255731506,0.0404623974499026,0.0573444406179028,0.78125,32,2,"envelope,onset",data/processed/env_onset/sub-007_mtrf_env_onset.npz,-0.5,0.0,0.05,hamming,1,,l2,1,True,mean,"1.0,1.0",results_env_onset\sub-007\sub-007_backward_mtrf_env_onset.summary.json,results_env_onset\sub-007\sub-007_backward_mtrf_env_onset.trial_results.csv,hi,HI,1,0.06479059487543377,-0.009526684912798473,0.041784423724168164,0.001297726301647609,0.07431727978823224,0.040486697422520555,0.0574019886053764,0.07422648378590291,0.040462397449902696,0.0573444406179028
sub-007,2,1,0.060231139368567,-0.0442547176150757,-0.0653955509123478,0.0211408332972721,-0.0264634429167801,-0.1257848883566421,0.0993214454398618,0.060231139368567,0.78125,32,2,"envelope,onset",data/processed/env_onset/sub-007_mtrf_env_onset.npz,-0.5,0.0,0.05,hamming,1,,l2,1,True,mean,"1.0,1.0",results_env_onset\sub-007\sub-007_backward_mtrf_env_onset.summary.json,results_env_onset\sub-007\sub-007_backward_mtrf_env_onset.trial_results.csv,hi,HI,1,-0.04428364227195373,-0.06548901391073855,-0.02646962308534295,-0.1264546406896453,0.021205371638784824,0.09998501760430234,0.060595194621543585,0.021140833297272107,0.09932144543986199,0.06023113936856705
sub-007,3,1,0.0380027656034723,0.0762008244863622,0.0473161311072792,0.0288846933790829,0.0464613621565206,-0.000659475671341,0.0471208378278616,0.0380027656034723,0.78125,32,2,"envelope,onset",data/processed/env_onset/sub-007_mtrf_env_onset.npz,-0.5,0.0,0.05,hamming,1,,l2,1,True,mean,"1.0,1.0",results_env_onset\sub-007\sub-007_backward_mtrf_env_onset.summary.json,results_env_onset\sub-007\sub-007_backward_mtrf_env_onset.trial_results.csv,hi,HI,1,0.07634882883111202,0.04735148932371688,0.046494836923298706,-0.0006594757669448087,0.028997339507395137,0.04715431269024351,0.03807582609881932,0.028884693379083004,0.047120837827861604,0.03800276560347231
sub-007,4,1,0.0649348711145563,0.1379654516756912,0.0820400696812899,0.0559253819944013,0.1409738336899614,0.0670294734552501,0.0739443602347112,0.0649348711145563,0.78125,32,2,"envelope,onset",data/processed/env_onset/sub-007_mtrf_env_onset.npz,-0.5,0.0,0.05,hamming,1,,l2,1,True,mean,"1.0,1.0",results_env_onset\sub-007\sub-007_backward_mtrf_env_onset.summary.json,results_env_onset\sub-007\sub-007_backward_mtrf_env_onset.trial_results.csv,hi,HI,1,0.13885095314682544,0.08222487546016485,0.1419190169648206,0.0671301316441335,0.056626077686660586,0.07478888532068709,0.06570748150367384,0.05592538199440128,0.07394436023471129,0.06493487111455629
sub-007,5,1,0.1323625476589666,0.1271274987476488,-0.0408086204537732,0.1679361192014221,0.0993796555208832,0.0025906794043721,0.096788976116511,0.1323625476589666,0.78125,32,2,"envelope,onset",data/processed/env_onset/sub-007_mtrf_env_onset.npz,-0.5,0.0,0.05,hamming,1,,l2,1,True,mean,"1.0,1.0",results_env_onset\sub-007\sub-007_backward_mtrf_env_onset.summary.json,results_env_onset\sub-007\sub-007_backward_mtrf_env_onset.trial_results.csv,hi,HI,1,0.12781907012039817,-0.04083129657319049,0.0997087763257359,0.002590685200280481,0.16865036669358865,0.09711809112545541,0.13288422890952203,0.167936119201422,0.09678897611651109,0.13236254765896655
sub-007,6,1,0.0362510256395007,0.0746081262356688,-0.0139568612479169,0.0885649874835857,0.0378815473263398,0.0539444835309241,-0.0160629362045842,0.0362510256395007,0.78125,32,2,"envelope,onset",data/processed/env_onset/sub-007_mtrf_env_onset.npz,-0.5,0.0,0.05,hamming,1,,l2,1,True,mean,"1.0,1.0",results_env_onset\sub-007\sub-007_backward_mtrf_env_onset.summary.json,results_env_onset\sub-007\sub-007_backward_mtrf_env_onset.trial_results.csv,hi,HI,1,0.07474702262844933,-0.01395776759134723,0.03789968309755937,0.053996901363523836,0.08870479021979656,-0.01609721826596447,0.036303785976916046,0.0885649874835857,-0.0160629362045843,0.036251025639500695
sub-007,7,0,-0.0537801625982821,0.0762728407715497,0.0867852125298286,-0.0105123717582788,0.0344069876465417,0.1314549410848271,-0.0970479534382854,-0.0537801625982821,0.78125,32,2,"envelope,onset",data/processed/env_onset/sub-007_mtrf_env_onset.npz,-0.5,0.0,0.05,hamming,1,,l2,1,True,mean,"1.0,1.0",results_env_onset\sub-007\sub-007_backward_mtrf_env_onset.summary.json,results_env_onset\sub-007\sub-007_backward_mtrf_env_onset.trial_results.csv,hi,HI,1,0.0764212661258472,0.0870040817392444,0.03442057476408654,0.13222008817675596,-0.010582815613397203,-0.09779951341266942,-0.05419116451303331,-0.010512371758278904,-0.0970479534382854,-0.05378016259828215
sub-007,8,1,0.0561945657095226,0.0135800524162995,-0.0368239487239872,0.0504040011402868,0.0500235282385148,-0.0119616020402434,0.0619851302787583,0.0561945657095226,0.78125,32,2,"envelope,onset",data/processed/env_onset/sub-007_mtrf_env_onset.npz,-0.5,0.0,0.05,hamming,1,,l2,1,True,mean,"1.0,1.0",results_env_onset\sub-007\sub-007_backward_mtrf_env_onset.summary.json,results_env_onset\sub-007\sub-007_backward_mtrf_env_onset.trial_results.csv,hi,HI,1,0.013580887309920135,-0.03684060674318293,0.050065316512844626,-0.01196217257759143,0.05042149405310306,0.06202748909043605,0.05622449157176956,0.0504040011402867,0.0619851302787582,0.05619456570952246
sub-007,9,1,0.0544770978390035,0.0785716969711595,-0.0023600023031644,0.080931699274324,0.0631540609821999,0.0351315645785169,0.0280224964036829,0.0544770978390035,0.78125,32,2,"envelope,onset",data/processed/env_onset/sub-007_mtrf_env_onset.npz,-0.5,0.0,0.05,hamming,1,,l2,1,True,mean,"1.0,1.0",results_env_onset\sub-007\sub-007_backward_mtrf_env_onset.summary.json,results_env_onset\sub-007\sub-007_backward_mtrf_env_onset.trial_results.csv,hi,HI,1,0.078733986293613,-0.0023600066846105367,0.063238224447069,0.035146028731113624,0.08109399297822353,0.02809219571595538,0.054593094347089456,0.08093169927432389,0.028022496403683005,0.05447709783900345
sub-007,10,1,0.0600104928145889,0.0704105700636391,0.0118725206585932,0.0585380494050458,0.0759291482066967,0.0144462119825647,0.0614829362241319,0.0600104928145889,0.78125,32,2,"envelope,onset",data/processed/env_onset/sub-007_mtrf_env_onset.npz,-0.5,0.0,0.05,hamming,1,,l2,1,True,mean,"1.0,1.0",results_env_onset\sub-007\sub-007_backward_mtrf_env_onset.summary.json,results_env_onset\sub-007\sub-007_backward_mtrf_env_onset.trial_results.csv,hi,HI,1,0.0705272743576,0.011873078543072582,0.07607557151510021,0.014447217049719496,0.058654195814527424,0.06162835446538071,0.06014127513995407,0.0585380494050459,0.06148293622413201,0.06001049281458895
sub-007,11,0,-0.001207452777114,0.0427502441629019,0.0341248619722727,0.0086253821906291,0.0080900092233323,0.0191302969681894,-0.0110402877448571,-0.001207452777114,0.78125,32,2,"envelope,onset",data/processed/env_onset/sub-007_mtrf_env_onset.npz,-0.5,0.0,0.05,hamming,1,,l2,1,True,mean,"1.0,1.0",results_env_onset\sub-007\sub-007_backward_mtrf_env_onset.summary.json,results_env_onset\sub-007\sub-007_backward_mtrf_env_onset.trial_results.csv,hi,HI,1,0.04277631596976978,0.03413811743965001,0.008090185722576608,0.019132631174603034,0.008638198530119767,-0.011042445452026426,-0.0012021234609533296,0.0086253821906292,-0.011040287744857102,-0.0012074527771139508
sub-007,12,1,0.0878022321423449,0.0558685072651186,-0.0713813499341013,0.12724985719922,0.0253619452882745,-0.0229926617971951,0.0483546070854697,0.0878022321423449,0.78125,32,2,"envelope,onset",data/processed/env_onset/sub-007_mtrf_env_onset.npz,-0.5,0.0,0.05,hamming,1,,l2,1,True,mean,"1.0,1.0",results_env_onset\sub-007\sub-007_backward_mtrf_env_onset.summary.json,results_env_onset\sub-007\sub-007_backward_mtrf_env_onset.trial_results.csv,hi,HI,1,0.055926743640610566,-0.07150295832523444,0.025367385227956448,-0.022996714868892782,0.12742970196584502,0.04836410009684923,0.08789690103134712,0.1272498571992199,0.0483546070854696,0.08780223214234475
sub-007,13,1,0.0335456546418846,0.0312855281988562,0.0135638821249111,0.017721646073945,-0.0295518774584066,-0.0789215406682309,0.0493696632098242,0.0335456546418846,0.78125,32,2,"envelope,onset",data/processed/env_onset/sub-007_mtrf_env_onset.npz,-0.5,0.0,0.05,hamming,1,,l2,1,True,mean,"1.0,1.0",results_env_onset\sub-007\sub-007_backward_mtrf_env_onset.summary.json,results_env_onset\sub-007\sub-007_backward_mtrf_env_onset.trial_results.csv,hi,HI,1,0.03129574145848294,0.013564714039442528,-0.029560484653054848,-0.07908601292203947,0.017731027419040413,0.049525528268984625,0.03362827784401252,0.0177216460739451,0.0493696632098243,0.0335456546418847
sub-007,14,1,0.0110623112509843,-0.0205762307059937,-0.0412507633750989,0.0206745326691051,-0.0004176502085763,-0.0018677400414398,0.0014500898328634,0.0110623112509843,0.78125,32,2,"envelope,onset",data/processed/env_onset/sub-007_mtrf_env_onset.npz,-0.5,0.0,0.05,hamming,1,,l2,1,True,mean,"1.0,1.0",results_env_onset\sub-007\sub-007_backward_mtrf_env_onset.summary.json,results_env_onset\sub-007\sub-007_backward_mtrf_env_onset.trial_results.csv,hi,HI,1,-0.02057913530744488,-0.0412741850760607,-0.00041765023286011405,-0.001867742213285377,0.020695049768615817,0.0014500919804252628,0.01107257087452054,0.0206745326691052,0.0014500898328635,0.01106231125098435
sub-007,15,0,-0.0133493687079038,0.0199866457756353,0.0238732881308412,-0.0038866423552059,-0.0441291710091897,-0.0213170759485878,-0.0228120950606018,-0.0133493687079038,0.78125,32,2,"envelope,onset",data/processed/env_onset/sub-007_mtrf_env_onset.npz,-0.5,0.0,0.05,hamming,1,,l2,1,True,mean,"1.0,1.0",results_env_onset\sub-007\sub-007_backward_mtrf_env_onset.summary.json,results_env_onset\sub-007\sub-007_backward_mtrf_env_onset.trial_results.csv,hi,HI,1,0.01998930774222637,0.023877825081026028,-0.04415785000266362,-0.02132030578164918,-0.0038885173387996595,-0.022837544221014437,-0.013363030779907048,-0.0038866423552058986,-0.0228120950606019,-0.013349368707903899
sub-007,16,1,0.0156242399841412,0.0543119066474147,0.0276310186287802,0.0266808880186344,0.049461336966488,0.0448937450168399,0.004567591949648,0.0156242399841412,0.78125,32,2,"envelope,onset",data/processed/env_onset/sub-007_mtrf_env_onset.npz,-0.5,0.0,0.05,hamming,1,,l2,1,True,mean,"1.0,1.0",results_env_onset\sub-007\sub-007_backward_mtrf_env_onset.summary.json,results_env_onset\sub-007\sub-007_backward_mtrf_env_onset.trial_results.csv,hi,HI,1,0.054365404146326124,0.027638053699030107,0.04950173074013816,0.04492394188270822,0.026727350447296017,0.004577788857429939,0.015652569652362978,0.0266808880186345,0.004567591949648099,0.0156242399841413
sub-007,17,0,-0.0052443695714494,0.1388984400638431,0.1179641026198246,0.0209343374440184,0.0670744067048377,0.098497483291755,-0.0314230765869172,-0.0052443695714494,0.78125,32,2,"envelope,onset",data/processed/env_onset/sub-007_mtrf_env_onset.npz,-0.5,0.0,0.05,hamming,1,,l2,1,True,mean,"1.0,1.0",results_env_onset\sub-007\sub-007_backward_mtrf_env_onset.summary.json,results_env_onset\sub-007\sub-007_backward_mtrf_env_onset.trial_results.csv,hi,HI,1,0.13980217016503677,0.11851589473721531,0.0671752678243099,0.09881788322607707,0.021286275427821452,-0.031642615401767174,-0.005178169986972861,0.020934337444018514,-0.0314230765869173,-0.0052443695714493935
sub-007,18,1,0.0616540894786092,0.0252463954530313,-0.0250118646435145,0.0502582600965458,0.0091870445994069,-0.0638628742612657,0.0730499188606726,0.0616540894786092,0.78125,32,2,"envelope,onset",data/processed/env_onset/sub-007_mtrf_env_onset.npz,-0.5,0.0,0.05,hamming,1,,l2,1,True,mean,"1.0,1.0",results_env_onset\sub-007\sub-007_backward_mtrf_env_onset.summary.json,results_env_onset\sub-007\sub-007_backward_mtrf_env_onset.trial_results.csv,hi,HI,1,0.025251761358500626,-0.025017082354409116,0.009187303080161755,-0.06394990820864907,0.05026884371290974,0.07313721128881083,0.061703027500860284,0.0502582600965458,0.07304991886067261,0.0616540894786092
sub-007,19,1,0.0406372440180841,-0.0282906330799488,0.0003308840115859,-0.0286215170915347,0.0674163522688773,-0.0424796528588258,0.1098960051277031,0.0406372440180841,0.78125,32,2,"envelope,onset",data/processed/env_onset/sub-007_mtrf_env_onset.npz,-0.5,0.0,0.05,hamming,1,,l2,1,True,mean,"1.0,1.0",results_env_onset\sub-007\sub-007_backward_mtrf_env_onset.summary.json,results_env_onset\sub-007\sub-007_backward_mtrf_env_onset.trial_results.csv,hi,HI,1,-0.028298184269425746,0.00033088402366142773,0.06751876667330747,-0.042505232367032485,-0.028629068293087173,0.11002399904033996,0.040697465373626396,-0.0286215170915347,0.10989600512770309,0.0406372440180842
sub-007,20,1,0.1214206084646262,0.0803055332336782,-0.0500857641808438,0.1303912974145221,0.0857890054945581,-0.0266609140201721,0.1124499195147303,0.1214206084646262,0.78125,32,2,"envelope,onset",data/processed/env_onset/sub-007_mtrf_env_onset.npz,-0.5,0.0,0.05,hamming,1,,l2,1,True,mean,"1.0,1.0",results_env_onset\sub-007\sub-007_backward_mtrf_env_onset.summary.json,results_env_onset\sub-007\sub-007_backward_mtrf_env_onset.trial_results.csv,hi,HI,1,0.08047883385365431,-0.05012770877699072,0.08600040175409356,-0.026667233613353564,0.13060654263064503,0.11266763536744712,0.12163708899904607,0.130391297414522,0.11244991951473021,0.1214206084646261
sub-007,21,1,0.0194485665684925,0.055905817262768,0.0203536491893851,0.0355521680733828,0.0382490691213762,0.034904104057774,0.0033449650636022,0.0194485665684925,0.78125,32,2,"envelope,onset",data/processed/env_onset/sub-007_mtrf_env_onset.npz,-0.5,0.0,0.05,hamming,1,,l2,1,True,mean,"1.0,1.0",results_env_onset\sub-007\sub-007_backward_mtrf_env_onset.summary.json,results_env_onset\sub-007\sub-007_backward_mtrf_env_onset.trial_results.csv,hi,HI,1,0.05596417053649176,0.020356460530653316,0.038267738196709526,0.034918288943761186,0.03560771000583844,0.0033494492529483402,0.01947857962939339,0.0355521680733829,0.0033449650636021983,0.01944856656849255
sub-007,22,1,0.0817199765424313,0.1231927021830404,0.0226035879173337,0.1005891142657066,0.0942627632640314,0.0314119244448755,0.0628508388191559,0.0817199765424313,0.78125,32,2,"envelope,onset",data/processed/env_onset/sub-007_mtrf_env_onset.npz,-0.5,0.0,0.05,hamming,1,,l2,1,True,mean,"1.0,1.0",results_env_onset\sub-007\sub-007_backward_mtrf_env_onset.summary.json,results_env_onset\sub-007\sub-007_backward_mtrf_env_onset.trial_results.csv,hi,HI,1,0.12382164825351051,0.02260743865604829,0.09454345082060359,0.0314222620418437,0.10121420959746222,0.06312118877875988,0.08216769918811105,0.1005891142657067,0.0628508388191559,0.0817199765424313
sub-007,23,1,0.0720497932797192,0.060558456797211,-0.0068259167410338,0.0673843735382448,0.0543147652386339,-0.0224004477825595,0.0767152130211935,0.0720497932797192,0.78125,32,2,"envelope,onset",data/processed/env_onset/sub-007_mtrf_env_onset.npz,-0.5,0.0,0.05,hamming,1,,l2,1,True,mean,"1.0,1.0",results_env_onset\sub-007\sub-007_backward_mtrf_env_onset.summary.json,results_env_onset\sub-007\sub-007_backward_mtrf_env_onset.trial_results.csv,hi,HI,1,0.06063264933368983,-0.006826022757627585,0.05436827119516296,-0.022404195610325903,0.06745867209131741,0.07677246680548885,0.07211556944840314,0.06738437353824481,0.0767152130211934,0.07204979327971911
sub-007,24,1,0.0385227930428799,0.0446250047189654,-0.0186028580970312,0.0632278628159967,0.0600255575608455,0.0462078342910824,0.0138177232697631,0.0385227930428799,0.78125,32,2,"envelope,onset",data/processed/env_onset/sub-007_mtrf_env_onset.npz,-0.5,0.0,0.05,hamming,1,,l2,1,True,mean,"1.0,1.0",results_env_onset\sub-007\sub-007_backward_mtrf_env_onset.summary.json,results_env_onset\sub-007\sub-007_backward_mtrf_env_onset.trial_results.csv,hi,HI,1,0.044654662107657485,-0.018605004483663312,0.06009780586099961,0.04624076358771597,0.06325966659132079,0.013857042273283639,0.03855835443230221,0.0632278628159966,0.013817723269763105,0.03852279304287985
sub-007,25,1,0.060563408035584,0.0420795214178926,0.0269537998246209,0.0151257215932717,0.0711721490708386,-0.0348289454070578,0.1060010944778964,0.060563408035584,0.78125,32,2,"envelope,onset",data/processed/env_onset/sub-007_mtrf_env_onset.npz,-0.5,0.0,0.05,hamming,1,,l2,1,True,mean,"1.0,1.0",results_env_onset\sub-007\sub-007_backward_mtrf_env_onset.summary.json,results_env_onset\sub-007\sub-007_backward_mtrf_env_onset.trial_results.csv,hi,HI,1,0.042104384379485806,0.026960330049080473,0.07129268921525546,-0.03484303881334119,0.015144054330405332,0.10613572802859665,0.06063989117950099,0.015125721593271697,0.10600109447789641,0.06056340803558405
sub-007,26,1,0.092369098460471,0.0695254685057899,-0.0476389076524506,0.1171643761582406,0.0452246191930645,-0.0223492015696369,0.0675738207627014,0.092369098460471,0.78125,32,2,"envelope,onset",data/processed/env_onset/sub-007_mtrf_env_onset.npz,-0.5,0.0,0.05,hamming,1,,l2,1,True,mean,"1.0,1.0",results_env_onset\sub-007\sub-007_backward_mtrf_env_onset.summary.json,results_env_onset\sub-007\sub-007_backward_mtrf_env_onset.trial_results.csv,hi,HI,1,0.06963781838774045,-0.04767499509087503,0.04525548921243634,-0.02235292372900762,0.11731281347861548,0.06760841294144396,0.09246061321002971,0.1171643761582405,0.06757382076270141,0.09236909846047095
sub-007,27,0,-0.0390869343694328,0.050671361270595,0.098805233229205,-0.04813387195861,0.018146839154448,0.0481868359347036,-0.0300399967802556,-0.0390869343694328,0.78125,32,2,"envelope,onset",data/processed/env_onset/sub-007_mtrf_env_onset.npz,-0.5,0.0,0.05,hamming,1,,l2,1,True,mean,"1.0,1.0",results_env_onset\sub-007\sub-007_backward_mtrf_env_onset.summary.json,results_env_onset\sub-007\sub-007_backward_mtrf_env_onset.trial_results.csv,hi,HI,1,0.05071479591058972,0.09912865765089957,0.018148831513175027,0.04822418412912155,-0.048413861740309844,-0.030075352615946523,-0.03924460717812818,-0.04813387195860999,-0.030039996780255596,-0.039086934369432794
sub-007,28,1,0.0075257122245655,0.0827586970398183,0.0688311215763215,0.0139275754634968,0.0587114745209341,0.0575876255352998,0.0011238489856343,0.0075257122245655,0.78125,32,2,"envelope,onset",data/processed/env_onset/sub-007_mtrf_env_onset.npz,-0.5,0.0,0.05,hamming,1,,l2,1,True,mean,"1.0,1.0",results_env_onset\sub-007\sub-007_backward_mtrf_env_onset.summary.json,results_env_onset\sub-007\sub-007_backward_mtrf_env_onset.trial_results.csv,hi,HI,1,0.08294841543996839,0.06894013255893112,0.05877907460114416,0.05765141245205817,0.014008282881037268,0.001127662149085995,0.007567972515061631,0.013927575463496794,0.0011238489856343,0.007525712224565547
sub-007,29,1,0.0051774140158118,0.0182098228768331,0.0309427767367896,-0.0127329538599565,0.0581034762525351,0.0350156943609548,0.0230877818915803,0.0051774140158118,0.78125,32,2,"envelope,onset",data/processed/env_onset/sub-007_mtrf_env_onset.npz,-0.5,0.0,0.05,hamming,1,,l2,1,True,mean,"1.0,1.0",results_env_onset\sub-007\sub-007_backward_mtrf_env_onset.summary.json,results_env_onset\sub-007\sub-007_backward_mtrf_env_onset.trial_results.csv,hi,HI,1,0.01821183605554028,0.030952657857074902,0.058168995068132244,0.035030015799012375,-0.012740821801534623,0.02313897926911987,0.005199078733792623,-0.0127329538599565,0.023087781891580297,0.005177414015811899
sub-007,30,0,-0.0383268611524618,-0.0242988291965686,-0.0139931895123926,-0.0103056396841759,-0.0734876565606013,-0.0071395739398536,-0.0663480826207476,-0.0383268611524618,0.78125,32,2,"envelope,onset",data/processed/env_onset/sub-007_mtrf_env_onset.npz,-0.5,0.0,0.05,hamming,1,,l2,1,True,mean,"1.0,1.0",results_env_onset\sub-007\sub-007_backward_mtrf_env_onset.summary.json,results_env_onset\sub-007\sub-007_backward_mtrf_env_onset.trial_results.csv,hi,HI,1,-0.02430361316913804,-0.013994102952171383,-0.0736203753240949,-0.007139695253292806,-0.010309510216966656,-0.0664806800708021,-0.03839509514388438,-0.010305639684175999,-0.0663480826207477,-0.03832686115246185
sub-007,31,0,-0.0109059743127754,-0.0150367042796843,0.0393343187295529,-0.0543710230092373,0.0689350410751143,0.0363759666914279,0.0325590743836863,-0.0109059743127754,0.78125,32,2,"envelope,onset",data/processed/env_onset/sub-007_mtrf_env_onset.npz,-0.5,0.0,0.05,hamming,1,,l2,1,True,mean,"1.0,1.0",results_env_onset\sub-007\sub-007_backward_mtrf_env_onset.summary.json,results_env_onset\sub-007\sub-007_backward_mtrf_env_onset.trial_results.csv,hi,HI,1,-0.015037837712138877,0.03935462345226478,0.0690445474940414,0.03639202380070357,-0.05439246116440366,0.032652523693337834,-0.010869968735532913,-0.0543710230092372,0.03255907438368641,-0.010905974312775395
sub-008,0,1,0.1021910877486855,0.1486410277214259,0.018081260384206,0.1305597673372198,0.1245707112000461,0.0507483030398949,0.0738224081601512,0.1021910877486855,0.875,32,2,"envelope,onset",data/processed/env_onset/sub-008_mtrf_env_onset.npz,-0.5,0.0,0.05,hamming,1,,l2,1,True,mean,"1.0,1.0",results_env_onset\sub-008\sub-008_backward_mtrf_env_onset.summary.json,results_env_onset\sub-008\sub-008_backward_mtrf_env_onset.trial_results.csv,hi,HI,1,0.14975047193097385,0.018083231218219482,0.12522113497684345,0.050791936044786275,0.13166724071275437,0.07442919893205718,0.10304821982240578,0.1305597673372199,0.0738224081601512,0.10219108774868556
sub-008,1,1,0.0839451058416147,0.16469773992231,0.0803351897179273,0.0843625502043826,0.1326768526088385,0.0491491911299917,0.0835276614788467,0.0839451058416147,0.875,32,2,"envelope,onset",data/processed/env_onset/sub-008_mtrf_env_onset.npz,-0.5,0.0,0.05,hamming,1,,l2,1,True,mean,"1.0,1.0",results_env_onset\sub-008\sub-008_backward_mtrf_env_onset.summary.json,results_env_onset\sub-008\sub-008_backward_mtrf_env_onset.trial_results.csv,hi,HI,1,0.1662116170801106,0.08050868290489484,0.1334636900251446,0.04918882422249621,0.08570293417521575,0.0842748658026484,0.08498889998893208,0.08436255020438269,0.0835276614788468,0.08394510584161474
sub-008,2,1,0.06119129812582,0.0864732690890401,0.0140743230399668,0.0723989460490732,0.0925187438815414,0.0425350936789745,0.0499836502025669,0.06119129812582,0.875,32,2,"envelope,onset",data/processed/env_onset/sub-008_mtrf_env_onset.npz,-0.5,0.0,0.05,hamming,1,,l2,1,True,mean,"1.0,1.0",results_env_onset\sub-008\sub-008_backward_mtrf_env_onset.summary.json,results_env_onset\sub-008\sub-008_backward_mtrf_env_onset.trial_results.csv,hi,HI,1,0.08668977957584292,0.014075252461887051,0.09278408609138251,0.04256077354325728,0.07261452711395587,0.05022331254812523,0.06141891983104055,0.07239894604907329,0.0499836502025669,0.061191298125820096
sub-008,3,0,-0.0258197230593105,0.0560801817136079,0.0788912533983846,-0.0228110716847766,0.0454614094696328,0.0742897839034772,-0.0288283744338443,-0.0258197230593105,0.875,32,2,"envelope,onset",data/processed/env_onset/sub-008_mtrf_env_onset.npz,-0.5,0.0,0.05,hamming,1,,l2,1,True,mean,"1.0,1.0",results_env_onset\sub-008\sub-008_backward_mtrf_env_onset.summary.json,results_env_onset\sub-008\sub-008_backward_mtrf_env_onset.trial_results.csv,hi,HI,1,0.056139083377316094,0.07905553589553427,0.04549276733131262,0.0744269060000525,-0.022916452518218174,-0.02893413866873988,-0.025925295593479027,-0.022811071684776696,-0.028828374433844395,-0.025819723059310545
sub-008,4,1,0.065675558278764,0.1085174010424032,0.0662337291324754,0.0422836719099278,0.1243633651050063,0.0352959204574061,0.0890674446476002,0.065675558278764,0.875,32,2,"envelope,onset",data/processed/env_onset/sub-008_mtrf_env_onset.npz,-0.5,0.0,0.05,hamming,1,,l2,1,True,mean,"1.0,1.0",results_env_onset\sub-008\sub-008_backward_mtrf_env_onset.summary.json,results_env_onset\sub-008\sub-008_backward_mtrf_env_onset.trial_results.csv,hi,HI,1,0.10894640424231887,0.06633083860092277,0.12501052611940242,0.03531058866595519,0.0426155656413961,0.08969993745344723,0.06615775154742166,0.04228367190992781,0.08906744464760019,0.065675558278764
sub-008,5,1,0.1214954481687022,0.1126137113895582,-0.0014925084167927,0.1141062198063509,0.1334247633930086,0.004540086861955,0.1288846765310535,0.1214954481687022,0.875,32,2,"envelope,onset",data/processed/env_onset/sub-008_mtrf_env_onset.npz,-0.5,0.0,0.05,hamming,1,,l2,1,True,mean,"1.0,1.0",results_env_onset\sub-008\sub-008_backward_mtrf_env_onset.summary.json,results_env_onset\sub-008\sub-008_backward_mtrf_env_onset.trial_results.csv,hi,HI,1,0.11309341683530802,-0.0014925095250221646,0.13422507935531375,0.004540118056352527,0.11458592636033019,0.12968496129896123,0.12213544382964571,0.1141062198063509,0.1288846765310536,0.12149544816870225
sub-008,6,1,0.1334927472207721,0.1005198527592254,-0.0215440231837412,0.1220638759429667,0.122804161634937,-0.0221174568636404,0.1449216184985774,0.1334927472207721,0.875,32,2,"envelope,onset",data/processed/env_onset/sub-008_mtrf_env_onset.npz,-0.5,0.0,0.05,hamming,1,,l2,1,True,mean,"1.0,1.0",results_env_onset\sub-008\sub-008_backward_mtrf_env_onset.summary.json,results_env_onset\sub-008\sub-008_backward_mtrf_env_onset.trial_results.csv,hi,HI,1,0.1008604791513913,-0.021547357295376744,0.12342713932676741,-0.022121064409057173,0.12240783644676805,0.14554820373582458,0.1339780200912963,0.1220638759429666,0.1449216184985774,0.133492747220772
sub-008,7,1,0.074615569384857,0.1153997394932086,0.016522091050799,0.0988776484424095,0.0906535412830239,0.0403000509557194,0.0503534903273045,0.074615569384857,0.875,32,2,"envelope,onset",data/processed/env_onset/sub-008_mtrf_env_onset.npz,-0.5,0.0,0.05,hamming,1,,l2,1,True,mean,"1.0,1.0",results_env_onset\sub-008\sub-008_backward_mtrf_env_onset.summary.json,results_env_onset\sub-008\sub-008_backward_mtrf_env_onset.trial_results.csv,hi,HI,1,0.11591613523779591,0.01652359469442942,0.09090310522108286,0.040321889265244576,0.09939254054336649,0.05058121595583828,0.07498687824960239,0.0988776484424096,0.0503534903273045,0.07461556938485704
sub-008,8,1,0.0619201502777392,0.1100792173424835,0.015797634000174,0.0942815833423095,0.0793878008045472,0.0498290835913782,0.029558717213169,0.0619201502777392,0.875,32,2,"envelope,onset",data/processed/env_onset/sub-008_mtrf_env_onset.npz,-0.5,0.0,0.05,hamming,1,,l2,1,True,mean,"1.0,1.0",results_env_onset\sub-008\sub-008_backward_mtrf_env_onset.summary.json,results_env_onset\sub-008\sub-008_backward_mtrf_env_onset.trial_results.csv,hi,HI,1,0.11052710411017702,0.015798948377100202,0.07955521282116157,0.04987038597420524,0.09472815573307682,0.02968482684695633,0.06220649129001657,0.0942815833423095,0.029558717213169,0.061920150277739255
sub-008,9,1,0.0636365811920686,0.1128140247766567,0.0525697827540404,0.0602442420226162,0.0937487444408183,0.0267198240792973,0.0670289203615209,0.0636365811920686,0.875,32,2,"envelope,onset",data/processed/env_onset/sub-008_mtrf_env_onset.npz,-0.5,0.0,0.05,hamming,1,,l2,1,True,mean,"1.0,1.0",results_env_onset\sub-008\sub-008_backward_mtrf_env_onset.summary.json,results_env_onset\sub-008\sub-008_backward_mtrf_env_onset.trial_results.csv,hi,HI,1,0.11329630783479178,0.0526182901815186,0.09402484905940146,0.026726185668513317,0.06067801765327318,0.06729866339088815,0.06398834052208066,0.060244242022616294,0.067028920361521,0.06363658119206865
sub-008,10,0,-0.0533311064317604,0.0346219087867227,0.1041803090348984,-0.0695584002481757,0.056759296180456,0.0938631087958012,-0.0371038126153452,-0.0533311064317604,0.875,32,2,"envelope,onset",data/processed/env_onset/sub-008_mtrf_env_onset.npz,-0.5,0.0,0.05,hamming,1,,l2,1,True,mean,"1.0,1.0",results_env_onset\sub-008\sub-008_backward_mtrf_env_onset.summary.json,results_env_onset\sub-008\sub-008_backward_mtrf_env_onset.trial_results.csv,hi,HI,1,0.03463575223464523,0.10455969097033516,0.05682036652229391,0.09414022870367901,-0.06992393873568992,-0.037319862181385104,-0.053621900458537514,-0.0695584002481757,-0.037103812615345205,-0.05333110643176045
sub-008,11,0,-0.0673323630398497,0.0343651636858815,0.0966371564328501,-0.0622719927469686,0.0039748771098073,0.0763676104425382,-0.0723927333327308,-0.0673323630398497,0.875,32,2,"envelope,onset",data/processed/env_onset/sub-008_mtrf_env_onset.npz,-0.5,0.0,0.05,hamming,1,,l2,1,True,mean,"1.0,1.0",results_env_onset\sub-008\sub-008_backward_mtrf_env_onset.summary.json,results_env_onset\sub-008\sub-008_backward_mtrf_env_onset.trial_results.csv,hi,HI,1,0.034378701292134856,0.09693967643694822,0.003974898043892195,0.07651659104327974,-0.06256097514481336,-0.07254169299938754,-0.06755133407210046,-0.0622719927469686,-0.0723927333327309,-0.06733236303984975
sub-008,12,1,0.15870080923123,0.1419175792612501,-0.0247091923473592,0.1666267716086094,0.1122956532787068,-0.0384791935751438,0.1507748468538506,0.15870080923123,0.875,32,2,"envelope,onset",data/processed/env_onset/sub-008_mtrf_env_onset.npz,-0.5,0.0,0.05,hamming,1,,l2,1,True,mean,"1.0,1.0",results_env_onset\sub-008\sub-008_backward_mtrf_env_onset.summary.json,results_env_onset\sub-008\sub-008_backward_mtrf_env_onset.trial_results.csv,hi,HI,1,0.1428820294971846,-0.024714222874883347,0.11277128502482278,-0.03849820184941934,0.16759625237206793,0.15126948687424213,0.15943286962315503,0.16662677160860928,0.15077484685385062,0.15870080923122995
sub-008,13,1,0.0415640110762032,0.089572689346226,0.0572956673283137,0.0322770220179123,0.123604176220842,0.0727531760863478,0.0508510001344942,0.0415640110762032,0.875,32,2,"envelope,onset",data/processed/env_onset/sub-008_mtrf_env_onset.npz,-0.5,0.0,0.05,hamming,1,,l2,1,True,mean,"1.0,1.0",results_env_onset\sub-008\sub-008_backward_mtrf_env_onset.summary.json,results_env_onset\sub-008\sub-008_backward_mtrf_env_onset.trial_results.csv,hi,HI,1,0.08981340439697343,0.057358487725306856,0.12423948476720284,0.07288194673713137,0.03245491667166657,0.05135753803007147,0.04190622735086902,0.032277022017912306,0.05085100013449419,0.04156401107620325
sub-008,14,1,0.0364929104552958,0.092819613441559,0.0644677453674219,0.0283518680741371,0.0949208100291873,0.0502868571927329,0.0446339528364544,0.0364929104552958,0.875,32,2,"envelope,onset",data/processed/env_onset/sub-008_mtrf_env_onset.npz,-0.5,0.0,0.05,hamming,1,,l2,1,True,mean,"1.0,1.0",results_env_onset\sub-008\sub-008_backward_mtrf_env_onset.summary.json,results_env_onset\sub-008\sub-008_backward_mtrf_env_onset.trial_results.csv,hi,HI,1,0.09308756177446584,0.0645572799968503,0.09520743871269939,0.050329309554545766,0.028530281777615532,0.044878129158153625,0.03670420546788458,0.0283518680741371,0.044633952836454396,0.03649291045529575
sub-008,15,0,-0.0096454435034552,0.0984312183485144,0.0829159368023632,0.0155152815461511,0.0584069357041749,0.0932131042572365,-0.0348061685530615,-0.0096454435034552,0.875,32,2,"envelope,onset",data/processed/env_onset/sub-008_mtrf_env_onset.npz,-0.5,0.0,0.05,hamming,1,,l2,1,True,mean,"1.0,1.0",results_env_onset\sub-008\sub-008_backward_mtrf_env_onset.summary.json,results_env_onset\sub-008\sub-008_backward_mtrf_env_onset.trial_results.csv,hi,HI,1,0.09875096953933615,0.08310674164057374,0.0584734878699299,0.09348448680790614,0.01564422789876241,-0.03501099893797624,-0.009683385519606916,0.0155152815461512,-0.0348061685530616,-0.009645443503455201
sub-008,16,1,0.1643565070249495,0.1280566358816778,-0.0377600170280255,0.1658166529097033,0.1276014080994701,-0.0352949530407256,0.1628963611401957,0.1643565070249495,0.875,32,2,"envelope,onset",data/processed/env_onset/sub-008_mtrf_env_onset.npz,-0.5,0.0,0.05,hamming,1,,l2,1,True,mean,"1.0,1.0",results_env_onset\sub-008\sub-008_backward_mtrf_env_onset.summary.json,results_env_onset\sub-008\sub-008_backward_mtrf_env_onset.trial_results.csv,hi,HI,1,0.12876358375922475,-0.03777797871173349,0.1283007938617703,-0.03530962004259484,0.16654156247095825,0.16361041390436512,0.16507598818766167,0.1658166529097033,0.1628963611401957,0.1643565070249495
sub-008,17,1,0.0100613239845681,0.0330019096649228,0.0207440484814648,0.012257861183458,0.0539328078241435,0.0460680210384654,0.0078647867856781,0.0100613239845681,0.875,32,2,"envelope,onset",data/processed/env_onset/sub-008_mtrf_env_onset.npz,-0.5,0.0,0.05,hamming,1,,l2,1,True,mean,"1.0,1.0",results_env_onset\sub-008\sub-008_backward_mtrf_env_onset.summary.json,results_env_onset\sub-008\sub-008_backward_mtrf_env_onset.trial_results.csv,hi,HI,1,0.033013898580107795,0.02074702474546808,0.05398519158858741,0.04610065207832613,0.012266873834639716,0.00788453951026128,0.010075706672450498,0.012257861183458,0.007864786785678105,0.010061323984568053
sub-008,18,1,0.1021631735260022,0.1541264797646375,0.0354656202662258,0.1186608594984117,0.139028967448148,0.0533634798945552,0.0856654875535928,0.1021631735260022,0.875,32,2,"envelope,onset",data/processed/env_onset/sub-008_mtrf_env_onset.npz,-0.5,0.0,0.05,hamming,1,,l2,1,True,mean,"1.0,1.0",results_env_onset\sub-008\sub-008_backward_mtrf_env_onset.summary.json,results_env_onset\sub-008\sub-008_backward_mtrf_env_onset.trial_results.csv,hi,HI,1,0.15536459854159976,0.03548050117147414,0.13993526778585022,0.05341422031765734,0.11988409737012562,0.08652104746819288,0.10320257241915926,0.11866085949841171,0.0856654875535928,0.10216317352600225
sub-008,19,1,0.025577069346307,0.0612995211719555,0.0204339766819385,0.040865544490017,0.0428749269849593,0.0325863327823623,0.010288594202597,0.025577069346307,0.875,32,2,"envelope,onset",data/processed/env_onset/sub-008_mtrf_env_onset.npz,-0.5,0.0,0.05,hamming,1,,l2,1,True,mean,"1.0,1.0",results_env_onset\sub-008\sub-008_backward_mtrf_env_onset.summary.json,results_env_onset\sub-008\sub-008_backward_mtrf_env_onset.trial_results.csv,hi,HI,1,0.06137647507831097,0.020436821445965914,0.04290122774496685,0.03259787427637161,0.04093965363234506,0.01030335346859524,0.02562150355047015,0.040865544490017,0.010288594202597,0.025577069346307
sub-008,20,1,0.1296817316522302,0.1343166323225885,0.0067192629326848,0.1275973693899036,0.1173100526288444,-0.0144560412857124,0.1317660939145569,0.1296817316522302,0.875,32,2,"envelope,onset",data/processed/env_onset/sub-008_mtrf_env_onset.npz,-0.5,0.0,0.05,hamming,1,,l2,1,True,mean,"1.0,1.0",results_env_onset\sub-008\sub-008_backward_mtrf_env_onset.summary.json,results_env_onset\sub-008\sub-008_backward_mtrf_env_onset.trial_results.csv,hi,HI,1,0.13513322353160084,0.006719364056959049,0.11785266665131514,-0.014457048405999163,0.1284138594746418,0.1323097150573143,0.13036178726597802,0.1275973693899037,0.1317660939145568,0.12968173165223024
sub-008,21,1,0.0503840426097449,0.115154771302641,0.0705085453038015,0.0446462259988394,0.1041653951777391,0.0480435359570888,0.0561218592206503,0.0503840426097449,0.875,32,2,"envelope,onset",data/processed/env_onset/sub-008_mtrf_env_onset.npz,-0.5,0.0,0.05,hamming,1,,l2,1,True,mean,"1.0,1.0",results_env_onset\sub-008\sub-008_backward_mtrf_env_onset.summary.json,results_env_onset\sub-008\sub-008_backward_mtrf_env_onset.trial_results.csv,hi,HI,1,0.11566786785905327,0.07062573842756932,0.10454461349264219,0.048080551631812476,0.045042129431483946,0.05646406186082971,0.05075309564615683,0.044646225998839495,0.05612185922065029,0.0503840426097449
sub-008,22,1,0.079484355632518,0.0905166224915199,0.0487957074734456,0.0417209150180743,0.1185926647232695,0.0013448684763078,0.1172477962469617,0.079484355632518,0.875,32,2,"envelope,onset",data/processed/env_onset/sub-008_mtrf_env_onset.npz,-0.5,0.0,0.05,hamming,1,,l2,1,True,mean,"1.0,1.0",results_env_onset\sub-008\sub-008_backward_mtrf_env_onset.summary.json,results_env_onset\sub-008\sub-008_backward_mtrf_env_onset.trial_results.csv,hi,HI,1,0.09076505362530443,0.04883449076401149,0.11915337506992696,0.0013448692871169817,0.041930562861292944,0.11780850578280998,0.07986953432205146,0.041720915018074296,0.1172477962469617,0.079484355632518
sub-008,23,1,0.0081795847578054,0.0928425890465516,0.1118780395717767,-0.019035450525225,0.0956239454537183,0.0602293254128824,0.0353946200408358,0.0081795847578054,0.875,32,2,"envelope,onset",data/processed/env_onset/sub-008_mtrf_env_onset.npz,-0.5,0.0,0.05,hamming,1,,l2,1,True,mean,"1.0,1.0",results_env_onset\sub-008\sub-008_backward_mtrf_env_onset.summary.json,results_env_onset\sub-008\sub-008_backward_mtrf_env_onset.trial_results.csv,hi,HI,1,0.09311073709541491,0.1123483578827177,0.09591701486679251,0.06030231307055461,-0.01923762078730279,0.0356147017962379,0.008188540504467556,-0.019035450525225095,0.0353946200408359,0.008179584757805402
sub-008,24,1,0.0628325021164696,0.1417483003526744,0.0597819421477097,0.0819663582049647,0.1342696439992747,0.0905709979713,0.0436986460279746,0.0628325021164696,0.875,32,2,"envelope,onset",data/processed/env_onset/sub-008_mtrf_env_onset.npz,-0.5,0.0,0.05,hamming,1,,l2,1,True,mean,"1.0,1.0",results_env_onset\sub-008\sub-008_backward_mtrf_env_onset.summary.json,results_env_onset\sub-008\sub-008_backward_mtrf_env_onset.trial_results.csv,hi,HI,1,0.14270927536536318,0.059853313094307845,0.13508537222689074,0.0908198785699493,0.08285596227105534,0.044265493656941435,0.06356072796399839,0.0819663582049647,0.043698646027974714,0.06283250211646971
sub-008,25,1,0.1529890184109644,0.1502587784750481,0.014664951772861,0.1355938267021871,0.1650923891337697,-0.0052918209859719,0.1703842101197417,0.1529890184109644,0.875,32,2,"envelope,onset",data/processed/env_onset/sub-008_mtrf_env_onset.npz,-0.5,0.0,0.05,hamming,1,,l2,1,True,mean,"1.0,1.0",results_env_onset\sub-008\sub-008_backward_mtrf_env_onset.summary.json,results_env_onset\sub-008\sub-008_backward_mtrf_env_onset.trial_results.csv,hi,HI,1,0.1514051814686006,0.01466600319400743,0.16661729688645244,-0.005291870383074404,0.13673917827459317,0.17190916726952685,0.15432417277206,0.1355938267021871,0.17038421011974159,0.15298901841096435
sub-008,26,1,0.0387965151107477,0.0388871117738109,0.0465491367595839,-0.0076620249857729,0.1321416664523873,0.0468866112451187,0.0852550552072685,0.0387965151107477,0.875,32,2,"envelope,onset",data/processed/env_onset/sub-008_mtrf_env_onset.npz,-0.5,0.0,0.05,hamming,1,,l2,1,True,mean,"1.0,1.0",results_env_onset\sub-008\sub-008_backward_mtrf_env_onset.summary.json,results_env_onset\sub-008\sub-008_backward_mtrf_env_onset.trial_results.csv,hi,HI,1,0.03890673137176597,0.04658280177135852,0.13291895341706095,0.04692101442946626,-0.007676070399592547,0.0859979389875947,0.039160934294001075,-0.007662024985773001,0.08525505520726862,0.0387965151107478
sub-008,27,1,0.1027625849204823,0.1268967933744758,-0.0038711359963114,0.1307679293707872,0.1027989976572893,0.0280417571871119,0.0747572404701774,0.1027625849204823,0.875,32,2,"envelope,onset",data/processed/env_onset/sub-008_mtrf_env_onset.npz,-0.5,0.0,0.05,hamming,1,,l2,1,True,mean,"1.0,1.0",results_env_onset\sub-008\sub-008_backward_mtrf_env_onset.summary.json,results_env_onset\sub-008\sub-008_backward_mtrf_env_onset.trial_results.csv,hi,HI,1,0.12758458196317515,-0.003871155333704969,0.10316342520345513,0.028049110776692292,0.13145573729688012,0.07511431442676283,0.10328502586182148,0.13076792937078718,0.0747572404701774,0.10276258492048229
sub-008,28,1,0.1219600618081298,0.0793315462370928,-0.0747973468728629,0.1541288931099557,0.0481319269175123,-0.0416593035887915,0.0897912305063039,0.1219600618081298,0.875,32,2,"envelope,onset",data/processed/env_onset/sub-008_mtrf_env_onset.npz,-0.5,0.0,0.05,hamming,1,,l2,1,True,mean,"1.0,1.0",results_env_onset\sub-008\sub-008_backward_mtrf_env_onset.summary.json,results_env_onset\sub-008\sub-008_backward_mtrf_env_onset.trial_results.csv,hi,HI,1,0.0794986017193628,-0.07493730513754686,0.04816914746394675,-0.04168342858856422,0.15443590685690967,0.08985257605251097,0.12214424145471031,0.1541288931099557,0.0897912305063038,0.12196006180812975
sub-008,29,1,0.0487610999457234,0.0907418612416372,0.0349785391505863,0.0557633220910509,0.0624831420172969,0.0207242642169008,0.041758877800396,0.0487610999457234,0.875,32,2,"envelope,onset",data/processed/env_onset/sub-008_mtrf_env_onset.npz,-0.5,0.0,0.05,hamming,1,,l2,1,True,mean,"1.0,1.0",results_env_onset\sub-008\sub-008_backward_mtrf_env_onset.summary.json,results_env_onset\sub-008\sub-008_backward_mtrf_env_onset.trial_results.csv,hi,HI,1,0.09099215773221463,0.034992815025199485,0.06256464740246374,0.02072723197188636,0.05599934270701514,0.04183741543057738,0.04891837906879626,0.0557633220910509,0.041758877800396096,0.0487610999457235
sub-008,30,1,0.0554253733734903,0.1020467916574318,0.0431094628877379,0.0589373287696939,0.0938028129121956,0.0418893949349088,0.0519134179772867,0.0554253733734903,0.875,32,2,"envelope,onset",data/processed/env_onset/sub-008_mtrf_env_onset.npz,-0.5,0.0,0.05,hamming,1,,l2,1,True,mean,"1.0,1.0",results_env_onset\sub-008\sub-008_backward_mtrf_env_onset.summary.json,results_env_onset\sub-008\sub-008_backward_mtrf_env_onset.trial_results.csv,hi,HI,1,0.10240324452937596,0.04313619795103551,0.09407939722169506,0.041913922169190175,0.059267046578340456,0.052165475052504885,0.05571626081542267,0.0589373287696939,0.051913417977286797,0.05542537337349035
sub-008,31,1,0.0525169897803414,0.0525448194809988,-0.009793757401134,0.0623385768821328,0.0572195744245725,0.0145241717460224,0.04269540267855,0.0525169897803414,0.875,32,2,"envelope,onset",data/processed/env_onset/sub-008_mtrf_env_onset.npz,-0.5,0.0,0.05,hamming,1,,l2,1,True,mean,"1.0,1.0",results_env_onset\sub-008\sub-008_backward_mtrf_env_onset.summary.json,results_env_onset\sub-008\sub-008_backward_mtrf_env_onset.trial_results.csv,hi,HI,1,0.052593257762177194,-0.00979407055066544,0.057282144535330974,0.014525193174228249,0.06238732831284263,0.042756951361102725,0.052572139836972676,0.062338576882132804,0.0426954026785501,0.05251698978034145
sub-009,0,1,0.0738050491320885,0.0787847927203391,-0.0006402338177475,0.0794250265380867,0.1048929601651092,0.0367078884390188,0.0681850717260904,0.0738050491320885,0.9375,32,2,"envelope,onset",data/processed/env_onset/sub-009_mtrf_env_onset.npz,-0.5,0.0,0.05,hamming,1,,l2,1,True,mean,"1.0,1.0",results_env_onset\sub-009\sub-009_backward_mtrf_env_onset.summary.json,results_env_onset\sub-009\sub-009_backward_mtrf_env_onset.trial_results.csv,hi,HI,1,0.07894840937960855,-0.0006402339052246615,0.10528021596320282,0.036724389363242564,0.07958864328483321,0.06855582659996026,0.07407223494239673,0.0794250265380866,0.0681850717260904,0.07380504913208849
sub-009,1,1,0.1852819184544254,0.1985515330375863,0.0060036387375231,0.1925478943000632,0.1863272859976058,0.0083113433888182,0.1780159426087876,0.1852819184544254,0.9375,32,2,"envelope,onset",data/processed/env_onset/sub-009_mtrf_env_onset.npz,-0.5,0.0,0.05,hamming,1,,l2,1,True,mean,"1.0,1.0",results_env_onset\sub-009\sub-009_backward_mtrf_env_onset.summary.json,results_env_onset\sub-009\sub-009_backward_mtrf_env_onset.trial_results.csv,hi,HI,1,0.20122418832769612,0.00600371087015707,0.1885296427138414,0.008311534774931845,0.19522047745753904,0.18021810793890955,0.1877192926982243,0.1925478943000632,0.17801594260878761,0.1852819184544254
sub-009,2,1,0.090384762736522,0.1406400317171458,0.0377659530182961,0.1028740786988497,0.145141981411671,0.0672465346374766,0.0778954467741944,0.090384762736522,0.9375,32,2,"envelope,onset",data/processed/env_onset/sub-009_mtrf_env_onset.npz,-0.5,0.0,0.05,hamming,1,,l2,1,True,mean,"1.0,1.0",results_env_onset\sub-009\sub-009_backward_mtrf_env_onset.summary.json,results_env_onset\sub-009\sub-009_backward_mtrf_env_onset.trial_results.csv,hi,HI,1,0.14157846296324247,0.03778392317907036,0.14617425725854116,0.067348175663174,0.10379453978417211,0.07882608159536716,0.09131031068976964,0.10287407869884971,0.07789544677419441,0.09038476273652206
sub-009,3,1,0.1484874225062126,0.2303803517627631,0.0479077683344906,0.1824725834282725,0.1919804604303514,0.0774781988461987,0.1145022615841527,0.1484874225062126,0.9375,32,2,"envelope,onset",data/processed/env_onset/sub-009_mtrf_env_onset.npz,-0.5,0.0,0.05,hamming,1,,l2,1,True,mean,"1.0,1.0",results_env_onset\sub-009\sub-009_backward_mtrf_env_onset.summary.json,results_env_onset\sub-009\sub-009_backward_mtrf_env_onset.trial_results.csv,hi,HI,1,0.23459110008051678,0.047944470796753194,0.19439260718506005,0.07763379018067709,0.18664662928376358,0.11675881700438295,0.15170272314407326,0.18247258342827252,0.1145022615841527,0.1484874225062126
sub-009,4,1,0.1117551614026319,0.1968138261357303,0.0967677177603646,0.1000461083753656,0.2139512640558032,0.0904870496259049,0.1234642144298982,0.1117551614026319,0.9375,32,2,"envelope,onset",data/processed/env_onset/sub-009_mtrf_env_onset.npz,-0.5,0.0,0.05,hamming,1,,l2,1,True,mean,"1.0,1.0",results_env_onset\sub-009\sub-009_backward_mtrf_env_onset.summary.json,results_env_onset\sub-009\sub-009_backward_mtrf_env_onset.trial_results.csv,hi,HI,1,0.19941581238262757,0.09707147021590645,0.21730851517962774,0.09073523654039842,0.10234434216672111,0.12657327863922932,0.11445881040297522,0.10004610837536572,0.1234642144298983,0.111755161402632
sub-009,5,1,0.1242366568499526,0.1693053858626479,0.0325342067489272,0.1367711791137206,0.1965218281838815,0.0848196935976969,0.1117021345861845,0.1242366568499526,0.9375,32,2,"envelope,onset",data/processed/env_onset/sub-009_mtrf_env_onset.npz,-0.5,0.0,0.05,hamming,1,,l2,1,True,mean,"1.0,1.0",results_env_onset\sub-009\sub-009_backward_mtrf_env_onset.summary.json,results_env_onset\sub-009\sub-009_backward_mtrf_env_onset.trial_results.csv,hi,HI,1,0.17095146444596845,0.03254569292175702,0.19911206605673074,0.08502398455456694,0.13840577152421144,0.11408808150216379,0.1262469265131876,0.1367711791137207,0.11170213458618461,0.12423665684995265
sub-009,6,1,0.1914338592142033,0.1889999732922286,0.036788080428455,0.1522118928637735,0.2459200047750623,0.0152641792104293,0.230655825564633,0.1914338592142033,0.9375,32,2,"envelope,onset",data/processed/env_onset/sub-009_mtrf_env_onset.npz,-0.5,0.0,0.05,hamming,1,,l2,1,True,mean,"1.0,1.0",results_env_onset\sub-009\sub-009_backward_mtrf_env_onset.summary.json,results_env_onset\sub-009\sub-009_backward_mtrf_env_onset.trial_results.csv,hi,HI,1,0.19129989359054364,0.03680468979157355,0.2510655194090583,0.015265364869513338,0.15449520379897008,0.23580015453954498,0.19514767916925752,0.1522118928637736,0.230655825564633,0.1914338592142033
sub-009,7,1,0.0093806735869325,0.1356096547590271,0.1417938971104105,-0.0061842423513833,0.1795822140432738,0.1546366245180254,0.0249455895252483,0.0093806735869325,0.9375,32,2,"envelope,onset",data/processed/env_onset/sub-009_mtrf_env_onset.npz,-0.5,0.0,0.05,hamming,1,,l2,1,True,mean,"1.0,1.0",results_env_onset\sub-009\sub-009_backward_mtrf_env_onset.summary.json,results_env_onset\sub-009\sub-009_backward_mtrf_env_onset.trial_results.csv,hi,HI,1,0.1364502356060884,0.14275580737197657,0.18155094664632984,0.15588719878586926,-0.006305571765888168,0.02566374786046058,0.009679088047286205,-0.006184242351383401,0.02494558952524839,0.009380673586932495
sub-009,8,1,0.0545469899871053,0.1496842545073681,0.0980647296312879,0.0516195248760802,0.1702786472429282,0.1128041921447976,0.0574744550981305,0.0545469899871053,0.9375,32,2,"envelope,onset",data/processed/env_onset/sub-009_mtrf_env_onset.npz,-0.5,0.0,0.05,hamming,1,,l2,1,True,mean,"1.0,1.0",results_env_onset\sub-009\sub-009_backward_mtrf_env_onset.summary.json,results_env_onset\sub-009\sub-009_backward_mtrf_env_onset.trial_results.csv,hi,HI,1,0.15081743828341898,0.09838090874515486,0.17195361730923658,0.11328634846098778,0.05243652953826412,0.0586672688482488,0.05555189919325646,0.05161952487608021,0.05747445509813061,0.05454698998710541
sub-009,9,1,0.010285098162509,0.1061732232205837,0.1420954090896936,-0.0359221858691098,0.1552058392644071,0.0987134570702792,0.0564923821941278,0.010285098162509,0.9375,32,2,"envelope,onset",data/processed/env_onset/sub-009_mtrf_env_onset.npz,-0.5,0.0,0.05,hamming,1,,l2,1,True,mean,"1.0,1.0",results_env_onset\sub-009\sub-009_backward_mtrf_env_onset.summary.json,results_env_onset\sub-009\sub-009_backward_mtrf_env_onset.trial_results.csv,hi,HI,1,0.10657489838383624,0.1430635192196469,0.15647041098531525,0.09903597754499623,-0.03648862083581067,0.057434433440319024,0.010472906302254177,-0.03592218586910989,0.05649238219412789,0.010285098162508999
sub-009,10,1,0.1485114849154938,0.2568239093692562,0.0952277698184696,0.1615961395507865,0.2271938392268524,0.0917670089466513,0.1354268302802011,0.1485114849154938,0.9375,32,2,"envelope,onset",data/processed/env_onset/sub-009_mtrf_env_onset.npz,-0.5,0.0,0.05,hamming,1,,l2,1,True,mean,"1.0,1.0",results_env_onset\sub-009\sub-009_backward_mtrf_env_onset.summary.json,results_env_onset\sub-009\sub-009_backward_mtrf_env_onset.trial_results.csv,hi,HI,1,0.26270504731222133,0.09551719846021894,0.2312285777660961,0.09202591400375555,0.16718784885200239,0.13920266376234053,0.15319525630717146,0.1615961395507866,0.1354268302802011,0.14851148491549387
sub-009,11,0,-0.0247291516176875,0.0799127906741913,0.0999962290720318,-0.0200834383978405,0.0954427844048102,0.1248176492423448,-0.0293748648375346,-0.0247291516176875,0.9375,32,2,"envelope,onset",data/processed/env_onset/sub-009_mtrf_env_onset.npz,-0.5,0.0,0.05,hamming,1,,l2,1,True,mean,"1.0,1.0",results_env_onset\sub-009\sub-009_backward_mtrf_env_onset.summary.json,results_env_onset\sub-009\sub-009_backward_mtrf_env_onset.trial_results.csv,hi,HI,1,0.08008355459306418,0.10033153871437672,0.09573418519977288,0.1254719732135827,-0.02024798412131254,-0.029737788013809816,-0.024992886067561178,-0.020083438397840506,-0.029374864837534598,-0.02472915161768755
sub-009,12,1,0.10003054410604,0.2262483958565697,0.0948303669714419,0.1314180288851277,0.2023099630629353,0.133666903735983,0.0686430593269523,0.10003054410604,0.9375,32,2,"envelope,onset",data/processed/env_onset/sub-009_mtrf_env_onset.npz,-0.5,0.0,0.05,hamming,1,,l2,1,True,mean,"1.0,1.0",results_env_onset\sub-009\sub-009_backward_mtrf_env_onset.summary.json,results_env_onset\sub-009\sub-009_backward_mtrf_env_onset.trial_results.csv,hi,HI,1,0.23023190275285738,0.09511617414811016,0.20513992875688367,0.1344716165648959,0.13511572860474722,0.07066831219198777,0.10289202039836749,0.1314180288851278,0.0686430593269523,0.10003054410604005
sub-009,13,1,0.130947410476972,0.1866621913479299,0.0718998880016178,0.1147623033463121,0.2291963459883183,0.0820638283806864,0.1471325176076319,0.130947410476972,0.9375,32,2,"envelope,onset",data/processed/env_onset/sub-009_mtrf_env_onset.npz,-0.5,0.0,0.05,hamming,1,,l2,1,True,mean,"1.0,1.0",results_env_onset\sub-009\sub-009_backward_mtrf_env_onset.summary.json,results_env_onset\sub-009\sub-009_backward_mtrf_env_onset.trial_results.csv,hi,HI,1,0.1888766158948858,0.0720241714676854,0.23334109025190458,0.08224879519974358,0.1168524444272004,0.15109229505216099,0.13397236973968069,0.11476230334631211,0.1471325176076319,0.130947410476972
sub-009,14,0,-0.0224610172107714,0.1025962786775118,0.115644964495099,-0.0130486858175872,0.138553567950744,0.1704269165546996,-0.0318733486039556,-0.0224610172107714,0.9375,32,2,"envelope,onset",data/processed/env_onset/sub-009_mtrf_env_onset.npz,-0.5,0.0,0.05,hamming,1,,l2,1,True,mean,"1.0,1.0",results_env_onset\sub-009\sub-009_backward_mtrf_env_onset.summary.json,results_env_onset\sub-009\sub-009_backward_mtrf_env_onset.trial_results.csv,hi,HI,1,0.1029585453955876,0.11616467713547289,0.13945053078194253,0.17210631800628445,-0.013206131739885288,-0.032655787224341926,-0.022930959482113607,-0.01304868581758721,-0.031873348603955604,-0.022461017210771407
sub-009,15,1,0.072208151116749,0.1897501025161929,0.1143531410627466,0.0753969614534462,0.1644775206558016,0.0954581798757498,0.0690193407800518,0.072208151116749,0.9375,32,2,"envelope,onset",data/processed/env_onset/sub-009_mtrf_env_onset.npz,-0.5,0.0,0.05,hamming,1,,l2,1,True,mean,"1.0,1.0",results_env_onset\sub-009\sub-009_backward_mtrf_env_onset.summary.json,results_env_onset\sub-009\sub-009_backward_mtrf_env_onset.trial_results.csv,hi,HI,1,0.1920779253349406,0.1148555404640312,0.16598526617293213,0.09574972222536071,0.07722238487090942,0.07023554394757142,0.07372896440924043,0.07539696145344629,0.0690193407800518,0.07220815111674905
sub-009,16,1,0.089961705057829,0.201300247187955,0.0939076936751408,0.1073925535128142,0.187713301050765,0.1151824444479211,0.0725308566028438,0.089961705057829,0.9375,32,2,"envelope,onset",data/processed/env_onset/sub-009_mtrf_env_onset.npz,-0.5,0.0,0.05,hamming,1,,l2,1,True,mean,"1.0,1.0",results_env_onset\sub-009\sub-009_backward_mtrf_env_onset.summary.json,results_env_onset\sub-009\sub-009_backward_mtrf_env_onset.trial_results.csv,hi,HI,1,0.2040873460294613,0.09418521006986458,0.18996589317401413,0.11569591298956848,0.10990213595959672,0.07426998018444565,0.09208605807202119,0.1073925535128142,0.0725308566028439,0.08996170505782905
sub-009,17,1,0.0992574195178876,0.2687942905515582,0.1617426314153272,0.1070516591362309,0.2520746532793341,0.1606114733797896,0.0914631798995444,0.0992574195178876,0.9375,32,2,"envelope,onset",data/processed/env_onset/sub-009_mtrf_env_onset.npz,-0.5,0.0,0.05,hamming,1,,l2,1,True,mean,"1.0,1.0",results_env_onset\sub-009\sub-009_backward_mtrf_env_onset.summary.json,results_env_onset\sub-009\sub-009_backward_mtrf_env_onset.trial_results.csv,hi,HI,1,0.275563761276905,0.1631756247698744,0.25762700397898136,0.16201429759080957,0.11238813650703061,0.09561270638817179,0.1040004214476012,0.10705165913623099,0.0914631798995445,0.09925741951788775
sub-009,18,1,0.1928277353802063,0.2101057949677544,-0.0086390236715802,0.2187448186393347,0.2125830027149526,0.0456723505938747,0.1669106521210779,0.1928277353802063,0.9375,32,2,"envelope,onset",data/processed/env_onset/sub-009_mtrf_env_onset.npz,-0.5,0.0,0.05,hamming,1,,l2,1,True,mean,"1.0,1.0",results_env_onset\sub-009\sub-009_backward_mtrf_env_onset.summary.json,results_env_onset\sub-009\sub-009_backward_mtrf_env_onset.trial_results.csv,hi,HI,1,0.21328202490686296,-0.008639238599178372,0.21587505572209695,0.04570414735325709,0.22192126350604133,0.17017090836883986,0.1960460859374406,0.2187448186393346,0.1669106521210779,0.19282773538020626
sub-009,19,1,0.2060984251603534,0.2155466121755248,0.0151884743507597,0.2003581378247651,0.2331151784124598,0.021276465916518,0.2118387124959417,0.2060984251603534,0.9375,32,2,"envelope,onset",data/processed/env_onset/sub-009_mtrf_env_onset.npz,-0.5,0.0,0.05,hamming,1,,l2,1,True,mean,"1.0,1.0",results_env_onset\sub-009\sub-009_backward_mtrf_env_onset.summary.json,results_env_onset\sub-009\sub-009_backward_mtrf_env_onset.trial_results.csv,hi,HI,1,0.21898099358739104,0.015189642454244997,0.23748114464055997,0.021279677322436488,0.20379135113314603,0.21620146731812348,0.20999640922563476,0.20035813782476508,0.2118387124959418,0.20609842516035343
sub-009,20,1,0.0514640899097041,0.1540905916650768,0.0528234576791128,0.101267133985964,0.1104673499426584,0.1088063041092142,0.0016610458334442,0.0514640899097041,0.9375,32,2,"envelope,onset",data/processed/env_onset/sub-009_mtrf_env_onset.npz,-0.5,0.0,0.05,hamming,1,,l2,1,True,mean,"1.0,1.0",results_env_onset\sub-009\sub-009_backward_mtrf_env_onset.summary.json,results_env_onset\sub-009\sub-009_backward_mtrf_env_onset.trial_results.csv,hi,HI,1,0.15532783738512604,0.052872671508069596,0.11092001458432996,0.10923875926341182,0.10245516587705644,0.001681255320918132,0.05206821059898729,0.101267133985964,0.0016610458334442024,0.0514640899097041
sub-009,21,1,0.0020520720871434,0.1014872592668222,0.0804564904736303,0.0210307687931919,0.087841906574527,0.104768531193432,-0.0169266246189049,0.0020520720871434,0.9375,32,2,"envelope,onset",data/processed/env_onset/sub-009_mtrf_env_onset.npz,-0.5,0.0,0.05,hamming,1,,l2,1,True,mean,"1.0,1.0",results_env_onset\sub-009\sub-009_backward_mtrf_env_onset.summary.json,results_env_onset\sub-009\sub-009_backward_mtrf_env_onset.trial_results.csv,hi,HI,1,0.10183785666848479,0.08063077278762239,0.08806889364755272,0.10515440438689527,0.0212070838808624,-0.017085510739342558,0.0020607865707599204,0.021030768793191906,-0.016926624618904998,0.002052072087143454
sub-009,22,1,0.0873800959721126,0.1430138297343162,0.0812239832143726,0.0617898465199435,0.1814708792686357,0.068500533844354,0.1129703454242817,0.0873800959721126,0.9375,32,2,"envelope,onset",data/processed/env_onset/sub-009_mtrf_env_onset.npz,-0.5,0.0,0.05,hamming,1,,l2,1,True,mean,"1.0,1.0",results_env_onset\sub-009\sub-009_backward_mtrf_env_onset.summary.json,results_env_onset\sub-009\sub-009_backward_mtrf_env_onset.trial_results.csv,hi,HI,1,0.14400099106936437,0.08140331423681815,0.1835032373606101,0.06860797871989364,0.06259767683254622,0.11489525864071647,0.08874646773663133,0.0617898465199436,0.11297034542428169,0.08738009597211265
sub-009,23,1,0.0876729939741254,0.181050586296622,0.0884593424036827,0.0925912438929393,0.1604032983794671,0.0776485543241555,0.0827547440553116,0.0876729939741254,0.9375,32,2,"envelope,onset",data/processed/env_onset/sub-009_mtrf_env_onset.npz,-0.5,0.0,0.05,hamming,1,,l2,1,True,mean,"1.0,1.0",results_env_onset\sub-009\sub-009_backward_mtrf_env_onset.summary.json,results_env_onset\sub-009\sub-009_backward_mtrf_env_onset.trial_results.csv,hi,HI,1,0.18306866635393693,0.08869116487596158,0.16180061763390544,0.0778051767338253,0.09437750147797534,0.08399544090008014,0.08918647118902774,0.0925912438929393,0.0827547440553116,0.08767299397412545
sub-009,24,1,0.1317008735791195,0.1328045663188552,0.0383656491012679,0.0944389172175872,0.1801519619642458,0.011189132023594,0.1689628299406518,0.1317008735791195,0.9375,32,2,"envelope,onset",data/processed/env_onset/sub-009_mtrf_env_onset.npz,-0.5,0.0,0.05,hamming,1,,l2,1,True,mean,"1.0,1.0",results_env_onset\sub-009\sub-009_backward_mtrf_env_onset.summary.json,results_env_onset\sub-009\sub-009_backward_mtrf_env_onset.trial_results.csv,hi,HI,1,0.1335936944253562,0.03838448950387917,0.18213974343890377,0.011189599006050101,0.09520920492147704,0.17095014443285367,0.13307967467716536,0.0944389172175873,0.1689628299406518,0.13170087357911955
sub-009,25,1,0.0608944273646916,0.1779788488221723,0.1009462684939477,0.0770325803282245,0.1609729176401055,0.1162166432389468,0.0447562744011586,0.0608944273646916,0.9375,32,2,"envelope,onset",data/processed/env_onset/sub-009_mtrf_env_onset.npz,-0.5,0.0,0.05,hamming,1,,l2,1,True,mean,"1.0,1.0",results_env_onset\sub-009\sub-009_backward_mtrf_env_onset.summary.json,results_env_onset\sub-009\sub-009_backward_mtrf_env_onset.trial_results.csv,hi,HI,1,0.17989464140293404,0.10129126615301831,0.16238533469722868,0.11674414390106325,0.07860337524991573,0.04564119079616544,0.062122283023040584,0.0770325803282246,0.04475627440115869,0.060894427364691646
sub-009,26,1,0.0197464139255925,0.1546522870428601,0.1205117313813293,0.0341405556615307,0.1437507322582911,0.1383984600686367,0.0053522721896543,0.0197464139255925,0.9375,32,2,"envelope,onset",data/processed/env_onset/sub-009_mtrf_env_onset.npz,-0.5,0.0,0.05,hamming,1,,l2,1,True,mean,"1.0,1.0",results_env_onset\sub-009\sub-009_backward_mtrf_env_onset.summary.json,results_env_onset\sub-009\sub-009_backward_mtrf_env_onset.trial_results.csv,hi,HI,1,0.15590324505576794,0.12110026878254099,0.1447533612157249,0.13929239046297204,0.034802976273226954,0.0054609707527528695,0.020131973512989912,0.034140555661530805,0.0053522721896543946,0.0197464139255926
sub-009,27,1,0.114583309595872,0.1375390099066661,-0.003185398110193,0.1407244080168591,0.1454669728463463,0.0570247616714615,0.0884422111748848,0.114583309595872,0.9375,32,2,"envelope,onset",data/processed/env_onset/sub-009_mtrf_env_onset.npz,-0.5,0.0,0.05,hamming,1,,l2,1,True,mean,"1.0,1.0",results_env_onset\sub-009\sub-009_backward_mtrf_env_onset.summary.json,results_env_onset\sub-009\sub-009_backward_mtrf_env_onset.trial_results.csv,hi,HI,1,0.1384162628275718,-0.003185408884083158,0.14650625836560097,0.057086694037940755,0.14160167171165497,0.08941956432766021,0.11551061801965759,0.1407244080168591,0.0884422111748848,0.11458330959587194
sub-009,28,1,0.0382977958655076,0.0867607098152234,0.0501049985182312,0.0366557112969922,0.1195992691539489,0.0796593887199259,0.0399398804340229,0.0382977958655076,0.9375,32,2,"envelope,onset",data/processed/env_onset/sub-009_mtrf_env_onset.npz,-0.5,0.0,0.05,hamming,1,,l2,1,True,mean,"1.0,1.0",results_env_onset\sub-009\sub-009_backward_mtrf_env_onset.summary.json,results_env_onset\sub-009\sub-009_backward_mtrf_env_onset.trial_results.csv,hi,HI,1,0.08697939313060397,0.050146991505296175,0.12017446254266399,0.07982852919156999,0.0368324016253078,0.040345933351094,0.038589167488200904,0.036655711296992195,0.03993988043402301,0.038297795865507606
sub-009,29,1,0.0679890414806182,0.1021561179733006,0.063449293029846,0.0387068249434546,0.1161164849775247,0.0188452269597429,0.0972712580177818,0.0679890414806182,0.9375,32,2,"envelope,onset",data/processed/env_onset/sub-009_mtrf_env_onset.npz,-0.5,0.0,0.05,hamming,1,,l2,1,True,mean,"1.0,1.0",results_env_onset\sub-009\sub-009_backward_mtrf_env_onset.summary.json,results_env_onset\sub-009\sub-009_backward_mtrf_env_onset.trial_results.csv,hi,HI,1,0.1025137225463244,0.06353464428150662,0.11664261554786698,0.01884745834940823,0.03897907826481778,0.09779515719845874,0.06838711773163826,0.03870682494345459,0.0972712580177818,0.0679890414806182
sub-009,30,1,0.1012123765492045,0.1338471927961595,0.0252769355647283,0.1085702572314311,0.2022573770919517,0.1084028812249738,0.0938544958669779,0.1012123765492045,0.9375,32,2,"envelope,onset",data/processed/env_onset/sub-009_mtrf_env_onset.npz,-0.5,0.0,0.05,hamming,1,,l2,1,True,mean,"1.0,1.0",results_env_onset\sub-009\sub-009_backward_mtrf_env_onset.summary.json,results_env_onset\sub-009\sub-009_backward_mtrf_env_onset.trial_results.csv,hi,HI,1,0.13465518992707565,0.02528232097187058,0.20508509923400992,0.10883052122301423,0.10937286895520507,0.09625457801099568,0.10281372348310037,0.10857025723143121,0.09385449586697792,0.10121237654920456
sub-009,31,1,0.0682530651004806,0.1358352743804604,0.0926566185230624,0.0431786558573979,0.1666392122401212,0.0733117378965578,0.0933274743435634,0.0682530651004806,0.9375,32,2,"envelope,onset",data/processed/env_onset/sub-009_mtrf_env_onset.npz,-0.5,0.0,0.05,hamming,1,,l2,1,True,mean,"1.0,1.0",results_env_onset\sub-009\sub-009_backward_mtrf_env_onset.summary.json,results_env_onset\sub-009\sub-009_backward_mtrf_env_onset.trial_results.csv,hi,HI,1,0.13668008926803651,0.09292315288021806,0.1682078796047712,0.07344350376128984,0.043756936387818454,0.09476437584348137,0.06926065611564991,0.043178655857397996,0.09332747434356341,0.06825306510048071
sub-010,0,1,0.0959352092649845,0.1435208180283029,0.0326735496766442,0.1108472683516586,0.1538979805542148,0.0728748303759044,0.0810231501783103,0.0959352092649845,0.8125,32,2,"envelope,onset",data/processed/env_onset/sub-010_mtrf_env_onset.npz,-0.5,0.0,0.05,hamming,1,,l2,1,True,mean,"1.0,1.0",results_env_onset\sub-010\sub-010_backward_mtrf_env_onset.summary.json,results_env_onset\sub-010\sub-010_backward_mtrf_env_onset.trial_results.csv,hi,HI,1,0.14451860364581104,0.032685184130651614,0.1551305476985883,0.07300424946109399,0.11183341951515943,0.08212629823749432,0.09697985887632687,0.1108472683516587,0.0810231501783104,0.09593520926498456
sub-010,1,1,0.0811292625376818,0.0704094987025542,-0.0270108806473748,0.097420379349929,0.0487221311622892,-0.0161160145631452,0.0648381457254345,0.0811292625376818,0.8125,32,2,"envelope,onset",data/processed/env_onset/sub-010_mtrf_env_onset.npz,-0.5,0.0,0.05,hamming,1,,l2,1,True,mean,"1.0,1.0",results_env_onset\sub-010\sub-010_backward_mtrf_env_onset.summary.json,results_env_onset\sub-010\sub-010_backward_mtrf_env_onset.trial_results.csv,hi,HI,1,0.07052619765870177,-0.02701745245963155,0.04876073911327126,-0.016117410029546992,0.09754365011833332,0.06487814914281825,0.08121089963057579,0.097420379349929,0.06483814572543439,0.0811292625376817
sub-010,2,0,-1.1946092920756685e-05,0.0575573171849883,0.0536882421654979,0.0038690750194903,0.0514951427562111,0.055388109961543,-0.0038929672053318,-1.1946092920756685e-05,0.8125,32,2,"envelope,onset",data/processed/env_onset/sub-010_mtrf_env_onset.npz,-0.5,0.0,0.05,hamming,1,,l2,1,True,mean,"1.0,1.0",results_env_onset\sub-010\sub-010_backward_mtrf_env_onset.summary.json,results_env_onset\sub-010\sub-010_backward_mtrf_env_onset.trial_results.csv,hi,HI,1,0.05762100330791569,0.05373991571460486,0.051540732724391705,0.05544485511942182,0.0038810875933108294,-0.0039041223950301157,-1.1517400859643173e-05,0.003869075019490402,-0.0038929672053319014,-1.1946092920749746e-05
sub-010,3,1,0.0678418647659063,0.064744699518659,0.015246615967208,0.0494980835514509,0.0694984894253741,-0.0166871565549876,0.0861856459803617,0.0678418647659063,0.8125,32,2,"envelope,onset",data/processed/env_onset/sub-010_mtrf_env_onset.npz,-0.5,0.0,0.05,hamming,1,,l2,1,True,mean,"1.0,1.0",results_env_onset\sub-010\sub-010_backward_mtrf_env_onset.summary.json,results_env_onset\sub-010\sub-010_backward_mtrf_env_onset.trial_results.csv,hi,HI,1,0.06483539499186591,0.015247797537896466,0.06961070831374382,-0.016688705722337948,0.04958759745396945,0.08629941403608177,0.06794350574502561,0.049498083551450994,0.08618564598036169,0.06784186476590634
sub-010,4,1,0.0056463472808097,0.0856385352846755,0.0474142170327023,0.0382243182519732,0.0025782211083504,0.0295098447987041,-0.0269316236903536,0.0056463472808097,0.8125,32,2,"envelope,onset",data/processed/env_onset/sub-010_mtrf_env_onset.npz,-0.5,0.0,0.05,hamming,1,,l2,1,True,mean,"1.0,1.0",results_env_onset\sub-010\sub-010_backward_mtrf_env_onset.summary.json,results_env_onset\sub-010\sub-010_backward_mtrf_env_onset.trial_results.csv,hi,HI,1,0.08584881787986423,0.047449795795829385,0.0025782268210443322,0.029518415305856516,0.038399022084034846,-0.026940188484812184,0.005729416799611331,0.03822431825197319,-0.0269316236903537,0.0056463472808097465
sub-010,5,0,-0.0267150875407148,0.0417968134594026,0.0536387020040071,-0.0118418885446045,0.0529577196855363,0.0945460062223614,-0.0415882865368251,-0.0267150875407148,0.8125,32,2,"envelope,onset",data/processed/env_onset/sub-010_mtrf_env_onset.npz,-0.5,0.0,0.05,hamming,1,,l2,1,True,mean,"1.0,1.0",results_env_onset\sub-010\sub-010_backward_mtrf_env_onset.summary.json,results_env_onset\sub-010\sub-010_backward_mtrf_env_onset.trial_results.csv,hi,HI,1,0.04182117831346698,0.05369023247689395,0.05300731015478286,0.09482924079485162,-0.01186905416342697,-0.04182193064006876,-0.026845492401747866,-0.011841888544604495,-0.04158828653682509,-0.026715087540714794
sub-010,6,1,0.1154598006205853,0.1039546760302664,-0.0425682778927651,0.1465229539230315,0.1058219619172885,0.0214253145991493,0.0843966473181391,0.1154598006205853,0.8125,32,2,"envelope,onset",data/processed/env_onset/sub-010_mtrf_env_onset.npz,-0.5,0.0,0.05,hamming,1,,l2,1,True,mean,"1.0,1.0",results_env_onset\sub-010\sub-010_backward_mtrf_env_onset.summary.json,results_env_onset\sub-010\sub-010_backward_mtrf_env_onset.trial_results.csv,hi,HI,1,0.10433158759533287,-0.04259401795090346,0.10621964563818234,0.02142859389052663,0.14692560554623632,0.08479105174765571,0.11585832864694601,0.1465229539230315,0.0843966473181392,0.11545980062058535
sub-010,7,1,0.1176173278735164,0.1665827325225677,0.0210755731328788,0.1455071593896888,0.1161477518351292,0.0264202554777853,0.0897274963573439,0.1176173278735164,0.8125,32,2,"envelope,onset",data/processed/env_onset/sub-010_mtrf_env_onset.npz,-0.5,0.0,0.05,hamming,1,,l2,1,True,mean,"1.0,1.0",results_env_onset\sub-010\sub-010_backward_mtrf_env_onset.summary.json,results_env_onset\sub-010\sub-010_backward_mtrf_env_onset.trial_results.csv,hi,HI,1,0.16814978729008226,0.02107869441259938,0.11667430985611636,0.026426405429793152,0.14707109287748288,0.09024790442632322,0.11865949865190305,0.1455071593896889,0.0897274963573439,0.11761732787351639
sub-010,8,1,0.161551579078914,0.1370529907087963,-0.0543722056650465,0.1914251963738428,0.1332805107955395,0.0016025490115542,0.1316779617839852,0.161551579078914,0.8125,32,2,"envelope,onset",data/processed/env_onset/sub-010_mtrf_env_onset.npz,-0.5,0.0,0.05,hamming,1,,l2,1,True,mean,"1.0,1.0",results_env_onset\sub-010\sub-010_backward_mtrf_env_onset.summary.json,results_env_onset\sub-010\sub-010_backward_mtrf_env_onset.trial_results.csv,hi,HI,1,0.1379209060489649,-0.05442588175793579,0.13407821508107715,0.0016025503834255184,0.19234678780690068,0.13247566469765162,0.16241122625227616,0.1914251963738428,0.13167796178398528,0.16155157907891404
sub-010,9,0,-0.021141704902569,-0.0123433431977719,-0.0008944324785803,-0.0114489107191915,-0.0274943799840102,0.0033401191019363,-0.0308344990859465,-0.021141704902569,0.8125,32,2,"envelope,onset",data/processed/env_onset/sub-010_mtrf_env_onset.npz,-0.5,0.0,0.05,hamming,1,,l2,1,True,mean,"1.0,1.0",results_env_onset\sub-010\sub-010_backward_mtrf_env_onset.summary.json,results_env_onset\sub-010\sub-010_backward_mtrf_env_onset.trial_results.csv,hi,HI,1,-0.012343970124610049,-0.0008944327170985622,-0.027501311170420498,0.0033401315232494807,-0.011449537407511487,-0.03084144269366998,-0.021145490050590732,-0.0114489107191916,-0.030834499085946498,-0.021141704902569048
sub-010,10,1,0.106416666935808,0.1718428770776852,0.0331639454843385,0.1386789315933467,0.1063028779364143,0.0321484756581451,0.0741544022782692,0.106416666935808,0.8125,32,2,"envelope,onset",data/processed/env_onset/sub-010_mtrf_env_onset.npz,-0.5,0.0,0.05,hamming,1,,l2,1,True,mean,"1.0,1.0",results_env_onset\sub-010\sub-010_backward_mtrf_env_onset.summary.json,results_env_onset\sub-010\sub-010_backward_mtrf_env_onset.trial_results.csv,hi,HI,1,0.17356499942824635,0.03317611193917293,0.10670603315552699,0.032159557943517575,0.1403888874890734,0.07454647521200941,0.10746768135054141,0.1386789315933467,0.0741544022782692,0.10641666693580795
sub-010,11,1,0.0327719433059813,0.0589175134271548,-0.0010448006145696,0.0599623140417245,0.0607166178143786,0.0551350452441404,0.0055815725702381,0.0327719433059813,0.8125,32,2,"envelope,onset",data/processed/env_onset/sub-010_mtrf_env_onset.npz,-0.5,0.0,0.05,hamming,1,,l2,1,True,mean,"1.0,1.0",results_env_onset\sub-010\sub-010_backward_mtrf_env_onset.summary.json,results_env_onset\sub-010\sub-010_backward_mtrf_env_onset.trial_results.csv,hi,HI,1,0.05898582870045358,-0.001044800994740865,0.060791394041343955,0.0551910152136929,0.060030629695194446,0.005600378827651055,0.032815504261422754,0.059962314041724404,0.005581572570238197,0.0327719433059813
sub-010,12,1,0.1250466105115908,0.1798392545259461,0.0635409659324747,0.1162982885934714,0.1191320797068668,-0.0146628527228433,0.1337949324297102,0.1250466105115908,0.8125,32,2,"envelope,onset",data/processed/env_onset/sub-010_mtrf_env_onset.npz,-0.5,0.0,0.05,hamming,1,,l2,1,True,mean,"1.0,1.0",results_env_onset\sub-010\sub-010_backward_mtrf_env_onset.summary.json,results_env_onset\sub-010\sub-010_backward_mtrf_env_onset.trial_results.csv,hi,HI,1,0.18181656554479705,0.06362668827164791,0.11970052027925743,-0.014663903692533868,0.11818987727314914,0.1343644239717913,0.12627715062247022,0.1162982885934714,0.1337949324297101,0.12504661051159074
sub-010,13,1,0.0685716349211495,0.0717921966073701,-0.0238333243656399,0.0956255209730101,0.0561387970618926,0.0146210481926036,0.041517748869289,0.0685716349211495,0.8125,32,2,"envelope,onset",data/processed/env_onset/sub-010_mtrf_env_onset.npz,-0.5,0.0,0.05,hamming,1,,l2,1,True,mean,"1.0,1.0",results_env_onset\sub-010\sub-010_backward_mtrf_env_onset.summary.json,results_env_onset\sub-010\sub-010_backward_mtrf_env_onset.trial_results.csv,hi,HI,1,0.07191592130180136,-0.02383783856428234,0.0561978838456505,0.01462209019803042,0.0957537598660837,0.04157579364762008,0.0686647767568519,0.09562552097301,0.041517748869288995,0.0685716349211495
sub-010,14,1,0.0256494941751153,0.0310891845053067,0.0329808345682638,-0.001891650062957,0.047897514520515,-0.0052931238926726,0.0531906384131877,0.0256494941751153,0.8125,32,2,"envelope,onset",data/processed/env_onset/sub-010_mtrf_env_onset.npz,-0.5,0.0,0.05,hamming,1,,l2,1,True,mean,"1.0,1.0",results_env_onset\sub-010\sub-010_backward_mtrf_env_onset.summary.json,results_env_onset\sub-010\sub-010_backward_mtrf_env_onset.trial_results.csv,hi,HI,1,0.03109920660443871,0.03299280051967272,0.04793419339961398,-0.005293173326270888,-0.0018935939152340056,0.05322736672588487,0.025666886405325433,-0.001891650062957096,0.0531906384131876,0.02564949417511525
sub-010,15,1,0.0324613324794136,0.0596822951945103,0.0327286132563867,0.0269536819381235,0.0826036514300063,0.0446346684093026,0.0379689830207037,0.0324613324794136,0.8125,32,2,"envelope,onset",data/processed/env_onset/sub-010_mtrf_env_onset.npz,-0.5,0.0,0.05,hamming,1,,l2,1,True,mean,"1.0,1.0",results_env_onset\sub-010\sub-010_backward_mtrf_env_onset.summary.json,results_env_onset\sub-010\sub-010_backward_mtrf_env_onset.trial_results.csv,hi,HI,1,0.05975330933501152,0.03274030665627228,0.08279230261499824,0.04466434508476461,0.02701300267873924,0.03812795753023363,0.03257048010448643,0.0269536819381236,0.037968983020703694,0.03246133247941364
sub-010,16,1,0.1187500099624829,0.1991052757884033,0.0385047726553123,0.160600503133091,0.0862945666008786,0.0093950498090036,0.0768995167918749,0.1187500099624829,0.8125,32,2,"envelope,onset",data/processed/env_onset/sub-010_mtrf_env_onset.npz,-0.5,0.0,0.05,hamming,1,,l2,1,True,mean,"1.0,1.0",results_env_onset\sub-010\sub-010_backward_mtrf_env_onset.summary.json,results_env_onset\sub-010\sub-010_backward_mtrf_env_onset.trial_results.csv,hi,HI,1,0.2018007230913555,0.03852381888462792,0.08650973355111582,0.009395326247808753,0.16327690420672758,0.07711440730330707,0.12019565575501732,0.16060050313309102,0.076899516791875,0.118750009962483
sub-010,17,1,0.1116089221049415,0.1824519938821802,0.0633429796883503,0.1191090141938298,0.1702062383067906,0.0660974082907374,0.1041088300160532,0.1116089221049415,0.8125,32,2,"envelope,onset",data/processed/env_onset/sub-010_mtrf_env_onset.npz,-0.5,0.0,0.05,hamming,1,,l2,1,True,mean,"1.0,1.0",results_env_onset\sub-010\sub-010_backward_mtrf_env_onset.summary.json,results_env_onset\sub-010\sub-010_backward_mtrf_env_onset.trial_results.csv,hi,HI,1,0.18451794913750938,0.06342790193493471,0.17187904714404614,0.06619391833814905,0.12109004720257467,0.10568512880589709,0.11338758800423587,0.1191090141938299,0.1041088300160532,0.11160892210494155
sub-010,18,1,0.1018068933396352,0.0937429078966364,-0.0040017387083907,0.0977446466050271,0.1099711332860062,0.0041019932117628,0.1058691400742433,0.1018068933396352,0.8125,32,2,"envelope,onset",data/processed/env_onset/sub-010_mtrf_env_onset.npz,-0.5,0.0,0.05,hamming,1,,l2,1,True,mean,"1.0,1.0",results_env_onset\sub-010\sub-010_backward_mtrf_env_onset.summary.json,results_env_onset\sub-010\sub-010_backward_mtrf_env_onset.trial_results.csv,hi,HI,1,0.09401896076725995,-0.004001760069760709,0.11041769560463503,0.004102016219183927,0.09802072083702065,0.10631567938545111,0.10216820011123588,0.0977446466050271,0.1058691400742434,0.10180689333963525
sub-010,19,1,0.1609311853712361,0.1087749207150121,-0.044883056921611,0.1536579776366231,0.1491679331268355,-0.0190364599790136,0.1682043931058492,0.1609311853712361,0.8125,32,2,"envelope,onset",data/processed/env_onset/sub-010_mtrf_env_onset.npz,-0.5,0.0,0.05,hamming,1,,l2,1,True,mean,"1.0,1.0",results_env_onset\sub-010\sub-010_backward_mtrf_env_onset.summary.json,results_env_onset\sub-010\sub-010_backward_mtrf_env_onset.trial_results.csv,hi,HI,1,0.1092069999855338,-0.04491323220782123,0.15028932509564058,-0.019038759999791818,0.15412023219335502,0.1693280850954324,0.1617241586443937,0.1536579776366231,0.1682043931058491,0.16093118537123607
sub-010,20,1,0.0296613680742185,0.106947536946546,0.0440350260724833,0.0629125108740627,0.0638485828889884,0.067438357614614,-0.0035897747256255,0.0296613680742185,0.8125,32,2,"envelope,onset",data/processed/env_onset/sub-010_mtrf_env_onset.npz,-0.5,0.0,0.05,hamming,1,,l2,1,True,mean,"1.0,1.0",results_env_onset\sub-010\sub-010_backward_mtrf_env_onset.summary.json,results_env_onset\sub-010\sub-010_backward_mtrf_env_onset.trial_results.csv,hi,HI,1,0.10735810555794849,0.04406352176429118,0.0639355583239407,0.06754087252214161,0.06329458379365731,-0.0036053141982009124,0.029844634797728198,0.0629125108740627,-0.003589774725625605,0.02966136807421855
sub-010,21,1,0.0892493537414923,0.0765534219534623,0.0128677462819005,0.0636856756715617,0.1034425154841179,-0.011370516327305,0.114813031811423,0.0892493537414923,0.8125,32,2,"envelope,onset",data/processed/env_onset/sub-010_mtrf_env_onset.npz,-0.5,0.0,0.05,hamming,1,,l2,1,True,mean,"1.0,1.0",results_env_onset\sub-010\sub-010_backward_mtrf_env_onset.summary.json,results_env_onset\sub-010\sub-010_backward_mtrf_env_onset.trial_results.csv,hi,HI,1,0.07670349523601527,0.012868456561533712,0.10381385970289768,-0.011371006391524626,0.06383503867448156,0.1151848660944223,0.08950995238445193,0.0636856756715618,0.1148130318114229,0.08924935374149234
sub-010,22,1,0.0652683597367093,0.0583864225907245,0.009315801846403,0.0490706207443214,0.077263722382638,-0.0042023763464591,0.0814660987290972,0.0652683597367093,0.8125,32,2,"envelope,onset",data/processed/env_onset/sub-010_mtrf_env_onset.npz,-0.5,0.0,0.05,hamming,1,,l2,1,True,mean,"1.0,1.0",results_env_onset\sub-010\sub-010_backward_mtrf_env_onset.summary.json,results_env_onset\sub-010\sub-010_backward_mtrf_env_onset.trial_results.csv,hi,HI,1,0.05845290456386196,0.009316071348461453,0.0774180220710688,-0.0042024010846637,0.04913683321540051,0.08162042315573251,0.0653786281855665,0.049070620744321496,0.0814660987290971,0.0652683597367093
sub-010,23,0,-0.0071267306705261,0.0228370938592204,0.0362167488361783,-0.0133796549769579,0.0452320688836842,0.0461058752477786,-0.0008738063640943,-0.0071267306705261,0.8125,32,2,"envelope,onset",data/processed/env_onset/sub-010_mtrf_env_onset.npz,-0.5,0.0,0.05,hamming,1,,l2,1,True,mean,"1.0,1.0",results_env_onset\sub-010\sub-010_backward_mtrf_env_onset.summary.json,results_env_onset\sub-010\sub-010_backward_mtrf_env_onset.trial_results.csv,hi,HI,1,0.02284106520026594,0.03623259591073389,0.04526295417340341,0.04613858686138065,-0.01339153071046795,-0.0008756326879772389,-0.007133581699222595,-0.013379654976957901,-0.0008738063640943983,-0.00712673067052615
sub-010,24,1,0.0435311504028208,0.1142903531501225,0.0824862310327547,0.0318041221173677,0.1506717778633743,0.0954135991751003,0.0552581786882739,0.0435311504028208,0.8125,32,2,"envelope,onset",data/processed/env_onset/sub-010_mtrf_env_onset.npz,-0.5,0.0,0.05,hamming,1,,l2,1,True,mean,"1.0,1.0",results_env_onset\sub-010\sub-010_backward_mtrf_env_onset.summary.json,results_env_onset\sub-010\sub-010_backward_mtrf_env_onset.trial_results.csv,hi,HI,1,0.11479192108027543,0.08267407666531702,0.151827747677928,0.09570473175105819,0.03211784441495841,0.056123015926869815,0.04412043017091411,0.0318041221173678,0.055258178688274,0.0435311504028209
sub-010,25,1,0.0674659582538738,0.0415413552469381,0.0188443450992552,0.0226970101476828,0.0896812137828138,-0.0225536925772509,0.1122349063600648,0.0674659582538738,0.8125,32,2,"envelope,onset",data/processed/env_onset/sub-010_mtrf_env_onset.npz,-0.5,0.0,0.05,hamming,1,,l2,1,True,mean,"1.0,1.0",results_env_onset\sub-010\sub-010_backward_mtrf_env_onset.summary.json,results_env_onset\sub-010\sub-010_backward_mtrf_env_onset.trial_results.csv,hi,HI,1,0.04156527577279775,0.018846576175637723,0.089922807669112,-0.02255751786658648,0.022718699597160025,0.11248032553569848,0.06759951256642925,0.022697010147682897,0.1122349063600647,0.0674659582538738
sub-010,26,1,0.1620054290069068,0.1603996564400855,-0.0035385559962214,0.1639382124363069,0.156415025271484,-0.0036576203060226,0.1600726455775066,0.1620054290069068,0.8125,32,2,"envelope,onset",data/processed/env_onset/sub-010_mtrf_env_onset.npz,-0.5,0.0,0.05,hamming,1,,l2,1,True,mean,"1.0,1.0",results_env_onset\sub-010\sub-010_backward_mtrf_env_onset.summary.json,results_env_onset\sub-010\sub-010_backward_mtrf_env_onset.trial_results.csv,hi,HI,1,0.16179687951790558,-0.0035385707655320622,0.15770968282555967,-0.00365763661692882,0.16533545028343766,0.1613673194424885,0.16335138486296308,0.1639382124363069,0.16007264557750658,0.16200542900690673
sub-010,27,1,0.1253593725081386,0.1448038572230508,-0.0123084475029013,0.1571123047259521,0.0607550526914275,-0.0328513875988976,0.0936064402903252,0.1253593725081386,0.8125,32,2,"envelope,onset",data/processed/env_onset/sub-010_mtrf_env_onset.npz,-0.5,0.0,0.05,hamming,1,,l2,1,True,mean,"1.0,1.0",results_env_onset\sub-010\sub-010_backward_mtrf_env_onset.summary.json,results_env_onset\sub-010\sub-010_backward_mtrf_env_onset.trial_results.csv,hi,HI,1,0.14582887409756642,-0.012309069127307793,0.06082997122351532,-0.032863213146045275,0.1581379432248742,0.09369318436956059,0.1259155637972174,0.1571123047259521,0.09360644029032511,0.1253593725081386
sub-010,28,0,-0.0129783940088108,-0.0432343523827412,-0.0022741144178789,-0.0409602379648622,0.0193173862836415,0.004313936336401,0.0150034499472404,-0.0129783940088108,0.8125,32,2,"envelope,onset",data/processed/env_onset/sub-010_mtrf_env_onset.npz,-0.5,0.0,0.05,hamming,1,,l2,1,True,mean,"1.0,1.0",results_env_onset\sub-010\sub-010_backward_mtrf_env_onset.summary.json,results_env_onset\sub-010\sub-010_backward_mtrf_env_onset.trial_results.csv,hi,HI,1,-0.04326132065159473,-0.002274118338158366,0.019319789656157924,0.004313963097552064,-0.04098720231343636,0.01500582655860586,-0.01299068787741525,-0.0409602379648623,0.015003449947240502,-0.012978394008810897
sub-010,29,1,0.065158078521941,0.0703024554650346,0.0289767471970111,0.0413257082680235,0.0873938347288446,-0.0015966140470138,0.0889904487758584,0.065158078521941,0.8125,32,2,"envelope,onset",data/processed/env_onset/sub-010_mtrf_env_onset.npz,-0.5,0.0,0.05,hamming,1,,l2,1,True,mean,"1.0,1.0",results_env_onset\sub-010\sub-010_backward_mtrf_env_onset.summary.json,results_env_onset\sub-010\sub-010_backward_mtrf_env_onset.trial_results.csv,hi,HI,1,0.07041862192512147,0.02898486141200831,0.08761735538393357,-0.0015966154036994994,0.041433760513113156,0.08921397078763307,0.06532386565037311,0.041325708268023495,0.0889904487758584,0.06515807852194094
sub-010,30,1,0.1498202998852399,0.1726783059753289,-0.013708958174498,0.186387264149827,0.1585708921992336,0.0453175565785806,0.1132533356206529,0.1498202998852399,0.8125,32,2,"envelope,onset",data/processed/env_onset/sub-010_mtrf_env_onset.npz,-0.5,0.0,0.05,hamming,1,,l2,1,True,mean,"1.0,1.0",results_env_onset\sub-010\sub-010_backward_mtrf_env_onset.summary.json,results_env_onset\sub-010\sub-010_backward_mtrf_env_onset.trial_results.csv,hi,HI,1,0.17442597677540722,-0.013709817071476525,0.15992038502486486,0.045348617461703274,0.18813579384688375,0.11457176756316159,0.15135378070502267,0.1863872641498269,0.11325333562065298,0.14982029988523993
sub-010,31,0,-0.0441576666696702,0.0704912778325292,0.1603566574341425,-0.0898653796016133,0.0531064684839937,0.051556422221721,0.0015500462622727,-0.0441576666696702,0.8125,32,2,"envelope,onset",data/processed/env_onset/sub-010_mtrf_env_onset.npz,-0.5,0.0,0.05,hamming,1,,l2,1,True,mean,"1.0,1.0",results_env_onset\sub-010\sub-010_backward_mtrf_env_onset.summary.json,results_env_onset\sub-010\sub-010_backward_mtrf_env_onset.trial_results.csv,hi,HI,1,0.07060838470416925,0.16175274532973888,0.053156478474949996,0.05160217531423752,-0.09114436062556963,0.001554303160712478,-0.04479502873242858,-0.08986537960161331,0.001550046262272703,-0.044157666669670304
sub-011,0,1,0.1860563764241227,0.129749344886886,-0.066868651995557,0.1966179968824431,0.1348520206869951,-0.0406427352788072,0.1754947559658023,0.1860563764241227,0.9375,32,2,"envelope,onset",data/processed/env_onset/sub-011_mtrf_env_onset.npz,-0.5,0.0,0.05,hamming,1,,l2,1,True,mean,"1.0,1.0",results_env_onset\sub-011\sub-011_backward_mtrf_env_onset.summary.json,results_env_onset\sub-011\sub-011_backward_mtrf_env_onset.trial_results.csv,hi,HI,1,0.13048489446914274,-0.06696858610840127,0.13567848825777534,-0.04066513580677778,0.19745348057754403,0.17634362406455312,0.18689855232104857,0.196617996882443,0.17549475596580227,0.18605637642412265
sub-011,1,1,0.1680432533086605,0.1531360118356132,-0.0864782491371773,0.2396142609727906,0.0904841538073942,-0.0059880918371362,0.0964722456445304,0.1680432533086605,0.9375,32,2,"envelope,onset",data/processed/env_onset/sub-011_mtrf_env_onset.npz,-0.5,0.0,0.05,hamming,1,,l2,1,True,mean,"1.0,1.0",results_env_onset\sub-011\sub-011_backward_mtrf_env_onset.summary.json,results_env_onset\sub-011\sub-011_backward_mtrf_env_onset.trial_results.csv,hi,HI,1,0.15435018783231427,-0.08669479714565274,0.09073231681622528,-0.005988163410832467,0.241044984977967,0.09672048022705775,0.16888273260251238,0.2396142609727905,0.0964722456445304,0.16804325330866046
sub-011,2,1,0.067905286468421,0.0436277915479286,-0.0249925704389732,0.0686203619869019,0.1298292994321304,0.0626390884821902,0.0671902109499401,0.067905286468421,0.9375,32,2,"envelope,onset",data/processed/env_onset/sub-011_mtrf_env_onset.npz,-0.5,0.0,0.05,hamming,1,,l2,1,True,mean,"1.0,1.0",results_env_onset\sub-011\sub-011_backward_mtrf_env_onset.summary.json,results_env_onset\sub-011\sub-011_backward_mtrf_env_onset.trial_results.csv,hi,HI,1,0.043655503352182545,-0.02499777608130581,0.13056621894707102,0.06272120662374167,0.06865327943348835,0.06784501232332935,0.06824914587840886,0.0686203619869018,0.0671902109499402,0.067905286468421
sub-011,3,1,0.0688876650241984,0.0991646762342776,0.0264421721841774,0.0727225040501002,0.1327548641639254,0.0677020381656287,0.0650528259982967,0.0688876650241984,0.9375,32,2,"envelope,onset",data/processed/env_onset/sub-011_mtrf_env_onset.npz,-0.5,0.0,0.05,hamming,1,,l2,1,True,mean,"1.0,1.0",results_env_onset\sub-011\sub-011_backward_mtrf_env_onset.summary.json,results_env_onset\sub-011\sub-011_backward_mtrf_env_onset.trial_results.csv,hi,HI,1,0.09949165733869472,0.02644833745809991,0.13354310027259403,0.067805762491233,0.07304331988059481,0.06573733778136102,0.06939032883097793,0.07272250405010021,0.0650528259982967,0.06888766502419846
sub-011,4,1,0.0079777388215669,0.0903872652277374,0.0533178151632027,0.0370694500645346,0.0805961208588329,0.1017100932802337,-0.0211139724214007,0.0079777388215669,0.9375,32,2,"envelope,onset",data/processed/env_onset/sub-011_mtrf_env_onset.npz,-0.5,0.0,0.05,hamming,1,,l2,1,True,mean,"1.0,1.0",results_env_onset\sub-011\sub-011_backward_mtrf_env_onset.summary.json,results_env_onset\sub-011\sub-011_backward_mtrf_env_onset.trial_results.csv,hi,HI,1,0.09063462928755253,0.053368425289151526,0.08077131451390233,0.1020630148309454,0.037266203998401005,-0.02129170031704307,0.007987251840678968,0.03706945006453471,-0.021113972421400798,0.007977738821566955
sub-011,5,1,0.044660978815917,-0.0017998551090765,-0.0458929497074839,0.0440930945984073,0.012342408673578,-0.0328864543598487,0.0452288630334268,0.044660978815917,0.9375,32,2,"envelope,onset",data/processed/env_onset/sub-011_mtrf_env_onset.npz,-0.5,0.0,0.05,hamming,1,,l2,1,True,mean,"1.0,1.0",results_env_onset\sub-011\sub-011_backward_mtrf_env_onset.summary.json,results_env_onset\sub-011\sub-011_backward_mtrf_env_onset.trial_results.csv,hi,HI,1,-0.0017998570526108688,-0.04592520982599948,0.012343035458022887,-0.03289831783290894,0.04412535277338861,0.045241353290931825,0.044683353032160214,0.0440930945984074,0.0452288630334267,0.044660978815917046
sub-011,6,1,0.1976175469674213,0.1987086255218219,0.0111367336679469,0.187571891853875,0.2220413262707545,0.0143781241897868,0.2076632020809676,0.1976175469674213,0.9375,32,2,"envelope,onset",data/processed/env_onset/sub-011_mtrf_env_onset.npz,-0.5,0.0,0.05,hamming,1,,l2,1,True,mean,"1.0,1.0",results_env_onset\sub-011\sub-011_backward_mtrf_env_onset.summary.json,results_env_onset\sub-011\sub-011_backward_mtrf_env_onset.trial_results.csv,hi,HI,1,0.20138773330070686,0.011137194120162118,0.22580227677213566,0.014379115111421552,0.19025053918054474,0.2114231616607141,0.20083685042062943,0.187571891853875,0.20766320208096772,0.19761754696742134
sub-011,7,1,0.1205236718886645,0.0916583008894317,0.004609977638092,0.0870483232513397,0.1468589677984274,-0.007140052727562,0.1539990205259894,0.1205236718886645,0.9375,32,2,"envelope,onset",data/processed/env_onset/sub-011_mtrf_env_onset.npz,-0.5,0.0,0.05,hamming,1,,l2,1,True,mean,"1.0,1.0",results_env_onset\sub-011\sub-011_backward_mtrf_env_onset.summary.json,results_env_onset\sub-011\sub-011_backward_mtrf_env_onset.trial_results.csv,hi,HI,1,0.09191628382384118,0.004610010295426851,0.1479286407964724,-0.007140174065409579,0.08730627352841433,0.15506881486188195,0.12118754419514814,0.0870483232513397,0.15399902052598938,0.12052367188866453
sub-011,8,1,0.0839433170545644,0.1029445338547223,0.0269988785003695,0.0759456553543528,0.0862011242393404,-0.0057398545154356,0.0919409787547761,0.0839433170545644,0.9375,32,2,"envelope,onset",data/processed/env_onset/sub-011_mtrf_env_onset.npz,-0.5,0.0,0.05,hamming,1,,l2,1,True,mean,"1.0,1.0",results_env_onset\sub-011\sub-011_backward_mtrf_env_onset.summary.json,results_env_onset\sub-011\sub-011_backward_mtrf_env_onset.trial_results.csv,hi,HI,1,0.10331051802568735,0.027005441553510416,0.08641559089136637,-0.005739917551629764,0.07630507647217694,0.09215550844299614,0.08423029245758654,0.0759456553543528,0.091940978754776,0.0839433170545644
sub-011,9,1,0.1117464482557011,0.2023961620458373,0.0386424413347937,0.1637537207110435,0.1355797247551375,0.0758405489547788,0.0597391758003587,0.1117464482557011,0.9375,32,2,"envelope,onset",data/processed/env_onset/sub-011_mtrf_env_onset.npz,-0.5,0.0,0.05,hamming,1,,l2,1,True,mean,"1.0,1.0",results_env_onset\sub-011\sub-011_backward_mtrf_env_onset.summary.json,results_env_onset\sub-011\sub-011_backward_mtrf_env_onset.trial_results.csv,hi,HI,1,0.20522980800398385,0.038661692709985825,0.13641974500443702,0.07598645910841588,0.16656811529399804,0.060433285896021136,0.11350070059500958,0.1637537207110436,0.05973917580035869,0.11174644825570115
sub-011,10,1,0.0444929700146084,0.0815894665138711,0.0012015572721193,0.0803879092417518,0.0628554769250739,0.0542574461376089,0.008598030787465,0.0444929700146084,0.9375,32,2,"envelope,onset",data/processed/env_onset/sub-011_mtrf_env_onset.npz,-0.5,0.0,0.05,hamming,1,,l2,1,True,mean,"1.0,1.0",results_env_onset\sub-011\sub-011_backward_mtrf_env_onset.summary.json,results_env_onset\sub-011\sub-011_backward_mtrf_env_onset.trial_results.csv,hi,HI,1,0.0817712357767482,0.001201557850365184,0.0629384504043674,0.05431078267653435,0.08056967792638302,0.008627667727833042,0.04459867282710803,0.08038790924175179,0.008598030787465002,0.0444929700146084
sub-011,11,1,0.0782990763468006,0.0805255875579846,-0.0165408162319855,0.0970664037899702,0.0507702800591207,-0.0087614688445102,0.059531748903631,0.0782990763468006,0.9375,32,2,"envelope,onset",data/processed/env_onset/sub-011_mtrf_env_onset.npz,-0.5,0.0,0.05,hamming,1,,l2,1,True,mean,"1.0,1.0",results_env_onset\sub-011\sub-011_backward_mtrf_env_onset.summary.json,results_env_onset\sub-011\sub-011_backward_mtrf_env_onset.trial_results.csv,hi,HI,1,0.0807003204579637,-0.016542324994400663,0.05081396983419651,-0.008761693041362853,0.09724264545236436,0.05957566287555936,0.07840915416396185,0.0970664037899701,0.0595317489036309,0.0782990763468005
sub-011,12,1,0.0506023895393195,-0.0035572473720764,-0.0228490766599286,0.0192918292878522,0.0925517372932975,0.0106387875025106,0.0819129497907869,0.0506023895393195,0.9375,32,2,"envelope,onset",data/processed/env_onset/sub-011_mtrf_env_onset.npz,-0.5,0.0,0.05,hamming,1,,l2,1,True,mean,"1.0,1.0",results_env_onset\sub-011\sub-011_backward_mtrf_env_onset.summary.json,results_env_onset\sub-011\sub-011_backward_mtrf_env_onset.trial_results.csv,hi,HI,1,-0.0035572623766702495,-0.02285305425694252,0.0928173644581675,0.010639188909234548,0.01929579188027227,0.08217817554893296,0.05073698371460261,0.0192918292878522,0.08191294979078691,0.05060238953931955
sub-011,13,1,0.0673555559915064,0.1170346841952549,0.0568903674089185,0.0601443167863364,0.1156484352670735,0.041081640070397,0.0745667951966765,0.0673555559915064,0.9375,32,2,"envelope,onset",data/processed/env_onset/sub-011_mtrf_env_onset.npz,-0.5,0.0,0.05,hamming,1,,l2,1,True,mean,"1.0,1.0",results_env_onset\sub-011\sub-011_backward_mtrf_env_onset.summary.json,results_env_onset\sub-011\sub-011_backward_mtrf_env_onset.trial_results.csv,hi,HI,1,0.11757346495415594,0.05695186235909224,0.11616819495533019,0.04110477467857787,0.060621602595063696,0.07506342027675232,0.06784251143590801,0.060144316786336395,0.0745667951966765,0.06735555599150644
sub-011,14,1,0.0894111227349091,0.0871901254642759,0.025193547785247,0.0619965776790289,0.0843488287812148,-0.0324768390095744,0.1168256677907892,0.0894111227349091,0.9375,32,2,"envelope,onset",data/processed/env_onset/sub-011_mtrf_env_onset.npz,-0.5,0.0,0.05,hamming,1,,l2,1,True,mean,"1.0,1.0",results_env_onset\sub-011\sub-011_backward_mtrf_env_onset.summary.json,results_env_onset\sub-011\sub-011_backward_mtrf_env_onset.trial_results.csv,hi,HI,1,0.08741208195774904,0.025198880055711657,0.08454972665221595,-0.032488264503003274,0.06221320190203738,0.11703799115521923,0.08962559652862831,0.0619965776790289,0.1168256677907892,0.08941112273490906
sub-011,15,1,0.0785238285271281,0.1005059243016409,-0.0259968603405127,0.1265027846421537,0.0514883170002648,0.0209434445881622,0.0305448724121025,0.0785238285271281,0.9375,32,2,"envelope,onset",data/processed/env_onset/sub-011_mtrf_env_onset.npz,-0.5,0.0,0.05,hamming,1,,l2,1,True,mean,"1.0,1.0",results_env_onset\sub-011\sub-011_backward_mtrf_env_onset.summary.json,results_env_onset\sub-011\sub-011_backward_mtrf_env_onset.trial_results.csv,hi,HI,1,0.10084640854066701,-0.026002719261013673,0.051533888822536005,0.020946507520466996,0.12684912780168067,0.03058738130206901,0.07871825455187484,0.12650278464215362,0.0305448724121026,0.07852382852712811
sub-011,16,0,-0.0059262756697944,0.0480254511999491,0.0783557128870336,-0.0303302616870845,0.0899511333252797,0.0714734229777842,0.0184777103474955,-0.0059262756697944,0.9375,32,2,"envelope,onset",data/processed/env_onset/sub-011_mtrf_env_onset.npz,-0.5,0.0,0.05,hamming,1,,l2,1,True,mean,"1.0,1.0",results_env_onset\sub-011\sub-011_backward_mtrf_env_onset.summary.json,results_env_onset\sub-011\sub-011_backward_mtrf_env_onset.trial_results.csv,hi,HI,1,0.04806242505098441,0.07851666425396811,0.09019492234743617,0.07159550352269274,-0.0304542392029837,0.018599418824743433,-0.005927410189120134,-0.03033026168708449,0.0184777103474955,-0.005926275669794496
sub-011,17,1,0.13545283498575,0.1017763943185344,-0.0367725774010451,0.1385489717195796,0.1331706715911175,0.0008139733391971,0.1323566982519203,0.13545283498575,0.9375,32,2,"envelope,onset",data/processed/env_onset/sub-011_mtrf_env_onset.npz,-0.5,0.0,0.05,hamming,1,,l2,1,True,mean,"1.0,1.0",results_env_onset\sub-011\sub-011_backward_mtrf_env_onset.summary.json,results_env_onset\sub-011\sub-011_backward_mtrf_env_onset.trial_results.csv,hi,HI,1,0.10213000937587563,-0.03678916576337295,0.13396639110630393,0.000813973518963888,0.13891917513924856,0.13315241758734003,0.1360357963632943,0.1385489717195795,0.1323566982519204,0.13545283498574995
sub-011,18,1,0.164715776728088,0.1534676659369646,-0.0033633916212226,0.1568310575581873,0.1976820568575369,0.0250815609595481,0.1726004958979888,0.164715776728088,0.9375,32,2,"envelope,onset",data/processed/env_onset/sub-011_mtrf_env_onset.npz,-0.5,0.0,0.05,hamming,1,,l2,1,True,mean,"1.0,1.0",results_env_onset\sub-011\sub-011_backward_mtrf_env_onset.summary.json,results_env_onset\sub-011\sub-011_backward_mtrf_env_onset.trial_results.csv,hi,HI,1,0.15468982387791505,-0.003363404303989394,0.20031919068450255,0.025086822421052545,0.15805322818190445,0.17523236826345,0.16664279822267725,0.1568310575581872,0.1726004958979888,0.164715776728088
sub-011,19,1,0.1157368543328055,0.1328431783302573,0.0492891090787206,0.0835540692515366,0.1584672501080486,0.0105476106939742,0.1479196394140743,0.1157368543328055,0.9375,32,2,"envelope,onset",data/processed/env_onset/sub-011_mtrf_env_onset.npz,-0.5,0.0,0.05,hamming,1,,l2,1,True,mean,"1.0,1.0",results_env_onset\sub-011\sub-011_backward_mtrf_env_onset.summary.json,results_env_onset\sub-011\sub-011_backward_mtrf_env_onset.trial_results.csv,hi,HI,1,0.13363299987054414,0.049329081949268806,0.15981407145472412,0.010548001868002047,0.08430391792127534,0.14926606958672206,0.1167849937539987,0.0835540692515367,0.1479196394140744,0.11573685433280556
sub-011,20,1,0.1426285634426985,0.0882851080297393,-0.083532817736542,0.1718179257662814,0.1220446854010392,0.0086054842819235,0.1134392011191157,0.1426285634426985,0.9375,32,2,"envelope,onset",data/processed/env_onset/sub-011_mtrf_env_onset.npz,-0.5,0.0,0.05,hamming,1,,l2,1,True,mean,"1.0,1.0",results_env_onset\sub-011\sub-011_backward_mtrf_env_onset.summary.json,results_env_onset\sub-011\sub-011_backward_mtrf_env_onset.trial_results.csv,hi,HI,1,0.08851555908173576,-0.08372792509608791,0.12265610702224677,0.008605696715905456,0.17224348417782367,0.11405041030634132,0.1431469472420825,0.1718179257662813,0.1134392011191157,0.1426285634426985
sub-011,21,1,0.0935892132273476,0.1183280599346654,0.0179322955065717,0.1003957644280937,0.1774108320776729,0.0906281700510713,0.0867826620266015,0.0935892132273476,0.9375,32,2,"envelope,onset",data/processed/env_onset/sub-011_mtrf_env_onset.npz,-0.5,0.0,0.05,hamming,1,,l2,1,True,mean,"1.0,1.0",results_env_onset\sub-011\sub-011_backward_mtrf_env_onset.summary.json,results_env_onset\sub-011\sub-011_backward_mtrf_env_onset.trial_results.csv,hi,HI,1,0.11888500427049759,0.01793421802366727,0.17930810446927747,0.0908775238183428,0.10095078624683032,0.08843058065093468,0.0946906834488825,0.1003957644280937,0.08678266202660159,0.09358921322734765
sub-011,22,1,0.0842619006745493,0.0725046319897105,-0.0272213988052243,0.0997260307949348,0.0914916371175726,0.0226938665634088,0.0687977705541637,0.0842619006745493,0.9375,32,2,"envelope,onset",data/processed/env_onset/sub-011_mtrf_env_onset.npz,-0.5,0.0,0.05,hamming,1,,l2,1,True,mean,"1.0,1.0",results_env_onset\sub-011\sub-011_backward_mtrf_env_onset.summary.json,results_env_onset\sub-011\sub-011_backward_mtrf_env_onset.trial_results.csv,hi,HI,1,0.07263208462711893,-0.027228125523011886,0.09174821059368235,0.02269776363572412,0.09986021015013082,0.06905044695795823,0.08445532855404453,0.09972603079493479,0.0687977705541638,0.0842619006745493
sub-011,23,1,0.0724431085268009,0.0347796606351704,-0.0381977583788344,0.0729774190140049,0.0601003985814067,-0.0118083994581901,0.0719087980395969,0.0724431085268009,0.9375,32,2,"envelope,onset",data/processed/env_onset/sub-011_mtrf_env_onset.npz,-0.5,0.0,0.05,hamming,1,,l2,1,True,mean,"1.0,1.0",results_env_onset\sub-011\sub-011_backward_mtrf_env_onset.summary.json,results_env_onset\sub-011\sub-011_backward_mtrf_env_onset.trial_results.csv,hi,HI,1,0.03479369426844698,-0.038216352377966584,0.06017291785271347,-0.011808948351819499,0.07301004664641356,0.07198186620453297,0.07249595642547327,0.0729774190140048,0.0719087980395968,0.0724431085268008
sub-011,24,1,0.0253910974438876,0.0415222969232574,0.0022962334617747,0.0392260634614827,0.0433853924364723,0.0318292610101797,0.0115561314262926,0.0253910974438876,0.9375,32,2,"envelope,onset",data/processed/env_onset/sub-011_mtrf_env_onset.npz,-0.5,0.0,0.05,hamming,1,,l2,1,True,mean,"1.0,1.0",results_env_onset\sub-011\sub-011_backward_mtrf_env_onset.summary.json,results_env_onset\sub-011\sub-011_backward_mtrf_env_onset.trial_results.csv,hi,HI,1,0.04154618451875406,0.0022962374975617587,0.04341264455067003,0.031840016309805125,0.039249947021192305,0.011572628240864906,0.025411287631028606,0.039226063461482705,0.011556131426292596,0.02539109744388765
sub-011,25,1,0.0591626536923521,0.0892999900916293,0.0484739287688559,0.0408260613227733,0.101204632039364,0.0237053859774332,0.0774992460619308,0.0591626536923521,0.9375,32,2,"envelope,onset",data/processed/env_onset/sub-011_mtrf_env_onset.npz,-0.5,0.0,0.05,hamming,1,,l2,1,True,mean,"1.0,1.0",results_env_onset\sub-011\sub-011_backward_mtrf_env_onset.summary.json,results_env_onset\sub-011\sub-011_backward_mtrf_env_onset.trial_results.csv,hi,HI,1,0.08953850626929338,0.04851194913420888,0.10155229644984116,0.02370982785212106,0.041026557135084504,0.07784246859772011,0.059434512866402306,0.040826061322773395,0.0774992460619308,0.0591626536923521
sub-011,26,0,-0.0053248836417502,0.0613440488995582,0.0322595753005909,0.0290844735989673,0.032212952742085,0.0719471936245529,-0.0397342408824678,-0.0053248836417502,0.9375,32,2,"envelope,onset",data/processed/env_onset/sub-011_mtrf_env_onset.npz,-0.5,0.0,0.05,hamming,1,,l2,1,True,mean,"1.0,1.0",results_env_onset\sub-011\sub-011_backward_mtrf_env_onset.summary.json,results_env_onset\sub-011\sub-011_backward_mtrf_env_onset.trial_results.csv,hi,HI,1,0.06142117087827853,0.03227077292705505,0.03222410186906379,0.07207172307489025,0.029150397951223483,-0.03984762120582646,-0.005348611627301488,0.0290844735989673,-0.0397342408824679,-0.005324883641750301
sub-011,27,1,0.0938322816290957,0.1117739838304114,-0.0145523223385214,0.1263263061689329,0.0674151718434803,0.0060769147542217,0.0613382570892586,0.0938322816290957,0.9375,32,2,"envelope,onset",data/processed/env_onset/sub-011_mtrf_env_onset.npz,-0.5,0.0,0.05,hamming,1,,l2,1,True,mean,"1.0,1.0",results_env_onset\sub-011\sub-011_backward_mtrf_env_onset.summary.json,results_env_onset\sub-011\sub-011_backward_mtrf_env_onset.trial_results.csv,hi,HI,1,0.11224298444036086,-0.014553349717913838,0.06751758085851868,0.006076989560457315,0.1267963341582747,0.06144059129806136,0.09411846272816804,0.1263263061689328,0.061338257089258594,0.09383228162909571
sub-011,28,1,0.0591376845576345,0.0965290616671099,-0.0371384345598727,0.1336674962269827,0.0126173316022095,0.0280094587139231,-0.0153921271117136,0.0591376845576345,0.9375,32,2,"envelope,onset",data/processed/env_onset/sub-011_mtrf_env_onset.npz,-0.5,0.0,0.05,hamming,1,,l2,1,True,mean,"1.0,1.0",results_env_onset\sub-011\sub-011_backward_mtrf_env_onset.summary.json,results_env_onset\sub-011\sub-011_backward_mtrf_env_onset.trial_results.csv,hi,HI,1,0.09683056383635806,-0.03715552326420016,0.0126180012135225,0.0280167869152182,0.1339860871005582,-0.015398785701695701,0.05929365069943125,0.1336674962269826,-0.015392127111713599,0.0591376845576345
sub-011,29,1,0.1204882420160937,0.1728396751827943,-0.0193421003109663,0.1921817754937607,0.0976012870443835,0.0488065785059567,0.0487947085384268,0.1204882420160937,0.9375,32,2,"envelope,onset",data/processed/env_onset/sub-011_mtrf_env_onset.npz,-0.5,0.0,0.05,hamming,1,,l2,1,True,mean,"1.0,1.0",results_env_onset\sub-011\sub-011_backward_mtrf_env_onset.summary.json,results_env_onset\sub-011\sub-011_backward_mtrf_env_onset.trial_results.csv,hi,HI,1,0.17459231031913883,-0.019344512921059362,0.0979129875364471,0.048845387748252485,0.19393682324019818,0.04906759978819462,0.12150221151419639,0.19218177549376061,0.0487947085384268,0.1204882420160937
sub-011,30,1,0.0772571397450463,0.0650476963613409,-0.068871955146886,0.1339196515082269,0.048718862736555,0.0281242347546892,0.0205946279818657,0.0772571397450463,0.9375,32,2,"envelope,onset",data/processed/env_onset/sub-011_mtrf_env_onset.npz,-0.5,0.0,0.05,hamming,1,,l2,1,True,mean,"1.0,1.0",results_env_onset\sub-011\sub-011_backward_mtrf_env_onset.summary.json,results_env_onset\sub-011\sub-011_backward_mtrf_env_onset.trial_results.csv,hi,HI,1,0.06513967331007499,-0.06898116062445474,0.048757462910858564,0.028131653441974377,0.13412083393452973,0.020625809468884187,0.07737332170170695,0.1339196515082269,0.020594627981865798,0.07725713974504635
sub-011,31,1,0.0651397108002806,0.0901156415145127,-0.0103079911344506,0.1004236326489634,0.0450530442081902,0.0151972552565923,0.0298557889515978,0.0651397108002806,0.9375,32,2,"envelope,onset",data/processed/env_onset/sub-011_mtrf_env_onset.npz,-0.5,0.0,0.05,hamming,1,,l2,1,True,mean,"1.0,1.0",results_env_onset\sub-011\sub-011_backward_mtrf_env_onset.summary.json,results_env_onset\sub-011\sub-011_backward_mtrf_env_onset.trial_results.csv,hi,HI,1,0.09036077493997008,-0.010308356248498626,0.0450835639269388,0.01519842538738187,0.10066913118846871,0.029885138539556926,0.06527713486401282,0.10042363264896331,0.029855788951597902,0.06513971080028061
sub-012,0,1,0.1594331856488956,0.1455972841154144,-0.0387251655781706,0.184322449693585,0.1596782448186346,0.0251343232144283,0.1345439216042062,0.1594331856488956,1.0,32,2,"envelope,onset",data/processed/env_onset/sub-012_mtrf_env_onset.npz,-0.5,0.0,0.05,hamming,1,,l2,1,True,mean,"1.0,1.0",results_env_onset\sub-012\sub-012_backward_mtrf_env_onset.summary.json,results_env_onset\sub-012\sub-012_backward_mtrf_env_onset.trial_results.csv,hi,HI,1,0.14663938929475687,-0.03874454093052384,0.16105650504516694,0.025139617958714236,0.1853839302252807,0.13591688708645272,0.16065040865586672,0.184322449693585,0.1345439216042063,0.15943318564889564
sub-012,1,1,0.1107835969960352,0.2409459916019813,0.1134999218876093,0.1274460697143719,0.1785785157518991,0.0844573914742006,0.0941211242776985,0.1107835969960352,1.0,32,2,"envelope,onset",data/processed/env_onset/sub-012_mtrf_env_onset.npz,-0.5,0.0,0.05,hamming,1,,l2,1,True,mean,"1.0,1.0",results_env_onset\sub-012\sub-012_backward_mtrf_env_onset.summary.json,results_env_onset\sub-012\sub-012_backward_mtrf_env_onset.trial_results.csv,hi,HI,1,0.24577816601050148,0.11399110145979442,0.18051399339679777,0.08465906828251207,0.13178706455070704,0.0958549251142857,0.11382099483249637,0.127446069714372,0.09412112427769849,0.11078359699603524
sub-012,2,1,0.0808925120354592,0.1121011155654278,0.0167013866958061,0.0953997288696217,0.0993897218814608,0.033004426680164,0.0663852952012967,0.0808925120354592,1.0,32,2,"envelope,onset",data/processed/env_onset/sub-012_mtrf_env_onset.npz,-0.5,0.0,0.05,hamming,1,,l2,1,True,mean,"1.0,1.0",results_env_onset\sub-012\sub-012_backward_mtrf_env_onset.summary.json,results_env_onset\sub-012\sub-012_backward_mtrf_env_onset.trial_results.csv,hi,HI,1,0.11257426715588709,0.016702939830184112,0.09971894310682665,0.03301641833989432,0.09587132732570297,0.06670252476693234,0.08128692604631765,0.0953997288696217,0.0663852952012968,0.08089251203545925
sub-012,3,1,0.1243304816558293,0.1788284067717573,0.0433754439550729,0.1354529628166843,0.1765265632822104,0.0633185627872361,0.1132080004949742,0.1243304816558293,1.0,32,2,"envelope,onset",data/processed/env_onset/sub-012_mtrf_env_onset.npz,-0.5,0.0,0.05,hamming,1,,l2,1,True,mean,"1.0,1.0",results_env_onset\sub-012\sub-012_backward_mtrf_env_onset.summary.json,results_env_onset\sub-012\sub-012_backward_mtrf_env_onset.trial_results.csv,hi,HI,1,0.18077212792552483,0.043402677312316576,0.17839524680332405,0.06340338670847784,0.13736945061320827,0.11499186009484622,0.12618065535402723,0.1354529628166844,0.11320800049497429,0.12433048165582934
sub-012,4,1,0.0703634481241995,0.0988658199356429,0.0510304770820951,0.0478353428535477,0.0775874852271812,-0.0153040681676701,0.0928915533948514,0.0703634481241995,1.0,32,2,"envelope,onset",data/processed/env_onset/sub-012_mtrf_env_onset.npz,-0.5,0.0,0.05,hamming,1,,l2,1,True,mean,"1.0,1.0",results_env_onset\sub-012\sub-012_backward_mtrf_env_onset.summary.json,results_env_onset\sub-012\sub-012_backward_mtrf_env_onset.trial_results.csv,hi,HI,1,0.09918984203464261,0.05107484274084698,0.07774373749262115,-0.01530526314717412,0.048114999293795625,0.09304900063979527,0.07058199996679544,0.047835342853547805,0.0928915533948513,0.07036344812419956
sub-012,5,1,0.153447378953358,0.1459507008207126,-0.0106096220374723,0.1565603228581849,0.1101400588356906,-0.0401943762128404,0.150334435048531,0.153447378953358,1.0,32,2,"envelope,onset",data/processed/env_onset/sub-012_mtrf_env_onset.npz,-0.5,0.0,0.05,hamming,1,,l2,1,True,mean,"1.0,1.0",results_env_onset\sub-012\sub-012_backward_mtrf_env_onset.summary.json,results_env_onset\sub-012\sub-012_backward_mtrf_env_onset.trial_results.csv,hi,HI,1,0.14700047918484307,-0.010610020151807818,0.11058869230685486,-0.040216043068553566,0.1576104993366509,0.15080473537540842,0.15420761735602967,0.15656032285818489,0.150334435048531,0.15344737895335794
sub-012,6,1,0.0860347188346216,0.0905281716083437,0.0002144213876941,0.0903137502206496,0.072399571011028,-0.0093561164375655,0.0817556874485936,0.0860347188346216,1.0,32,2,"envelope,onset",data/processed/env_onset/sub-012_mtrf_env_onset.npz,-0.5,0.0,0.05,hamming,1,,l2,1,True,mean,"1.0,1.0",results_env_onset\sub-012\sub-012_backward_mtrf_env_onset.summary.json,results_env_onset\sub-012\sub-012_backward_mtrf_env_onset.trial_results.csv,hi,HI,1,0.09077669816099805,0.00021442139098021734,0.07252646924074903,-0.00935638945376084,0.09056227677001784,0.08188285869450987,0.08622256773226386,0.0903137502206496,0.08175568744859349,0.08603471883462155
sub-012,7,1,0.0215890892349381,0.0846233138455204,0.061994504286048,0.0226288095594724,0.0906506990676025,0.0701013301571987,0.0205493689104037,0.0215890892349381,1.0,32,2,"envelope,onset",data/processed/env_onset/sub-012_mtrf_env_onset.npz,-0.5,0.0,0.05,hamming,1,,l2,1,True,mean,"1.0,1.0",results_env_onset\sub-012\sub-012_backward_mtrf_env_onset.summary.json,results_env_onset\sub-012\sub-012_backward_mtrf_env_onset.trial_results.csv,hi,HI,1,0.08482618504966451,0.06207410947872042,0.09090023945535206,0.07021650050041028,0.022752075570944087,0.02068373895494177,0.02171790726294293,0.0226288095594724,0.020549368910403792,0.021589089234938096
sub-012,8,1,0.0650923160812652,0.0923413656523198,0.0264528988271418,0.065888466825178,0.1208386699019484,0.0565425045645958,0.0642961653373525,0.0650923160812652,1.0,32,2,"envelope,onset",data/processed/env_onset/sub-012_mtrf_env_onset.npz,-0.5,0.0,0.05,hamming,1,,l2,1,True,mean,"1.0,1.0",results_env_onset\sub-012\sub-012_backward_mtrf_env_onset.summary.json,results_env_onset\sub-012\sub-012_backward_mtrf_env_onset.trial_results.csv,hi,HI,1,0.09260517940549824,0.026459071609304066,0.12143203870716089,0.05660287691082953,0.06614610779619418,0.06482916179633136,0.06548763479626277,0.065888466825178,0.0642961653373526,0.06509231608126531
sub-012,9,1,0.0672871867753548,0.0794776016495071,-0.0148227547525862,0.0943003564020933,0.0195754355207282,-0.020698581627888,0.0402740171486163,0.0672871867753548,1.0,32,2,"envelope,onset",data/processed/env_onset/sub-012_mtrf_env_onset.npz,-0.5,0.0,0.05,hamming,1,,l2,1,True,mean,"1.0,1.0",results_env_onset\sub-012\sub-012_backward_mtrf_env_onset.summary.json,results_env_onset\sub-012\sub-012_backward_mtrf_env_onset.trial_results.csv,hi,HI,1,0.07964558386718082,-0.014823840484921582,0.01957793651624373,-0.020701538361262838,0.0944694243521024,0.04027947487750656,0.06737444961480449,0.09430035640209329,0.0402740171486162,0.06728718677535475
sub-012,10,1,0.0577008652217489,0.100664779396931,0.051382705585915,0.049282073811016,0.1006791673088867,0.0345595106764049,0.0661196566324818,0.0577008652217489,1.0,32,2,"envelope,onset",data/processed/env_onset/sub-012_mtrf_env_onset.npz,-0.5,0.0,0.05,hamming,1,,l2,1,True,mean,"1.0,1.0",results_env_onset\sub-012\sub-012_backward_mtrf_env_onset.summary.json,results_env_onset\sub-012\sub-012_backward_mtrf_env_onset.trial_results.csv,hi,HI,1,0.10100688726584982,0.05142799726011735,0.101021422490068,0.03457327937445532,0.04957889000573247,0.06644814311561267,0.05801351656067257,0.049282073811016,0.06611965663248179,0.057700865221748894
sub-012,11,1,0.1326719452956941,0.2001795902695214,0.026726690211509,0.1734529000580123,0.1293371808213215,0.0374461902879455,0.0918909905333759,0.1326719452956941,1.0,32,2,"envelope,onset",data/processed/env_onset/sub-012_mtrf_env_onset.npz,-0.5,0.0,0.05,hamming,1,,l2,1,True,mean,"1.0,1.0",results_env_onset\sub-012\sub-012_backward_mtrf_env_onset.summary.json,results_env_onset\sub-012\sub-012_backward_mtrf_env_onset.trial_results.csv,hi,HI,1,0.20291963425322096,0.02673305670755714,0.13006569562996512,0.03746370759176864,0.17618657754566383,0.09260198803819647,0.13439428279193016,0.1734529000580124,0.09189099053337602,0.1326719452956942
sub-012,12,1,0.0678994028759417,0.0828663352409078,0.0054309497261622,0.0774353855147455,0.0717694103813352,0.0134059901441973,0.0583634202371378,0.0678994028759417,1.0,32,2,"envelope,onset",data/processed/env_onset/sub-012_mtrf_env_onset.npz,-0.5,0.0,0.05,hamming,1,,l2,1,True,mean,"1.0,1.0",results_env_onset\sub-012\sub-012_backward_mtrf_env_onset.summary.json,results_env_onset\sub-012\sub-012_backward_mtrf_env_onset.trial_results.csv,hi,HI,1,0.08305679691185194,0.00543100312278365,0.07189301706204228,0.013406793341547579,0.0776257937890683,0.058486223720494696,0.06805600875478149,0.0774353855147456,0.058363420237137906,0.06789940287594176
sub-012,13,1,0.1088651232976557,0.1404984740900178,0.0298645154952322,0.1106339585947855,0.163943807977578,0.0568475199770521,0.1070962880005258,0.1088651232976557,1.0,32,2,"envelope,onset",data/processed/env_onset/sub-012_mtrf_env_onset.npz,-0.5,0.0,0.05,hamming,1,,l2,1,True,mean,"1.0,1.0",results_env_onset\sub-012\sub-012_backward_mtrf_env_onset.summary.json,results_env_onset\sub-012\sub-012_backward_mtrf_env_onset.trial_results.csv,hi,HI,1,0.1414340518126962,0.029873398863303712,0.16543676301454072,0.0569088759057295,0.11156065294939248,0.10852788710881121,0.11004427002910185,0.11063395859478561,0.1070962880005259,0.10886512329765576
sub-012,14,1,0.0604626225678905,0.1248716816236797,0.0800021644978082,0.0448695171258715,0.1585556241041524,0.0824998960942428,0.0760557280099096,0.0604626225678905,1.0,32,2,"envelope,onset",data/processed/env_onset/sub-012_mtrf_env_onset.npz,-0.5,0.0,0.05,hamming,1,,l2,1,True,mean,"1.0,1.0",results_env_onset\sub-012\sub-012_backward_mtrf_env_onset.summary.json,results_env_onset\sub-012\sub-012_backward_mtrf_env_onset.trial_results.csv,hi,HI,1,0.12552686108779465,0.08017350347779241,0.1599047231542261,0.0826878353561485,0.04535335761000224,0.0772168877980776,0.06128512270403992,0.044869517125871505,0.07605572800990959,0.06046262256789055
sub-012,15,1,0.0908154178385446,0.1563277627248143,0.0326829493384156,0.1236448133863987,0.0914260340330631,0.0334400117423725,0.0579860222906905,0.0908154178385446,1.0,32,2,"envelope,onset",data/processed/env_onset/sub-012_mtrf_env_onset.npz,-0.5,0.0,0.05,hamming,1,,l2,1,True,mean,"1.0,1.0",results_env_onset\sub-012\sub-012_backward_mtrf_env_onset.summary.json,results_env_onset\sub-012\sub-012_backward_mtrf_env_onset.trial_results.csv,hi,HI,1,0.1576202330518094,0.032694593840751296,0.09168205412893682,0.03345248470238366,0.12492563921105809,0.058229569426553156,0.09157760431880563,0.12364481338639871,0.057986022290690595,0.09081541783854466
sub-012,16,1,0.1976619594233927,0.1577783436181627,-0.0458981065835422,0.2036764502017049,0.1710614457972962,-0.0205860228477842,0.1916474686450804,0.1976619594233927,1.0,32,2,"envelope,onset",data/processed/env_onset/sub-012_mtrf_env_onset.npz,-0.5,0.0,0.05,hamming,1,,l2,1,True,mean,"1.0,1.0",results_env_onset\sub-012\sub-012_backward_mtrf_env_onset.summary.json,results_env_onset\sub-012\sub-012_backward_mtrf_env_onset.trial_results.csv,hi,HI,1,0.1591074986214458,-0.045930377587427906,0.1727599015711875,-0.02058893159877577,0.2050378762088737,0.19334883316996326,0.19919335468941848,0.2036764502017049,0.19164746864508042,0.19766195942339265
sub-012,17,1,0.191857089002724,0.2023918652167274,-0.0075848536495582,0.2099767188662857,0.1769076551665386,0.0031701960273761,0.1737374591391625,0.191857089002724,1.0,32,2,"envelope,onset",data/processed/env_onset/sub-012_mtrf_env_onset.npz,-0.5,0.0,0.05,hamming,1,,l2,1,True,mean,"1.0,1.0",results_env_onset\sub-012\sub-012_backward_mtrf_env_onset.summary.json,results_env_onset\sub-012\sub-012_backward_mtrf_env_onset.trial_results.csv,hi,HI,1,0.20522532764439533,-0.00758499910680163,0.17878862342669463,0.0031702066477477904,0.21281032675119696,0.17561841677894685,0.1942143717650719,0.20997671886628558,0.17373745913916253,0.19185708900272405
sub-012,18,1,0.0271685810216583,0.1009270237825278,0.0772935255648208,0.0236334982177069,0.1163157651372884,0.0856121013116786,0.0307036638256097,0.0271685810216583,1.0,32,2,"envelope,onset",data/processed/env_onset/sub-012_mtrf_env_onset.npz,-0.5,0.0,0.05,hamming,1,,l2,1,True,mean,"1.0,1.0",results_env_onset\sub-012\sub-012_backward_mtrf_env_onset.summary.json,results_env_onset\sub-012\sub-012_backward_mtrf_env_onset.trial_results.csv,hi,HI,1,0.10127182335434937,0.07744800430673723,0.11684462407340342,0.08582218866961454,0.023823819047612133,0.03102243540378888,0.027423127225700505,0.023633498217706994,0.03070366382560981,0.0271685810216584
sub-012,19,1,0.1256344892569226,0.1119770436736733,-0.0097172205792872,0.1216942642529606,0.1683589856059474,0.0387842713450627,0.1295747142608846,0.1256344892569226,1.0,32,2,"envelope,onset",data/processed/env_onset/sub-012_mtrf_env_onset.npz,-0.5,0.0,0.05,hamming,1,,l2,1,True,mean,"1.0,1.0",results_env_onset\sub-012\sub-012_backward_mtrf_env_onset.summary.json,results_env_onset\sub-012\sub-012_backward_mtrf_env_onset.trial_results.csv,hi,HI,1,0.11244861802111293,-0.009717526444111904,0.1699772961149032,0.03880373560358221,0.12216614446522484,0.13117356051132098,0.1266698524882729,0.1216942642529605,0.12957471426088468,0.12563448925692258
sub-012,20,1,0.135833923317208,0.1584169206083991,0.0166156772683194,0.1418012433400796,0.1490202035929763,0.0191536002986399,0.1298666032943364,0.135833923317208,1.0,32,2,"envelope,onset",data/processed/env_onset/sub-012_mtrf_env_onset.npz,-0.5,0.0,0.05,hamming,1,,l2,1,True,mean,"1.0,1.0",results_env_onset\sub-012\sub-012_backward_mtrf_env_onset.summary.json,results_env_onset\sub-012\sub-012_backward_mtrf_env_onset.trial_results.csv,hi,HI,1,0.15976244595394196,0.01661720661110321,0.1501382370183844,0.019155943046855552,0.14314523934283874,0.13098229397152886,0.13706376665718378,0.1418012433400797,0.12986660329433639,0.13583392331720806
sub-012,21,1,0.1036609727581705,0.1077082513907868,-0.0204602894081213,0.1281685407989081,0.1226077771977465,0.0434543724803135,0.0791534047174329,0.1036609727581705,1.0,32,2,"envelope,onset",data/processed/env_onset/sub-012_mtrf_env_onset.npz,-0.5,0.0,0.05,hamming,1,,l2,1,True,mean,"1.0,1.0",results_env_onset\sub-012\sub-012_backward_mtrf_env_onset.summary.json,results_env_onset\sub-012\sub-012_backward_mtrf_env_onset.trial_results.csv,hi,HI,1,0.1081276850401578,-0.020463145177714193,0.12322775277444215,0.04348175488730227,0.128590830217872,0.07974599788713987,0.10416841405250593,0.1281685407989081,0.079153404717433,0.10366097275817054
sub-012,22,1,0.0591727410722577,0.0788240665355586,-0.0108834357615648,0.0897075022971235,0.0503462947014472,0.0217083148540551,0.028637979847392,0.0591727410722577,1.0,32,2,"envelope,onset",data/processed/env_onset/sub-012_mtrf_env_onset.npz,-0.5,0.0,0.05,hamming,1,,l2,1,True,mean,"1.0,1.0",results_env_onset\sub-012\sub-012_backward_mtrf_env_onset.summary.json,results_env_onset\sub-012\sub-012_backward_mtrf_env_onset.trial_results.csv,hi,HI,1,0.07898792861474217,-0.01088386550343208,0.050388897926604434,0.0217117258397806,0.08987179411817425,0.028677172086823834,0.05927448310249904,0.08970750229712339,0.0286379798473921,0.05917274107225774
sub-012,23,1,0.1224653364160628,0.1128248165157958,-0.0242862820425937,0.1371110985583895,0.1031860769109673,-0.0046334973627688,0.1078195742737362,0.1224653364160628,1.0,32,2,"envelope,onset",data/processed/env_onset/sub-012_mtrf_env_onset.npz,-0.5,0.0,0.05,hamming,1,,l2,1,True,mean,"1.0,1.0",results_env_onset\sub-012\sub-012_backward_mtrf_env_onset.summary.json,results_env_onset\sub-012\sub-012_backward_mtrf_env_onset.trial_results.csv,hi,HI,1,0.11330723870446328,-0.024291058606360702,0.10355465441147282,-0.004633530522507546,0.13759829731082399,0.10818818493398037,0.12289324112240219,0.1371110985583895,0.1078195742737361,0.1224653364160628
sub-012,24,1,0.1366178317096435,0.1251414180484271,-0.0008229289247507,0.1259643469731779,0.1138442496042074,-0.0334270668419017,0.1472713164461091,0.1366178317096435,1.0,32,2,"envelope,onset",data/processed/env_onset/sub-012_mtrf_env_onset.npz,-0.5,0.0,0.05,hamming,1,,l2,1,True,mean,"1.0,1.0",results_env_onset\sub-012\sub-012_backward_mtrf_env_onset.summary.json,results_env_onset\sub-012\sub-012_backward_mtrf_env_onset.trial_results.csv,hi,HI,1,0.12580087950071658,-0.0008229291105165606,0.11433993659852466,-0.033439525315890374,0.12662380861123315,0.14777946191441504,0.13720163526282408,0.1259643469731778,0.1472713164461091,0.13661783170964345
sub-012,25,1,0.0443585672645755,0.1383805422517635,0.0548716321158935,0.0835089101358699,0.1092944986739139,0.1040862742806327,0.0052082243932811,0.0443585672645755,1.0,32,2,"envelope,onset",data/processed/env_onset/sub-012_mtrf_env_onset.npz,-0.5,0.0,0.05,hamming,1,,l2,1,True,mean,"1.0,1.0",results_env_onset\sub-012\sub-012_backward_mtrf_env_onset.summary.json,results_env_onset\sub-012\sub-012_backward_mtrf_env_onset.trial_results.csv,hi,HI,1,0.13927412278994447,0.054926802744143105,0.10973282931452544,0.10446462534888322,0.08434732004580137,0.005268203965642218,0.04480776200572179,0.08350891013587,0.005208224393281197,0.0443585672645756
sub-012,26,1,0.1477797312858479,0.1399151033885371,-0.0262814561457038,0.166196559534241,0.1485621468236272,0.0191992437861723,0.1293629030374548,0.1477797312858479,1.0,32,2,"envelope,onset",data/processed/env_onset/sub-012_mtrf_env_onset.npz,-0.5,0.0,0.05,hamming,1,,l2,1,True,mean,"1.0,1.0",results_env_onset\sub-012\sub-012_backward_mtrf_env_onset.summary.json,results_env_onset\sub-012\sub-012_backward_mtrf_env_onset.trial_results.csv,hi,HI,1,0.14083898326911265,-0.026287509652760416,0.1496698098175151,0.01920160332528579,0.16712649292187307,0.13046820649222932,0.1487973497070512,0.1661965595342409,0.1293629030374549,0.1477797312858479
sub-012,27,1,0.1527226674450308,0.1449863765230285,0.0462448592526159,0.0987415172704125,0.1687747820607894,-0.0379290355588596,0.2067038176196491,0.1527226674450308,1.0,32,2,"envelope,onset",data/processed/env_onset/sub-012_mtrf_env_onset.npz,-0.5,0.0,0.05,hamming,1,,l2,1,True,mean,"1.0,1.0",results_env_onset\sub-012\sub-012_backward_mtrf_env_onset.summary.json,results_env_onset\sub-012\sub-012_backward_mtrf_env_onset.trial_results.csv,hi,HI,1,0.1460153074916904,0.0462778678364002,0.17040525288009523,-0.03794723965988571,0.0997374396552902,0.20835249253998095,0.15404496609763557,0.09874151727041261,0.206703817619649,0.15272266744503082
sub-012,28,1,0.0793280227178044,0.118253866301212,-0.0126484771098188,0.1309023434110309,0.0568917837441475,0.0291380817195695,0.027753702024578,0.0793280227178044,1.0,32,2,"envelope,onset",data/processed/env_onset/sub-012_mtrf_env_onset.npz,-0.5,0.0,0.05,hamming,1,,l2,1,True,mean,"1.0,1.0",results_env_onset\sub-012\sub-012_backward_mtrf_env_onset.summary.json,results_env_onset\sub-012\sub-012_backward_mtrf_env_onset.trial_results.csv,hi,HI,1,0.11880975773084283,-0.012649151692447737,0.056953283293309086,0.029146332270146298,0.13145890942329058,0.027806951023162788,0.07963293022322668,0.1309023434110308,0.027753702024578,0.0793280227178044
sub-012,29,1,0.1425673118769039,0.1942739981873542,-0.0098296505415759,0.2041036487289302,0.1593732413432119,0.0783422663183342,0.0810309750248776,0.1425673118769039,1.0,32,2,"envelope,onset",data/processed/env_onset/sub-012_mtrf_env_onset.npz,-0.5,0.0,0.05,hamming,1,,l2,1,True,mean,"1.0,1.0",results_env_onset\sub-012\sub-012_backward_mtrf_env_onset.summary.json,results_env_onset\sub-012\sub-012_backward_mtrf_env_onset.trial_results.csv,hi,HI,1,0.1967750051286052,-0.009829967146859814,0.16074353701173788,0.07850313463282088,0.20660497227546504,0.082240402378917,0.14442268732719102,0.20410364872893008,0.0810309750248777,0.14256731187690388
sub-012,30,1,0.2000220283473275,0.1898590457579591,-0.007797458860443,0.1976565046184021,0.1844904403153343,-0.0178971117609184,0.2023875520762528,0.2000220283473275,1.0,32,2,"envelope,onset",data/processed/env_onset/sub-012_mtrf_env_onset.npz,-0.5,0.0,0.05,hamming,1,,l2,1,True,mean,"1.0,1.0",results_env_onset\sub-012\sub-012_backward_mtrf_env_onset.summary.json,results_env_onset\sub-012\sub-012_backward_mtrf_env_onset.trial_results.csv,hi,HI,1,0.19219094001855286,-0.007797616895655631,0.18662740422070057,-0.017899022982633312,0.1999885569142085,0.2045264272033339,0.2022574920587712,0.1976565046184021,0.2023875520762527,0.2000220283473274
sub-012,31,1,0.0431114604926563,0.1139948670950204,0.0591179712833418,0.0548768958116786,0.0897355544820168,0.0583895293083828,0.0313460251736339,0.0431114604926563,1.0,32,2,"envelope,onset",data/processed/env_onset/sub-012_mtrf_env_onset.npz,-0.5,0.0,0.05,hamming,1,,l2,1,True,mean,"1.0,1.0",results_env_onset\sub-012\sub-012_backward_mtrf_env_onset.summary.json,results_env_onset\sub-012\sub-012_backward_mtrf_env_onset.trial_results.csv,hi,HI,1,0.11449253445360243,0.05918698721130825,0.08997758922808428,0.05845602190903544,0.055305547242294174,0.03152156731904884,0.043413557280671505,0.054876895811678594,0.031346025173633996,0.043111460492656295
sub-013,0,1,0.0624126684116332,0.1799429296792613,0.1002323677220081,0.0797105619572532,0.1482612755768257,0.1031465007108125,0.0451147748660132,0.0624126684116332,0.96875,32,2,"envelope,onset",data/processed/env_onset/sub-013_mtrf_env_onset.npz,-0.5,0.0,0.05,hamming,1,,l2,1,True,mean,"1.0,1.0",results_env_onset\sub-013\sub-013_backward_mtrf_env_onset.summary.json,results_env_onset\sub-013\sub-013_backward_mtrf_env_onset.trial_results.csv,hi,HI,1,0.18192370791145773,0.10057006811533772,0.14936216231317118,0.10351465245920818,0.08135363979612001,0.04584750985396299,0.0636005748250415,0.07971056195725319,0.0451147748660132,0.0624126684116332
sub-013,1,1,0.1679754513043424,0.189599174907168,0.005630164499165,0.183969010408003,0.1805934598224381,0.0286115676217563,0.1519818922006817,0.1679754513043424,0.96875,32,2,"envelope,onset",data/processed/env_onset/sub-013_mtrf_env_onset.npz,-0.5,0.0,0.05,hamming,1,,l2,1,True,mean,"1.0,1.0",results_env_onset\sub-013\sub-013_backward_mtrf_env_onset.summary.json,results_env_onset\sub-013\sub-013_backward_mtrf_env_onset.trial_results.csv,hi,HI,1,0.19192136524647194,0.005630223990026408,0.1825960881686155,0.028619378809773385,0.18629114125644552,0.1539767093588421,0.17013392530764382,0.18396901040800298,0.1519818922006818,0.16797545130434238
sub-013,2,1,0.1507124741961443,0.1851502124602663,-0.0054298959493293,0.1905801084095957,0.1903584574879334,0.0795136175052405,0.1108448399826929,0.1507124741961443,0.96875,32,2,"envelope,onset",data/processed/env_onset/sub-013_mtrf_env_onset.npz,-0.5,0.0,0.05,hamming,1,,l2,1,True,mean,"1.0,1.0",results_env_onset\sub-013\sub-013_backward_mtrf_env_onset.summary.json,results_env_onset\sub-013\sub-013_backward_mtrf_env_onset.trial_results.csv,hi,HI,1,0.18731051030948762,-0.005429949314874488,0.19270907795906184,0.07968182877449263,0.1927404596243621,0.1130272491845692,0.15288385440446564,0.1905801084095956,0.1108448399826929,0.15071247419614425
sub-013,3,1,0.1022664239732257,0.2027036816386473,0.0771042899016196,0.1255993917370277,0.1666510756415151,0.0877176194320914,0.0789334562094237,0.1022664239732257,0.96875,32,2,"envelope,onset",data/processed/env_onset/sub-013_mtrf_env_onset.npz,-0.5,0.0,0.05,hamming,1,,l2,1,True,mean,"1.0,1.0",results_env_onset\sub-013\sub-013_backward_mtrf_env_onset.summary.json,results_env_onset\sub-013\sub-013_backward_mtrf_env_onset.trial_results.csv,hi,HI,1,0.2055504837957739,0.07725763409908087,0.1682200818704534,0.08794364140046562,0.12829284969669302,0.08027644046998778,0.1042846450833404,0.1255993917370277,0.0789334562094237,0.10226642397322569
sub-013,4,1,0.0900407277643521,0.1763129120080641,0.0657658502727601,0.1105470617353039,0.1840816196112296,0.1145472258178292,0.0695343937934003,0.0900407277643521,0.96875,32,2,"envelope,onset",data/processed/env_onset/sub-013_mtrf_env_onset.npz,-0.5,0.0,0.05,hamming,1,,l2,1,True,mean,"1.0,1.0",results_env_onset\sub-013\sub-013_backward_mtrf_env_onset.summary.json,results_env_onset\sub-013\sub-013_backward_mtrf_env_onset.trial_results.csv,hi,HI,1,0.1781747322500722,0.0658609127485165,0.18620421131123355,0.11505220124880078,0.11231381950155568,0.07115201006243277,0.09173291478199422,0.11054706173530399,0.0695343937934004,0.0900407277643522
sub-013,5,1,0.0722182869269238,0.1861601082449023,0.1194691651532143,0.066690943091688,0.2191708798393115,0.1414252490771519,0.0777456307621595,0.0722182869269238,0.96875,32,2,"envelope,onset",data/processed/env_onset/sub-013_mtrf_env_onset.npz,-0.5,0.0,0.05,hamming,1,,l2,1,True,mean,"1.0,1.0",results_env_onset\sub-013\sub-013_backward_mtrf_env_onset.summary.json,results_env_onset\sub-013\sub-013_backward_mtrf_env_onset.trial_results.csv,hi,HI,1,0.1883564577429996,0.12004247261298419,0.22278498515485365,0.1423796154555894,0.06831398513001542,0.08040536969926426,0.07435967741463984,0.066690943091688,0.0777456307621596,0.07221828692692381
sub-013,6,1,0.1616664344996805,0.1814838122508913,0.0242142704197711,0.1572695418311201,0.1618249422095671,-0.0042383849586737,0.1660633271682409,0.1616664344996805,0.96875,32,2,"envelope,onset",data/processed/env_onset/sub-013_mtrf_env_onset.npz,-0.5,0.0,0.05,hamming,1,,l2,1,True,mean,"1.0,1.0",results_env_onset\sub-013\sub-013_backward_mtrf_env_onset.summary.json,results_env_onset\sub-013\sub-013_backward_mtrf_env_onset.trial_results.csv,hi,HI,1,0.18351661078353804,0.024219004610288503,0.163260147871289,-0.004238410338265075,0.15929760617324953,0.1674985582095541,0.1633980821914018,0.1572695418311202,0.16606332716824082,0.16166643449968052
sub-013,7,1,0.1084923590262161,0.2230665442679677,0.0954309646070787,0.127635579660889,0.2587150964634228,0.1693659580718796,0.0893491383915432,0.1084923590262161,0.96875,32,2,"envelope,onset",data/processed/env_onset/sub-013_mtrf_env_onset.npz,-0.5,0.0,0.05,hamming,1,,l2,1,True,mean,"1.0,1.0",results_env_onset\sub-013\sub-013_backward_mtrf_env_onset.summary.json,results_env_onset\sub-013\sub-013_backward_mtrf_env_onset.trial_results.csv,hi,HI,1,0.22688092037527072,0.09572225675541997,0.26473083915750517,0.1710138248118868,0.13115866361985073,0.09371701434561838,0.11243783898273456,0.127635579660889,0.08934913839154318,0.1084923590262161
sub-013,8,1,0.0263003235097812,0.1701541287479831,0.1633358066091443,0.0068183221388387,0.2067606827334294,0.1609783578527057,0.0457823248807237,0.0263003235097812,0.96875,32,2,"envelope,onset",data/processed/env_onset/sub-013_mtrf_env_onset.npz,-0.5,0.0,0.05,hamming,1,,l2,1,True,mean,"1.0,1.0",results_env_onset\sub-013\sub-013_backward_mtrf_env_onset.summary.json,results_env_onset\sub-013\sub-013_backward_mtrf_env_onset.trial_results.csv,hi,HI,1,0.17182538341411904,0.16481203260217597,0.2097849818282088,0.16239091963314428,0.00701335081194307,0.04739406219506451,0.02720370650350379,0.006818322138838817,0.0457823248807237,0.02630032350978126
sub-013,9,1,0.1053542857498907,0.1820215532350156,0.0467911423711984,0.1352304108638172,0.1441477912383192,0.068669630602355,0.0754781606359642,0.1053542857498907,0.96875,32,2,"envelope,onset",data/processed/env_onset/sub-013_mtrf_env_onset.npz,-0.5,0.0,0.05,hamming,1,,l2,1,True,mean,"1.0,1.0",results_env_onset\sub-013\sub-013_backward_mtrf_env_onset.summary.json,results_env_onset\sub-013\sub-013_backward_mtrf_env_onset.trial_results.csv,hi,HI,1,0.18407272239481784,0.04682533564767042,0.1451588219107041,0.06877787465408616,0.13724738674714743,0.07638094725661793,0.10681416700188268,0.1352304108638172,0.0754781606359642,0.1053542857498907
sub-013,10,1,0.1312444772007391,0.3150810569564843,0.1747121666055533,0.1403688903509309,0.296457980499195,0.1743379164486476,0.1221200640505472,0.1312444772007391,0.96875,32,2,"envelope,onset",data/processed/env_onset/sub-013_mtrf_env_onset.npz,-0.5,0.0,0.05,hamming,1,,l2,1,True,mean,"1.0,1.0",results_env_onset\sub-013\sub-013_backward_mtrf_env_onset.summary.json,results_env_onset\sub-013\sub-013_backward_mtrf_env_onset.trial_results.csv,hi,HI,1,0.32617654152304254,0.17652310876423494,0.30563179526003115,0.17613710120172488,0.1496534327588076,0.12949469405830627,0.13957406340855694,0.140368890350931,0.12212006405054737,0.13124447720073917
sub-013,11,1,0.0939389348545228,0.2858575976996111,0.1500038125823357,0.1358537851172754,0.2225576955564084,0.170533610964638,0.0520240845917703,0.0939389348545228,0.96875,32,2,"envelope,onset",data/processed/env_onset/sub-013_mtrf_env_onset.npz,-0.5,0.0,0.05,hamming,1,,l2,1,True,mean,"1.0,1.0",results_env_onset\sub-013\sub-013_backward_mtrf_env_onset.summary.json,results_env_onset\sub-013\sub-013_backward_mtrf_env_onset.trial_results.csv,hi,HI,1,0.29404939023877663,0.1511443362787341,0.22634549008401403,0.17221620615271763,0.14290505396004252,0.0541292839312964,0.09851716894566946,0.13585378511727542,0.05202408459177038,0.0939389348545229
sub-013,12,1,0.0545371218041267,0.1992047931220152,0.1452967246288,0.0539080684932151,0.2197370249268625,0.1645708498118242,0.0551661751150383,0.0545371218041267,0.96875,32,2,"envelope,onset",data/processed/env_onset/sub-013_mtrf_env_onset.npz,-0.5,0.0,0.05,hamming,1,,l2,1,True,mean,"1.0,1.0",results_env_onset\sub-013\sub-013_backward_mtrf_env_onset.summary.json,results_env_onset\sub-013\sub-013_backward_mtrf_env_onset.trial_results.csv,hi,HI,1,0.20190435057368597,0.14633233410495844,0.22337977538093073,0.1660811918655881,0.05557201646872753,0.057298583515342644,0.05643529999203509,0.053908068493215194,0.055166175115038296,0.054537121804126745
sub-013,13,1,0.1154113700863884,0.2115448479429251,0.0701480049114489,0.1413968430314762,0.209362636240794,0.1199367390994933,0.0894258971413006,0.1154113700863884,0.96875,32,2,"envelope,onset",data/processed/env_onset/sub-013_mtrf_env_onset.npz,-0.5,0.0,0.05,hamming,1,,l2,1,True,mean,"1.0,1.0",results_env_onset\sub-013\sub-013_backward_mtrf_env_onset.summary.json,results_env_onset\sub-013\sub-013_backward_mtrf_env_onset.trial_results.csv,hi,HI,1,0.21478801542707832,0.07026340591056941,0.2125046715762705,0.12051684373581016,0.14452460951650892,0.09198782784046035,0.11825621867848463,0.1413968430314762,0.08942589714130068,0.11541137008638844
sub-013,14,1,0.1039581647776935,0.1317244416030018,0.0252488538746961,0.1064755877283056,0.1655343491134063,0.0640936072863248,0.1014407418270814,0.1039581647776935,0.96875,32,2,"envelope,onset",data/processed/env_onset/sub-013_mtrf_env_onset.npz,-0.5,0.0,0.05,hamming,1,,l2,1,True,mean,"1.0,1.0",results_env_onset\sub-013\sub-013_backward_mtrf_env_onset.summary.json,results_env_onset\sub-013\sub-013_backward_mtrf_env_onset.trial_results.csv,hi,HI,1,0.13249433755697917,0.025254221348267575,0.16707167433291062,0.06418158955638846,0.1072401162087116,0.10289008477652216,0.10506510049261689,0.10647558772830572,0.10144074182708152,0.10395816477769362
sub-013,15,1,0.1146279405141816,0.2592585520244883,0.1177148092030938,0.1415437428213944,0.1935924808042884,0.1058803425973196,0.0877121382069687,0.1146279405141816,0.96875,32,2,"envelope,onset",data/processed/env_onset/sub-013_mtrf_env_onset.npz,-0.5,0.0,0.05,hamming,1,,l2,1,True,mean,"1.0,1.0",results_env_onset\sub-013\sub-013_backward_mtrf_env_onset.summary.json,results_env_onset\sub-013\sub-013_backward_mtrf_env_onset.trial_results.csv,hi,HI,1,0.2653133673339577,0.1182630908495904,0.19606685408115762,0.10627868785476487,0.1470502764843673,0.08978816622639275,0.11841922135538002,0.14154374282139448,0.0877121382069688,0.11462794051418164
sub-013,16,0,-0.0051403208860225,0.1471825217117181,0.1316672389838699,0.0155152827278482,0.1399339409687189,0.1657298654686122,-0.0257959244998932,-0.0051403208860225,0.96875,32,2,"envelope,onset",data/processed/env_onset/sub-013_mtrf_env_onset.npz,-0.5,0.0,0.05,hamming,1,,l2,1,True,mean,"1.0,1.0",results_env_onset\sub-013\sub-013_backward_mtrf_env_onset.summary.json,results_env_onset\sub-013\sub-013_backward_mtrf_env_onset.trial_results.csv,hi,HI,1,0.14825934287111442,0.13243612531670626,0.14085819703311941,0.16727270578466455,0.01582321755440816,-0.026414508751545135,-0.005295645598568488,0.015515282727848217,-0.02579592449989332,-0.005140320886022551
sub-013,17,1,0.1497607980160128,0.2765166811280111,0.0867529317113103,0.1897637494167008,0.2347866469254125,0.1250288003100876,0.1097578466153249,0.1497607980160128,0.96875,32,2,"envelope,onset",data/processed/env_onset/sub-013_mtrf_env_onset.npz,-0.5,0.0,0.05,hamming,1,,l2,1,True,mean,"1.0,1.0",results_env_onset\sub-013\sub-013_backward_mtrf_env_onset.summary.json,results_env_onset\sub-013\sub-013_backward_mtrf_env_onset.trial_results.csv,hi,HI,1,0.28390640740446516,0.08697155603889252,0.23924939538052273,0.12568647170532837,0.19693485136557265,0.11356292367519435,0.15524888752038352,0.1897637494167008,0.10975784661532492,0.14976079801601286
sub-013,18,1,0.1221941562480069,0.2025388816122998,0.0897398187592326,0.1127990628530672,0.203179722642047,0.0715904729991004,0.1315892496429466,0.1221941562480069,0.96875,32,2,"envelope,onset",data/processed/env_onset/sub-013_mtrf_env_onset.npz,-0.5,0.0,0.05,hamming,1,,l2,1,True,mean,"1.0,1.0",results_env_onset\sub-013\sub-013_backward_mtrf_env_onset.summary.json,results_env_onset\sub-013\sub-013_backward_mtrf_env_onset.trial_results.csv,hi,HI,1,0.205378628170315,0.08998188812367175,0.20604697287911755,0.07171315554833484,0.11539674004664324,0.1343338173307827,0.12486527868871297,0.11279906285306719,0.1315892496429466,0.12219415624800689
sub-013,19,1,0.0770617055922197,0.2097871588624478,0.0875302669033997,0.1222568919590481,0.1804508673823226,0.1485843481569312,0.0318665192253914,0.0770617055922197,0.96875,32,2,"envelope,onset",data/processed/env_onset/sub-013_mtrf_env_onset.npz,-0.5,0.0,0.05,hamming,1,,l2,1,True,mean,"1.0,1.0",results_env_onset\sub-013\sub-013_backward_mtrf_env_onset.summary.json,results_env_onset\sub-013\sub-013_backward_mtrf_env_onset.trial_results.csv,hi,HI,1,0.21294869650799184,0.08775483925676272,0.1824486923564108,0.1496925122853185,0.1251938572512291,0.03275618007109232,0.07897501866116072,0.12225689195904811,0.03186651922539141,0.07706170559221975
sub-013,20,1,0.1422609495572751,0.2330375316390736,0.0834760782643072,0.1495614533747663,0.2106117700264601,0.0756513242866762,0.1349604457397839,0.1422609495572751,0.96875,32,2,"envelope,onset",data/processed/env_onset/sub-013_mtrf_env_onset.npz,-0.5,0.0,0.05,hamming,1,,l2,1,True,mean,"1.0,1.0",results_env_onset\sub-013\sub-013_backward_mtrf_env_onset.summary.json,results_env_onset\sub-013\sub-013_backward_mtrf_env_onset.trial_results.csv,hi,HI,1,0.2373990374266133,0.08367078720170916,0.21381142642902945,0.07579614250834242,0.15372825022490416,0.13801528392068702,0.1458717670727956,0.1495614533747664,0.13496044573978389,0.14226094955727514
sub-013,21,1,0.0258577813805046,0.2087752217344729,0.189861931485605,0.0189132902488678,0.2108055318510282,0.1780032593388868,0.0328022725121413,0.0258577813805046,0.96875,32,2,"envelope,onset",data/processed/env_onset/sub-013_mtrf_env_onset.npz,-0.5,0.0,0.05,hamming,1,,l2,1,True,mean,"1.0,1.0",results_env_onset\sub-013\sub-013_backward_mtrf_env_onset.summary.json,results_env_onset\sub-013\sub-013_backward_mtrf_env_onset.trial_results.csv,hi,HI,1,0.2118904076868177,0.1921939336579329,0.21401419060575916,0.17991985056650578,0.019696474028884775,0.03409434003925338,0.026895407034069077,0.018913290248867898,0.032802272512141406,0.025857781380504652
sub-013,22,1,0.0395508037492492,0.1648197129591402,0.1056689840601347,0.0591507288990055,0.1738434717491994,0.1538925931497065,0.0199508785994928,0.0395508037492492,0.96875,32,2,"envelope,onset",data/processed/env_onset/sub-013_mtrf_env_onset.npz,-0.5,0.0,0.05,hamming,1,,l2,1,True,mean,"1.0,1.0",results_env_onset\sub-013\sub-013_backward_mtrf_env_onset.summary.json,results_env_onset\sub-013\sub-013_backward_mtrf_env_onset.trial_results.csv,hi,HI,1,0.16633699351535547,0.10606493782165553,0.17562720270636514,0.15512502960487665,0.060272055693699936,0.020502173101488497,0.040387114397594216,0.059150728899005495,0.019950878599492905,0.0395508037492492
sub-013,23,1,0.1428837579453747,0.229192332405538,0.0681277684276345,0.1610645639779034,0.2178065052928364,0.0931035533799904,0.1247029519128459,0.1428837579453747,0.96875,32,2,"envelope,onset",data/processed/env_onset/sub-013_mtrf_env_onset.npz,-0.5,0.0,0.05,hamming,1,,l2,1,True,mean,"1.0,1.0",results_env_onset\sub-013\sub-013_backward_mtrf_env_onset.summary.json,results_env_onset\sub-013\sub-013_backward_mtrf_env_onset.trial_results.csv,hi,HI,1,0.23333685414630606,0.06823346551181092,0.2213522136876076,0.09337397687292293,0.16510338863449514,0.12797823681468468,0.1465408127245899,0.16106456397790347,0.124702951912846,0.14288375794537472
sub-013,24,1,0.0358483200743955,0.173466843622053,0.0943416112393254,0.0791252323827276,0.1261408214521122,0.1335694136860487,-0.0074285922339365,0.0358483200743955,0.96875,32,2,"envelope,onset",data/processed/env_onset/sub-013_mtrf_env_onset.npz,-0.5,0.0,0.05,hamming,1,,l2,1,True,mean,"1.0,1.0",results_env_onset\sub-013\sub-013_backward_mtrf_env_onset.summary.json,results_env_onset\sub-013\sub-013_backward_mtrf_env_onset.trial_results.csv,hi,HI,1,0.1752388637812419,0.09462300627483977,0.12681631230275844,0.134372354305119,0.08061585750640213,-0.007556042002360569,0.03652990775202078,0.0791252323827276,-0.007428592233936493,0.035848320074395555
sub-013,25,1,0.1981799537124746,0.2668839689989655,0.0709616355927545,0.1959223334062109,0.2432351644572112,0.0427975904384729,0.2004375740187382,0.1981799537124746,0.96875,32,2,"envelope,onset",data/processed/env_onset/sub-013_mtrf_env_onset.npz,-0.5,0.0,0.05,hamming,1,,l2,1,True,mean,"1.0,1.0",results_env_onset\sub-013\sub-013_backward_mtrf_env_onset.summary.json,results_env_onset\sub-013\sub-013_backward_mtrf_env_onset.trial_results.csv,hi,HI,1,0.2735058057006135,0.07108110714043119,0.2482098563285468,0.042823749029254864,0.2024246985601823,0.20538610729929194,0.20390540292973713,0.195922333406211,0.2004375740187383,0.19817995371247465
sub-013,26,1,0.1403823406166934,0.2203095690891903,0.100122568113665,0.1201870009755252,0.2310168299599419,0.0704391497020802,0.1605776802578616,0.1403823406166934,0.96875,32,2,"envelope,onset",data/processed/env_onset/sub-013_mtrf_env_onset.npz,-0.5,0.0,0.05,hamming,1,,l2,1,True,mean,"1.0,1.0",results_env_onset\sub-013\sub-013_backward_mtrf_env_onset.summary.json,results_env_onset\sub-013\sub-013_backward_mtrf_env_onset.trial_results.csv,hi,HI,1,0.22398144661882102,0.10045915543994326,0.23526335705870788,0.07055599644787089,0.12352229117887777,0.164707360610837,0.14411482589485738,0.1201870009755253,0.1605776802578617,0.1403823406166935
sub-013,27,1,0.1300800750756849,0.2871901139475573,0.1216122175874287,0.1655778963601286,0.2215597359790158,0.1269774821877745,0.0945822537912412,0.1300800750756849,0.96875,32,2,"envelope,onset",data/processed/env_onset/sub-013_mtrf_env_onset.npz,-0.5,0.0,0.05,hamming,1,,l2,1,True,mean,"1.0,1.0",results_env_onset\sub-013\sub-013_backward_mtrf_env_onset.summary.json,results_env_onset\sub-013\sub-013_backward_mtrf_env_onset.trial_results.csv,hi,HI,1,0.29550108499486827,0.12221712373612276,0.225295768555989,0.12766659221066926,0.1732839612587455,0.09762917634531976,0.13545656880203263,0.1655778963601286,0.0945822537912413,0.13008007507568495
sub-013,28,1,0.1314820910554262,0.2543225270851389,0.0906420285164292,0.1636804985687097,0.2311546708458377,0.131870987303695,0.0992836835421427,0.1314820910554262,0.96875,32,2,"envelope,onset",data/processed/env_onset/sub-013_mtrf_env_onset.npz,-0.5,0.0,0.05,hamming,1,,l2,1,True,mean,"1.0,1.0",results_env_onset\sub-013\sub-013_backward_mtrf_env_onset.summary.json,results_env_onset\sub-013\sub-013_backward_mtrf_env_onset.trial_results.csv,hi,HI,1,0.2600288609877998,0.09089149707006842,0.2354089739793175,0.1326434738504554,0.16913736391773138,0.1027655001288621,0.13595143202329674,0.1636804985687097,0.0992836835421427,0.1314820910554262
sub-013,29,1,0.2234494354294988,0.2561121529833539,0.0101058366658923,0.2460063163174615,0.2317240491469794,0.0308314946054432,0.2008925545415361,0.2234494354294988,0.96875,32,2,"envelope,onset",data/processed/env_onset/sub-013_mtrf_env_onset.npz,-0.5,0.0,0.05,hamming,1,,l2,1,True,mean,"1.0,1.0",results_env_onset\sub-013\sub-013_backward_mtrf_env_onset.summary.json,results_env_onset\sub-013\sub-013_backward_mtrf_env_onset.trial_results.csv,hi,HI,1,0.2619431783026293,0.01010618071638394,0.23601057665268527,0.030841269459394194,0.2518369975862454,0.20516930719329107,0.22850315238976823,0.2460063163174616,0.20089255454153618,0.22344943542949888
sub-013,30,1,0.1523119339356922,0.2237302824866886,0.0293404956141874,0.1943897868725012,0.2063145662789975,0.0960804852801142,0.1102340809988833,0.1523119339356922,0.96875,32,2,"envelope,onset",data/processed/env_onset/sub-013_mtrf_env_onset.npz,-0.5,0.0,0.05,hamming,1,,l2,1,True,mean,"1.0,1.0",results_env_onset\sub-013\sub-013_backward_mtrf_env_onset.summary.json,results_env_onset\sub-013\sub-013_backward_mtrf_env_onset.trial_results.csv,hi,HI,1,0.22757952371803272,0.02934891936445867,0.20931898705744148,0.09637778812360698,0.19823060435357406,0.1129411989338345,0.15558590164370428,0.19438978687250122,0.1102340809988833,0.15231193393569226
sub-013,31,1,0.1432398470157806,0.2320756183677202,0.079111121839869,0.1529644965278511,0.2075341614085488,0.0740189639048386,0.1335151975037102,0.1432398470157806,0.96875,32,2,"envelope,onset",data/processed/env_onset/sub-013_mtrf_env_onset.npz,-0.5,0.0,0.05,hamming,1,,l2,1,True,mean,"1.0,1.0",results_env_onset\sub-013\sub-013_backward_mtrf_env_onset.summary.json,results_env_onset\sub-013\sub-013_backward_mtrf_env_onset.trial_results.csv,hi,HI,1,0.23638212693569013,0.07927678519633506,0.21059313860203063,0.07415458856119933,0.1571053417393551,0.1364385500408313,0.14677194589009318,0.1529644965278512,0.13351519750371021,0.1432398470157807
sub-014,0,1,0.0442252997664547,0.074714839285777,0.0060823904341196,0.0686324488516574,0.0486037392029245,0.0287855885216724,0.019818150681252,0.0442252997664547,1.0,32,2,"envelope,onset",data/processed/env_onset/sub-014_mtrf_env_onset.npz,-0.5,0.0,0.05,hamming,1,,l2,1,True,mean,"1.0,1.0",results_env_onset\sub-014\sub-014_backward_mtrf_env_onset.summary.json,results_env_onset\sub-014\sub-014_backward_mtrf_env_onset.trial_results.csv,hi,HI,1,0.07485433386767384,0.006082465442755753,0.04864206612649049,0.028793543153343898,0.06877186842491809,0.01984852297314659,0.04431019569903234,0.06863244885165741,0.019818150681252096,0.044225299766454756
sub-014,1,1,0.1219282776697281,0.1974398741861933,0.0554540934233957,0.1419857807627976,0.1674630653847981,0.0655922908081395,0.1018707745766586,0.1219282776697281,1.0,32,2,"envelope,onset",data/processed/env_onset/sub-014_mtrf_env_onset.npz,-0.5,0.0,0.05,hamming,1,,l2,1,True,mean,"1.0,1.0",results_env_onset\sub-014\sub-014_backward_mtrf_env_onset.summary.json,results_env_onset\sub-014\sub-014_backward_mtrf_env_onset.trial_results.csv,hi,HI,1,0.20006717162331794,0.05551104187381652,0.16905538331165731,0.06568660134934214,0.1445561297495014,0.10336878196231518,0.12396245585590829,0.1419857807627976,0.10187077457665861,0.12192827766972811
sub-014,2,1,0.0829275567263909,0.1282047639113774,0.0615136164437801,0.0666911474675972,0.1766851737727044,0.0775212077875196,0.0991639659851847,0.0829275567263909,1.0,32,2,"envelope,onset",data/processed/env_onset/sub-014_mtrf_env_onset.npz,-0.5,0.0,0.05,hamming,1,,l2,1,True,mean,"1.0,1.0",results_env_onset\sub-014\sub-014_backward_mtrf_env_onset.summary.json,results_env_onset\sub-014\sub-014_backward_mtrf_env_onset.trial_results.csv,hi,HI,1,0.12891418426952,0.06159138070996682,0.17855896355972045,0.07767705900338145,0.06732280355955318,0.100881904556339,0.08410235405794608,0.06669114746759729,0.0991639659851848,0.08292755672639104
sub-014,3,1,0.0862455609249838,0.1305962830354755,0.0414677841433796,0.0891284988920958,0.1402326352522453,0.0568700122943734,0.0833626229578718,0.0862455609249838,1.0,32,2,"envelope,onset",data/processed/env_onset/sub-014_mtrf_env_onset.npz,-0.5,0.0,0.05,hamming,1,,l2,1,True,mean,"1.0,1.0",results_env_onset\sub-014\sub-014_backward_mtrf_env_onset.summary.json,results_env_onset\sub-014\sub-014_backward_mtrf_env_onset.trial_results.csv,hi,HI,1,0.13134643138260643,0.04149157771477126,0.14116287001686567,0.05693144117474517,0.08985485366783517,0.08423142884212051,0.08704314125497783,0.0891284988920959,0.0833626229578719,0.0862455609249839
sub-014,4,1,0.1263936356082673,0.1070329351050334,-0.0241113746949778,0.1311443098000113,0.0935618874945588,-0.0280810739219644,0.1216429614165233,0.1263936356082673,1.0,32,2,"envelope,onset",data/processed/env_onset/sub-014_mtrf_env_onset.npz,-0.5,0.0,0.05,hamming,1,,l2,1,True,mean,"1.0,1.0",results_env_onset\sub-014\sub-014_backward_mtrf_env_onset.summary.json,results_env_onset\sub-014\sub-014_backward_mtrf_env_onset.trial_results.csv,hi,HI,1,0.10744449258102134,-0.02411604877546426,0.09383633862759094,-0.028088458495637413,0.1315605413564856,0.12192479712322836,0.12674266923985697,0.13114430980001118,0.1216429614165232,0.1263936356082672
sub-014,5,1,0.0206655881601043,0.1040752213133509,0.0409221866264736,0.0631530346868772,0.0546679080471965,0.0764897664138651,-0.0218218583666685,0.0206655881601043,1.0,32,2,"envelope,onset",data/processed/env_onset/sub-014_mtrf_env_onset.npz,-0.5,0.0,0.05,hamming,1,,l2,1,True,mean,"1.0,1.0",results_env_onset\sub-014\sub-014_backward_mtrf_env_onset.summary.json,results_env_onset\sub-014\sub-014_backward_mtrf_env_onset.trial_results.csv,hi,HI,1,0.10445345133572856,0.04094505271663565,0.05472246571929427,0.07663946476247639,0.06350839861909291,-0.021916999043182124,0.020795699787955393,0.0631530346868773,-0.021821858366668598,0.020665588160104352
sub-014,6,1,0.182571924380439,0.2040303297539207,0.0454824609094632,0.1585478688444574,0.1993770582420932,-0.0072189216743272,0.2065959799164205,0.182571924380439,1.0,32,2,"envelope,onset",data/processed/env_onset/sub-014_mtrf_env_onset.npz,-0.5,0.0,0.05,hamming,1,,l2,1,True,mean,"1.0,1.0",results_env_onset\sub-014\sub-014_backward_mtrf_env_onset.summary.json,results_env_onset\sub-014\sub-014_backward_mtrf_env_onset.trial_results.csv,hi,HI,1,0.2069343669822362,0.045513862389329654,0.20208374050126265,-0.007219047077727969,0.16142050459290652,0.20930278757899062,0.18536164608594857,0.15854786884445748,0.2065959799164204,0.18257192438043895
sub-014,7,1,0.0575855949920767,0.122332770639922,0.0539649176017626,0.0683678530381594,0.0862681262424608,0.0394647892964667,0.0468033369459941,0.0575855949920767,1.0,32,2,"envelope,onset",data/processed/env_onset/sub-014_mtrf_env_onset.npz,-0.5,0.0,0.05,hamming,1,,l2,1,True,mean,"1.0,1.0",results_env_onset\sub-014\sub-014_backward_mtrf_env_onset.summary.json,results_env_onset\sub-014\sub-014_backward_mtrf_env_onset.trial_results.csv,hi,HI,1,0.12294855859011612,0.054017395093860505,0.08648309488190291,0.03948529686695481,0.06893116349625561,0.0469977980149481,0.05796448075560186,0.0683678530381594,0.0468033369459941,0.05758559499207675
sub-014,8,1,0.2539959353829175,0.2449115185219154,0.0005060166335866,0.2444055018883288,0.225817202621992,-0.0377691662555141,0.2635863688775061,0.2539959353829175,1.0,32,2,"envelope,onset",data/processed/env_onset/sub-014_mtrf_env_onset.npz,-0.5,0.0,0.05,hamming,1,,l2,1,True,mean,"1.0,1.0",results_env_onset\sub-014\sub-014_backward_mtrf_env_onset.summary.json,results_env_onset\sub-014\sub-014_backward_mtrf_env_onset.trial_results.csv,hi,HI,1,0.24999240025994704,0.0005060166767756043,0.22977749335825975,-0.03778714100616012,0.24948638358317143,0.26756463436441985,0.25852550897379567,0.2444055018883288,0.2635863688775061,0.2539959353829174
sub-014,9,1,0.1719264664082426,0.17652375439635,0.0162435464173914,0.1602802079789585,0.1822396661561139,-0.0013330586814127,0.1835727248375266,0.1719264664082426,1.0,32,2,"envelope,onset",data/processed/env_onset/sub-014_mtrf_env_onset.npz,-0.5,0.0,0.05,hamming,1,,l2,1,True,mean,"1.0,1.0",results_env_onset\sub-014\sub-014_backward_mtrf_env_onset.summary.json,results_env_onset\sub-014\sub-014_backward_mtrf_env_onset.trial_results.csv,hi,HI,1,0.17839234757420322,0.01624497527867286,0.18429831869801216,-0.001333059471048829,0.16214737229553036,0.185631378169061,0.1738893752322957,0.16028020797895862,0.1835727248375266,0.1719264664082426
sub-014,10,1,0.0931071835192864,0.1702599060186492,0.0962074710066067,0.0740524350120424,0.1683279899982354,0.0561660579717051,0.1121619320265303,0.0931071835192864,1.0,32,2,"envelope,onset",data/processed/env_onset/sub-014_mtrf_env_onset.npz,-0.5,0.0,0.05,hamming,1,,l2,1,True,mean,"1.0,1.0",results_env_onset\sub-014\sub-014_backward_mtrf_env_onset.summary.json,results_env_onset\sub-014\sub-014_backward_mtrf_env_onset.trial_results.csv,hi,HI,1,0.17193431652379296,0.09650595861530648,0.1699453964867222,0.05622523098359178,0.07542835790848648,0.11372016550313041,0.09457426170580845,0.0740524350120425,0.1121619320265303,0.0931071835192864
sub-014,11,1,0.0481125476792394,0.1200709237164482,0.076558351576413,0.0435125721400352,0.1042833848172247,0.051570861598781,0.0527125232184436,0.0481125476792394,1.0,32,2,"envelope,onset",data/processed/env_onset/sub-014_mtrf_env_onset.npz,-0.5,0.0,0.05,hamming,1,,l2,1,True,mean,"1.0,1.0",results_env_onset\sub-014\sub-014_backward_mtrf_env_onset.summary.json,results_env_onset\sub-014\sub-014_backward_mtrf_env_onset.trial_results.csv,hi,HI,1,0.1206529889695397,0.07670845392084487,0.10466389889662983,0.05161665318519379,0.04394453504869483,0.05304724571143604,0.04849589038006544,0.043512572140035205,0.0527125232184437,0.04811254767923945
sub-014,12,1,0.0156770772694759,0.0452436042107202,0.0451522386925092,9.13655182110326e-05,0.0534746698025443,0.0222118807818035,0.0312627890207407,0.0156770772694759,1.0,32,2,"envelope,onset",data/processed/env_onset/sub-014_mtrf_env_onset.npz,-0.5,0.0,0.05,hamming,1,,l2,1,True,mean,"1.0,1.0",results_env_onset\sub-014\sub-014_backward_mtrf_env_onset.summary.json,results_env_onset\sub-014\sub-014_backward_mtrf_env_onset.trial_results.csv,hi,HI,1,0.04527451315545538,0.0451829606088678,0.053525728425025496,0.02221553473796942,9.155254658758244e-05,0.03131019368705608,0.01570087311682183,9.136551821099792e-05,0.0312627890207408,0.015677077269475898
sub-014,13,1,0.1102567065183777,0.1686356211413289,0.0851175649299613,0.0835180562113675,0.16581835817962,0.0288230013542319,0.136995356825388,0.1102567065183777,1.0,32,2,"envelope,onset",data/processed/env_onset/sub-014_mtrf_env_onset.npz,-0.5,0.0,0.05,hamming,1,,l2,1,True,mean,"1.0,1.0",results_env_onset\sub-014\sub-014_backward_mtrf_env_onset.summary.json,results_env_onset\sub-014\sub-014_backward_mtrf_env_onset.trial_results.csv,hi,HI,1,0.17026201520927986,0.08532402206028082,0.1673636990878116,0.02883098705263949,0.08493799314899904,0.13853271203517212,0.11173535259208559,0.08351805621136761,0.1369953568253881,0.11025670651837785
sub-014,14,1,0.0490761019088775,0.1066273680724442,0.0706404004433152,0.0359869676291289,0.1376342689144664,0.0754690327258402,0.0621652361886262,0.0490761019088775,1.0,32,2,"envelope,onset",data/processed/env_onset/sub-014_mtrf_env_onset.npz,-0.5,0.0,0.05,hamming,1,,l2,1,True,mean,"1.0,1.0",results_env_onset\sub-014\sub-014_backward_mtrf_env_onset.summary.json,results_env_onset\sub-014\sub-014_backward_mtrf_env_onset.trial_results.csv,hi,HI,1,0.1070342435005448,0.07075825359301358,0.1385133598909535,0.0756128042061794,0.036275989907531225,0.06290055568477411,0.04958827279615267,0.03598696762912901,0.0621652361886262,0.0490761019088776
sub-014,15,1,0.1326842279594696,0.1691771423862731,0.0059219998308244,0.1632551425554486,0.1347587246658328,0.0326454113023422,0.1021133133634905,0.1326842279594696,1.0,32,2,"envelope,onset",data/processed/env_onset/sub-014_mtrf_env_onset.npz,-0.5,0.0,0.05,hamming,1,,l2,1,True,mean,"1.0,1.0",results_env_onset\sub-014\sub-014_backward_mtrf_env_onset.summary.json,results_env_onset\sub-014\sub-014_backward_mtrf_env_onset.trial_results.csv,hi,HI,1,0.17081943942891406,0.005922069060621026,0.13558346543539182,0.032657015710737404,0.16489737036829302,0.10292644972465442,0.13391191004647374,0.1632551425554487,0.10211331336349061,0.13268422795946966
sub-014,16,1,0.0786387325683194,0.1113742892061493,0.0352883027161752,0.0760859864899741,0.129310873998924,0.0481193953522592,0.0811914786466647,0.0786387325683194,1.0,32,2,"envelope,onset",data/processed/env_onset/sub-014_mtrf_env_onset.npz,-0.5,0.0,0.05,hamming,1,,l2,1,True,mean,"1.0,1.0",results_env_onset\sub-014\sub-014_backward_mtrf_env_onset.summary.json,results_env_onset\sub-014\sub-014_backward_mtrf_env_onset.trial_results.csv,hi,HI,1,0.1118382513743276,0.035302961424742554,0.13003894135015365,0.04815658680721694,0.07653528994958504,0.08188235454293671,0.07920882224626088,0.07608598648997408,0.08119147864666479,0.07863873256831944
sub-014,17,1,0.1199328985782366,0.2337116777609298,0.1040336091679917,0.1296780685929381,0.1638970659416978,0.0537093373781625,0.1101877285635352,0.1199328985782366,1.0,32,2,"envelope,onset",data/processed/env_onset/sub-014_mtrf_env_onset.npz,-0.5,0.0,0.05,hamming,1,,l2,1,True,mean,"1.0,1.0",results_env_onset\sub-014\sub-014_backward_mtrf_env_onset.summary.json,results_env_onset\sub-014\sub-014_backward_mtrf_env_onset.trial_results.csv,hi,HI,1,0.23811201498172432,0.10441138371066887,0.1653887303451643,0.0537610719324944,0.13370063127105547,0.11162765841266989,0.12266414484186268,0.1296780685929381,0.11018772856353531,0.1199328985782367
sub-014,18,1,0.0163038673006206,0.1514712888061584,0.1305525756133368,0.0209187131928216,0.1007933460590928,0.0891043246506731,0.0116890214084197,0.0163038673006206,1.0,32,2,"envelope,onset",data/processed/env_onset/sub-014_mtrf_env_onset.npz,-0.5,0.0,0.05,hamming,1,,l2,1,True,mean,"1.0,1.0",results_env_onset\sub-014\sub-014_backward_mtrf_env_onset.summary.json,results_env_onset\sub-014\sub-014_backward_mtrf_env_onset.trial_results.csv,hi,HI,1,0.1526459317631668,0.13130196583706685,0.10113677178118086,0.08934127142512556,0.02134396592609994,0.011795500356055297,0.016569733141077618,0.020918713192821597,0.011689021408419709,0.016303867300620653
sub-014,19,1,0.0666831481811452,0.1966053427907632,0.1416103190898232,0.05499502370094,0.1678412249278339,0.0894699522664834,0.0783712726613504,0.0666831481811452,1.0,32,2,"envelope,onset",data/processed/env_onset/sub-014_mtrf_env_onset.npz,-0.5,0.0,0.05,hamming,1,,l2,1,True,mean,"1.0,1.0",results_env_onset\sub-014\sub-014_backward_mtrf_env_onset.summary.json,results_env_onset\sub-014\sub-014_backward_mtrf_env_onset.trial_results.csv,hi,HI,1,0.19919893712214734,0.1425684676655376,0.16944447927415826,0.089709837323685,0.05663046945660974,0.07973464195047326,0.06818255570354151,0.054995023700940004,0.07837127266135051,0.06668314818114526
sub-014,20,1,0.1697318033103648,0.1216651933811158,-0.0178892079060589,0.1395544012871747,0.1623121992567372,-0.0375970060768176,0.1999092053335548,0.1697318033103648,1.0,32,2,"envelope,onset",data/processed/env_onset/sub-014_mtrf_env_onset.npz,-0.5,0.0,0.05,hamming,1,,l2,1,True,mean,"1.0,1.0",results_env_onset\sub-014\sub-014_backward_mtrf_env_onset.summary.json,results_env_onset\sub-014\sub-014_backward_mtrf_env_onset.trial_results.csv,hi,HI,1,0.12227089513000515,-0.017891116596424294,0.16376054856494593,-0.03761473600935676,0.14016201172642945,0.2013752845743027,0.17076864815036608,0.1395544012871747,0.1999092053335548,0.16973180331036475
sub-014,21,1,0.158854825491183,0.2249572357330312,0.040105570885916,0.1848516648471151,0.1645354171971781,0.0316774310619271,0.132857986135251,0.158854825491183,1.0,32,2,"envelope,onset",data/processed/env_onset/sub-014_mtrf_env_onset.npz,-0.5,0.0,0.05,hamming,1,,l2,1,True,mean,"1.0,1.0",results_env_onset\sub-014\sub-014_backward_mtrf_env_onset.summary.json,results_env_onset\sub-014\sub-014_backward_mtrf_env_onset.trial_results.csv,hi,HI,1,0.22887150261673306,0.040127094354430744,0.16604477311366994,0.03168803312041145,0.18874440826230232,0.13435673999325848,0.1615505741277804,0.18485166484711518,0.132857986135251,0.15885482549118307
sub-014,22,1,0.1470264036515575,0.1912096984473453,0.0349008822298497,0.1563088162174955,0.1815483002926047,0.0438043092069852,0.1377439910856195,0.1470264036515575,1.0,32,2,"envelope,onset",data/processed/env_onset/sub-014_mtrf_env_onset.npz,-0.5,0.0,0.05,hamming,1,,l2,1,True,mean,"1.0,1.0",results_env_onset\sub-014\sub-014_backward_mtrf_env_onset.summary.json,results_env_onset\sub-014\sub-014_backward_mtrf_env_onset.trial_results.csv,hi,HI,1,0.19359247330216875,0.03491506318627064,0.18358329597418624,0.04383235899930181,0.15867741011589812,0.13975093697488444,0.1492141735453913,0.1563088162174956,0.1377439910856195,0.14702640365155756
sub-014,23,1,0.2419829812926657,0.2231949832195977,-0.0198146812980084,0.2430096645176062,0.1860308946151607,-0.0549254034525644,0.2409562980677252,0.2419829812926657,1.0,32,2,"envelope,onset",data/processed/env_onset/sub-014_mtrf_env_onset.npz,-0.5,0.0,0.05,hamming,1,,l2,1,True,mean,"1.0,1.0",results_env_onset\sub-014\sub-014_backward_mtrf_env_onset.summary.json,results_env_onset\sub-014\sub-014_backward_mtrf_env_onset.trial_results.csv,hi,HI,1,0.22701608901378137,-0.01981727513299803,0.1882226087156835,-0.054980736629318926,0.2468333641467794,0.24320334534500243,0.2450183547458909,0.24300966451760608,0.24095629806772512,0.2419829812926656
sub-014,24,1,0.1338766592305387,0.2013827466080914,0.0610979022659812,0.1402848443421101,0.1622165081545533,0.034748034035586,0.1274684741189673,0.1338766592305387,1.0,32,2,"envelope,onset",data/processed/env_onset/sub-014_mtrf_env_onset.npz,-0.5,0.0,0.05,hamming,1,,l2,1,True,mean,"1.0,1.0",results_env_onset\sub-014\sub-014_backward_mtrf_env_onset.summary.json,results_env_onset\sub-014\sub-014_backward_mtrf_env_onset.trial_results.csv,hi,HI,1,0.20417333114867142,0.061174098213146524,0.16366226981054607,0.034762029401073515,0.1429992329355249,0.12890024040947257,0.13594973667249874,0.14028484434211022,0.12746847411896728,0.13387665923053876
sub-014,25,1,0.2149757493973557,0.2106892179071071,0.0006084679347453,0.2100807499723617,0.2052736071228624,-0.0145971416994871,0.2198707488223496,0.2149757493973557,1.0,32,2,"envelope,onset",data/processed/env_onset/sub-014_mtrf_env_onset.npz,-0.5,0.0,0.05,hamming,1,,l2,1,True,mean,"1.0,1.0",results_env_onset\sub-014\sub-014_backward_mtrf_env_onset.summary.json,results_env_onset\sub-014\sub-014_backward_mtrf_env_onset.trial_results.csv,hi,HI,1,0.21389247053075758,0.0006084680098369992,0.20823199224440853,-0.014598178601564638,0.21328400252092058,0.22283017084597317,0.21805708668344687,0.21008074997236179,0.2198707488223495,0.21497574939735564
sub-014,26,1,0.0238208372145885,0.0805098374716586,0.0779854377044211,0.0025243997672375,0.1092977282697748,0.0641804536078352,0.0451172746619395,0.0238208372145885,1.0,32,2,"envelope,onset",data/processed/env_onset/sub-014_mtrf_env_onset.npz,-0.5,0.0,0.05,hamming,1,,l2,1,True,mean,"1.0,1.0",results_env_onset\sub-014\sub-014_backward_mtrf_env_onset.summary.json,results_env_onset\sub-014\sub-014_backward_mtrf_env_onset.trial_results.csv,hi,HI,1,0.08068446759591526,0.0781441125380082,0.10973609795640692,0.0642687946010224,0.002540355057907062,0.045467303355384514,0.024003829206645788,0.0025243997672375063,0.0451172746619396,0.023820837214588553
sub-014,27,1,0.129692543753941,0.1821068528141154,0.039211422672314,0.1428954301418013,0.1270373962471975,0.0105477388811169,0.1164896573660805,0.129692543753941,1.0,32,2,"envelope,onset",data/processed/env_onset/sub-014_mtrf_env_onset.npz,-0.5,0.0,0.05,hamming,1,,l2,1,True,mean,"1.0,1.0",results_env_onset\sub-014\sub-014_backward_mtrf_env_onset.summary.json,results_env_onset\sub-014\sub-014_backward_mtrf_env_onset.trial_results.csv,hi,HI,1,0.18416094636698163,0.03923153755230159,0.12772748858276806,0.010548130069407594,0.14492940881468003,0.11717935851336046,0.13105438366402025,0.1428954301418014,0.1164896573660806,0.12969254375394101
sub-014,28,1,0.1402443979399601,0.152894353805457,0.0177252245896835,0.1351691292157734,0.1308886103727618,-0.014431056291385,0.1453196666641468,0.1402443979399601,1.0,32,2,"envelope,onset",data/processed/env_onset/sub-014_mtrf_env_onset.npz,-0.5,0.0,0.05,hamming,1,,l2,1,True,mean,"1.0,1.0",results_env_onset\sub-014\sub-014_backward_mtrf_env_onset.summary.json,results_env_onset\sub-014\sub-014_backward_mtrf_env_onset.trial_results.csv,hi,HI,1,0.15410273605241884,0.01772708126457734,0.131643842545862,-0.014432058198310756,0.1363756547878415,0.14607590074417276,0.14122577776600714,0.13516912921577348,0.1453196666641468,0.14024439793996013
sub-014,29,1,0.1237541302462603,0.1613764891964353,0.0196915291588644,0.1416849600375708,0.1395760854259952,0.0337527849710453,0.1058233004549499,0.1237541302462603,1.0,32,2,"envelope,onset",data/processed/env_onset/sub-014_mtrf_env_onset.npz,-0.5,0.0,0.05,hamming,1,,l2,1,True,mean,"1.0,1.0",results_env_onset\sub-014\sub-014_backward_mtrf_env_onset.summary.json,results_env_onset\sub-014\sub-014_backward_mtrf_env_onset.trial_results.csv,hi,HI,1,0.1627996695544629,0.019694074922803593,0.14049321281008198,0.033765611365315945,0.1431055946316593,0.10672760144476603,0.12491659803821267,0.1416849600375709,0.10582330045494989,0.12375413024626039
sub-014,30,1,0.1057467194596155,0.1462417030259138,0.007041609988516,0.1392000930373978,0.0727813770090542,0.0004880311272211,0.0722933458818331,0.1057467194596155,1.0,32,2,"envelope,onset",data/processed/env_onset/sub-014_mtrf_env_onset.npz,-0.5,0.0,0.05,hamming,1,,l2,1,True,mean,"1.0,1.0",results_env_onset\sub-014\sub-014_backward_mtrf_env_onset.summary.json,results_env_onset\sub-014\sub-014_backward_mtrf_env_onset.trial_results.csv,hi,HI,1,0.1472978280360041,0.007041726376345146,0.07291029778078573,0.0004880311659666095,0.14025610165965896,0.07242226661481911,0.10633918413723903,0.1392000930373978,0.0722933458818331,0.10574671945961545
sub-014,31,1,0.1201264187008305,0.0752954696049771,-0.0351837288161399,0.110479198421117,0.0672963813479314,-0.0624772576326125,0.129773638980544,0.1201264187008305,1.0,32,2,"envelope,onset",data/processed/env_onset/sub-014_mtrf_env_onset.npz,-0.5,0.0,0.05,hamming,1,,l2,1,True,mean,"1.0,1.0",results_env_onset\sub-014\sub-014_backward_mtrf_env_onset.summary.json,results_env_onset\sub-014\sub-014_backward_mtrf_env_onset.trial_results.csv,hi,HI,1,0.07543824917875415,-0.03519825752667991,0.06739824897787432,-0.06255873995643703,0.11063650670543407,0.12995698893431135,0.1202967478198727,0.110479198421117,0.1297736389805439,0.12012641870083045
sub-015,0,1,0.109564648901905,0.067501638192269,-0.0446995545964601,0.1122011927887291,0.0890350533763774,-0.0178930516387036,0.106928105015081,0.109564648901905,0.96875,32,2,"envelope,onset",data/processed/env_onset/sub-015_mtrf_env_onset.npz,-0.5,0.0,0.05,hamming,1,,l2,1,True,mean,"1.0,1.0",results_env_onset\sub-015\sub-015_backward_mtrf_env_onset.summary.json,results_env_onset\sub-015\sub-015_backward_mtrf_env_onset.trial_results.csv,hi,HI,1,0.0676044424830334,-0.04472936098848067,0.08927144619868621,-0.017894961559813037,0.11233380347151407,0.10716640775849925,0.10975010561500667,0.11220119278872909,0.106928105015081,0.10956464890190504
sub-015,1,1,0.193966746573115,0.0776917587897468,-0.0694909299521231,0.14718268874187,0.1547233324429365,-0.0860274719614234,0.2407508044043599,0.193966746573115,0.96875,32,2,"envelope,onset",data/processed/env_onset/sub-015_mtrf_env_onset.npz,-0.5,0.0,0.05,hamming,1,,l2,1,True,mean,"1.0,1.0",results_env_onset\sub-015\sub-015_backward_mtrf_env_onset.summary.json,results_env_onset\sub-015\sub-015_backward_mtrf_env_onset.trial_results.csv,hi,HI,1,0.07784864341886095,-0.06960311215473136,0.15597603212812683,-0.08624064124373422,0.1474517555735923,0.24221667337186104,0.19483421447272667,0.1471826887418699,0.24075080440435992,0.1939667465731149
sub-015,2,1,0.1437093902169927,0.0435231126922315,-0.0809720651944853,0.1244951778867169,0.0949455015798971,-0.0679781009673712,0.1629236025472684,0.1437093902169927,0.96875,32,2,"envelope,onset",data/processed/env_onset/sub-015_mtrf_env_onset.npz,-0.5,0.0,0.05,hamming,1,,l2,1,True,mean,"1.0,1.0",results_env_onset\sub-015\sub-015_backward_mtrf_env_onset.summary.json,results_env_onset\sub-015\sub-015_backward_mtrf_env_onset.trial_results.csv,hi,HI,1,0.043550625351941645,-0.08114972840958216,0.0952323548148998,-0.06808310168602288,0.1247003537615238,0.1633154565009227,0.14400790513122325,0.1244951778867168,0.1629236025472683,0.14370939021699253
sub-015,3,1,0.16520351117972,0.1066658404366009,-0.0812620348727446,0.1879278753093455,0.0745202238207772,-0.0679589232293172,0.1424791470500945,0.16520351117972,0.96875,32,2,"envelope,onset",data/processed/env_onset/sub-015_mtrf_env_onset.npz,-0.5,0.0,0.05,hamming,1,,l2,1,True,mean,"1.0,1.0",results_env_onset\sub-015\sub-015_backward_mtrf_env_onset.summary.json,results_env_onset\sub-015\sub-015_backward_mtrf_env_onset.trial_results.csv,hi,HI,1,0.10707315846397299,-0.0814416187211289,0.07465862875983707,-0.06806383494102736,0.1885147771851019,0.14272246370086444,0.16561862044298317,0.18792787530934552,0.1424791470500944,0.16520351117971996
sub-015,4,1,0.1476193196691828,0.1451037674641077,-0.0502793671525393,0.195383134616647,0.0805772198202731,-0.0192782849014453,0.0998555047217185,0.1476193196691828,0.96875,32,2,"envelope,onset",data/processed/env_onset/sub-015_mtrf_env_onset.npz,-0.5,0.0,0.05,hamming,1,,l2,1,True,mean,"1.0,1.0",results_env_onset\sub-015\sub-015_backward_mtrf_env_onset.summary.json,results_env_onset\sub-015\sub-015_backward_mtrf_env_onset.trial_results.csv,hi,HI,1,0.14613522118596206,-0.05032180052859572,0.0807522899256433,-0.019280673706924604,0.19645702171455778,0.1000329636325679,0.14824499267356284,0.195383134616647,0.0998555047217184,0.1476193196691827
sub-015,5,1,0.1531126479908133,0.0982369559167426,-0.0567374302100317,0.1549743861267743,0.1088500578425861,-0.0424008520122662,0.1512509098548524,0.1531126479908133,0.96875,32,2,"envelope,onset",data/processed/env_onset/sub-015_mtrf_env_onset.npz,-0.5,0.0,0.05,hamming,1,,l2,1,True,mean,"1.0,1.0",results_env_onset\sub-015\sub-015_backward_mtrf_env_onset.summary.json,results_env_onset\sub-015\sub-015_backward_mtrf_env_onset.trial_results.csv,hi,HI,1,0.09855481032723958,-0.05679842990770568,0.10928303740823046,-0.04242628933020526,0.15535324023494526,0.15170932673843573,0.15353128348669048,0.1549743861267743,0.1512509098548523,0.1531126479908133
sub-015,6,1,0.1209171787188922,0.127598974583114,0.0152389602598605,0.1123600143232535,0.1745789732048514,0.0451046300903204,0.129474343114531,0.1209171787188922,0.96875,32,2,"envelope,onset",data/processed/env_onset/sub-015_mtrf_env_onset.npz,-0.5,0.0,0.05,hamming,1,,l2,1,True,mean,"1.0,1.0",results_env_onset\sub-015\sub-015_backward_mtrf_env_onset.summary.json,results_env_onset\sub-015\sub-015_backward_mtrf_env_onset.trial_results.csv,hi,HI,1,0.12829832006756994,0.015240140051388686,0.17638572501113528,0.045135254850286445,0.11305818001618126,0.13125047016084884,0.12215432508851505,0.1123600143232535,0.12947434311453102,0.12091717871889227
sub-015,7,1,0.0780982631105629,0.1452419901316409,0.0538500923394489,0.091391897792192,0.1546815228617032,0.0898768944327694,0.0648046284289338,0.0780982631105629,0.96875,32,2,"envelope,onset",data/processed/env_onset/sub-015_mtrf_env_onset.npz,-0.5,0.0,0.05,hamming,1,,l2,1,True,mean,"1.0,1.0",results_env_onset\sub-015\sub-015_backward_mtrf_env_onset.summary.json,results_env_onset\sub-015\sub-015_backward_mtrf_env_onset.trial_results.csv,hi,HI,1,0.14627641963429897,0.053902235174494474,0.15593319738990224,0.0901200783765707,0.0923741844598045,0.06581311901333155,0.07909365173656802,0.091391897792192,0.0648046284289338,0.0780982631105629
sub-015,8,1,0.0633150373678446,0.081270446409298,0.0296357426983504,0.0516347037109475,0.1493898754684981,0.0743945044437564,0.0749953710247416,0.0633150373678446,0.96875,32,2,"envelope,onset",data/processed/env_onset/sub-015_mtrf_env_onset.npz,-0.5,0.0,0.05,hamming,1,,l2,1,True,mean,"1.0,1.0",results_env_onset\sub-015\sub-015_backward_mtrf_env_onset.summary.json,results_env_onset\sub-015\sub-015_backward_mtrf_env_onset.trial_results.csv,hi,HI,1,0.08145008617848,0.029644423406070278,0.15051632596920453,0.07453220852160442,0.05180566277240972,0.07598411744760011,0.06389489011000492,0.051634703710947596,0.0749953710247417,0.06331503736784465
sub-015,9,0,-0.0128401749369489,0.0360933154711198,0.0234541978205451,0.0126391176505746,0.0018414566491969,0.0401609241736695,-0.0383194675244726,-0.0128401749369489,0.96875,32,2,"envelope,onset",data/processed/env_onset/sub-015_mtrf_env_onset.npz,-0.5,0.0,0.05,hamming,1,,l2,1,True,mean,"1.0,1.0",results_env_onset\sub-015\sub-015_backward_mtrf_env_onset.summary.json,results_env_onset\sub-015\sub-015_backward_mtrf_env_onset.trial_results.csv,hi,HI,1,0.036109000983916374,0.02345849995394192,0.0018414587306380048,0.04018253694233053,0.012650501029974455,-0.038341078211692525,-0.012845288590859035,0.012639117650574697,-0.0383194675244726,-0.012840174936948952
sub-015,10,1,0.0045084389740787,0.0340139183356529,0.0265813047407458,0.0074326135949071,0.0286806125706212,0.0270963482173707,0.0015842643532504,0.0045084389740787,0.96875,32,2,"envelope,onset",data/processed/env_onset/sub-015_mtrf_env_onset.npz,-0.5,0.0,0.05,hamming,1,,l2,1,True,mean,"1.0,1.0",results_env_onset\sub-015\sub-015_backward_mtrf_env_onset.summary.json,results_env_onset\sub-015\sub-015_backward_mtrf_env_onset.trial_results.csv,hi,HI,1,0.03402704487840087,0.026587567876094377,0.02868848046337759,0.027102982629044203,0.007439477002306495,0.0015854978343333853,0.00451248741831994,0.007432613594907097,0.0015842643532505002,0.0045084389740787986
sub-015,11,1,0.0749428995753573,0.0880230249429579,-0.0079403513305326,0.0959633762734905,0.0913900000751318,0.0374675771979077,0.0539224228772241,0.0749428995753573,0.96875,32,2,"envelope,onset",data/processed/env_onset/sub-015_mtrf_env_onset.npz,-0.5,0.0,0.05,hamming,1,,l2,1,True,mean,"1.0,1.0",results_env_onset\sub-015\sub-015_backward_mtrf_env_onset.summary.json,results_env_onset\sub-015\sub-015_backward_mtrf_env_onset.trial_results.csv,hi,HI,1,0.08825142335785424,-0.007940518214390568,0.0916457165551075,0.03748512455011272,0.09619194157224481,0.05416059200499478,0.0751762667886198,0.0959633762734905,0.053922422877224103,0.0749428995753573
sub-015,12,1,0.0985498449881761,0.0725077254983798,-0.0131951111713028,0.0857028366696826,0.1250755953354514,0.0136787420287819,0.1113968533066695,0.0985498449881761,0.96875,32,2,"envelope,onset",data/processed/env_onset/sub-015_mtrf_env_onset.npz,-0.5,0.0,0.05,hamming,1,,l2,1,True,mean,"1.0,1.0",results_env_onset\sub-015\sub-015_backward_mtrf_env_onset.summary.json,results_env_onset\sub-015\sub-015_backward_mtrf_env_onset.trial_results.csv,hi,HI,1,0.0726351944847638,-0.01319587705579966,0.12573401013921107,0.0136795952585175,0.08583107154056346,0.11205441488069356,0.09894274321062851,0.0857028366696826,0.1113968533066695,0.09854984498817605
sub-015,13,1,0.0252607719543174,0.0395727993762909,0.0379686614529501,0.0016041379233408,0.032822903120233,-0.016094502865061,0.0489174059852941,0.0252607719543174,0.96875,32,2,"envelope,onset",data/processed/env_onset/sub-015_mtrf_env_onset.npz,-0.5,0.0,0.05,hamming,1,,l2,1,True,mean,"1.0,1.0",results_env_onset\sub-015\sub-015_backward_mtrf_env_onset.summary.json,results_env_onset\sub-015\sub-015_backward_mtrf_env_onset.trial_results.csv,hi,HI,1,0.03959347589386888,0.0379869227021299,0.03283469792003457,-0.016095892750323887,0.0016065531917389755,0.04893059067035846,0.025268571931048717,0.0016041379233407982,0.048917405985293996,0.025260771954317397
sub-015,14,1,0.1618415878149826,0.1354695378767901,-0.0173532066979439,0.1528227445747341,0.1448105899947823,-0.0260498410604487,0.1708604310552311,0.1618415878149826,0.96875,32,2,"envelope,onset",data/processed/env_onset/sub-015_mtrf_env_onset.npz,-0.5,0.0,0.05,hamming,1,,l2,1,True,mean,"1.0,1.0",results_env_onset\sub-015\sub-015_backward_mtrf_env_onset.summary.json,results_env_onset\sub-015\sub-015_backward_mtrf_env_onset.trial_results.csv,hi,HI,1,0.13630749646539173,-0.01735494889165975,0.14583575107351446,-0.026055735884603276,0.15366244535705148,0.17189148695811773,0.1627769661575846,0.15282274457473402,0.170860431055231,0.1618415878149825
sub-015,15,1,0.0210120551163399,0.0630077873474544,0.0420135736211385,0.0209942137263158,0.057516185668655,0.036486289162291,0.021029896506364,0.0210120551163399,0.96875,32,2,"envelope,onset",data/processed/env_onset/sub-015_mtrf_env_onset.npz,-0.5,0.0,0.05,hamming,1,,l2,1,True,mean,"1.0,1.0",results_env_onset\sub-015\sub-015_backward_mtrf_env_onset.summary.json,results_env_onset\sub-015\sub-015_backward_mtrf_env_onset.trial_results.csv,hi,HI,1,0.06309136643421309,0.04203831978631008,0.057579735174337884,0.036502492889245355,0.021053046647903015,0.02107724228509253,0.021065144466497772,0.020994213726315894,0.021029896506364,0.021012055116339946
sub-015,16,1,0.1796143131773492,0.1294624685543675,-0.0473228457708042,0.1767853143251717,0.1238808403486494,-0.0585624716808773,0.1824433120295268,0.1796143131773492,0.96875,32,2,"envelope,onset",data/processed/env_onset/sub-015_mtrf_env_onset.npz,-0.5,0.0,0.05,hamming,1,,l2,1,True,mean,"1.0,1.0",results_env_onset\sub-015\sub-015_backward_mtrf_env_onset.summary.json,results_env_onset\sub-015\sub-015_backward_mtrf_env_onset.trial_results.csv,hi,HI,1,0.13019311694579183,-0.047358219056014214,0.1245204511121286,-0.05862955767757383,0.17755133600180606,0.18315000878970245,0.18035067239575425,0.1767853143251717,0.18244331202952668,0.1796143131773492
sub-015,17,1,0.1255978991375522,0.1177229613528124,0.0041934981942938,0.1135294631585186,0.1155614439669099,-0.0221048911496758,0.1376663351165858,0.1255978991375522,0.96875,32,2,"envelope,onset",data/processed/env_onset/sub-015_mtrf_env_onset.npz,-0.5,0.0,0.05,hamming,1,,l2,1,True,mean,"1.0,1.0",results_env_onset\sub-015\sub-015_backward_mtrf_env_onset.summary.json,results_env_onset\sub-015\sub-015_backward_mtrf_env_onset.trial_results.csv,hi,HI,1,0.11827135755715974,0.004193522776038773,0.11608002531172401,-0.02210849254865937,0.11407783478112096,0.1381885178603834,0.12613317632075216,0.11352946315851861,0.13766633511658571,0.12559789913755215
sub-015,18,1,0.0946705458549575,0.0673024340176379,-0.0176419585665007,0.0849443925841387,0.0749207877913265,-0.0294759113344498,0.1043966991257764,0.0946705458549575,0.96875,32,2,"envelope,onset",data/processed/env_onset/sub-015_mtrf_env_onset.npz,-0.5,0.0,0.05,hamming,1,,l2,1,True,mean,"1.0,1.0",results_env_onset\sub-015\sub-015_backward_mtrf_env_onset.summary.json,results_env_onset\sub-015\sub-015_backward_mtrf_env_onset.trial_results.csv,hi,HI,1,0.06740432918612249,-0.017643789195132376,0.07506144170258099,-0.029484452299562054,0.08504811838125487,0.10454589400214304,0.09479700619169895,0.0849443925841386,0.10439669912577632,0.09467054585495746
sub-015,19,1,0.2295414526735401,0.203116316514202,-0.0116902572435821,0.2148065737577841,0.2287387488059705,-0.0155375827833254,0.244276331589296,0.2295414526735401,0.96875,32,2,"envelope,onset",data/processed/env_onset/sub-015_mtrf_env_onset.npz,-0.5,0.0,0.05,hamming,1,,l2,1,True,mean,"1.0,1.0",results_env_onset\sub-015\sub-015_backward_mtrf_env_onset.summary.json,results_env_onset\sub-015\sub-015_backward_mtrf_env_onset.trial_results.csv,hi,HI,1,0.20598083739829384,-0.011690789825677403,0.23285817571523917,-0.015538833307309931,0.21767162722397124,0.2483970090225491,0.23303431812326017,0.21480657375778411,0.2442763315892959,0.22954145267354
sub-015,20,1,0.1733500415637343,0.1253920124349824,-0.0594588965665479,0.1848509090015304,0.1277789659473732,-0.034070208178565,0.1618491741259383,0.1733500415637343,0.96875,32,2,"envelope,onset",data/processed/env_onset/sub-015_mtrf_env_onset.npz,-0.5,0.0,0.05,hamming,1,,l2,1,True,mean,"1.0,1.0",results_env_onset\sub-015\sub-015_backward_mtrf_env_onset.summary.json,results_env_onset\sub-015\sub-015_backward_mtrf_env_onset.trial_results.csv,hi,HI,1,0.12605546884095542,-0.05952911511797384,0.12848129473795214,-0.034083400029174656,0.18558458395892927,0.1625646947671268,0.17407463936302803,0.1848509090015303,0.1618491741259382,0.17335004156373424
sub-015,21,1,0.0411559832231666,0.0857859499458281,0.0125630907402402,0.0732228592055878,0.0291373512627407,0.0200482440219951,0.0090891072407455,0.0411559832231666,0.96875,32,2,"envelope,onset",data/processed/env_onset/sub-015_mtrf_env_onset.npz,-0.5,0.0,0.05,hamming,1,,l2,1,True,mean,"1.0,1.0",results_env_onset\sub-015\sub-015_backward_mtrf_env_onset.summary.json,results_env_onset\sub-015\sub-015_backward_mtrf_env_onset.trial_results.csv,hi,HI,1,0.08599732355135717,0.0125637517522724,0.029145601192627914,0.020050930680800105,0.07343357179908477,0.009094670511827808,0.04126412115545629,0.0732228592055879,0.0090891072407456,0.04115598322316675
sub-015,22,1,0.1414323286531199,0.085975221752184,-0.0777835219318939,0.1637587436840779,0.1113542721411049,-0.0077516414810569,0.1191059136221619,0.1414323286531199,0.96875,32,2,"envelope,onset",data/processed/env_onset/sub-015_mtrf_env_onset.npz,-0.5,0.0,0.05,hamming,1,,l2,1,True,mean,"1.0,1.0",results_env_onset\sub-015\sub-015_backward_mtrf_env_onset.summary.json,results_env_onset\sub-015\sub-015_backward_mtrf_env_onset.trial_results.csv,hi,HI,1,0.08618800170022416,-0.07794096447017976,0.11181798294010019,-0.007751796746725368,0.1641289661704039,0.11956977968682556,0.14184937292861471,0.1637587436840779,0.1191059136221618,0.14143232865311983
sub-015,23,1,0.1939072534578444,0.1498708096957937,-0.0482476663158353,0.198118476011629,0.1492383351590721,-0.0404576957449876,0.1896960309040598,0.1939072534578444,0.96875,32,2,"envelope,onset",data/processed/env_onset/sub-015_mtrf_env_onset.npz,-0.5,0.0,0.05,hamming,1,,l2,1,True,mean,"1.0,1.0",results_env_onset\sub-015\sub-015_backward_mtrf_env_onset.summary.json,results_env_onset\sub-015\sub-015_backward_mtrf_env_onset.trial_results.csv,hi,HI,1,0.15100827456167065,-0.04828515626459157,0.1503613300721108,-0.04047979150709106,0.19929343082626222,0.19084112157920186,0.19506727620273204,0.198118476011629,0.18969603090405968,0.19390725345784432
sub-015,24,1,0.0583978418538953,0.0923792882299131,0.0200288964802149,0.0723503917496981,0.1066525938557746,0.0622073018976821,0.0444452919580924,0.0583978418538953,0.96875,32,2,"envelope,onset",data/processed/env_onset/sub-015_mtrf_env_onset.npz,-0.5,0.0,0.05,hamming,1,,l2,1,True,mean,"1.0,1.0",results_env_onset\sub-015\sub-015_backward_mtrf_env_onset.summary.json,results_env_onset\sub-015\sub-015_backward_mtrf_env_onset.trial_results.csv,hi,HI,1,0.09264342826229148,0.020031575367003413,0.107059759453476,0.062287730927023395,0.07261185289528807,0.0447720285264526,0.05869194071087033,0.0723503917496982,0.04444529195809249,0.05839784185389535
sub-015,25,1,0.1736292496399816,0.148371378961835,-0.03530663243972,0.1836780114015551,0.1135038960100993,-0.0500765918683087,0.163580487878408,0.1736292496399816,0.96875,32,2,"envelope,onset",data/processed/env_onset/sub-015_mtrf_env_onset.npz,-0.5,0.0,0.05,hamming,1,,l2,1,True,mean,"1.0,1.0",results_env_onset\sub-015\sub-015_backward_mtrf_env_onset.summary.json,results_env_onset\sub-015\sub-015_backward_mtrf_env_onset.trial_results.csv,hi,HI,1,0.14947474220060197,-0.035321314013984674,0.1139951274478132,-0.05011851340130951,0.18479605621458664,0.16411364084912272,0.17445484853185467,0.18367801140155499,0.163580487878408,0.1736292496399815
sub-015,26,1,0.1213177687135018,0.1178706538822301,-0.0168828279240449,0.134753481806275,0.0897299232381013,-0.0181521323826273,0.1078820556207287,0.1213177687135018,0.96875,32,2,"envelope,onset",data/processed/env_onset/sub-015_mtrf_env_onset.npz,-0.5,0.0,0.05,hamming,1,,l2,1,True,mean,"1.0,1.0",results_env_onset\sub-015\sub-015_backward_mtrf_env_onset.summary.json,results_env_onset\sub-015\sub-015_backward_mtrf_env_onset.trial_results.csv,hi,HI,1,0.11842112831912055,-0.01688443223521832,0.08997191227353268,-0.01815412648553853,0.13530556055433887,0.10812603875907122,0.12171579965670504,0.134753481806275,0.10788205562072861,0.1213177687135018
sub-015,27,1,0.1078251209600155,0.1502793887364304,-0.0012151174374554,0.1514945061738859,0.115129818330754,0.0509740825846087,0.0641557357461452,0.1078251209600155,0.96875,32,2,"envelope,onset",data/processed/env_onset/sub-015_mtrf_env_onset.npz,-0.5,0.0,0.05,hamming,1,,l2,1,True,mean,"1.0,1.0",results_env_onset\sub-015\sub-015_backward_mtrf_env_onset.summary.json,results_env_onset\sub-015\sub-015_backward_mtrf_env_onset.trial_results.csv,hi,HI,1,0.15142626787792238,-0.0012151180355004358,0.11564257962209046,0.05101830116555947,0.1526413859134228,0.06462427845653099,0.1086328321849769,0.1514945061738858,0.0641557357461453,0.10782512096001555
sub-015,28,1,0.1687740794033295,0.1567964167271251,0.0028586232487185,0.1539377934784066,0.1410157087122364,-0.042594656616016,0.1836103653282524,0.1687740794033295,0.96875,32,2,"envelope,onset",data/processed/env_onset/sub-015_mtrf_env_onset.npz,-0.5,0.0,0.05,hamming,1,,l2,1,True,mean,"1.0,1.0",results_env_onset\sub-015\sub-015_backward_mtrf_env_onset.summary.json,results_env_onset\sub-015\sub-015_backward_mtrf_env_onset.trial_results.csv,hi,HI,1,0.15810066321811037,0.002858631035386157,0.14196174132715303,-0.04262044459044596,0.1552420321827242,0.184582185917599,0.1699121090501616,0.1539377934784066,0.1836103653282524,0.1687740794033295
sub-015,29,1,0.0765863924658058,0.0703381689564292,-0.0303031949105383,0.1006413638669676,0.072204520966092,0.0196730999014479,0.052531421064644,0.0765863924658058,0.96875,32,2,"envelope,onset",data/processed/env_onset/sub-015_mtrf_env_onset.npz,-0.5,0.0,0.05,hamming,1,,l2,1,True,mean,"1.0,1.0",results_env_onset\sub-015\sub-015_backward_mtrf_env_onset.summary.json,results_env_onset\sub-015\sub-015_backward_mtrf_env_onset.trial_results.csv,hi,HI,1,0.07045451289544119,-0.030312475667019907,0.0723303941960483,0.01967563852324512,0.1007669885624611,0.05265475567280317,0.07671087211763214,0.10064136386696751,0.052531421064644104,0.07658639246580581
sub-015,30,1,0.1153191275991089,0.1059800660015321,-0.0524538668317892,0.1584339328333214,0.0607259186984036,-0.0114784036664927,0.0722043223648964,0.1153191275991089,0.96875,32,2,"envelope,onset",data/processed/env_onset/sub-015_mtrf_env_onset.npz,-0.5,0.0,0.05,hamming,1,,l2,1,True,mean,"1.0,1.0",results_env_onset\sub-015\sub-015_backward_mtrf_env_onset.summary.json,results_env_onset\sub-015\sub-015_backward_mtrf_env_onset.trial_results.csv,hi,HI,1,0.10637954297536936,-0.05250205373810284,0.06080072934531081,-0.011478907813925777,0.1588815967134722,0.07227963715923659,0.11558061693635441,0.1584339328333213,0.0722043223648963,0.1153191275991088
sub-015,31,1,0.0655532054203368,0.1125854412426153,0.0573776191138777,0.0552078221287376,0.1243655506629796,0.0484669619510434,0.0758985887119361,0.0655532054203368,0.96875,32,2,"envelope,onset",data/processed/env_onset/sub-015_mtrf_env_onset.npz,-0.5,0.0,0.05,hamming,1,,l2,1,True,mean,"1.0,1.0",results_env_onset\sub-015\sub-015_backward_mtrf_env_onset.summary.json,results_env_onset\sub-015\sub-015_backward_mtrf_env_onset.trial_results.csv,hi,HI,1,0.11306478365791084,0.057440709815269934,0.12501274601137574,0.04850496591012089,0.055624073842640905,0.07650778010125485,0.06606592697194788,0.0552078221287376,0.0758985887119362,0.0655532054203369
sub-016,0,0,-0.0224945486867718,0.0821691245384082,0.0473746130756229,0.0347945114627852,0.0167304286333977,0.0965140374697266,-0.0797836088363289,-0.0224945486867718,0.75,32,2,"envelope,onset",data/processed/env_onset/sub-016_mtrf_env_onset.npz,-0.5,0.0,0.05,hamming,1,,l2,1,True,mean,"1.0,1.0",results_env_onset\sub-016\sub-016_backward_mtrf_env_onset.summary.json,results_env_onset\sub-016\sub-016_backward_mtrf_env_onset.trial_results.csv,hi,HI,1,0.08235480620202046,0.047410102678851644,0.01673198988498965,0.0968153983511031,0.034944703523168814,-0.08008340846611345,-0.022569352471472317,0.0347945114627853,-0.0797836088363289,-0.0224945486867718
sub-016,1,1,0.0263118484995918,0.1015993797969953,0.0489116177822317,0.0526877620147635,0.0590475635309309,0.0591116285465108,-6.40650155798797e-05,0.0263118484995918,0.75,32,2,"envelope,onset",data/processed/env_onset/sub-016_mtrf_env_onset.npz,-0.5,0.0,0.05,hamming,1,,l2,1,True,mean,"1.0,1.0",results_env_onset\sub-016\sub-016_backward_mtrf_env_onset.summary.json,results_env_onset\sub-016\sub-016_backward_mtrf_env_onset.trial_results.csv,hi,HI,1,0.10195114532328314,0.04895067837561871,0.05911633282039905,0.05918062223167674,0.053000466947664436,-6.428941127769455e-05,0.02646808876819337,0.052687762014763606,-6.406501557990052e-05,0.026311848499591853
sub-016,2,1,0.092016451289968,0.0945719266414983,-0.0418368652292846,0.1364087918707829,0.0416268799010237,-0.0059972308081293,0.0476241107091531,0.092016451289968,0.75,32,2,"envelope,onset",data/processed/env_onset/sub-016_mtrf_env_onset.npz,-0.5,0.0,0.05,hamming,1,,l2,1,True,mean,"1.0,1.0",results_env_onset\sub-016\sub-016_backward_mtrf_env_onset.summary.json,results_env_onset\sub-016\sub-016_backward_mtrf_env_onset.trial_results.csv,hi,HI,1,0.094855395069775,-0.04186130024248744,0.04165094857567371,-0.00599730271003605,0.13671669531226244,0.047648251285709764,0.0921824732989861,0.1364087918707829,0.047624110709153,0.09201645128996794
sub-016,3,1,0.0649007725078233,0.0514603484216217,-0.0293980856765948,0.0808584340982165,0.0162888516737404,-0.0326542592436896,0.0489431109174301,0.0649007725078233,0.75,32,2,"envelope,onset",data/processed/env_onset/sub-016_mtrf_env_onset.npz,-0.5,0.0,0.05,hamming,1,,l2,1,True,mean,"1.0,1.0",results_env_onset\sub-016\sub-016_backward_mtrf_env_onset.summary.json,results_env_onset\sub-016\sub-016_backward_mtrf_env_onset.trial_results.csv,hi,HI,1,0.0515058459412786,-0.029406559144375847,0.016290292525485126,-0.03266587309415961,0.08091240508565445,0.048956165619644734,0.06493428535264958,0.0808584340982165,0.048943110917430005,0.06490077250782325
sub-016,4,1,0.0743797869435551,0.0779179923463028,-0.0429978302736502,0.120915822619953,0.009952751648214,-0.0178909996189431,0.0278437512671572,0.0743797869435551,0.75,32,2,"envelope,onset",data/processed/env_onset/sub-016_mtrf_env_onset.npz,-0.5,0.0,0.05,hamming,1,,l2,1,True,mean,"1.0,1.0",results_env_onset\sub-016\sub-016_backward_mtrf_env_onset.summary.json,results_env_onset\sub-016\sub-016_backward_mtrf_env_onset.trial_results.csv,hi,HI,1,0.07807625484463394,-0.04302435802850685,0.009953080298534407,-0.017892908882940213,0.12110061287314079,0.02784598918147462,0.0744733010273077,0.120915822619953,0.027843751267157102,0.07437978694355504
sub-016,5,1,0.0428813961483944,0.0548658112828604,0.0044789066762366,0.0503869046066238,0.0383918802918643,0.0030159926016993,0.035375887690165,0.0428813961483944,0.75,32,2,"envelope,onset",data/processed/env_onset/sub-016_mtrf_env_onset.npz,-0.5,0.0,0.05,hamming,1,,l2,1,True,mean,"1.0,1.0",results_env_onset\sub-016\sub-016_backward_mtrf_env_onset.summary.json,results_env_onset\sub-016\sub-016_backward_mtrf_env_onset.trial_results.csv,hi,HI,1,0.05492096433412929,0.004478936626456335,0.03841075938816671,0.0030160017464512783,0.050442027707672955,0.03539475764171543,0.04291839267469419,0.0503869046066238,0.035375887690165,0.0428813961483944
sub-016,6,0,-0.0832396551187718,0.0188229159879798,0.0615501398352518,-0.042727223847272,0.0383906783981904,0.162142764788462,-0.1237520863902716,-0.0832396551187718,0.75,32,2,"envelope,onset",data/processed/env_onset/sub-016_mtrf_env_onset.npz,-0.5,0.0,0.05,hamming,1,,l2,1,True,mean,"1.0,1.0",results_env_onset\sub-016\sub-016_backward_mtrf_env_onset.summary.json,results_env_onset\sub-016\sub-016_backward_mtrf_env_onset.trial_results.csv,hi,HI,1,0.0188251394606378,0.06162804291084207,0.038409555720418556,0.16358653443480514,-0.042802903450204266,-0.1251769787143866,-0.08398994108229543,-0.042727223847272,-0.1237520863902716,-0.0832396551187718
sub-016,7,1,0.1500215584786532,0.1169496343520963,-0.0137681699633922,0.1307178043154886,0.1272384853735587,-0.042086827268259,0.1693253126418177,0.1500215584786532,0.75,32,2,"envelope,onset",data/processed/env_onset/sub-016_mtrf_env_onset.npz,-0.5,0.0,0.05,hamming,1,,l2,1,True,mean,"1.0,1.0",results_env_onset\sub-016\sub-016_backward_mtrf_env_onset.summary.json,results_env_onset\sub-016\sub-016_backward_mtrf_env_onset.trial_results.csv,hi,HI,1,0.11748723486546195,-0.013769040038613092,0.12793188152888904,-0.04211170319142105,0.13125627490407504,0.1700435847203101,0.15064992981219255,0.1307178043154885,0.1693253126418177,0.1500215584786531
sub-016,8,1,0.0229595845286353,0.0470537089218916,0.0687716963491347,-0.021717987427243,0.076790862864446,0.0091537063799322,0.0676371564845138,0.0229595845286353,0.75,32,2,"envelope,onset",data/processed/env_onset/sub-016_mtrf_env_onset.npz,-0.5,0.0,0.05,hamming,1,,l2,1,True,mean,"1.0,1.0",results_env_onset\sub-016\sub-016_backward_mtrf_env_onset.summary.json,results_env_onset\sub-016\sub-016_backward_mtrf_env_onset.trial_results.csv,hi,HI,1,0.047088481571961834,0.06888042469656651,0.0769423402264696,0.009153962056844385,-0.021791943124604675,0.06778837816962521,0.02299821752251027,-0.021717987427243103,0.06763715648451381,0.022959584528635352
sub-016,9,0,-0.0343685484249708,0.0706780387957164,0.0620506966578788,0.0086273421378375,-0.014788361719895,0.0625760772678842,-0.0773644389877793,-0.0343685484249708,0.75,32,2,"envelope,onset",data/processed/env_onset/sub-016_mtrf_env_onset.npz,-0.5,0.0,0.05,hamming,1,,l2,1,True,mean,"1.0,1.0",results_env_onset\sub-016\sub-016_backward_mtrf_env_onset.summary.json,results_env_onset\sub-016\sub-016_backward_mtrf_env_onset.trial_results.csv,hi,HI,1,0.07079608080630481,0.06213051884628895,-0.014789439911464601,0.06265794745184156,0.00866556196001586,-0.07744738736330616,-0.03439091270164515,0.008627342137837592,-0.0773644389877792,-0.03436854842497081
sub-016,10,1,0.0138817265215082,0.0564058658169232,0.0525958350688193,0.0038100307481039,0.1171652272822979,0.0932118049873854,0.0239534222949125,0.0138817265215082,0.75,32,2,"envelope,onset",data/processed/env_onset/sub-016_mtrf_env_onset.npz,-0.5,0.0,0.05,hamming,1,,l2,1,True,mean,"1.0,1.0",results_env_onset\sub-016\sub-016_backward_mtrf_env_onset.summary.json,results_env_onset\sub-016\sub-016_backward_mtrf_env_onset.trial_results.csv,hi,HI,1,0.05646580098207658,0.05264441472941453,0.11770582298764737,0.09348317615032578,0.003821386252662054,0.024222646837321588,0.01402201654499182,0.003810030748103904,0.0239534222949125,0.013881726521508202
sub-016,11,1,0.0670740387194309,0.0801333110615901,-0.0159977397614407,0.0961310508230309,0.0519877819537526,0.0139707553379217,0.0380170266158309,0.0670740387194309,0.75,32,2,"envelope,onset",data/processed/env_onset/sub-016_mtrf_env_onset.npz,-0.5,0.0,0.05,hamming,1,,l2,1,True,mean,"1.0,1.0",results_env_onset\sub-016\sub-016_backward_mtrf_env_onset.summary.json,results_env_onset\sub-016\sub-016_backward_mtrf_env_onset.trial_results.csv,hi,HI,1,0.08030549622650912,-0.015999104725840128,0.05203469435570048,0.01397166439106063,0.09630460095234925,0.03806302996463985,0.06718381545849456,0.0961310508230308,0.0380170266158309,0.06707403871943085
sub-016,12,0,-0.0127899631340766,0.0768269296465307,0.0293459267516556,0.047481002894875,0.0433700765691767,0.1164310057322051,-0.0730609291630284,-0.0127899631340766,0.75,32,2,"envelope,onset",data/processed/env_onset/sub-016_mtrf_env_onset.npz,-0.5,0.0,0.05,hamming,1,,l2,1,True,mean,"1.0,1.0",results_env_onset\sub-016\sub-016_backward_mtrf_env_onset.summary.json,results_env_onset\sub-016\sub-016_backward_mtrf_env_onset.trial_results.csv,hi,HI,1,0.07697862105114904,0.029354355182296732,0.04339729981028326,0.11696144677077472,0.04762426586885231,-0.07356414696049146,-0.012969940545819576,0.047481002894875106,-0.0730609291630284,-0.01278996313407665
sub-016,13,1,0.0306710690508093,0.0397682638628871,0.0019108584324087,0.0378574054304783,0.0671964829004638,0.0437117502293235,0.0234847326711403,0.0306710690508093,0.75,32,2,"envelope,onset",data/processed/env_onset/sub-016_mtrf_env_onset.npz,-0.5,0.0,0.05,hamming,1,,l2,1,True,mean,"1.0,1.0",results_env_onset\sub-016\sub-016_backward_mtrf_env_onset.summary.json,results_env_onset\sub-016\sub-016_backward_mtrf_env_onset.trial_results.csv,hi,HI,1,0.039789248478408465,0.0019108607581705172,0.06729789672916059,0.043739622452864765,0.037878387720237945,0.023558274276295824,0.030718330998266884,0.0378574054304784,0.023484732671140304,0.030671069050809352
sub-016,14,1,0.0596750031030044,0.0863384691098382,0.0262829339609887,0.0600555351488494,0.094863505641789,0.0355690345846297,0.0592944710571593,0.0596750031030044,0.75,32,2,"envelope,onset",data/processed/env_onset/sub-016_mtrf_env_onset.npz,-0.5,0.0,0.05,hamming,1,,l2,1,True,mean,"1.0,1.0",results_env_onset\sub-016\sub-016_backward_mtrf_env_onset.summary.json,results_env_onset\sub-016\sub-016_backward_mtrf_env_onset.trial_results.csv,hi,HI,1,0.08655396561288373,0.02628898848955742,0.09514961363815083,0.03558404610989638,0.060264977123326305,0.059565567528254454,0.05991527232579038,0.060055535148849495,0.0592944710571593,0.0596750031030044
sub-016,15,1,0.1627736734212707,0.148281452050187,-0.0227768384910463,0.1710582905412334,0.1434850795480193,-0.0110039767532885,0.1544890563013079,0.1627736734212707,0.75,32,2,"envelope,onset",data/processed/env_onset/sub-016_mtrf_env_onset.npz,-0.5,0.0,0.05,hamming,1,,l2,1,True,mean,"1.0,1.0",results_env_onset\sub-016\sub-016_backward_mtrf_env_onset.summary.json,results_env_onset\sub-016\sub-016_backward_mtrf_env_onset.trial_results.csv,hi,HI,1,0.14938279232490814,-0.022780778473468048,0.14448211372507103,-0.011004420933587554,0.1721635707983762,0.15548653465865858,0.16382505272851738,0.1710582905412333,0.15448905630130783,0.16277367342127058
sub-016,16,0,-0.0586560677382801,0.030150753622379,0.052938772848462,-0.0227880192260829,-0.0313887457511623,0.0631353704993149,-0.0945241162504773,-0.0586560677382801,0.75,32,2,"envelope,onset",data/processed/env_onset/sub-016_mtrf_env_onset.npz,-0.5,0.0,0.05,hamming,1,,l2,1,True,mean,"1.0,1.0",results_env_onset\sub-016\sub-016_backward_mtrf_env_onset.summary.json,results_env_onset\sub-016\sub-016_backward_mtrf_env_onset.trial_results.csv,hi,HI,1,0.030159894970162825,0.052988310050597016,-0.03139906047182122,0.06321945914212512,-0.022828415080434192,-0.09461851961394635,-0.05872346734719027,-0.022788019226082996,-0.09452411625047721,-0.0586560677382801
sub-016,17,0,-0.0524719704990832,0.0131613380919669,0.0752681634634548,-0.0621068253714879,0.0263732550909126,0.069210370717591,-0.0428371156266784,-0.0524719704990832,0.75,32,2,"envelope,onset",data/processed/env_onset/sub-016_mtrf_env_onset.npz,-0.5,0.0,0.05,hamming,1,,l2,1,True,mean,"1.0,1.0",results_env_onset\sub-016\sub-016_backward_mtrf_env_onset.summary.json,results_env_onset\sub-016\sub-016_backward_mtrf_env_onset.trial_results.csv,hi,HI,1,0.013162098110219544,0.07541078740167557,0.02637937227073851,0.06932119704400842,-0.06224868929145603,-0.04294182477326991,-0.052595257032362966,-0.0621068253714879,-0.0428371156266784,-0.05247197049908315
sub-016,18,0,-1.6286888890035267e-05,0.1002494587422384,0.0868314744922531,0.0134179842499852,0.086780183394853,0.1002307414226183,-0.0134505580277653,-1.6286888890035267e-05,0.75,32,2,"envelope,onset",data/processed/env_onset/sub-016_mtrf_env_onset.npz,-0.5,0.0,0.05,hamming,1,,l2,1,True,mean,"1.0,1.0",results_env_onset\sub-016\sub-016_backward_mtrf_env_onset.summary.json,results_env_onset\sub-016\sub-016_backward_mtrf_env_onset.trial_results.csv,hi,HI,1,0.10058733261340032,0.08705069496442254,0.08699901444124832,0.10056842531174418,0.013536637648977778,-0.01356941087049586,-1.6386610759040743e-05,0.01341798424998529,-0.013450558027765305,-1.628688889000751e-05
sub-016,19,1,0.0570314041479163,0.0753468065707556,-0.0199873646447481,0.0953341712155038,0.0237158990610666,0.0049872619807377,0.0187286370803289,0.0570314041479163,0.75,32,2,"envelope,onset",data/processed/env_onset/sub-016_mtrf_env_onset.npz,-0.5,0.0,0.05,hamming,1,,l2,1,True,mean,"1.0,1.0",results_env_onset\sub-016\sub-016_backward_mtrf_env_onset.summary.json,results_env_onset\sub-016\sub-016_backward_mtrf_env_onset.trial_results.csv,hi,HI,1,0.0754898790549705,-0.01999002689862804,0.023720346849477738,0.004987303330381571,0.09547990595359854,0.018733043519096167,0.05710647473634735,0.0953341712155037,0.0187286370803289,0.0570314041479163
sub-016,20,1,0.0958673453022877,0.1350008470098031,0.0207616815928862,0.1142391654169169,0.1582996074615519,0.0808040822738934,0.0774955251876585,0.0958673453022877,0.75,32,2,"envelope,onset",data/processed/env_onset/sub-016_mtrf_env_onset.npz,-0.5,0.0,0.05,hamming,1,,l2,1,True,mean,"1.0,1.0",results_env_onset\sub-016\sub-016_backward_mtrf_env_onset.summary.json,results_env_onset\sub-016\sub-016_backward_mtrf_env_onset.trial_results.csv,hi,HI,1,0.13583007422502644,0.020764665454415288,0.1596421152325554,0.0809806391578187,0.11506540877061115,0.0786614760747367,0.09686344242267392,0.11423916541691691,0.0774955251876585,0.0958673453022877
sub-016,21,1,0.0986355924835855,0.0614661526256466,-0.0308838088840957,0.0923499615097424,0.0777707876771254,-0.0271504357803031,0.1049212234574286,0.0986355924835855,0.75,32,2,"envelope,onset",data/processed/env_onset/sub-016_mtrf_env_onset.npz,-0.5,0.0,0.05,hamming,1,,l2,1,True,mean,"1.0,1.0",results_env_onset\sub-016\sub-016_backward_mtrf_env_onset.summary.json,results_env_onset\sub-016\sub-016_backward_mtrf_env_onset.trial_results.csv,hi,HI,1,0.061543736749729475,-0.030893633598913294,0.07792815271343281,-0.02715711001233622,0.09243737034864277,0.10508526272576904,0.0987613165372059,0.0923499615097423,0.1049212234574285,0.0986355924835854
sub-016,22,1,0.0923872354575525,0.105332315796564,0.0297804161872482,0.0755518996093157,0.1303761367245795,0.0211535654187901,0.1092225713057894,0.0923872354575525,0.75,32,2,"envelope,onset",data/processed/env_onset/sub-016_mtrf_env_onset.npz,-0.5,0.0,0.05,hamming,1,,l2,1,True,mean,"1.0,1.0",results_env_onset\sub-016\sub-016_backward_mtrf_env_onset.summary.json,results_env_onset\sub-016\sub-016_backward_mtrf_env_onset.trial_results.csv,hi,HI,1,0.1057244801287996,0.029789224692490596,0.1311224717889103,0.021156721484972635,0.07593525543630901,0.10996575030393765,0.09295050287012332,0.0755518996093158,0.10922257130578941,0.0923872354575526
sub-016,23,1,0.1059991570028167,0.1200210821317342,0.0062714755700502,0.113749606561684,0.061329143624117,-0.0369195638198324,0.0982487074439495,0.1059991570028167,0.75,32,2,"envelope,onset",data/processed/env_onset/sub-016_mtrf_env_onset.npz,-0.5,0.0,0.05,hamming,1,,l2,1,True,mean,"1.0,1.0",results_env_onset\sub-016\sub-016_backward_mtrf_env_onset.summary.json,results_env_onset\sub-016\sub-016_backward_mtrf_env_onset.trial_results.csv,hi,HI,1,0.1206024186132447,0.006271557793974189,0.061406209314771365,-0.03693635200731674,0.1143308608192705,0.0983425613220881,0.1063367110706793,0.113749606561684,0.0982487074439494,0.1059991570028167
sub-016,24,1,0.0571622608889192,0.061668872292381,-0.017516066350372,0.0791849386427531,0.090168987837085,0.0550294047019997,0.0351395831350853,0.0571622608889192,0.75,32,2,"envelope,onset",data/processed/env_onset/sub-016_mtrf_env_onset.npz,-0.5,0.0,0.05,hamming,1,,l2,1,True,mean,"1.0,1.0",results_env_onset\sub-016\sub-016_backward_mtrf_env_onset.summary.json,results_env_onset\sub-016\sub-016_backward_mtrf_env_onset.trial_results.csv,hi,HI,1,0.061747227761775145,-0.017517858063387376,0.09041455828650048,0.055085053177175776,0.07926508582516252,0.035329505109324706,0.05729729546724362,0.079184938642753,0.035139583135085306,0.05716226088891915
sub-016,25,1,0.083619402140934,0.177726918957895,0.0866574015175252,0.0910695174403698,0.1268996526530686,0.0507303658115703,0.0761692868414983,0.083619402140934,0.75,32,2,"envelope,onset",data/processed/env_onset/sub-016_mtrf_env_onset.npz,-0.5,0.0,0.05,hamming,1,,l2,1,True,mean,"1.0,1.0",results_env_onset\sub-016\sub-016_backward_mtrf_env_onset.summary.json,results_env_onset\sub-016\sub-016_backward_mtrf_env_onset.trial_results.csv,hi,HI,1,0.17963448227506404,0.08687530222949924,0.12758748803876527,0.050773952518230706,0.0927591800455648,0.07681353552053456,0.08478635778304969,0.0910695174403698,0.0761692868414983,0.08361940214093405
sub-016,26,0,-0.0058582731431853,0.065731493037088,0.0178638249171334,0.0478676681199545,0.0174742547425334,0.0770584691488588,-0.0595842144063253,-0.0058582731431853,0.75,32,2,"envelope,onset",data/processed/env_onset/sub-016_mtrf_env_onset.npz,-0.5,0.0,0.05,hamming,1,,l2,1,True,mean,"1.0,1.0",results_env_onset\sub-016\sub-016_backward_mtrf_env_onset.summary.json,results_env_onset\sub-016\sub-016_backward_mtrf_env_onset.trial_results.csv,hi,HI,1,0.06582640634553162,0.017865725493266683,0.017476033653900543,0.07721153947329178,0.04796068085226494,-0.05973550581939123,-0.005887412483563146,0.047867668119954604,-0.0595842144063254,-0.005858273143185398
sub-016,27,1,0.0074001572567659,0.0937074525665711,0.0524875406617836,0.0412199119047875,0.0149018417742179,0.0413214391654735,-0.0264195973912556,0.0074001572567659,0.75,32,2,"envelope,onset",data/processed/env_onset/sub-016_mtrf_env_onset.npz,-0.5,0.0,0.05,hamming,1,,l2,1,True,mean,"1.0,1.0",results_env_onset\sub-016\sub-016_backward_mtrf_env_onset.summary.json,results_env_onset\sub-016\sub-016_backward_mtrf_env_onset.trial_results.csv,hi,HI,1,0.09398319122286844,0.05253582053399035,0.014902944979821076,0.041344981542025844,0.04144737068887809,-0.026442036562204767,0.007502667063336662,0.04121991190478751,-0.026419597391255597,0.007400157256765955
sub-016,28,1,0.1077208918621782,0.1085256094284497,0.0074296901653588,0.1010959192630909,0.1360959934765729,0.0217501290153074,0.1143458644612655,0.1077208918621782,0.75,32,2,"envelope,onset",data/processed/env_onset/sub-016_mtrf_env_onset.npz,-0.5,0.0,0.05,hamming,1,,l2,1,True,mean,"1.0,1.0",results_env_onset\sub-016\sub-016_backward_mtrf_env_onset.summary.json,results_env_onset\sub-016\sub-016_backward_mtrf_env_onset.trial_results.csv,hi,HI,1,0.10895471044988331,0.007429826876918729,0.1369457189700567,0.02175355975330137,0.10152488357296457,0.11519215921675532,0.10835852139485995,0.1010959192630909,0.11434586446126549,0.1077208918621782
sub-016,29,1,0.0467953691077693,0.0749628065589291,0.0597129369783618,0.0152498695805673,0.133380050375952,0.0550391817409806,0.0783408686349714,0.0467953691077693,0.75,32,2,"envelope,onset",data/processed/env_onset/sub-016_mtrf_env_onset.npz,-0.5,0.0,0.05,hamming,1,,l2,1,True,mean,"1.0,1.0",results_env_onset\sub-016\sub-016_backward_mtrf_env_onset.summary.json,results_env_onset\sub-016\sub-016_backward_mtrf_env_onset.trial_results.csv,hi,HI,1,0.07510369779192207,0.05978406071078345,0.13417955619895536,0.05509485991855448,0.015319637081138614,0.07908469628040088,0.04720216668076975,0.015249869580567302,0.07834086863497139,0.046795369107769345
sub-016,30,1,0.0007039007787745,0.0654873005953035,0.0925013683090837,-0.0270140677137802,0.0607240248707735,0.032302155599444,0.0284218692713294,0.0007039007787745,0.75,32,2,"envelope,onset",data/processed/env_onset/sub-016_mtrf_env_onset.npz,-0.5,0.0,0.05,hamming,1,,l2,1,True,mean,"1.0,1.0",results_env_onset\sub-016\sub-016_backward_mtrf_env_onset.summary.json,results_env_onset\sub-016\sub-016_backward_mtrf_env_onset.trial_results.csv,hi,HI,1,0.06558115820910818,0.0927665605332618,0.060798828508302045,0.032313397643182244,-0.027185402324153618,0.0284854308651198,0.0006500142704830916,-0.027014067713780204,0.028421869271329503,0.0007039007787746493
sub-016,31,1,0.0714648845730369,0.0237805954711071,-0.032376638080514,0.0561572335516212,0.0655669730323007,-0.0212055625621518,0.0867725355944526,0.0714648845730369,0.75,32,2,"envelope,onset",data/processed/env_onset/sub-016_mtrf_env_onset.npz,-0.5,0.0,0.05,hamming,1,,l2,1,True,mean,"1.0,1.0",results_env_onset\sub-016\sub-016_backward_mtrf_env_onset.summary.json,results_env_onset\sub-016\sub-016_backward_mtrf_env_onset.trial_results.csv,hi,HI,1,0.023785079767563347,-0.03238795810234306,0.065661174219346,-0.02120874196337656,0.056173037869906406,0.08686991618272256,0.07152147702631448,0.0561572335516211,0.0867725355944525,0.07146488457303679
sub-017,0,0,-0.0233555045598587,0.0926489676329407,0.0740445102825292,0.0186044573504115,0.0346135056806409,0.09992897215077,-0.065315466470129,-0.0233555045598587,0.90625,32,2,"envelope,onset",data/processed/env_onset/sub-017_mtrf_env_onset.npz,-0.5,0.0,0.05,hamming,1,,l2,1,True,mean,"1.0,1.0",results_env_onset\sub-017\sub-017_backward_mtrf_env_onset.summary.json,results_env_onset\sub-017\sub-017_backward_mtrf_env_onset.trial_results.csv,hi,HI,1,0.09291543574201423,0.07418027572246726,0.034627339046319185,0.10026360294343512,0.018735160019546976,-0.06563626389711594,-0.02345055193878448,0.018604457350411496,-0.06531546647012909,-0.023355504559858797
sub-017,1,1,0.1040116128152814,0.1954735949808511,0.0611843095627896,0.1342892854180614,0.1483101788394377,0.0745762386269362,0.0737339402125014,0.1040116128152814,0.90625,32,2,"envelope,onset",data/processed/env_onset/sub-017_mtrf_env_onset.npz,-0.5,0.0,0.05,hamming,1,,l2,1,True,mean,"1.0,1.0",results_env_onset\sub-017\sub-017_backward_mtrf_env_onset.summary.json,results_env_onset\sub-017\sub-017_backward_mtrf_env_onset.trial_results.csv,hi,HI,1,0.1980219560497941,0.061260829732797534,0.149412165069241,0.07471495660455969,0.13676112631699658,0.0746972084646813,0.10572916739083893,0.1342892854180615,0.0737339402125015,0.10401161281528151
sub-017,2,1,0.1524009807018734,0.1885786602274314,0.0174062072288015,0.1711724529986298,0.1937222870552428,0.0600927786501257,0.133629508405117,0.1524009807018734,0.90625,32,2,"envelope,onset",data/processed/env_onset/sub-017_mtrf_env_onset.npz,-0.5,0.0,0.05,hamming,1,,l2,1,True,mean,"1.0,1.0",results_env_onset\sub-017\sub-017_backward_mtrf_env_onset.summary.json,results_env_onset\sub-017\sub-017_backward_mtrf_env_onset.trial_results.csv,hi,HI,1,0.1908630093496711,0.01740796543640053,0.19620171816464657,0.060165270301536886,0.17345504391327057,0.1360364478631097,0.15474574588819012,0.17117245299862988,0.13362950840511711,0.1524009807018735
sub-017,3,1,0.1348709772339613,0.1328848011261066,-0.0151120081735444,0.1479968092996511,0.0974529303758912,-0.0242922147923803,0.1217451451682716,0.1348709772339613,0.90625,32,2,"envelope,onset",data/processed/env_onset/sub-017_mtrf_env_onset.npz,-0.5,0.0,0.05,hamming,1,,l2,1,True,mean,"1.0,1.0",results_env_onset\sub-017\sub-017_backward_mtrf_env_onset.summary.json,results_env_onset\sub-017\sub-017_backward_mtrf_env_onset.trial_results.csv,hi,HI,1,0.13367537063063872,-0.015113158721695774,0.0977632062171188,-0.02429699485834359,0.1487885293523345,0.1220602010754624,0.13542436521389845,0.147996809299651,0.1217451451682715,0.13487097723396124
sub-017,4,1,0.0462984223801211,0.0471094043220053,-0.0019731630498708,0.0490825673718761,0.0629611004860526,0.0194468230976865,0.0435142773883661,0.0462984223801211,0.90625,32,2,"envelope,onset",data/processed/env_onset/sub-017_mtrf_env_onset.npz,-0.5,0.0,0.05,hamming,1,,l2,1,True,mean,"1.0,1.0",results_env_onset\sub-017\sub-017_backward_mtrf_env_onset.summary.json,results_env_onset\sub-017\sub-017_backward_mtrf_env_onset.trial_results.csv,hi,HI,1,0.0471443007048534,-0.001973165610629649,0.06304449362649128,0.019449275113665555,0.04911746631548305,0.04359521851282573,0.046356342414154386,0.0490825673718761,0.04351427738836611,0.04629842238012111
sub-017,5,0,-0.0002904217218437,0.0540817838637304,0.047327881659089,0.0067539022046413,0.1088787402841083,0.1162134859324372,-0.0073347456483288,-0.0002904217218437,0.90625,32,2,"envelope,onset",data/processed/env_onset/sub-017_mtrf_env_onset.npz,-0.5,0.0,0.05,hamming,1,,l2,1,True,mean,"1.0,1.0",results_env_onset\sub-017\sub-017_backward_mtrf_env_onset.summary.json,results_env_onset\sub-017\sub-017_backward_mtrf_env_onset.trial_results.csv,hi,HI,1,0.0541346034311239,0.047363266248445696,0.10931206385545704,0.11674094336834685,0.006771337182678201,-0.007428879512889813,-0.00032877116510580603,0.0067539022046414,-0.007334745648328908,-0.00029042172184375395
sub-017,6,1,0.07180588454576,0.1236429760730461,0.0263402509158805,0.0973027251571656,0.1080506372455822,0.0617415933112277,0.0463090439343545,0.07180588454576,0.90625,32,2,"envelope,onset",data/processed/env_onset/sub-017_mtrf_env_onset.npz,-0.5,0.0,0.05,hamming,1,,l2,1,True,mean,"1.0,1.0",results_env_onset\sub-017\sub-017_backward_mtrf_env_onset.summary.json,results_env_onset\sub-017\sub-017_backward_mtrf_env_onset.trial_results.csv,hi,HI,1,0.12427888679223029,0.026346345152476778,0.1084741024960166,0.06182022672682401,0.09793254163975351,0.046653875769192596,0.07229320870447306,0.09730272515716559,0.0463090439343545,0.07180588454576005
sub-017,7,1,0.0753268132135568,0.1029372121501977,0.0125105978284441,0.0904266143217536,0.1327685215169191,0.072541509411559,0.06022701210536,0.0753268132135568,0.90625,32,2,"envelope,onset",data/processed/env_onset/sub-017_mtrf_env_onset.npz,-0.5,0.0,0.05,hamming,1,,l2,1,True,mean,"1.0,1.0",results_env_onset\sub-017\sub-017_backward_mtrf_env_onset.summary.json,results_env_onset\sub-017\sub-017_backward_mtrf_env_onset.trial_results.csv,hi,HI,1,0.10330311790337389,0.012511250588726966,0.13355700266451973,0.07266915703485115,0.09079186731464692,0.06088784562966858,0.07583985647215774,0.0904266143217536,0.06022701210536009,0.07532681321355685
sub-017,8,1,0.0119469318909762,0.1128714283991549,0.1119979309329701,0.0008734974661848,0.1003395622320397,0.077319195916272,0.0230203663157676,0.0119469318909762,0.90625,32,2,"envelope,onset",data/processed/env_onset/sub-017_mtrf_env_onset.npz,-0.5,0.0,0.05,hamming,1,,l2,1,True,mean,"1.0,1.0",results_env_onset\sub-017\sub-017_backward_mtrf_env_onset.summary.json,results_env_onset\sub-017\sub-017_backward_mtrf_env_onset.trial_results.csv,hi,HI,1,0.11335445183279737,0.11246977055855627,0.10067835166286795,0.0774738289935792,0.0008846812742411003,0.023204522669288755,0.012044601971764927,0.0008734974661848,0.023020366315767704,0.011946931890976252
sub-017,9,1,0.0864630896424921,0.1347917843166888,0.0302421282972766,0.1045496560194121,0.1282335874752322,0.0598570642096602,0.068376523265572,0.0864630896424921,0.90625,32,2,"envelope,onset",data/processed/env_onset/sub-017_mtrf_env_onset.npz,-0.5,0.0,0.05,hamming,1,,l2,1,True,mean,"1.0,1.0",results_env_onset\sub-017\sub-017_backward_mtrf_env_onset.summary.json,results_env_onset\sub-017\sub-017_backward_mtrf_env_onset.trial_results.csv,hi,HI,1,0.135617136703599,0.030251353038882066,0.12894348961790583,0.05992870493642357,0.10536578366471694,0.06901478468148226,0.0871902841730996,0.10454965601941221,0.068376523265572,0.08646308964249211
sub-017,10,0,-0.0082448079329108,0.077821421571094,0.042441395445231,0.035380026125863,0.042248563606296,0.0941182055979807,-0.0518696419916847,-0.0082448079329108,0.90625,32,2,"envelope,onset",data/processed/env_onset/sub-017_mtrf_env_onset.npz,-0.5,0.0,0.05,hamming,1,,l2,1,True,mean,"1.0,1.0",results_env_onset\sub-017\sub-017_backward_mtrf_env_onset.summary.json,results_env_onset\sub-017\sub-017_backward_mtrf_env_onset.trial_results.csv,hi,HI,1,0.0779790949215713,0.042466905854712945,0.04227372762781972,0.0943975991808047,0.03551218906685836,-0.052123871552984986,-0.008305841243063314,0.035380026125862996,-0.0518696419916847,-0.008244807932910853
sub-017,11,1,0.1190358674046658,0.1447263484232935,0.0341094421368324,0.110616906286461,0.1532311898477072,0.0257763613248366,0.1274548285228706,0.1190358674046658,0.90625,32,2,"envelope,onset",data/processed/env_onset/sub-017_mtrf_env_onset.npz,-0.5,0.0,0.05,hamming,1,,l2,1,True,mean,"1.0,1.0",results_env_onset\sub-017\sub-017_backward_mtrf_env_onset.summary.json,results_env_onset\sub-017\sub-017_backward_mtrf_env_onset.trial_results.csv,hi,HI,1,0.14574970618088243,0.034122679634912466,0.1544476528829114,0.025782072385302533,0.11162702654596995,0.12866558049760887,0.12014630352178941,0.11061690628646109,0.1274548285228706,0.11903586740466585
sub-017,12,1,0.0011598306206447,0.096553352028509,0.0541356998256483,0.0424176522028607,0.0267067930547922,0.0668047840163635,-0.0400979909615712,0.0011598306206447,0.90625,32,2,"envelope,onset",data/processed/env_onset/sub-017_mtrf_env_onset.npz,-0.5,0.0,0.05,hamming,1,,l2,1,True,mean,"1.0,1.0",results_env_onset\sub-017\sub-017_backward_mtrf_env_onset.summary.json,results_env_onset\sub-017\sub-017_backward_mtrf_env_onset.trial_results.csv,hi,HI,1,0.09685508271875944,0.05418867770934453,0.02671314533841733,0.06690443154131176,0.042666405009414904,-0.04019128620289443,0.0012375594032602369,0.042417652202860694,-0.040097990961571295,0.0011598306206446994
sub-017,13,1,0.0310056235585279,0.0528426556230734,0.0343626688793894,0.0184799867436839,0.0748122228664305,0.0312809624930585,0.0435312603733719,0.0310056235585279,0.90625,32,2,"envelope,onset",data/processed/env_onset/sub-017_mtrf_env_onset.npz,-0.5,0.0,0.05,hamming,1,,l2,1,True,mean,"1.0,1.0",results_env_onset\sub-017\sub-017_backward_mtrf_env_onset.summary.json,results_env_onset\sub-017\sub-017_backward_mtrf_env_onset.trial_results.csv,hi,HI,1,0.05289192318986384,0.034376203536095745,0.07495226484196811,0.031291171280119295,0.018515719653768095,0.043661093561848816,0.031088406607808455,0.018479986743684,0.043531260373371995,0.031005623558527998
sub-017,14,1,0.0556313316823828,0.0837065174168498,0.0364014028102429,0.0473051146066069,0.1154563576227617,0.0514988088646029,0.0639575487581587,0.0556313316823828,0.90625,32,2,"envelope,onset",data/processed/env_onset/sub-017_mtrf_env_onset.npz,-0.5,0.0,0.05,hamming,1,,l2,1,True,mean,"1.0,1.0",results_env_onset\sub-017\sub-017_backward_mtrf_env_onset.summary.json,results_env_onset\sub-017\sub-017_backward_mtrf_env_onset.trial_results.csv,hi,HI,1,0.08390284788047812,0.03641749364506741,0.11597351791315216,0.05154440858092905,0.04748535423541071,0.06442910933222312,0.05595723178381692,0.0473051146066069,0.06395754875815879,0.055631331682382844
sub-017,15,1,0.0528857829586883,0.0727163085156606,0.0362661582137337,0.0364501503019268,0.1063653322185563,0.0370439166031066,0.0693214156154497,0.0528857829586883,0.90625,32,2,"envelope,onset",data/processed/env_onset/sub-017_mtrf_env_onset.npz,-0.5,0.0,0.05,hamming,1,,l2,1,True,mean,"1.0,1.0",results_env_onset\sub-017\sub-017_backward_mtrf_env_onset.summary.json,results_env_onset\sub-017\sub-017_backward_mtrf_env_onset.trial_results.csv,hi,HI,1,0.07284488308702773,0.036282070270048025,0.10676920168053276,0.037060875094641725,0.036562812816979706,0.06970832658589105,0.053135569701435376,0.03645015030192691,0.0693214156154497,0.0528857829586883
sub-017,16,1,0.1028204095586566,0.1092322433500726,-0.0188487606306477,0.1280810039807204,0.0727700106962134,-0.0047898044403793,0.0775598151365927,0.1028204095586566,0.90625,32,2,"envelope,onset",data/processed/env_onset/sub-017_mtrf_env_onset.npz,-0.5,0.0,0.05,hamming,1,,l2,1,True,mean,"1.0,1.0",results_env_onset\sub-017\sub-017_backward_mtrf_env_onset.summary.json,results_env_onset\sub-017\sub-017_backward_mtrf_env_onset.trial_results.csv,hi,HI,1,0.10966982177615872,-0.018850993275951373,0.0728988709479918,-0.004789841070476438,0.1285208150521101,0.07768871201846823,0.10310476353528916,0.1280810039807203,0.0775598151365927,0.10282040955865651
sub-017,17,1,0.0515450480751116,0.0772509956782186,0.0584821208585648,0.0187688748196537,0.1150413286030878,0.0307201072725182,0.0843212213305696,0.0515450480751116,0.90625,32,2,"envelope,onset",data/processed/env_onset/sub-017_mtrf_env_onset.npz,-0.5,0.0,0.05,hamming,1,,l2,1,True,mean,"1.0,1.0",results_env_onset\sub-017\sub-017_backward_mtrf_env_onset.summary.json,results_env_onset\sub-017\sub-017_backward_mtrf_env_onset.trial_results.csv,hi,HI,1,0.07740521894865858,0.05854893071924053,0.11555290214403571,0.030729776525829994,0.018856288229418053,0.08482312561820572,0.05183970692381189,0.018768874819653794,0.0843212213305696,0.0515450480751117
sub-017,18,1,0.2777609984077998,0.2066708384672919,-0.1113058604167849,0.317976698884077,0.2322044292509433,-0.0053408686805793,0.2375452979315227,0.2777609984077998,0.90625,32,2,"envelope,onset",data/processed/env_onset/sub-017_mtrf_env_onset.npz,-0.5,0.0,0.05,hamming,1,,l2,1,True,mean,"1.0,1.0",results_env_onset\sub-017\sub-017_backward_mtrf_env_onset.summary.json,results_env_onset\sub-017\sub-017_backward_mtrf_env_onset.trial_results.csv,hi,HI,1,0.2096911270138494,-0.11176896365190563,0.23651827468387387,-0.005340919463991434,0.32146009066575504,0.2418591941478653,0.2816596424068102,0.3179766988840768,0.23754529793152263,0.2777609984077997
sub-017,19,1,0.15290604565498,0.1387432238624401,-0.0575108697187755,0.1962540935812157,0.1000748622927548,-0.0094831354359895,0.1095579977287443,0.15290604565498,0.90625,32,2,"envelope,onset",data/processed/env_onset/sub-017_mtrf_env_onset.npz,-0.5,0.0,0.05,hamming,1,,l2,1,True,mean,"1.0,1.0",results_env_onset\sub-017\sub-017_backward_mtrf_env_onset.summary.json,results_env_onset\sub-017\sub-017_backward_mtrf_env_onset.trial_results.csv,hi,HI,1,0.13964390398029017,-0.05757440158197025,0.10041096678056954,-0.009483419723669324,0.19721830556226042,0.10989438650423887,0.15355634603324964,0.1962540935812156,0.10955799772874429,0.15290604565497995
sub-017,20,1,0.0355255385626498,0.0676292811193236,0.050083333869699,0.0175459472496246,0.1040469285287829,0.0505417986531078,0.0535051298756751,0.0355255385626498,0.90625,32,2,"envelope,onset",data/processed/env_onset/sub-017_mtrf_env_onset.npz,-0.5,0.0,0.05,hamming,1,,l2,1,True,mean,"1.0,1.0",results_env_onset\sub-017\sub-017_backward_mtrf_env_onset.summary.json,results_env_onset\sub-017\sub-017_backward_mtrf_env_onset.trial_results.csv,hi,HI,1,0.0677326707841722,0.05012527235417173,0.10442484882291891,0.050584900627730654,0.017607398430000462,0.05383994819518826,0.035723673312594365,0.017545947249624605,0.0535051298756751,0.03552553856264985
sub-017,21,1,0.134848774447319,0.1131727161577493,0.0014838947719626,0.1116888213857867,0.1226823275459152,-0.0353263999629362,0.1580087275088514,0.134848774447319,0.90625,32,2,"envelope,onset",data/processed/env_onset/sub-017_mtrf_env_onset.npz,-0.5,0.0,0.05,hamming,1,,l2,1,True,mean,"1.0,1.0",results_env_onset\sub-017\sub-017_backward_mtrf_env_onset.summary.json,results_env_onset\sub-017\sub-017_backward_mtrf_env_onset.trial_results.csv,hi,HI,1,0.11365963803900662,0.001483895861114951,0.1233034416197935,-0.03534110622315943,0.11217574217789167,0.15864454784295293,0.1354101450104223,0.1116888213857867,0.1580087275088514,0.13484877444731905
sub-017,22,1,0.0247367064792041,0.1153902563787701,0.068085694668041,0.047304561710729,0.0912351584230813,0.0890663071754021,0.0021688512476792,0.0247367064792041,0.90625,32,2,"envelope,onset",data/processed/env_onset/sub-017_mtrf_env_onset.npz,-0.5,0.0,0.05,hamming,1,,l2,1,True,mean,"1.0,1.0",results_env_onset\sub-017\sub-017_backward_mtrf_env_onset.summary.json,results_env_onset\sub-017\sub-017_backward_mtrf_env_onset.trial_results.csv,hi,HI,1,0.11590652414195174,0.06819119568247138,0.09148957297961177,0.08930294982219328,0.04771532845948036,0.0021866231574184936,0.024950975808449426,0.047304561710729096,0.002168851247679196,0.024736706479204146
sub-017,23,1,0.0933051652953264,0.0475528767239641,-0.0424712522088875,0.0900241289328516,0.0636852641200501,-0.0329009375377509,0.0965862016578011,0.0933051652953264,0.90625,32,2,"envelope,onset",data/processed/env_onset/sub-017_mtrf_env_onset.npz,-0.5,0.0,0.05,hamming,1,,l2,1,True,mean,"1.0,1.0",results_env_onset\sub-017\sub-017_backward_mtrf_env_onset.summary.json,results_env_onset\sub-017\sub-017_backward_mtrf_env_onset.trial_results.csv,hi,HI,1,0.047588768828036074,-0.04249681653354975,0.06377157275313679,-0.03291281669851486,0.09008558536158583,0.09668438945165164,0.09338498740661874,0.0900241289328516,0.09658620165780099,0.09330516529532629
sub-017,24,1,0.1356248413645291,0.1613719012142202,0.0196381998327918,0.1417337013814283,0.1490888832998357,0.0195729019522058,0.1295159813476298,0.1356248413645291,0.90625,32,2,"envelope,onset",data/processed/env_onset/sub-017_mtrf_env_onset.npz,-0.5,0.0,0.05,hamming,1,,l2,1,True,mean,"1.0,1.0",results_env_onset\sub-017\sub-017_backward_mtrf_env_onset.summary.json,results_env_onset\sub-017\sub-017_backward_mtrf_env_onset.trial_results.csv,hi,HI,1,0.16279495889909962,0.01964072496592212,0.15020847727101283,0.01957540197661734,0.1431542339331775,0.1306330752943955,0.1368936546137865,0.1417337013814284,0.1295159813476299,0.13562484136452915
sub-017,25,1,0.1302197557729679,0.2285626226975663,0.0508628020049059,0.1776998206926603,0.2059726074234276,0.1232329165701521,0.0827396908532754,0.1302197557729679,0.90625,32,2,"envelope,onset",data/processed/env_onset/sub-017_mtrf_env_onset.npz,-0.5,0.0,0.05,hamming,1,,l2,1,True,mean,"1.0,1.0",results_env_onset\sub-017\sub-017_backward_mtrf_env_onset.summary.json,results_env_onset\sub-017\sub-017_backward_mtrf_env_onset.trial_results.csv,hi,HI,1,0.2326723335676377,0.050906731319966654,0.2089618516655837,0.12386248256245869,0.18176560224767105,0.08509936910312502,0.13343248567539803,0.1776998206926604,0.0827396908532755,0.13021975577296796
sub-017,26,1,0.0657668974263774,0.1404949348840431,0.0756414245637894,0.0648535103202536,0.1046071815028553,0.0379268969703541,0.0666802845325011,0.0657668974263774,0.90625,32,2,"envelope,onset",data/processed/env_onset/sub-017_mtrf_env_onset.npz,-0.5,0.0,0.05,hamming,1,,l2,1,True,mean,"1.0,1.0",results_env_onset\sub-017\sub-017_backward_mtrf_env_onset.summary.json,results_env_onset\sub-017\sub-017_backward_mtrf_env_onset.trial_results.csv,hi,HI,1,0.14143044133839966,0.07578618580950133,0.10499126678165334,0.03794509799052324,0.06564425552889833,0.0670461687911301,0.06634521216001421,0.0648535103202537,0.06668028453250122,0.06576689742637745
sub-017,27,1,0.1591198741842291,0.173353944350706,-0.0394959151840948,0.2128498595348008,0.1045171512920806,-0.0008727375415767,0.1053898888336574,0.1591198741842291,0.90625,32,2,"envelope,onset",data/processed/env_onset/sub-017_mtrf_env_onset.npz,-0.5,0.0,0.05,hamming,1,,l2,1,True,mean,"1.0,1.0",results_env_onset\sub-017\sub-017_backward_mtrf_env_onset.summary.json,results_env_onset\sub-017\sub-017_backward_mtrf_env_onset.trial_results.csv,hi,HI,1,0.17512246423997452,-0.03951647134619051,0.10490024136751094,-0.0008727377631563732,0.21463893558616504,0.10577297913066731,0.16020595735841617,0.2128498595348008,0.1053898888336573,0.15911987418422904
sub-017,28,1,0.0872574923444953,0.1025239076361104,-0.0052983746667661,0.1078222823028765,0.0840303574549961,0.017337655068882,0.066692702386114,0.0872574923444953,0.90625,32,2,"envelope,onset",data/processed/env_onset/sub-017_mtrf_env_onset.npz,-0.5,0.0,0.05,hamming,1,,l2,1,True,mean,"1.0,1.0",results_env_onset\sub-017\sub-017_backward_mtrf_env_onset.summary.json,results_env_onset\sub-017\sub-017_backward_mtrf_env_onset.trial_results.csv,hi,HI,1,0.10288540502181347,-0.005298424247626281,0.08422898192060636,0.017339392582264496,0.10818382926943974,0.06688958933834187,0.0875367093038908,0.1078222823028765,0.06669270238611409,0.08725749234449529
sub-017,29,1,0.0631377516334284,0.1187713699342187,0.0072942817527686,0.11147708818145,0.0676384539881543,0.0528400389027475,0.0147984150854067,0.0631377516334284,0.90625,32,2,"envelope,onset",data/processed/env_onset/sub-017_mtrf_env_onset.npz,-0.5,0.0,0.05,hamming,1,,l2,1,True,mean,"1.0,1.0",results_env_onset\sub-017\sub-017_backward_mtrf_env_onset.summary.json,results_env_onset\sub-017\sub-017_backward_mtrf_env_onset.trial_results.csv,hi,HI,1,0.11933463338105105,0.00729441112474526,0.06774188580564464,0.05288929914265237,0.11204022225630579,0.014852586662992266,0.06344640445964903,0.1114770881814501,0.014798415085406795,0.06313775163342845
sub-017,30,1,0.1629744286262042,0.1844113860146849,-0.0155712198254467,0.1999826058401316,0.1308348168873099,0.004868565475033,0.1259662514122768,0.1629744286262042,0.90625,32,2,"envelope,onset",data/processed/env_onset/sub-017_mtrf_env_onset.npz,-0.5,0.0,0.05,hamming,1,,l2,1,True,mean,"1.0,1.0",results_env_onset\sub-017\sub-017_backward_mtrf_env_onset.summary.json,results_env_onset\sub-017\sub-017_backward_mtrf_env_onset.trial_results.csv,hi,HI,1,0.18654556559486887,-0.015572478489529602,0.13158911180810978,0.004868603942001938,0.20211804408439848,0.12672050786610783,0.16441927597525316,0.1999826058401316,0.1259662514122769,0.16297442862620426
sub-017,31,1,0.0880100759482049,0.1437130210165722,0.042325296168407,0.1013877248481651,0.1167708883792515,0.0421384613310069,0.0746324270482445,0.0880100759482049,0.90625,32,2,"envelope,onset",data/processed/env_onset/sub-017_mtrf_env_onset.npz,-0.5,0.0,0.05,hamming,1,,l2,1,True,mean,"1.0,1.0",results_env_onset\sub-017\sub-017_backward_mtrf_env_onset.summary.json,results_env_onset\sub-017\sub-017_backward_mtrf_env_onset.trial_results.csv,hi,HI,1,0.14471485446880147,0.04235059764774218,0.11730601408298742,0.04216342898857881,0.10236425682105929,0.0751425850944086,0.08875342095773395,0.10138772484816522,0.0746324270482446,0.08801007594820491
sub-018,0,1,0.0824578250981902,0.0962204785177207,-0.0147547021217474,0.1109751806394682,0.0629050630070388,0.0089645934501265,0.0539404695569123,0.0824578250981902,0.96875,32,2,"envelope,onset",data/processed/env_onset/sub-018_mtrf_env_onset.npz,-0.5,0.0,0.05,hamming,1,,l2,1,True,mean,"1.0,1.0",results_env_onset\sub-018\sub-018_backward_mtrf_env_onset.summary.json,results_env_onset\sub-018\sub-018_backward_mtrf_env_onset.trial_results.csv,hi,HI,1,0.09651908766371463,-0.014755772967248702,0.06298823332444173,0.008964833605043762,0.11127486063096333,0.054023399719397965,0.08264913017518065,0.1109751806394681,0.0539404695569123,0.08245782509819019
sub-018,1,1,0.0282847773502368,0.0823095391468618,0.0679974781782779,0.0143120609685839,0.1021357287633967,0.0598782350315069,0.0422574937318897,0.0282847773502368,0.96875,32,2,"envelope,onset",data/processed/env_onset/sub-018_mtrf_env_onset.npz,-0.5,0.0,0.05,hamming,1,,l2,1,True,mean,"1.0,1.0",results_env_onset\sub-018\sub-018_backward_mtrf_env_onset.summary.json,results_env_onset\sub-018\sub-018_backward_mtrf_env_onset.trial_results.csv,hi,HI,1,0.0824961769445444,0.06810256888091472,0.10249311835663845,0.05994995191030382,0.014393608063629687,0.04254316644633463,0.028468387254982158,0.014312060968583895,0.0422574937318898,0.028284777350236847
sub-018,2,1,0.2478079092901116,0.1534665465815917,-0.0983042268191729,0.2517707734007647,0.1603527944376379,-0.0834922507418206,0.2438450451794586,0.2478079092901116,0.96875,32,2,"envelope,onset",data/processed/env_onset/sub-018_mtrf_env_onset.npz,-0.5,0.0,0.05,hamming,1,,l2,1,True,mean,"1.0,1.0",results_env_onset\sub-018\sub-018_backward_mtrf_env_onset.summary.json,results_env_onset\sub-018\sub-018_backward_mtrf_env_onset.trial_results.csv,hi,HI,1,0.15468867752342613,-0.09862273720698693,0.16174878037995022,-0.08368707318611304,0.2533114147304131,0.24543585356606326,0.24937363414823815,0.2517707734007646,0.24384504517945849,0.24780790929011154
sub-018,3,1,0.0610906518890386,0.0365548731664391,-0.0133417197688098,0.0498965929352489,0.0253803466400327,-0.0469043642027956,0.0722847108428283,0.0610906518890386,0.96875,32,2,"envelope,onset",data/processed/env_onset/sub-018_mtrf_env_onset.npz,-0.5,0.0,0.05,hamming,1,,l2,1,True,mean,"1.0,1.0",results_env_onset\sub-018\sub-018_backward_mtrf_env_onset.summary.json,results_env_onset\sub-018\sub-018_backward_mtrf_env_onset.trial_results.csv,hi,HI,1,0.03657116848969825,-0.013342511468682386,0.025385798432203555,-0.0469388065152633,0.049913679958380634,0.07232460494746686,0.06111914245292374,0.0498965929352489,0.0722847108428283,0.0610906518890386
sub-018,4,1,0.0009219895613054,0.0418786916877508,0.0356616509812356,0.0062170407065152,0.0470627093323927,0.0514357709162971,-0.0043730615839044,0.0009219895613054,0.96875,32,2,"envelope,onset",data/processed/env_onset/sub-018_mtrf_env_onset.npz,-0.5,0.0,0.05,hamming,1,,l2,1,True,mean,"1.0,1.0",results_env_onset\sub-018\sub-018_backward_mtrf_env_onset.summary.json,results_env_onset\sub-018\sub-018_backward_mtrf_env_onset.trial_results.csv,hi,HI,1,0.04190320011261682,0.03567678013528839,0.04709750195788252,0.05148120320903469,0.00622641997732843,-0.004383701251152165,0.0009213593630881325,0.006217040706515201,-0.0043730615839044015,0.0009219895613053995
sub-018,5,1,0.087314065855703,0.0841004694421245,0.0115064942908404,0.0725939751512841,0.1012367377659115,-0.0007974187942105,0.102034156560122,0.087314065855703,0.96875,32,2,"envelope,onset",data/processed/env_onset/sub-018_mtrf_env_onset.npz,-0.5,0.0,0.05,hamming,1,,l2,1,True,mean,"1.0,1.0",results_env_onset\sub-018\sub-018_backward_mtrf_env_onset.summary.json,results_env_onset\sub-018\sub-018_backward_mtrf_env_onset.trial_results.csv,hi,HI,1,0.08429959291522131,0.011507002148873484,0.10158473452480998,-0.0007974189632305838,0.07279259076634782,0.10238215348804057,0.0875873721271942,0.0725939751512841,0.10203415656012199,0.08731406585570305
sub-018,6,1,0.0305040665372512,0.0278765547849149,0.0073770685740719,0.0204994862108429,0.0662772640933154,0.0257686172296558,0.0405086468636596,0.0305040665372512,0.96875,32,2,"envelope,onset",data/processed/env_onset/sub-018_mtrf_env_onset.npz,-0.5,0.0,0.05,hamming,1,,l2,1,True,mean,"1.0,1.0",results_env_onset\sub-018\sub-018_backward_mtrf_env_onset.summary.json,results_env_onset\sub-018\sub-018_backward_mtrf_env_onset.trial_results.csv,hi,HI,1,0.02788377913199009,0.0073772024012708,0.0663745655137709,0.025774323142910584,0.02050657673071929,0.04060024237086031,0.0305534095507898,0.020499486210843,0.0405086468636596,0.0305040665372513
sub-018,7,1,0.121423295149089,0.128081249714672,0.0083436873695508,0.1197375623451211,0.124410406354769,0.0013013784017121,0.1231090279530568,0.121423295149089,0.96875,32,2,"envelope,onset",data/processed/env_onset/sub-018_mtrf_env_onset.npz,-0.5,0.0,0.05,hamming,1,,l2,1,True,mean,"1.0,1.0",results_env_onset\sub-018\sub-018_backward_mtrf_env_onset.summary.json,results_env_onset\sub-018\sub-018_backward_mtrf_env_onset.trial_results.csv,hi,HI,1,0.1287886080316815,0.008343880998797426,0.12505830663394651,0.0013013791363781497,0.12044472703288406,0.12375692749756836,0.12210082726522621,0.1197375623451212,0.1231090279530569,0.12142329514908905
sub-018,8,1,0.0904303644679767,0.139307657241433,0.0573452568730246,0.0819624003684084,0.1466640051688202,0.0477656766012751,0.0988983285675449,0.0904303644679767,0.96875,32,2,"envelope,onset",data/processed/env_onset/sub-018_mtrf_env_onset.npz,-0.5,0.0,0.05,hamming,1,,l2,1,True,mean,"1.0,1.0",results_env_onset\sub-018\sub-018_backward_mtrf_env_onset.summary.json,results_env_onset\sub-018\sub-018_backward_mtrf_env_onset.trial_results.csv,hi,HI,1,0.14021946179938063,0.057408240740294166,0.14772938643975694,0.047802053161613324,0.08281122105908648,0.09992733327814363,0.09136927716861505,0.0819624003684084,0.0988983285675451,0.09043036446797675
sub-018,9,1,0.0960791752723083,0.1082589777302735,-0.0005170090197143,0.1087759867499878,0.0768257481924611,-0.0065566156021677,0.0833823637946288,0.0960791752723083,0.96875,32,2,"envelope,onset",data/processed/env_onset/sub-018_mtrf_env_onset.npz,-0.5,0.0,0.05,hamming,1,,l2,1,True,mean,"1.0,1.0",results_env_onset\sub-018\sub-018_backward_mtrf_env_onset.summary.json,results_env_onset\sub-018\sub-018_backward_mtrf_env_onset.trial_results.csv,hi,HI,1,0.10868490888126806,-0.0005170090657795226,0.07697743258239655,-0.0065567095591621645,0.10920191794704757,0.08353414214155871,0.09636803004430314,0.1087759867499878,0.08338236379462881,0.0960791752723083
sub-018,10,1,0.0342791654578263,0.1092882281326498,0.0580628655682314,0.0512253625644183,0.0807190139977574,0.063386045646523,0.0173329683512343,0.0342791654578263,0.96875,32,2,"envelope,onset",data/processed/env_onset/sub-018_mtrf_env_onset.npz,-0.5,0.0,0.05,hamming,1,,l2,1,True,mean,"1.0,1.0",results_env_onset\sub-018\sub-018_backward_mtrf_env_onset.summary.json,results_env_onset\sub-018\sub-018_backward_mtrf_env_onset.trial_results.csv,hi,HI,1,0.10972648296868537,0.05812824691361812,0.0808950123872129,0.06347114150263625,0.05159823605506725,0.017423870884576656,0.03451105346982195,0.0512253625644184,0.017332968351234393,0.034279165457826395
sub-018,11,0,-0.0024940579622223,0.1360585311492382,0.0797868365012739,0.0562716946479642,0.0656497047073823,0.1269095152797912,-0.0612598105724088,-0.0024940579622223,0.96875,32,2,"envelope,onset",data/processed/env_onset/sub-018_mtrf_env_onset.npz,-0.5,0.0,0.05,hamming,1,,l2,1,True,mean,"1.0,1.0",results_env_onset\sub-018\sub-018_backward_mtrf_env_onset.summary.json,results_env_onset\sub-018\sub-018_backward_mtrf_env_onset.trial_results.csv,hi,HI,1,0.13690754986457734,0.07995679218377484,0.06574426354868257,0.1275975121007348,0.0569507576808025,-0.06185324855205224,-0.0024512454356248672,0.05627169464796429,-0.061259810572408896,-0.0024940579622223027
sub-018,12,1,0.0190762620832218,0.1036220250143083,0.0919680510982705,0.0116539739160377,0.0942442179547796,0.0677456677043736,0.026498550250406,0.0190762620832218,0.96875,32,2,"envelope,onset",data/processed/env_onset/sub-018_mtrf_env_onset.npz,-0.5,0.0,0.05,hamming,1,,l2,1,True,mean,"1.0,1.0",results_env_onset\sub-018\sub-018_backward_mtrf_env_onset.summary.json,results_env_onset\sub-018\sub-018_backward_mtrf_env_onset.trial_results.csv,hi,HI,1,0.10399531423217229,0.09222866732171624,0.0945247392832837,0.06784959305977545,0.01176664691045605,0.02667514622350825,0.01922089656698215,0.0116539739160378,0.026498550250405997,0.019076262083221898
sub-018,13,1,0.159307163810457,0.0983350486014727,-0.0387205255457042,0.137055574147177,0.1140006376651071,-0.0675581158086299,0.181558753473737,0.159307163810457,0.96875,32,2,"envelope,onset",data/processed/env_onset/sub-018_mtrf_env_onset.npz,-0.5,0.0,0.05,hamming,1,,l2,1,True,mean,"1.0,1.0",results_env_onset\sub-018\sub-018_backward_mtrf_env_onset.summary.json,results_env_onset\sub-018\sub-018_backward_mtrf_env_onset.trial_results.csv,hi,HI,1,0.09865385984407747,-0.03873989393007186,0.1144983810024418,-0.06766117883329632,0.13739375377414934,0.18215955983573812,0.15977665680494374,0.1370555741471769,0.181558753473737,0.15930716381045695
sub-018,14,1,0.1175205736210223,0.1520321232455674,0.0107156604672241,0.1413164627783432,0.1166776076782764,0.0229529232145749,0.0937246844637015,0.1175205736210223,0.96875,32,2,"envelope,onset",data/processed/env_onset/sub-018_mtrf_env_onset.npz,-0.5,0.0,0.05,hamming,1,,l2,1,True,mean,"1.0,1.0",results_env_onset\sub-018\sub-018_backward_mtrf_env_onset.summary.json,results_env_onset\sub-018\sub-018_backward_mtrf_env_onset.trial_results.csv,hi,HI,1,0.1532199858701294,0.010716070638742347,0.11721144491963807,0.022956955303188524,0.14250391523138703,0.09425448961644955,0.11837920242391829,0.14131646277834328,0.0937246844637015,0.11752057362102239
sub-018,15,1,0.1089961322615827,0.1030647844420102,-0.0081775368330471,0.1112423212750573,0.0928009046990663,-0.0139490385490418,0.1067499432481081,0.1089961322615827,0.96875,32,2,"envelope,onset",data/processed/env_onset/sub-018_mtrf_env_onset.npz,-0.5,0.0,0.05,hamming,1,,l2,1,True,mean,"1.0,1.0",results_env_onset\sub-018\sub-018_backward_mtrf_env_onset.summary.json,results_env_onset\sub-018\sub-018_backward_mtrf_env_onset.trial_results.csv,hi,HI,1,0.10343205814895065,-0.008177719123405118,0.09306869047946494,-0.013949943369214882,0.11160977727235577,0.10701863384867982,0.1093142055605178,0.1112423212750573,0.10674994324810809,0.1089961322615827
sub-018,16,1,0.1568445409921646,0.1794809799103313,0.0340350384141657,0.1454459414961656,0.1992538173042699,0.0310106768161063,0.1682431404881636,0.1568445409921646,0.96875,32,2,"envelope,onset",data/processed/env_onset/sub-018_mtrf_env_onset.npz,-0.5,0.0,0.05,hamming,1,,l2,1,True,mean,"1.0,1.0",results_env_onset\sub-018\sub-018_backward_mtrf_env_onset.summary.json,results_env_onset\sub-018\sub-018_backward_mtrf_env_onset.trial_results.csv,hi,HI,1,0.18144634090341774,0.034048189435230566,0.2019554010683204,0.031020623153034207,0.1473981514681872,0.17093477791528622,0.1591664646917367,0.1454459414961656,0.16824314048816358,0.1568445409921646
sub-018,17,1,0.1506292729672355,0.1432442903659031,-0.0426356451227955,0.1858799354886987,0.0827516800872094,-0.032626930358563,0.1153786104457724,0.1506292729672355,0.96875,32,2,"envelope,onset",data/processed/env_onset/sub-018_mtrf_env_onset.npz,-0.5,0.0,0.05,hamming,1,,l2,1,True,mean,"1.0,1.0",results_env_onset\sub-018\sub-018_backward_mtrf_env_onset.summary.json,results_env_onset\sub-018\sub-018_backward_mtrf_env_onset.trial_results.csv,hi,HI,1,0.14423627164292982,-0.04266150766988116,0.08294135010094165,-0.032638515061552756,0.18689777931281099,0.11557986516249441,0.1512388222376527,0.1858799354886986,0.1153786104457724,0.1506292729672355
sub-018,18,1,0.0266842315038411,0.1667710512944276,0.1098262424448096,0.056944808849618,0.1128056740536639,0.1163820198955996,-0.0035763458419357,0.0266842315038411,0.96875,32,2,"envelope,onset",data/processed/env_onset/sub-018_mtrf_env_onset.npz,-0.5,0.0,0.05,hamming,1,,l2,1,True,mean,"1.0,1.0",results_env_onset\sub-018\sub-018_backward_mtrf_env_onset.summary.json,results_env_onset\sub-018\sub-018_backward_mtrf_env_onset.trial_results.csv,hi,HI,1,0.1683434872780308,0.11027103341811202,0.1132878494701247,0.11691178803463528,0.058072453859918785,-0.0036239385645105843,0.0272242576477041,0.056944808849618,-0.0035763458419356964,0.026684231503841152
sub-018,19,1,0.0610449413528324,0.0884315422027572,0.0534847739970483,0.0349467682057089,0.1114590018537738,0.0243158873538178,0.0871431144999559,0.0610449413528324,0.96875,32,2,"envelope,onset",data/processed/env_onset/sub-018_mtrf_env_onset.npz,-0.5,0.0,0.05,hamming,1,,l2,1,True,mean,"1.0,1.0",results_env_onset\sub-018\sub-018_backward_mtrf_env_onset.summary.json,results_env_onset\sub-018\sub-018_backward_mtrf_env_onset.trial_results.csv,hi,HI,1,0.08866314549069573,0.05353586160123081,0.11192402883500197,0.024320681411118594,0.03512728388946492,0.08760334742388337,0.06136531565667415,0.034946768205708904,0.087143114499956,0.06104494135283245
sub-018,20,1,0.1633872225509295,0.117585670954797,-0.0278248218452028,0.1454104927999998,0.1522787648144471,-0.029085187487412,0.1813639523018592,0.1633872225509295,0.96875,32,2,"envelope,onset",data/processed/env_onset/sub-018_mtrf_env_onset.npz,-0.5,0.0,0.05,hamming,1,,l2,1,True,mean,"1.0,1.0",results_env_onset\sub-018\sub-018_backward_mtrf_env_onset.summary.json,results_env_onset\sub-018\sub-018_backward_mtrf_env_onset.trial_results.csv,hi,HI,1,0.11813214003505818,-0.027832006033901676,0.15347247283665363,-0.029093393172765332,0.14596414606895985,0.18256586600941896,0.16426500603918942,0.1454104927999998,0.18136395230185912,0.16338722255092947
sub-018,21,1,0.0656530652774304,0.165912199592959,0.1052736649607763,0.0606385346321826,0.1697041005163327,0.0990365045936545,0.0706675959226782,0.0656530652774304,0.96875,32,2,"envelope,onset",data/processed/env_onset/sub-018_mtrf_env_onset.npz,-0.5,0.0,0.05,hamming,1,,l2,1,True,mean,"1.0,1.0",results_env_onset\sub-018\sub-018_backward_mtrf_env_onset.summary.json,results_env_onset\sub-018\sub-018_backward_mtrf_env_onset.trial_results.csv,hi,HI,1,0.16746019523478406,0.10566517163775621,0.1713619738022526,0.09936221444871154,0.06179502359702785,0.07199975935354105,0.06689739147528445,0.0606385346321827,0.0706675959226782,0.06565306527743045
sub-018,22,1,0.1113036603845911,0.1429262997781486,0.0083173238797635,0.1346089758983851,0.0956293016962373,0.00763095682544,0.0879983448707972,0.1113036603845911,0.96875,32,2,"envelope,onset",data/processed/env_onset/sub-018_mtrf_env_onset.npz,-0.5,0.0,0.05,hamming,1,,l2,1,True,mean,"1.0,1.0",results_env_onset\sub-018\sub-018_backward_mtrf_env_onset.summary.json,results_env_onset\sub-018\sub-018_backward_mtrf_env_onset.trial_results.csv,hi,HI,1,0.14391163462821313,0.00831751567932598,0.09592242054123731,0.00763110495130812,0.13559411894888715,0.0882913155899292,0.11194271726940817,0.1346089758983851,0.0879983448707973,0.1113036603845912
sub-018,23,1,0.0974479734215567,0.1162019078554018,0.0250759912937176,0.0911259165616842,0.1340182913279203,0.0302482610464911,0.1037700302814292,0.0974479734215567,0.96875,32,2,"envelope,onset",data/processed/env_onset/sub-018_mtrf_env_onset.npz,-0.5,0.0,0.05,hamming,1,,l2,1,True,mean,"1.0,1.0",results_env_onset\sub-018\sub-018_backward_mtrf_env_onset.summary.json,results_env_onset\sub-018\sub-018_backward_mtrf_env_onset.trial_results.csv,hi,HI,1,0.11672920679797952,0.0250812492500039,0.13482941368140808,0.03025749140329926,0.09164795754797561,0.10457192227810883,0.09810993991304222,0.0911259165616842,0.10377003028142921,0.0974479734215567
sub-018,24,1,0.0511384998335446,0.0696845880456095,0.0054883615571668,0.0641962264884426,0.0298259716094255,-0.0082548015692211,0.0380807731786466,0.0511384998335446,0.96875,32,2,"envelope,onset",data/processed/env_onset/sub-018_mtrf_env_onset.npz,-0.5,0.0,0.05,hamming,1,,l2,1,True,mean,"1.0,1.0",results_env_onset\sub-018\sub-018_backward_mtrf_env_onset.summary.json,results_env_onset\sub-018\sub-018_backward_mtrf_env_onset.trial_results.csv,hi,HI,1,0.06979771259293677,0.005488416665177691,0.0298348206143582,-0.008254989075759419,0.06430929592775908,0.03808980969011762,0.05119955280893835,0.0641962264884427,0.038080773178646596,0.05113849983354465
sub-018,25,1,0.064137978490677,0.1766041105549042,0.083233276871161,0.0933708336837431,0.1535888839492197,0.1186837606516088,0.0349051232976109,0.064137978490677,0.96875,32,2,"envelope,onset",data/processed/env_onset/sub-018_mtrf_env_onset.npz,-0.5,0.0,0.05,hamming,1,,l2,1,True,mean,"1.0,1.0",results_env_onset\sub-018\sub-018_backward_mtrf_env_onset.summary.json,results_env_onset\sub-018\sub-018_backward_mtrf_env_onset.trial_results.csv,hi,HI,1,0.1784752894304329,0.08342628701950666,0.15481396808489942,0.11924577148016491,0.09504900241092623,0.03556819660473451,0.06530859950783037,0.09337083368374319,0.03490512329761092,0.06413797849067705
sub-018,26,1,0.1297628881213267,0.1409361053544001,-0.0173947775469252,0.1583308829013253,0.0984556999038963,-0.0027391934374318,0.1011948933413281,0.1297628881213267,0.96875,32,2,"envelope,onset",data/processed/env_onset/sub-018_mtrf_env_onset.npz,-0.5,0.0,0.05,hamming,1,,l2,1,True,mean,"1.0,1.0",results_env_onset\sub-018\sub-018_backward_mtrf_env_onset.summary.json,results_env_onset\sub-018\sub-018_backward_mtrf_env_onset.trial_results.csv,hi,HI,1,0.1418805238360927,-0.017396532292829652,0.09877569067003107,-0.0027392002883504084,0.15927705612892235,0.10151489095838148,0.1303959735436519,0.1583308829013253,0.1011948933413281,0.1297628881213267
sub-018,27,1,0.1052579890431691,0.1409106894405924,0.038606227365376,0.1023044620752164,0.1627847717251312,0.0545732557140092,0.1082115160111219,0.1052579890431691,0.96875,32,2,"envelope,onset",data/processed/env_onset/sub-018_mtrf_env_onset.npz,-0.5,0.0,0.05,hamming,1,,l2,1,True,mean,"1.0,1.0",results_env_onset\sub-018\sub-018_backward_mtrf_env_onset.summary.json,results_env_onset\sub-018\sub-018_backward_mtrf_env_onset.trial_results.csv,hi,HI,1,0.14185459295034913,0.03862542463442716,0.16424594622525435,0.054627530154515117,0.10322916831592197,0.10961841607073923,0.10642379219333059,0.1023044620752164,0.108211516011122,0.1052579890431692
sub-018,28,1,0.0244365480123677,0.0252874174406527,-0.0029952981651796,0.0282827156058323,-0.0260261760944639,-0.046616556513367,0.020590380418903,0.0244365480123677,0.96875,32,2,"envelope,onset",data/processed/env_onset/sub-018_mtrf_env_onset.npz,-0.5,0.0,0.05,hamming,1,,l2,1,True,mean,"1.0,1.0",results_env_onset\sub-018\sub-018_backward_mtrf_env_onset.summary.json,results_env_onset\sub-018\sub-018_backward_mtrf_env_onset.trial_results.csv,hi,HI,1,0.025292809551974327,-0.0029953071229775943,-0.026032054863408566,-0.04665036814159635,0.028288116674951923,0.020618313278187785,0.024453214976569854,0.0282827156058323,0.020590380418903098,0.0244365480123677
sub-018,29,1,0.0590792784446848,0.1083879040335572,0.0278428258713442,0.080545078162213,0.1148666438610258,0.0772531651338691,0.0376134787271567,0.0590792784446848,0.96875,32,2,"envelope,onset",data/processed/env_onset/sub-018_mtrf_env_onset.npz,-0.5,0.0,0.05,hamming,1,,l2,1,True,mean,"1.0,1.0",results_env_onset\sub-018\sub-018_backward_mtrf_env_onset.summary.json,results_env_onset\sub-018\sub-018_backward_mtrf_env_onset.trial_results.csv,hi,HI,1,0.10881536596395439,0.027850024018968498,0.11537587813204062,0.07740740142909902,0.08096534194498589,0.037968476702941595,0.05946690932396374,0.08054507816221301,0.0376134787271567,0.05907927844468486
sub-018,30,1,0.0996538459236371,0.1507263068234182,0.02387938158721,0.1268469252362081,0.0871035897208781,0.014642823109812,0.072460766611066,0.0996538459236371,0.96875,32,2,"envelope,onset",data/processed/env_onset/sub-018_mtrf_env_onset.npz,-0.5,0.0,0.05,hamming,1,,l2,1,True,mean,"1.0,1.0",results_env_onset\sub-018\sub-018_backward_mtrf_env_onset.summary.json,results_env_onset\sub-018\sub-018_backward_mtrf_env_onset.trial_results.csv,hi,HI,1,0.1518835437786701,0.02388392201313004,0.08732488398275265,0.014643869778107098,0.12799962176554008,0.07268101420464555,0.10034031798509283,0.1268469252362082,0.0724607666110661,0.09965384592363714
sub-018,31,1,0.0573555381363602,0.1208486004066095,0.0828507307668827,0.0379978696397267,0.1175964810721891,0.0408832744391954,0.0767132066329936,0.0573555381363602,0.96875,32,2,"envelope,onset",data/processed/env_onset/sub-018_mtrf_env_onset.npz,-0.5,0.0,0.05,hamming,1,,l2,1,True,mean,"1.0,1.0",results_env_onset\sub-018\sub-018_backward_mtrf_env_onset.summary.json,results_env_onset\sub-018\sub-018_backward_mtrf_env_onset.trial_results.csv,hi,HI,1,0.12144211637790382,0.08304108456412984,0.11814310172701246,0.040906075318865545,0.03840103181377398,0.07723702640814692,0.05781902911096045,0.0379978696397268,0.0767132066329937,0.057355538136360254
sub-019,0,1,0.0551093071205864,0.1011948571551142,0.0139670739150211,0.0872277832400931,0.079996032641947,0.0570052016408673,0.0229908310010796,0.0551093071205864,0.8125,32,2,"envelope,onset",data/processed/env_onset/sub-019_mtrf_env_onset.npz,-0.5,0.0,0.05,hamming,1,,l2,1,True,mean,"1.0,1.0",results_env_onset\sub-019\sub-019_backward_mtrf_env_onset.summary.json,results_env_onset\sub-019\sub-019_backward_mtrf_env_onset.trial_results.csv,hi,HI,1,0.10154242042134856,0.013967982249661653,0.08016733212617091,0.05706707021602842,0.0875744381716869,0.023100261910142493,0.055337350040914696,0.0872277832400931,0.022990831001079702,0.0551093071205864
sub-019,1,1,0.0504460822738876,0.0960982924832311,0.009283345383582,0.086814947099649,0.0895760222146624,0.0754988047665362,0.0140772174481262,0.0504460822738876,0.8125,32,2,"envelope,onset",data/processed/env_onset/sub-019_mtrf_env_onset.npz,-0.5,0.0,0.05,hamming,1,,l2,1,True,mean,"1.0,1.0",results_env_onset\sub-019\sub-019_backward_mtrf_env_onset.summary.json,results_env_onset\sub-019\sub-019_backward_mtrf_env_onset.trial_results.csv,hi,HI,1,0.09639576127590677,0.009283612078492761,0.08981676422319462,0.07564274685475915,0.087112149197414,0.014174017368435474,0.05064308328292474,0.0868149470996491,0.014077217448126206,0.05044608227388765
sub-019,2,1,0.0205187018398004,0.0628406970628429,0.0354847454928243,0.0273559515700186,0.0626340918723767,0.0489526397627944,0.0136814521095823,0.0205187018398004,0.8125,32,2,"envelope,onset",data/processed/env_onset/sub-019_mtrf_env_onset.npz,-0.5,0.0,0.05,hamming,1,,l2,1,True,mean,"1.0,1.0",results_env_onset\sub-019\sub-019_backward_mtrf_env_onset.summary.json,results_env_onset\sub-019\sub-019_backward_mtrf_env_onset.trial_results.csv,hi,HI,1,0.06292361193192031,0.03549965049728145,0.06271619033330304,0.04899179881303923,0.027423961434638856,0.013724391520263814,0.020574176477451335,0.027355951570018598,0.013681452109582298,0.020518701839800448
sub-019,3,1,0.1477737180551089,0.1584117628869128,-0.0251276012704436,0.1835393641573565,0.1007735729565158,-0.0112344989963455,0.1120080719528613,0.1477737180551089,0.8125,32,2,"envelope,onset",data/processed/env_onset/sub-019_mtrf_env_onset.npz,-0.5,0.0,0.05,hamming,1,,l2,1,True,mean,"1.0,1.0",results_env_onset\sub-019\sub-019_backward_mtrf_env_onset.summary.json,results_env_onset\sub-019\sub-019_backward_mtrf_env_onset.trial_results.csv,hi,HI,1,0.15975715546714095,-0.02513289176670028,0.10111679577621385,-0.01123497168237291,0.18489004723384123,0.11235176745858676,0.148620907346214,0.18353936415735642,0.1120080719528613,0.14777371805510886
sub-019,4,1,0.0518008269137893,0.1736825510497195,0.1163957899494612,0.0572867611002583,0.1354164969452809,0.0891016042179604,0.0463148927273204,0.0518008269137893,0.8125,32,2,"envelope,onset",data/processed/env_onset/sub-019_mtrf_env_onset.npz,-0.5,0.0,0.05,hamming,1,,l2,1,True,mean,"1.0,1.0",results_env_onset\sub-019\sub-019_backward_mtrf_env_onset.summary.json,results_env_onset\sub-019\sub-019_backward_mtrf_env_onset.trial_results.csv,hi,HI,1,0.17546127196261116,0.11692574718440514,0.13625346432445742,0.08933852922112771,0.05853552477820602,0.04691493510332971,0.052725229940767865,0.05728676110025829,0.046314892727320506,0.0518008269137894
sub-019,5,1,0.1441590913058451,0.0455761445008439,-0.0819535599871009,0.1275297044879448,0.0812597840652468,-0.0795286940584985,0.1607884781237454,0.1441590913058451,0.8125,32,2,"envelope,onset",data/processed/env_onset/sub-019_mtrf_env_onset.npz,-0.5,0.0,0.05,hamming,1,,l2,1,True,mean,"1.0,1.0",results_env_onset\sub-019\sub-019_backward_mtrf_env_onset.summary.json,results_env_onset\sub-019\sub-019_backward_mtrf_env_onset.trial_results.csv,hi,HI,1,0.045607740582520186,-0.08213778018276968,0.08143935295199758,-0.07969700127277679,0.12774552076528986,0.16113635422477438,0.14444093749503212,0.1275297044879448,0.1607884781237453,0.14415909130584503
sub-019,6,1,0.1707573943123534,0.1859558094855122,-0.0193556939185673,0.2053115034040796,0.1722062123486011,0.0360029271279738,0.1362032852206272,0.1707573943123534,0.8125,32,2,"envelope,onset",data/processed/env_onset/sub-019_mtrf_env_onset.npz,-0.5,0.0,0.05,hamming,1,,l2,1,True,mean,"1.0,1.0",results_env_onset\sub-019\sub-019_backward_mtrf_env_onset.summary.json,results_env_onset\sub-019\sub-019_backward_mtrf_env_onset.trial_results.csv,hi,HI,1,0.1881448330514522,-0.019358111619738924,0.17393941456267592,0.036018495031205126,0.20750294467119113,0.1379209195314708,0.17271193210133096,0.2053115034040795,0.1362032852206273,0.1707573943123534
sub-019,7,1,0.2174702478286722,0.282681284193476,0.0107581473171239,0.2719231368763521,0.213391134379826,0.0503737755988336,0.1630173587809924,0.2174702478286722,0.8125,32,2,"envelope,onset",data/processed/env_onset/sub-019_mtrf_env_onset.npz,-0.5,0.0,0.05,hamming,1,,l2,1,True,mean,"1.0,1.0",results_env_onset\sub-019\sub-019_backward_mtrf_env_onset.summary.json,results_env_onset\sub-019\sub-019_backward_mtrf_env_onset.trial_results.csv,hi,HI,1,0.2905938322202412,0.010758562387144259,0.21672158915382142,0.05041644869641294,0.279835269833097,0.1663051404574085,0.22307020514525272,0.2719231368763521,0.16301735878099238,0.21747024782867225
sub-019,8,1,0.0672110553415796,0.1613990589108659,0.0779184049384475,0.0834806539724183,0.1473096572005776,0.0963682004898366,0.050941456710741,0.0672110553415796,0.8125,32,2,"envelope,onset",data/processed/env_onset/sub-019_mtrf_env_onset.npz,-0.5,0.0,0.05,hamming,1,,l2,1,True,mean,"1.0,1.0",results_env_onset\sub-019\sub-019_backward_mtrf_env_onset.summary.json,results_env_onset\sub-019\sub-019_backward_mtrf_env_onset.trial_results.csv,hi,HI,1,0.16282284284062132,0.07807666995702797,0.14838929592573422,0.09666819222302167,0.08474617288359335,0.051721103702712545,0.06823363829315295,0.0834806539724184,0.05094145671074099,0.0672110553415797
sub-019,9,1,0.0650024392369931,0.0773153366550145,-0.0226449927619566,0.0999603294169712,0.0538430220665302,0.0237984730095152,0.030044549057015,0.0650024392369931,0.8125,32,2,"envelope,onset",data/processed/env_onset/sub-019_mtrf_env_onset.npz,-0.5,0.0,0.05,hamming,1,,l2,1,True,mean,"1.0,1.0",results_env_onset\sub-019\sub-019_backward_mtrf_env_onset.summary.json,results_env_onset\sub-019\sub-019_backward_mtrf_env_onset.trial_results.csv,hi,HI,1,0.0774699465230696,-0.022648864704952934,0.0538951443420494,0.02380296742934993,0.10011881122802253,0.030092176912699473,0.06510549407036101,0.0999603294169711,0.030044549057015,0.06500243923699305
sub-019,10,1,0.1207768875010621,0.1326328532298028,-0.0106088037826226,0.1432416570124255,0.1359673592066591,0.0376552412169603,0.0983121179896987,0.1207768875010621,0.8125,32,2,"envelope,onset",data/processed/env_onset/sub-019_mtrf_env_onset.npz,-0.5,0.0,0.05,hamming,1,,l2,1,True,mean,"1.0,1.0",results_env_onset\sub-019\sub-019_backward_mtrf_env_onset.summary.json,results_env_onset\sub-019\sub-019_backward_mtrf_env_onset.trial_results.csv,hi,HI,1,0.13341890250624686,-0.010609201804848749,0.13681465949455435,0.03767305371135524,0.1440281043110956,0.09914160578319911,0.12158485504714736,0.14324165701242542,0.09831211798969879,0.12077688750106211
sub-019,11,1,0.0440373020075321,0.0767241666299219,0.0240827479230284,0.0526414187068934,0.1086215261253739,0.0731883408172031,0.0354331853081707,0.0440373020075321,0.8125,32,2,"envelope,onset",data/processed/env_onset/sub-019_mtrf_env_onset.npz,-0.5,0.0,0.05,hamming,1,,l2,1,True,mean,"1.0,1.0",results_env_onset\sub-019\sub-019_backward_mtrf_env_onset.summary.json,results_env_onset\sub-019\sub-019_backward_mtrf_env_onset.trial_results.csv,hi,HI,1,0.07687524870774098,0.02408740537119421,0.10905177132175962,0.07331944101463793,0.05278784333654678,0.035732330307121696,0.04426008682183424,0.052641418706893504,0.0354331853081708,0.044037302007532156
sub-019,12,0,-0.1404484388909156,0.0033258730910965,0.1267806674432233,-0.1234547943521268,-0.0027298122413194,0.154712271188385,-0.1574420834297045,-0.1404484388909156,0.8125,32,2,"envelope,onset",data/processed/env_onset/sub-019_mtrf_env_onset.npz,-0.5,0.0,0.05,hamming,1,,l2,1,True,mean,"1.0,1.0",results_env_onset\sub-019\sub-019_backward_mtrf_env_onset.summary.json,results_env_onset\sub-019\sub-019_backward_mtrf_env_onset.trial_results.csv,hi,HI,1,0.0033258853541506994,0.12746655724257808,-0.0027298190220894675,0.155964699600072,-0.12414067188842738,-0.15869451862216147,-0.14141759525529443,-0.1234547943521268,-0.1574420834297044,-0.1404484388909156
sub-019,13,0,-0.0398807606272433,-0.0060570136677456,0.017955638905238,-0.0240126525729836,0.0030577613496579,0.058806630031161,-0.0557488686815031,-0.0398807606272433,0.8125,32,2,"envelope,onset",data/processed/env_onset/sub-019_mtrf_env_onset.npz,-0.5,0.0,0.05,hamming,1,,l2,1,True,mean,"1.0,1.0",results_env_onset\sub-019\sub-019_backward_mtrf_env_onset.summary.json,results_env_onset\sub-019\sub-019_backward_mtrf_env_onset.trial_results.csv,hi,HI,1,-0.006057087741433314,0.01795756894100215,0.0030577708796368677,0.058874559786097735,-0.024014656682435465,-0.05581678890646087,-0.03991572279444817,-0.0240126525729836,-0.055748868681503104,-0.039880760627243356
sub-019,14,1,0.1011809867105701,0.1547017651307154,0.0035245184871674,0.151177246643548,0.1102409135389671,0.0590561867613748,0.0511847267775922,0.1011809867105701,0.8125,32,2,"envelope,onset",data/processed/env_onset/sub-019_mtrf_env_onset.npz,-0.5,0.0,0.05,hamming,1,,l2,1,True,mean,"1.0,1.0",results_env_onset\sub-019\sub-019_backward_mtrf_env_onset.summary.json,results_env_onset\sub-019\sub-019_backward_mtrf_env_onset.trial_results.csv,hi,HI,1,0.15595393592171006,0.0035245330814032702,0.11069078663374503,0.059124986226342185,0.1524294028403068,0.05156580040740284,0.10199760162385482,0.151177246643548,0.0511847267775923,0.10118098671057016
sub-019,15,0,-0.010233837874753,0.1001077108970161,0.0783468187254853,0.0217608921715308,0.0566107691950943,0.0988393371161312,-0.0422285679210368,-0.010233837874753,0.8125,32,2,"envelope,onset",data/processed/env_onset/sub-019_mtrf_env_onset.npz,-0.5,0.0,0.05,hamming,1,,l2,1,True,mean,"1.0,1.0",results_env_onset\sub-019\sub-019_backward_mtrf_env_onset.summary.json,results_env_onset\sub-019\sub-019_backward_mtrf_env_onset.trial_results.csv,hi,HI,1,0.10044414780111237,0.07850771515460707,0.056671360752368186,0.09916309787569354,0.0219364326465053,-0.04249173712332535,-0.010277652238410026,0.021760892171530807,-0.0422285679210369,-0.010233837874753047
sub-019,16,1,0.1451592062555448,0.1545165923102172,0.0239871655321713,0.1305294267780459,0.1859479640033011,0.0261589782702573,0.1597889857330437,0.1451592062555448,0.8125,32,2,"envelope,onset",data/processed/env_onset/sub-019_mtrf_env_onset.npz,-0.5,0.0,0.05,hamming,1,,l2,1,True,mean,"1.0,1.0",results_env_onset\sub-019\sub-019_backward_mtrf_env_onset.summary.json,results_env_onset\sub-019\sub-019_backward_mtrf_env_onset.trial_results.csv,hi,HI,1,0.15576422833071346,0.023991767732394732,0.1881367065709516,0.02616494751571675,0.13177246059831874,0.16197175905523487,0.1468721098267768,0.13052942677804588,0.15978898573304381,0.14515920625554485
sub-019,17,1,0.0667366788145017,0.2084941617262712,0.0973146527857316,0.1111795089405396,0.1275959637076246,0.1053021150191607,0.0222938486884639,0.0667366788145017,0.8125,32,2,"envelope,onset",data/processed/env_onset/sub-019_mtrf_env_onset.npz,-0.5,0.0,0.05,hamming,1,,l2,1,True,mean,"1.0,1.0",results_env_onset\sub-019\sub-019_backward_mtrf_env_onset.summary.json,results_env_onset\sub-019\sub-019_backward_mtrf_env_onset.trial_results.csv,hi,HI,1,0.21159655680755107,0.09762360470139408,0.1282952593603571,0.10569394061579306,0.11397295210615699,0.022601318744564045,0.06828713542536052,0.11117950894053959,0.022293848688463902,0.06673667881450174
sub-019,18,1,0.0326480053155592,0.1036120017632487,0.0528164811788847,0.0507955205843639,0.0971884287229959,0.0826879386762414,0.0145004900467545,0.0326480053155592,0.8125,32,2,"envelope,onset",data/processed/env_onset/sub-019_mtrf_env_onset.npz,-0.5,0.0,0.05,hamming,1,,l2,1,True,mean,"1.0,1.0",results_env_onset\sub-019\sub-019_backward_mtrf_env_onset.summary.json,results_env_onset\sub-019\sub-019_backward_mtrf_env_onset.trial_results.csv,hi,HI,1,0.10398518219868233,0.05286567548930472,0.09749617542999628,0.08287716953010398,0.05111950670937761,0.014619005899892304,0.032869256304634956,0.050795520584364,0.014500490046754508,0.03264800531555925
sub-019,19,1,0.0431866817308008,0.1791617102046316,0.0819940745826762,0.0971676356219554,0.1367894032093699,0.1475836753697236,-0.0107942721603536,0.0431866817308008,0.8125,32,2,"envelope,onset",data/processed/env_onset/sub-019_mtrf_env_onset.npz,-0.5,0.0,0.05,hamming,1,,l2,1,True,mean,"1.0,1.0",results_env_onset\sub-019\sub-019_backward_mtrf_env_onset.summary.json,results_env_onset\sub-019\sub-019_backward_mtrf_env_onset.trial_results.csv,hi,HI,1,0.18111646361261652,0.08217856886634184,0.13765228255190742,0.14866940378718427,0.09893789474627468,-0.011017121235276844,0.04396038675549892,0.09716763562195539,-0.010794272160353724,0.043186681730800834
sub-019,20,1,0.1226047921324671,0.1409362804506752,0.0005274943983378,0.1404087860523373,0.1952194849912294,0.0904186867786325,0.1048007982125969,0.1226047921324671,0.8125,32,2,"envelope,onset",data/processed/env_onset/sub-019_mtrf_env_onset.npz,-0.5,0.0,0.05,hamming,1,,l2,1,True,mean,"1.0,1.0",results_env_onset\sub-019\sub-019_backward_mtrf_env_onset.summary.json,results_env_onset\sub-019\sub-019_backward_mtrf_env_onset.trial_results.csv,hi,HI,1,0.14188070248078927,0.0005274944472629734,0.1977577644349918,0.09066630975333186,0.1413532080335263,0.10709145468165994,0.12422233135759311,0.1404087860523374,0.1048007982125969,0.12260479213246714
sub-019,21,1,0.0526918049151276,0.0748637567808248,0.013404191915048,0.0614595648657768,0.0685840076696263,0.0246599627051478,0.0439240449644784,0.0526918049151276,0.8125,32,2,"envelope,onset",data/processed/env_onset/sub-019_mtrf_env_onset.npz,-0.5,0.0,0.05,hamming,1,,l2,1,True,mean,"1.0,1.0",results_env_onset\sub-019\sub-019_backward_mtrf_env_onset.summary.json,results_env_onset\sub-019\sub-019_backward_mtrf_env_onset.trial_results.csv,hi,HI,1,0.07500408900926908,0.01340499478920478,0.06869184655992432,0.024664963217355264,0.0615990942200643,0.04402688334256905,0.052812988781316676,0.0614595648657768,0.043924044964478506,0.05269180491512765
sub-019,22,1,0.1914871954629429,0.2372320953932187,-0.0113863799615783,0.2486184753547971,0.227003207622635,0.0926472920515462,0.1343559155710887,0.1914871954629429,0.8125,32,2,"envelope,onset",data/processed/env_onset/sub-019_mtrf_env_onset.npz,-0.5,0.0,0.05,hamming,1,,l2,1,True,mean,"1.0,1.0",results_env_onset\sub-019\sub-019_backward_mtrf_env_onset.summary.json,results_env_onset\sub-019\sub-019_backward_mtrf_env_onset.trial_results.csv,hi,HI,1,0.24183909267909884,-0.011386872079914376,0.23102757995227957,0.09291374565344714,0.2532259647590132,0.13811383429883245,0.19566989952892283,0.248618475354797,0.1343559155710888,0.1914871954629429
sub-019,23,1,0.1589137683927839,0.159159281397719,-0.0166684937151196,0.1758277751128386,0.147130052179831,0.0051302905071017,0.1419997616727293,0.1589137683927839,0.8125,32,2,"envelope,onset",data/processed/env_onset/sub-019_mtrf_env_onset.npz,-0.5,0.0,0.05,hamming,1,,l2,1,True,mean,"1.0,1.0",results_env_onset\sub-019\sub-019_backward_mtrf_env_onset.summary.json,results_env_onset\sub-019\sub-019_backward_mtrf_env_onset.trial_results.csv,hi,HI,1,0.16052400856333404,-0.01667003768995897,0.14820571196336602,0.00513033551735718,0.17719404625329302,0.14307537644600885,0.16013471134965093,0.17582777511283862,0.1419997616727293,0.15891376839278396
sub-019,24,0,-0.0369813526699452,0.0783550553084672,0.0859958944881128,-0.0076408391796456,0.0244586227761518,0.0907804889363967,-0.0663218661602448,-0.0369813526699452,0.8125,32,2,"envelope,onset",data/processed/env_onset/sub-019_mtrf_env_onset.npz,-0.5,0.0,0.05,hamming,1,,l2,1,True,mean,"1.0,1.0",results_env_onset\sub-019\sub-019_backward_mtrf_env_onset.summary.json,results_env_onset\sub-019\sub-019_backward_mtrf_env_onset.trial_results.csv,hi,HI,1,0.07851600261321451,0.08620882841883529,0.024463501774422816,0.09103110626909224,-0.007692825805620779,-0.06656760449466942,-0.0371302151501451,-0.0076408391796456004,-0.06632186616024491,-0.036981352669945254
sub-019,25,0,-0.0221064027938442,0.1003056983964428,0.1043046386125599,-0.0039989402161171,0.0959989207236511,0.1362127860952225,-0.0402138653715714,-0.0221064027938442,0.8125,32,2,"envelope,onset",data/processed/env_onset/sub-019_mtrf_env_onset.npz,-0.5,0.0,0.05,hamming,1,,l2,1,True,mean,"1.0,1.0",results_env_onset\sub-019\sub-019_backward_mtrf_env_onset.summary.json,results_env_onset\sub-019\sub-019_backward_mtrf_env_onset.trial_results.csv,hi,HI,1,0.10064414353511358,0.10468538641689977,0.09629546424252573,0.13706471758734418,-0.004041242881786186,-0.04076925334481844,-0.022405248113302315,-0.003998940216117103,-0.0402138653715714,-0.02210640279384425
sub-019,26,1,0.1142630491232491,0.1353816918663377,-0.0194605717697638,0.1548422636361015,0.1070546116674839,0.0333707770570871,0.0736838346103967,0.1142630491232491,0.8125,32,2,"envelope,onset",data/processed/env_onset/sub-019_mtrf_env_onset.npz,-0.5,0.0,0.05,hamming,1,,l2,1,True,mean,"1.0,1.0",results_env_onset\sub-019\sub-019_backward_mtrf_env_onset.summary.json,results_env_onset\sub-019\sub-019_backward_mtrf_env_onset.trial_results.csv,hi,HI,1,0.1362180092506645,-0.019463028990847606,0.10746642040052924,0.03338317267036168,0.15568103824151208,0.07408324773016756,0.11488214298583982,0.15484226363610148,0.07368383461039679,0.11426304912324914
sub-019,27,1,0.0389557199865781,0.1179478728865907,0.0392828331736345,0.0786650397129561,0.0691352614417569,0.0698888611815568,-0.0007535997397998,0.0389557199865781,0.8125,32,2,"envelope,onset",data/processed/env_onset/sub-019_mtrf_env_onset.npz,-0.5,0.0,0.05,hamming,1,,l2,1,True,mean,"1.0,1.0",results_env_onset\sub-019\sub-019_backward_mtrf_env_onset.summary.json,results_env_onset\sub-019\sub-019_backward_mtrf_env_onset.trial_results.csv,hi,HI,1,0.11849943600349591,0.039303058219586344,0.06924572665148077,0.0700029854467822,0.07919637778390956,-0.0007572587953014326,0.039219559494304064,0.0786650397129562,-0.0007535997397998956,0.03895571998657815
sub-019,28,1,0.0922619009625912,0.1462556396170145,0.0253551330852786,0.1209005065317358,0.1311186639055066,0.0674953685120601,0.0636232953934465,0.0922619009625912,0.8125,32,2,"envelope,onset",data/processed/env_onset/sub-019_mtrf_env_onset.npz,-0.5,0.0,0.05,hamming,1,,l2,1,True,mean,"1.0,1.0",results_env_onset\sub-019\sub-019_backward_mtrf_env_onset.summary.json,results_env_onset\sub-019\sub-019_backward_mtrf_env_onset.trial_results.csv,hi,HI,1,0.1473120692273011,0.025360568641517055,0.1318779131890756,0.06759814410712181,0.12195150058578405,0.06427976908195379,0.09311563483386892,0.1209005065317359,0.06362329539344651,0.09226190096259121
sub-019,29,1,0.0169506804388325,0.1444414896468309,0.0790219331138514,0.0654195565329795,0.0881993738005833,0.1197175694558977,-0.0315181956553144,0.0169506804388325,0.8125,32,2,"envelope,onset",data/processed/env_onset/sub-019_mtrf_env_onset.npz,-0.5,0.0,0.05,hamming,1,,l2,1,True,mean,"1.0,1.0",results_env_onset\sub-019\sub-019_backward_mtrf_env_onset.summary.json,results_env_onset\sub-019\sub-019_backward_mtrf_env_onset.trial_results.csv,hi,HI,1,0.14545876542852104,0.07918703539797692,0.08842915202731229,0.12029448128966025,0.06627173003054412,-0.03186532926234796,0.01720320038409808,0.0654195565329795,-0.0315181956553144,0.01695068043883255
sub-019,30,0,-0.0191762316790541,0.0595174253121316,0.0517541102276007,0.0077633150845309,0.0517566895635739,0.0978724680062131,-0.0461157784426391,-0.0191762316790541,0.8125,32,2,"envelope,onset",data/processed/env_onset/sub-019_mtrf_env_onset.npz,-0.5,0.0,0.05,hamming,1,,l2,1,True,mean,"1.0,1.0",results_env_onset\sub-019\sub-019_backward_mtrf_env_onset.summary.json,results_env_onset\sub-019\sub-019_backward_mtrf_env_onset.trial_results.csv,hi,HI,1,0.0595878517230981,0.05180039221629485,0.05180297847988911,0.09818678393939967,0.007787459506803249,-0.04638380545951056,-0.019298172976353656,0.007763315084530896,-0.046115778442639206,-0.019176231679054155
sub-019,31,1,0.0704936731279202,0.1378867589846541,0.0448440271795444,0.0930427318051097,0.0781175188461518,0.030172904395421,0.0479446144507308,0.0704936731279202,0.8125,32,2,"envelope,onset",data/processed/env_onset/sub-019_mtrf_env_onset.npz,-0.5,0.0,0.05,hamming,1,,l2,1,True,mean,"1.0,1.0",results_env_onset\sub-019\sub-019_backward_mtrf_env_onset.summary.json,results_env_onset\sub-019\sub-019_backward_mtrf_env_onset.trial_results.csv,hi,HI,1,0.1387707344056544,0.044874123750695105,0.0782770032546024,0.03018206591290893,0.0938966106549593,0.048094937341693476,0.07099577399832639,0.0930427318051097,0.047944614450730796,0.07049367312792025
sub-020,0,1,0.1926510022315347,0.1672616490626961,-0.0258161457188593,0.1930777947815555,0.1966103886235536,0.0043861789420396,0.1922242096815139,0.1926510022315347,1.0,32,2,"envelope,onset",data/processed/env_onset/sub-020_mtrf_env_onset.npz,-0.5,0.0,0.05,hamming,1,,l2,1,True,mean,"1.0,1.0",results_env_onset\sub-020\sub-020_backward_mtrf_env_onset.summary.json,results_env_onset\sub-020\sub-020_backward_mtrf_env_onset.trial_results.csv,hi,HI,1,0.1688481627067625,-0.025821883271353076,0.19920418584239694,0.004386207070294889,0.19467004597811557,0.19481797877210205,0.1947440123751088,0.1930777947815554,0.192224209681514,0.1926510022315347
sub-020,1,1,0.0372272135156811,0.0898952956658316,0.0466044555504679,0.0432908401153637,0.097272879308621,0.0661092923926225,0.0311635869159985,0.0372272135156811,1.0,32,2,"envelope,onset",data/processed/env_onset/sub-020_mtrf_env_onset.npz,-0.5,0.0,0.05,hamming,1,,l2,1,True,mean,"1.0,1.0",results_env_onset\sub-020\sub-020_backward_mtrf_env_onset.summary.json,results_env_onset\sub-020\sub-020_backward_mtrf_env_onset.trial_results.csv,hi,HI,1,0.0901386294935703,0.046638240831639956,0.09758143201437826,0.06620585459734422,0.04350038866193034,0.031375577417034034,0.03743798303948219,0.043290840115363695,0.031163586915998492,0.03722721351568109
sub-020,2,1,0.0783732944217542,0.1234922832510519,0.0073731797291908,0.1161191035218611,0.0803673932542798,0.0397399079326324,0.0406274853216474,0.0783732944217542,1.0,32,2,"envelope,onset",data/processed/env_onset/sub-020_mtrf_env_onset.npz,-0.5,0.0,0.05,hamming,1,,l2,1,True,mean,"1.0,1.0",results_env_onset\sub-020\sub-020_backward_mtrf_env_onset.summary.json,results_env_onset\sub-020\sub-020_backward_mtrf_env_onset.trial_results.csv,hi,HI,1,0.12412585736993842,0.007373313344854365,0.08054109570901122,0.039760847663863945,0.11675254402508406,0.04078024804514727,0.07876639603511566,0.1161191035218611,0.0406274853216474,0.07837329442175425
sub-020,3,1,0.0371390873080248,0.0560397022028496,0.0171176054158154,0.0389220967870342,0.105011152341063,0.0696550745120476,0.0353560778290153,0.0371390873080248,1.0,32,2,"envelope,onset",data/processed/env_onset/sub-020_mtrf_env_onset.npz,-0.5,0.0,0.05,hamming,1,,l2,1,True,mean,"1.0,1.0",results_env_onset\sub-020\sub-020_backward_mtrf_env_onset.summary.json,results_env_onset\sub-020\sub-020_backward_mtrf_env_onset.trial_results.csv,hi,HI,1,0.05609847624983858,0.01711927760010932,0.1053997245181606,0.06976805510532685,0.03897919864972926,0.035631669412833744,0.037305434031281504,0.038922096787034205,0.0353560778290154,0.0371390873080248
sub-020,4,1,0.1265377557804293,0.0764103851562534,-0.049564599945428,0.1259749851016814,0.1383205129522202,0.0112199864930429,0.1271005264591772,0.1265377557804293,1.0,32,2,"envelope,onset",data/processed/env_onset/sub-020_mtrf_env_onset.npz,-0.5,0.0,0.05,hamming,1,,l2,1,True,mean,"1.0,1.0",results_env_onset\sub-020\sub-020_backward_mtrf_env_onset.summary.json,results_env_onset\sub-020\sub-020_backward_mtrf_env_onset.trial_results.csv,hi,HI,1,0.07655961682443825,-0.04960524749401744,0.1392129220551656,0.01122045734952418,0.1261648643184557,0.12799246470564143,0.12707866451204858,0.1259749851016814,0.1271005264591773,0.12653775578042936
sub-020,5,1,0.2452091631090958,0.2039137132585435,-0.062024957783124,0.2659386710416675,0.1250872973169029,-0.0993923578596212,0.2244796551765241,0.2452091631090958,1.0,32,2,"envelope,onset",data/processed/env_onset/sub-020_mtrf_env_onset.npz,-0.5,0.0,0.05,hamming,1,,l2,1,True,mean,"1.0,1.0",results_env_onset\sub-020\sub-020_backward_mtrf_env_onset.summary.json,results_env_onset\sub-020\sub-020_backward_mtrf_env_onset.trial_results.csv,hi,HI,1,0.20681268808667633,-0.0621046805278029,0.12574589811238027,-0.09972160538450693,0.26891736861447924,0.2254675034968872,0.24719243605568322,0.26593867104166746,0.2244796551765241,0.2452091631090958
sub-020,6,1,0.171202653254226,0.1620862269666909,-0.0413152612293043,0.2034014881959953,0.1142835115209844,-0.0247203067914723,0.1390038183124567,0.171202653254226,1.0,32,2,"envelope,onset",data/processed/env_onset/sub-020_mtrf_env_onset.npz,-0.5,0.0,0.05,hamming,1,,l2,1,True,mean,"1.0,1.0",results_env_onset\sub-020\sub-020_backward_mtrf_env_onset.summary.json,results_env_onset\sub-020\sub-020_backward_mtrf_env_onset.trial_results.csv,hi,HI,1,0.1635284706318372,-0.04133879304080982,0.1147849889065298,-0.024725344112057825,0.20486726367264702,0.13951033301858762,0.17218879834561732,0.20340148819599518,0.1390038183124567,0.17120265325422596
sub-020,7,1,0.1913089390081177,0.1946070478882643,-0.0065570172074802,0.2011640650957445,0.1921634329903812,0.0107096200698902,0.1814538129204909,0.1913089390081177,1.0,32,2,"envelope,onset",data/processed/env_onset/sub-020_mtrf_env_onset.npz,-0.5,0.0,0.05,hamming,1,,l2,1,True,mean,"1.0,1.0",results_env_onset\sub-020\sub-020_backward_mtrf_env_onset.summary.json,results_env_onset\sub-020\sub-020_backward_mtrf_env_onset.trial_results.csv,hi,HI,1,0.19712114124174482,-0.006557111181741159,0.1945825884653146,0.010710029548128875,0.20367825242348597,0.1838725589171857,0.19377540567033585,0.2011640650957445,0.18145381292049098,0.19130893900811774
sub-020,8,1,0.2159182656565385,0.1430304043399189,-0.0262871961023088,0.1693176004422278,0.2045945271037175,-0.0579244037671316,0.2625189308708492,0.2159182656565385,1.0,32,2,"envelope,onset",data/processed/env_onset/sub-020_mtrf_env_onset.npz,-0.5,0.0,0.05,hamming,1,,l2,1,True,mean,"1.0,1.0",results_env_onset\sub-020\sub-020_backward_mtrf_env_onset.summary.json,results_env_onset\sub-020\sub-020_backward_mtrf_env_onset.trial_results.csv,hi,HI,1,0.14401791179390344,-0.026293253577646693,0.2075231419171464,-0.05798931785752528,0.17031116537155014,0.2655124597746717,0.21791181257311093,0.1693176004422277,0.2625189308708491,0.2159182656565384
sub-020,9,1,0.188021064699277,0.1903647337763472,0.0127363177541512,0.1776284160221959,0.1964923378971788,-0.0019213754791793,0.1984137133763581,0.188021064699277,1.0,32,2,"envelope,onset",data/processed/env_onset/sub-020_mtrf_env_onset.npz,-0.5,0.0,0.05,hamming,1,,l2,1,True,mean,"1.0,1.0",results_env_onset\sub-020\sub-020_backward_mtrf_env_onset.summary.json,results_env_onset\sub-020\sub-020_backward_mtrf_env_onset.trial_results.csv,hi,HI,1,0.19271559023636603,0.012737006489976816,0.19908139126178537,-0.001921377843554737,0.17997858374638923,0.2010027691053401,0.19049067642586465,0.17762841602219598,0.1984137133763581,0.18802106469927704
sub-020,10,1,0.058450393828443,0.148781641766047,0.0430075332504762,0.1057741085155708,0.0744066551132633,0.0632799759719482,0.0111266791413151,0.058450393828443,1.0,32,2,"envelope,onset",data/processed/env_onset/sub-020_mtrf_env_onset.npz,-0.5,0.0,0.05,hamming,1,,l2,1,True,mean,"1.0,1.0",results_env_onset\sub-020\sub-020_backward_mtrf_env_onset.summary.json,results_env_onset\sub-020\sub-020_backward_mtrf_env_onset.trial_results.csv,hi,HI,1,0.14989426599025749,0.043034078981617256,0.07454442682487275,0.06336464466164853,0.10686018700864022,0.011179782163224225,0.059019984585932224,0.10577410851557079,0.011126679141315099,0.05845039382844294
sub-020,11,1,0.0923236219517679,0.1774179115698119,0.081698443939839,0.0957194676299729,0.2137706005549549,0.1248428242813919,0.088927776273563,0.0923236219517679,1.0,32,2,"envelope,onset",data/processed/env_onset/sub-020_mtrf_env_onset.npz,-0.5,0.0,0.05,hamming,1,,l2,1,True,mean,"1.0,1.0",results_env_onset\sub-020\sub-020_backward_mtrf_env_onset.summary.json,results_env_onset\sub-020\sub-020_backward_mtrf_env_onset.trial_results.csv,hi,HI,1,0.17931541403632054,0.08188094449209793,0.21711919273236582,0.1254975467545846,0.09743446954422261,0.09162164597778122,0.09452805776100191,0.09571946762997291,0.08892777627356299,0.09232362195176795
sub-020,12,1,0.1300448884795014,0.1234300636729453,0.0263218733622787,0.0971081903106666,0.1658288419026495,0.0028472552543133,0.1629815866483362,0.1300448884795014,1.0,32,2,"envelope,onset",data/processed/env_onset/sub-020_mtrf_env_onset.npz,-0.5,0.0,0.05,hamming,1,,l2,1,True,mean,"1.0,1.0",results_env_onset\sub-020\sub-020_backward_mtrf_env_onset.summary.json,results_env_onset\sub-020\sub-020_backward_mtrf_env_onset.trial_results.csv,hi,HI,1,0.12406267472007496,0.02632795484841996,0.16737447923764834,0.0028472629484529925,0.097734719871655,0.16452721628919534,0.13113096808042518,0.0971081903106666,0.16298158664833617,0.13004488847950138
sub-020,13,1,0.0617894517287627,0.0907111033550114,-0.0278909110230133,0.1186020143780247,0.0826766882387741,0.0776997991592733,0.0049768890795007,0.0617894517287627,1.0,32,2,"envelope,onset",data/processed/env_onset/sub-020_mtrf_env_onset.npz,-0.5,0.0,0.05,hamming,1,,l2,1,True,mean,"1.0,1.0",results_env_onset\sub-020\sub-020_backward_mtrf_env_onset.summary.json,results_env_onset\sub-020\sub-020_backward_mtrf_env_onset.trial_results.csv,hi,HI,1,0.09096114456708795,-0.02789814654078587,0.08286584165112161,0.0778567326199343,0.11885929110787383,0.005009109031187314,0.06193420006953057,0.1186020143780247,0.004976889079500793,0.06178945172876275
sub-020,14,1,0.1216490470042755,0.0966295323078076,-0.0139421444275585,0.1105716767353662,0.1072012138433946,-0.02552520342979,0.1327264172731848,0.1216490470042755,1.0,32,2,"envelope,onset",data/processed/env_onset/sub-020_mtrf_env_onset.npz,-0.5,0.0,0.05,hamming,1,,l2,1,True,mean,"1.0,1.0",results_env_onset\sub-020\sub-020_backward_mtrf_env_onset.summary.json,results_env_onset\sub-020\sub-020_backward_mtrf_env_onset.trial_results.csv,hi,HI,1,0.09693198044672399,-0.013943047906705301,0.10761472457319629,-0.025530749127618067,0.1108750283534293,0.13314547370081437,0.12201025102712183,0.11057167673536611,0.1327264172731846,0.12164904700427535
sub-020,15,1,0.1600335238575178,0.1867369381168789,0.0008533429517014,0.1858835951651774,0.1967879926733393,0.0626045401234811,0.1341834525498581,0.1600335238575178,1.0,32,2,"envelope,onset",data/processed/env_onset/sub-020_mtrf_env_onset.npz,-0.5,0.0,0.05,hamming,1,,l2,1,True,mean,"1.0,1.0",results_env_onset\sub-020\sub-020_backward_mtrf_env_onset.summary.json,results_env_onset\sub-020\sub-020_backward_mtrf_env_onset.trial_results.csv,hi,HI,1,0.1889540621882163,0.0008533431588346179,0.19938893806171665,0.06268652225055003,0.1881007190293817,0.1367024158111666,0.16240156742027415,0.1858835951651775,0.1341834525498582,0.16003352385751785
sub-020,16,1,0.0749472890187892,0.1143657318657191,0.0539148336191596,0.0604508982465594,0.1425149431077488,0.0530712633167297,0.089443679791019,0.0749472890187892,1.0,32,2,"envelope,onset",data/processed/env_onset/sub-020_mtrf_env_onset.npz,-0.5,0.0,0.05,hamming,1,,l2,1,True,mean,"1.0,1.0",results_env_onset\sub-020\sub-020_backward_mtrf_env_onset.summary.json,results_env_onset\sub-020\sub-020_backward_mtrf_env_onset.trial_results.csv,hi,HI,1,0.114868298112561,0.05396716496617901,0.1434917247329287,0.05312117380402043,0.060901133146381986,0.09037055092890828,0.07563584203764513,0.060450898246559505,0.08944367979101908,0.07494728901878929
sub-020,17,1,0.1233517180177966,0.1302505857726157,-0.0005772542738817,0.1308278400464974,0.1448789826839834,0.0290033866948877,0.1158755959890957,0.1233517180177966,1.0,32,2,"envelope,onset",data/processed/env_onset/sub-020_mtrf_env_onset.npz,-0.5,0.0,0.05,hamming,1,,l2,1,True,mean,"1.0,1.0",results_env_onset\sub-020\sub-020_backward_mtrf_env_onset.summary.json,results_env_onset\sub-020\sub-020_backward_mtrf_env_onset.trial_results.csv,hi,HI,1,0.13099475195316526,-0.0005772543379997495,0.1459056093910953,0.029011523317191003,0.131572006291165,0.11689408607390428,0.12423304618253464,0.1308278400464974,0.11587559598909569,0.12335171801779654
sub-020,18,1,0.064712831643524,0.0997181542052266,0.0160414515786404,0.0836767026265862,0.0786257983368723,0.0328768376764104,0.0457489606604618,0.064712831643524,1.0,32,2,"envelope,onset",data/processed/env_onset/sub-020_mtrf_env_onset.npz,-0.5,0.0,0.05,hamming,1,,l2,1,True,mean,"1.0,1.0",results_env_onset\sub-020\sub-020_backward_mtrf_env_onset.summary.json,results_env_onset\sub-020\sub-020_backward_mtrf_env_onset.trial_results.csv,hi,HI,1,0.10005066310615532,0.016042827763578283,0.07878842396236246,0.032888690740632935,0.08400783534257704,0.04589973322172953,0.06495378428215329,0.0836767026265862,0.045748960660461906,0.06471283164352405
sub-020,19,1,0.1055270397826488,0.0970933306572061,0.0222733300998701,0.0748200005573359,0.1628612516472073,0.0266271726392456,0.1362340790079616,0.1055270397826488,1.0,32,2,"envelope,onset",data/processed/env_onset/sub-020_mtrf_env_onset.npz,-0.5,0.0,0.05,hamming,1,,l2,1,True,mean,"1.0,1.0",results_env_onset\sub-020\sub-020_backward_mtrf_env_onset.summary.json,results_env_onset\sub-020\sub-020_backward_mtrf_env_onset.trial_results.csv,hi,HI,1,0.09740017143680152,0.02227701447213927,0.16432450894993897,0.02663346826223074,0.07512315696466225,0.13769104068770824,0.10640709882618524,0.07482000055733601,0.1362340790079617,0.10552703978264885
sub-020,20,1,0.0401764781678583,0.1046970726612022,0.0496058786846561,0.0550911939765461,0.1513405427278392,0.1260787803686687,0.0252617623591705,0.0401764781678583,1.0,32,2,"envelope,onset",data/processed/env_onset/sub-020_mtrf_env_onset.npz,-0.5,0.0,0.05,hamming,1,,l2,1,True,mean,"1.0,1.0",results_env_onset\sub-020\sub-020_backward_mtrf_env_onset.summary.json,results_env_onset\sub-020\sub-020_backward_mtrf_env_onset.trial_results.csv,hi,HI,1,0.10508215333575797,0.04964662797527348,0.15251211817522461,0.12675326859217542,0.055435525360484496,0.025758849583049193,0.04059718747176684,0.055091193976546105,0.025261762359170492,0.0401764781678583
sub-020,21,1,0.1957573262098479,0.1918814828941389,-0.0333398229981542,0.2252213058922931,0.1842449756551843,0.0179516291277815,0.1662933465274028,0.1957573262098479,1.0,32,2,"envelope,onset",data/processed/env_onset/sub-020_mtrf_env_onset.npz,-0.5,0.0,0.05,hamming,1,,l2,1,True,mean,"1.0,1.0",results_env_onset\sub-020\sub-020_backward_mtrf_env_onset.summary.json,results_env_onset\sub-020\sub-020_backward_mtrf_env_onset.trial_results.csv,hi,HI,1,0.1942898441143511,-0.03335218413432359,0.18637330226471938,0.017953557870645405,0.2276420282486747,0.16841974439407398,0.19803088632137433,0.2252213058922931,0.1662933465274028,0.19575732620984795
sub-020,22,1,0.0704797824301486,0.1353997395311993,0.0583072525233046,0.0770924870078946,0.148892840277504,0.0850257624251013,0.0638670778524027,0.0704797824301486,1.0,32,2,"envelope,onset",data/processed/env_onset/sub-020_mtrf_env_onset.npz,-0.5,0.0,0.05,hamming,1,,l2,1,True,mean,"1.0,1.0",results_env_onset\sub-020\sub-020_backward_mtrf_env_onset.summary.json,results_env_onset\sub-020\sub-020_backward_mtrf_env_onset.trial_results.csv,hi,HI,1,0.13623639391836012,0.058373464052821934,0.15000798363472645,0.08523155031998844,0.0778629298655382,0.06477643331473801,0.0713196815901381,0.0770924870078947,0.06386707785240268,0.07047978243014869
sub-020,23,1,0.0922447998017607,0.1179116849465217,-0.0261593045070097,0.1440709894535314,0.0816525177140602,0.0412339075640701,0.04041861014999,0.0922447998017607,1.0,32,2,"envelope,onset",data/processed/env_onset/sub-020_mtrf_env_onset.npz,-0.5,0.0,0.05,hamming,1,,l2,1,True,mean,"1.0,1.0",results_env_onset\sub-020\sub-020_backward_mtrf_env_onset.summary.json,results_env_onset\sub-020\sub-020_backward_mtrf_env_onset.trial_results.csv,hi,HI,1,0.1184627376840122,-0.026165273975866054,0.08183470984030412,0.04125730054562317,0.14462801165987826,0.040577409294680955,0.09260271047727961,0.1440709894535314,0.04041861014999009,0.09224479980176074
sub-020,24,1,0.1743667360981608,0.1594241311957078,-0.0476318612946627,0.2070559924903705,0.1144751385391097,-0.0272023411668414,0.1416774797059512,0.1743667360981608,1.0,32,2,"envelope,onset",data/processed/env_onset/sub-020_mtrf_env_onset.npz,-0.5,0.0,0.05,hamming,1,,l2,1,True,mean,"1.0,1.0",results_env_onset\sub-020\sub-020_backward_mtrf_env_onset.summary.json,results_env_onset\sub-020\sub-020_backward_mtrf_env_onset.trial_results.csv,hi,HI,1,0.16079575357973475,-0.04766793270762242,0.11497915614339776,-0.02720905376225909,0.20846368628735717,0.14218820990565686,0.17532594809650703,0.20705599249037052,0.1416774797059511,0.1743667360981608
sub-020,25,1,0.0637054691010231,0.1536256844275524,0.0880346796557825,0.0655910047717698,0.1529005879474959,0.0910806545172194,0.0618199334302764,0.0637054691010231,1.0,32,2,"envelope,onset",data/processed/env_onset/sub-020_mtrf_env_onset.npz,-0.5,0.0,0.05,hamming,1,,l2,1,True,mean,"1.0,1.0",results_env_onset\sub-020\sub-020_backward_mtrf_env_onset.summary.json,results_env_onset\sub-020\sub-020_backward_mtrf_env_onset.trial_results.csv,hi,HI,1,0.1548516578609562,0.0882631690892778,0.15410911942256533,0.09133377442421636,0.0665884887716784,0.06277534499834897,0.06468191688501368,0.06559100477176989,0.06181993343027649,0.06370546910102319
sub-020,26,1,0.0893621937408129,0.121523500679939,0.0094411403348724,0.1120823603450666,0.1064295179193284,0.0397874907827691,0.0666420271365592,0.0893621937408129,1.0,32,2,"envelope,onset",data/processed/env_onset/sub-020_mtrf_env_onset.npz,-0.5,0.0,0.05,hamming,1,,l2,1,True,mean,"1.0,1.0",results_env_onset\sub-020\sub-020_backward_mtrf_env_onset.summary.json,results_env_onset\sub-020\sub-020_backward_mtrf_env_onset.trial_results.csv,hi,HI,1,0.12212707603663828,0.00944142086230175,0.1068341223096005,0.03980850586886568,0.11268565517433653,0.06702561644073482,0.08985563580753567,0.1120823603450666,0.06664202713655931,0.08936219374081296
sub-020,27,1,0.0872205055965452,0.1190537779774909,0.0192049016651312,0.0998488763123596,0.0988447538706224,0.0242526189898916,0.0745921348807307,0.0872205055965452,1.0,32,2,"envelope,onset",data/processed/env_onset/sub-020_mtrf_env_onset.npz,-0.5,0.0,0.05,hamming,1,,l2,1,True,mean,"1.0,1.0",results_env_onset\sub-020\sub-020_backward_mtrf_env_onset.summary.json,results_env_onset\sub-020\sub-020_backward_mtrf_env_onset.trial_results.csv,hi,HI,1,0.11962109200869306,0.01920726329118505,0.09916856807264114,0.02425737571422216,0.10041382871750801,0.07491119235841898,0.08766251053796349,0.0998488763123597,0.0745921348807308,0.08722050559654525
sub-020,28,1,0.0974059632193395,0.0945194855672904,0.0110150348625173,0.083504450704773,0.1054239769237042,-0.0058834988102018,0.111307475733906,0.0974059632193395,1.0,32,2,"envelope,onset",data/processed/env_onset/sub-020_mtrf_env_onset.npz,-0.5,0.0,0.05,hamming,1,,l2,1,True,mean,"1.0,1.0",results_env_onset\sub-020\sub-020_backward_mtrf_env_onset.summary.json,results_env_onset\sub-020\sub-020_backward_mtrf_env_onset.trial_results.csv,hi,HI,1,0.094802481002499,0.011015480383323723,0.1058171705416777,-0.005883566698477058,0.08378700061917527,0.11170073724015477,0.09774386892966502,0.0835044507047731,0.111307475733906,0.09740596321933954
sub-020,29,1,0.1329616561356441,0.165003119270601,-0.0060422552057879,0.171045374476389,0.1154566187384526,0.0205786809435533,0.0948779377948992,0.1329616561356441,1.0,32,2,"envelope,onset",data/processed/env_onset/sub-020_mtrf_env_onset.npz,-0.5,0.0,0.05,hamming,1,,l2,1,True,mean,"1.0,1.0",results_env_onset\sub-020\sub-020_backward_mtrf_env_onset.summary.json,results_env_onset\sub-020\sub-020_backward_mtrf_env_onset.trial_results.csv,hi,HI,1,0.16652552714562366,-0.0060423287393242524,0.11597378255659323,0.020581586582952206,0.1725678558849479,0.09539219597364101,0.13398002592929448,0.1710453744763889,0.09487793779489931,0.1329616561356441
sub-020,30,1,0.1957808537611544,0.2012353561160698,-0.0432985123352899,0.2445338684513597,0.1736664656421237,0.0266386265711745,0.1470278390709491,0.1957808537611544,1.0,32,2,"envelope,onset",data/processed/env_onset/sub-020_mtrf_env_onset.npz,-0.5,0.0,0.05,hamming,1,,l2,1,True,mean,"1.0,1.0",results_env_onset\sub-020\sub-020_backward_mtrf_env_onset.summary.json,results_env_onset\sub-020\sub-020_backward_mtrf_env_onset.trial_results.csv,hi,HI,1,0.20401971532368485,-0.04332560093584014,0.17544468628392798,0.02664493032433041,0.247345316259525,0.14879975595959757,0.19807253610956127,0.2445338684513597,0.1470278390709492,0.19578085376115445
sub-020,31,1,0.1813821694664399,0.1926176160988781,-0.0342706599987636,0.2268882760976418,0.1771826546836074,0.0413065918483693,0.135876062835238,0.1813821694664399,1.0,32,2,"envelope,onset",data/processed/env_onset/sub-020_mtrf_env_onset.npz,-0.5,0.0,0.05,hamming,1,,l2,1,True,mean,"1.0,1.0",results_env_onset\sub-020\sub-020_backward_mtrf_env_onset.summary.json,results_env_onset\sub-020\sub-020_backward_mtrf_env_onset.trial_results.csv,hi,HI,1,0.19505422893733304,-0.034284086174918044,0.17907252173451882,0.0413301088394806,0.22933831511225108,0.13774241289503822,0.18354036400364465,0.2268882760976417,0.1358760628352381,0.1813821694664399
sub-021,0,0,-5.955142561342788e-05,0.0317576362667013,0.0611352995469609,-0.0293776632802595,0.0334758109776771,0.0042172505486444,0.0292585604290327,-5.955142561342788e-05,0.78125,32,2,"envelope,onset",data/processed/env_onset/sub-021_mtrf_env_onset.npz,-0.5,0.0,0.05,hamming,1,,l2,1,True,mean,"1.0,1.0",results_env_onset\sub-021\sub-021_backward_mtrf_env_onset.summary.json,results_env_onset\sub-021\sub-021_backward_mtrf_env_onset.trial_results.csv,nh,NH,0,0.031768319093073254,0.061211635705633045,0.033488324057406975,0.00421727555046243,-0.02944331661255979,0.029271048506944543,-8.613405280762446e-05,-0.0293776632802596,0.0292585604290327,-5.95514256134487e-05
sub-021,1,1,0.1370180055869883,0.1233512488416067,-0.0191587448525948,0.1425099936942015,0.1349534303804922,0.003427412900717,0.1315260174797752,0.1370180055869883,0.78125,32,2,"envelope,onset",data/processed/env_onset/sub-021_mtrf_env_onset.npz,-0.5,0.0,0.05,hamming,1,,l2,1,True,mean,"1.0,1.0",results_env_onset\sub-021\sub-021_backward_mtrf_env_onset.summary.json,results_env_onset\sub-021\sub-021_backward_mtrf_env_onset.trial_results.csv,nh,NH,0,0.1239826413604596,-0.01916108948934358,0.13578177768943228,0.0034274263215999154,0.14314373084980317,0.13235435136783236,0.13774904110881775,0.1425099936942015,0.13152601747977521,0.13701800558698835
sub-021,2,1,0.0749731089032046,0.0739298017977039,0.0224418590202377,0.0514879427774662,0.0807674428750198,-0.0176908321539231,0.098458275028943,0.0749731089032046,0.78125,32,2,"envelope,onset",data/processed/env_onset/sub-021_mtrf_env_onset.npz,-0.5,0.0,0.05,hamming,1,,l2,1,True,mean,"1.0,1.0",results_env_onset\sub-021\sub-021_backward_mtrf_env_onset.summary.json,results_env_onset\sub-021\sub-021_backward_mtrf_env_onset.trial_results.csv,nh,NH,0,0.07406493585563315,0.022445627676245996,0.08094375906694948,-0.017692678040847818,0.05161930817938715,0.09863643710779729,0.07512787264359222,0.05148794277746621,0.0984582750289429,0.07497310890320455
sub-021,3,0,-0.0438763360676989,0.0262833966985716,0.0854011141918529,-0.0591177174932812,0.082057475680057,0.1106924303221736,-0.0286349546421165,-0.0438763360676989,0.78125,32,2,"envelope,onset",data/processed/env_onset/sub-021_mtrf_env_onset.npz,-0.5,0.0,0.05,hamming,1,,l2,1,True,mean,"1.0,1.0",results_env_onset\sub-021\sub-021_backward_mtrf_env_onset.summary.json,results_env_onset\sub-021\sub-021_backward_mtrf_env_onset.trial_results.csv,nh,NH,0,0.026289451547022634,0.08560964758031422,0.08224239943031873,0.11114788129901282,-0.05932019603329159,-0.028905481868694086,-0.04411283895099284,-0.05911771749328129,-0.0286349546421166,-0.043876336067698946
sub-021,4,1,0.123575231705423,0.0957829563044047,-0.0312652081329111,0.1270481644373158,0.0872337855080696,-0.0328685134654606,0.1201022989735302,0.123575231705423,0.78125,32,2,"envelope,onset",data/processed/env_onset/sub-021_mtrf_env_onset.npz,-0.5,0.0,0.05,hamming,1,,l2,1,True,mean,"1.0,1.0",results_env_onset\sub-021\sub-021_backward_mtrf_env_onset.summary.json,results_env_onset\sub-021\sub-021_backward_mtrf_env_onset.trial_results.csv,nh,NH,0,0.09607749558488048,-0.03127540149703122,0.08745607662167203,-0.032880357524703294,0.1273528970819117,0.12033643414637532,0.1238446656141435,0.1270481644373158,0.1201022989735302,0.123575231705423
sub-021,5,0,-0.038128617321823,-0.0073758497992842,0.0116690524786295,-0.0190449022779137,-0.0146893144144794,0.042523017951253,-0.0572123323657324,-0.038128617321823,0.78125,32,2,"envelope,onset",data/processed/env_onset/sub-021_mtrf_env_onset.npz,-0.5,0.0,0.05,hamming,1,,l2,1,True,mean,"1.0,1.0",results_env_onset\sub-021\sub-021_backward_mtrf_env_onset.summary.json,results_env_onset\sub-021\sub-021_backward_mtrf_env_onset.trial_results.csv,nh,NH,0,-0.007375983560163334,0.011669582167695392,-0.014690371084915109,0.04254867593434132,-0.019045565727858725,-0.05723904701925643,-0.038142306373557575,-0.0190449022779137,-0.05721233236573241,-0.03812861732182306
sub-021,6,1,0.1536977016107347,0.1040857464081163,-0.0541116383920244,0.1581973848001408,0.0771360216722226,-0.0720619967491059,0.1491980184213285,0.1536977016107347,0.78125,32,2,"envelope,onset",data/processed/env_onset/sub-021_mtrf_env_onset.npz,-0.5,0.0,0.05,hamming,1,,l2,1,True,mean,"1.0,1.0",results_env_onset\sub-021\sub-021_backward_mtrf_env_onset.summary.json,results_env_onset\sub-021\sub-021_backward_mtrf_env_onset.trial_results.csv,nh,NH,0,0.1044640916948133,-0.05416454558375713,0.07728955572413991,-0.07218712451701297,0.15862863727857043,0.14947668024115288,0.15405265875986165,0.1581973848001407,0.14919801842132852,0.1536977016107346
sub-021,7,0,-0.0388243651705973,-0.0042491003543795,0.0641049651299155,-0.068354065484295,0.0126535890795539,0.0219482539364534,-0.0092946648568995,-0.0388243651705973,0.78125,32,2,"envelope,onset",data/processed/env_onset/sub-021_mtrf_env_onset.npz,-0.5,0.0,0.05,hamming,1,,l2,1,True,mean,"1.0,1.0",results_env_onset\sub-021\sub-021_backward_mtrf_env_onset.summary.json,results_env_onset\sub-021\sub-021_backward_mtrf_env_onset.trial_results.csv,nh,NH,0,-0.004249125926951784,0.06419299425869053,0.012654264480477613,0.021951779302566306,-0.06844212018564232,-0.009297514822088694,-0.038869817503865506,-0.068354065484295,-0.009294664856899499,-0.03882436517059725
sub-021,8,1,0.1043171111795107,0.0554070906817969,-0.0270404817137435,0.0824475723955404,0.0584599976029097,-0.0677266523605713,0.1261866499634811,0.1043171111795107,0.78125,32,2,"envelope,onset",data/processed/env_onset/sub-021_mtrf_env_onset.npz,-0.5,0.0,0.05,hamming,1,,l2,1,True,mean,"1.0,1.0",results_env_onset\sub-021\sub-021_backward_mtrf_env_onset.summary.json,results_env_onset\sub-021\sub-021_backward_mtrf_env_onset.trial_results.csv,nh,NH,0,0.05546389426880994,-0.027047075162052302,0.05852673156768739,-0.06783049006786623,0.08251096943086224,0.12635722163555363,0.10443409553320793,0.0824475723955404,0.126186649963481,0.1043171111795107
sub-021,9,1,0.133908728016329,0.1238073482648306,-0.0133269256910807,0.1371342739559114,0.1295209217930644,-0.0011622602836822,0.1306831820767466,0.133908728016329,0.78125,32,2,"envelope,onset",data/processed/env_onset/sub-021_mtrf_env_onset.npz,-0.5,0.0,0.05,hamming,1,,l2,1,True,mean,"1.0,1.0",results_env_onset\sub-021\sub-021_backward_mtrf_env_onset.summary.json,results_env_onset\sub-021\sub-021_backward_mtrf_env_onset.trial_results.csv,nh,NH,0,0.12444581429658769,-0.013327714760036627,0.1302525670497425,-0.0011622608070286586,0.13777352905662432,0.13141482785677117,0.13459417845669774,0.1371342739559113,0.1306831820767466,0.13390872801632894
sub-021,10,0,-0.0249693817962035,0.0393873651737683,0.0411045788142954,-0.0017172136405271,0.0194097364173658,0.0676312863692457,-0.0482215499518799,-0.0249693817962035,0.78125,32,2,"envelope,onset",data/processed/env_onset/sub-021_mtrf_env_onset.npz,-0.5,0.0,0.05,hamming,1,,l2,1,True,mean,"1.0,1.0",results_env_onset\sub-021\sub-021_backward_mtrf_env_onset.summary.json,results_env_onset\sub-021\sub-021_backward_mtrf_env_onset.trial_results.csv,nh,NH,0,0.03940775220759184,0.041127752223362214,0.019412174429388494,0.06773468524796011,-0.0017200000157703774,-0.04832251081857162,-0.025021255417171,-0.0017172136405270988,-0.048221549951879904,-0.0249693817962035
sub-021,11,1,0.0143601028729896,0.0688875116314888,0.0360706739281079,0.0328168377033809,0.0246558290016531,0.0287524609590548,-0.0040966319574016,0.0143601028729896,0.78125,32,2,"envelope,onset",data/processed/env_onset/sub-021_mtrf_env_onset.npz,-0.5,0.0,0.05,hamming,1,,l2,1,True,mean,"1.0,1.0",results_env_onset\sub-021\sub-021_backward_mtrf_env_onset.summary.json,results_env_onset\sub-021\sub-021_backward_mtrf_env_onset.trial_results.csv,nh,NH,0,0.06899679126735625,0.03608632992521772,0.02466082699899087,0.028760388149759602,0.03291046134213853,-0.004099561150768732,0.014405450095684898,0.032816837703380904,-0.004096631957401703,0.0143601028729896
sub-021,12,1,0.0694045613773626,0.0807927203873823,0.0410790060289424,0.0397137143584398,0.1185337238464442,0.0194383154501589,0.0990954083962853,0.0694045613773626,0.78125,32,2,"envelope,onset",data/processed/env_onset/sub-021_mtrf_env_onset.npz,-0.5,0.0,0.05,hamming,1,,l2,1,True,mean,"1.0,1.0",results_env_onset\sub-021\sub-021_backward_mtrf_env_onset.summary.json,results_env_onset\sub-021\sub-021_backward_mtrf_env_onset.trial_results.csv,nh,NH,0,0.08096920260915294,0.04110213618441914,0.1190935938344444,0.019440764248916133,0.0398670664247338,0.09965282958552826,0.06975994800513104,0.03971371435843991,0.0990954083962853,0.0694045613773626
sub-021,13,1,0.1659074702982637,0.1353843888759957,-0.0676888236091987,0.2030732124851944,0.083507153132556,-0.0452345749787769,0.128741728111333,0.1659074702982637,0.78125,32,2,"envelope,onset",data/processed/env_onset/sub-021_mtrf_env_onset.npz,-0.5,0.0,0.05,hamming,1,,l2,1,True,mean,"1.0,1.0",results_env_onset\sub-021\sub-021_backward_mtrf_env_onset.summary.json,results_env_onset\sub-021\sub-021_backward_mtrf_env_onset.trial_results.csv,nh,NH,0,0.13622075661558622,-0.06779248709803858,0.08370208020881578,-0.04526546540661338,0.20401324371362478,0.12896754561542917,0.16649039466452697,0.2030732124851944,0.1287417281113329,0.16590747029826364
sub-021,14,1,0.006813587737563,-0.0109905113651758,0.0327820104964317,-0.0437725218616075,0.0428029049974512,-0.0145967923392823,0.0573996973367335,0.006813587737563,0.78125,32,2,"envelope,onset",data/processed/env_onset/sub-021_mtrf_env_onset.npz,-0.5,0.0,0.05,hamming,1,,l2,1,True,mean,"1.0,1.0",results_env_onset\sub-021\sub-021_backward_mtrf_env_onset.summary.json,results_env_onset\sub-021\sub-021_backward_mtrf_env_onset.trial_results.csv,nh,NH,0,-0.01099095391678203,0.032793761248320785,0.04282907334163447,-0.01459782916690529,-0.043784715165102815,0.05742690250853976,0.006821093671718473,-0.0437725218616075,0.0573996973367335,0.006813587737563
sub-021,15,1,0.0723762940294008,0.0383201611370684,-0.0112389447345367,0.0495591058716051,0.0489721961295117,-0.0462212860576848,0.0951934821871965,0.0723762940294008,0.78125,32,2,"envelope,onset",data/processed/env_onset/sub-021_mtrf_env_onset.npz,-0.5,0.0,0.05,hamming,1,,l2,1,True,mean,"1.0,1.0",results_env_onset\sub-021\sub-021_backward_mtrf_env_onset.summary.json,results_env_onset\sub-021\sub-021_backward_mtrf_env_onset.trial_results.csv,nh,NH,0,0.038338934565787,-0.011239417981971325,0.04901140217525754,-0.04625424414590026,0.049578352547758324,0.0952656463211578,0.07242199943445807,0.0495591058716051,0.0951934821871965,0.0723762940294008
sub-021,16,1,0.0255546232543143,0.0697959582977236,0.0464601705641173,0.0233357877336063,0.0685900150992217,0.0408165563241994,0.0277734587750222,0.0255546232543143,0.78125,32,2,"envelope,onset",data/processed/env_onset/sub-021_mtrf_env_onset.npz,-0.5,0.0,0.05,hamming,1,,l2,1,True,mean,"1.0,1.0",results_env_onset\sub-021\sub-021_backward_mtrf_env_onset.summary.json,results_env_onset\sub-021\sub-021_backward_mtrf_env_onset.trial_results.csv,nh,NH,0,0.06990962716470969,0.04649364275315637,0.06869788238310715,0.040839245684191554,0.02341598441155332,0.02785863669891559,0.025637310555234456,0.023335787733606304,0.027773458775022304,0.025554623254314304
sub-021,17,0,-0.0079394826269764,0.0483247332284062,0.0508737207777454,-0.0025489875493391,0.0577419401388271,0.0710719178434408,-0.0133299777046136,-0.0079394826269764,0.78125,32,2,"envelope,onset",data/processed/env_onset/sub-021_mtrf_env_onset.npz,-0.5,0.0,0.05,hamming,1,,l2,1,True,mean,"1.0,1.0",results_env_onset\sub-021\sub-021_backward_mtrf_env_onset.summary.json,results_env_onset\sub-021\sub-021_backward_mtrf_env_onset.trial_results.csv,nh,NH,0,0.04836240328303447,0.050917678419301754,0.05780624189898194,0.07119194840614022,-0.002555275136267285,-0.013385706507158285,-0.007970490821712785,-0.0025489875493392017,-0.0133299777046137,-0.007939482626976451
sub-021,18,1,0.0678546509179354,0.0986575994786832,0.0300737201345949,0.0685838793440883,0.0723013294773643,0.0051759069855817,0.0671254224917825,0.0678546509179354,0.78125,32,2,"envelope,onset",data/processed/env_onset/sub-021_mtrf_env_onset.npz,-0.5,0.0,0.05,hamming,1,,l2,1,True,mean,"1.0,1.0",results_env_onset\sub-021\sub-021_backward_mtrf_env_onset.summary.json,results_env_onset\sub-021\sub-021_backward_mtrf_env_onset.trial_results.csv,nh,NH,0,0.09897957061569278,0.030082791569077495,0.07242771074701253,0.005175953207196692,0.06889677904661529,0.06725175753981584,0.06807426829321556,0.0685838793440883,0.0671254224917826,0.06785465091793545
sub-021,19,1,0.1272432009612923,0.1651592142694878,0.0009442669826911,0.1642149472867967,0.1012154275772509,0.010943972941463,0.0902714546357879,0.1272432009612923,0.78125,32,2,"envelope,onset",data/processed/env_onset/sub-021_mtrf_env_onset.npz,-0.5,0.0,0.05,hamming,1,,l2,1,True,mean,"1.0,1.0",results_env_onset\sub-021\sub-021_backward_mtrf_env_onset.summary.json,results_env_onset\sub-021\sub-021_backward_mtrf_env_onset.trial_results.csv,nh,NH,0,0.16668599518648436,0.00094426726334003,0.10156320371598314,0.010944409894727211,0.16574172792314432,0.09061879382125593,0.12818026087220014,0.1642149472867967,0.0902714546357879,0.1272432009612923
sub-021,20,1,0.0479720108475525,0.0703913054129373,0.0329983745651996,0.0373929308477377,0.0784795133453804,0.0199284224980131,0.0585510908473672,0.0479720108475525,0.78125,32,2,"envelope,onset",data/processed/env_onset/sub-021_mtrf_env_onset.npz,-0.5,0.0,0.05,hamming,1,,l2,1,True,mean,"1.0,1.0",results_env_onset\sub-021\sub-021_backward_mtrf_env_onset.summary.json,results_env_onset\sub-021\sub-021_backward_mtrf_env_onset.trial_results.csv,nh,NH,0,0.07050791375007272,0.033010359626430855,0.07864123071174305,0.01993106126483117,0.03749755412364186,0.058710169446911875,0.04810386178527687,0.0373929308477377,0.0585510908473673,0.047972010847552496
sub-021,21,1,0.0853420059227859,0.1135903856308277,0.0370214765578616,0.076568909072966,0.078801540640677,-0.0153135621319287,0.0941151027726057,0.0853420059227859,0.78125,32,2,"envelope,onset",data/processed/env_onset/sub-021_mtrf_env_onset.npz,-0.5,0.0,0.05,hamming,1,,l2,1,True,mean,"1.0,1.0",results_env_onset\sub-021\sub-021_backward_mtrf_env_onset.summary.json,results_env_onset\sub-021\sub-021_backward_mtrf_env_onset.trial_results.csv,nh,NH,0,0.11408274674003205,0.037038404232392026,0.07896526192667849,-0.015314759336958132,0.07704434250764003,0.09428002126363663,0.08566218188563833,0.0765689090729661,0.09411510277260571,0.0853420059227859
sub-021,22,1,0.1641672317281498,0.1918398698021804,0.0013339017935558,0.1905059680086246,0.150265550842661,0.012437055394986,0.1378284954476749,0.1641672317281498,0.78125,32,2,"envelope,onset",data/processed/env_onset/sub-021_mtrf_env_onset.npz,-0.5,0.0,0.05,hamming,1,,l2,1,True,mean,"1.0,1.0",results_env_onset\sub-021\sub-021_backward_mtrf_env_onset.summary.json,results_env_onset\sub-021\sub-021_backward_mtrf_env_onset.trial_results.csv,nh,NH,0,0.1942466406815976,0.0013339025846911283,0.15141211027989063,0.01243769671052069,0.19291273809690648,0.13897441356936993,0.1659435758331382,0.1905059680086246,0.137828495447675,0.1641672317281498
sub-021,23,0,-0.0477005150824745,0.0032339741218253,0.0204217651105971,-0.0171877909887718,0.0097180648920151,0.0879313040681924,-0.0782132391761772,-0.0477005150824745,0.78125,32,2,"envelope,onset",data/processed/env_onset/sub-021_mtrf_env_onset.npz,-0.5,0.0,0.05,hamming,1,,l2,1,True,mean,"1.0,1.0",results_env_onset\sub-021\sub-021_backward_mtrf_env_onset.summary.json,results_env_onset\sub-021\sub-021_backward_mtrf_env_onset.trial_results.csv,nh,NH,0,0.0032339853961643648,0.020424604776633788,0.009718370836577962,0.08815898702753769,-0.017190619380469424,-0.07844061619095972,-0.047815617785714574,-0.0171877909887718,-0.0782132391761773,-0.04770051508247455
sub-021,24,1,0.1081053336718388,0.1380749713871445,-0.0075204079278338,0.1455953793149783,0.0476716738105966,-0.0229436142181027,0.0706152880286994,0.1081053336718388,0.78125,32,2,"envelope,onset",data/processed/env_onset/sub-021_mtrf_env_onset.npz,-0.5,0.0,0.05,hamming,1,,l2,1,True,mean,"1.0,1.0",results_env_onset\sub-021\sub-021_backward_mtrf_env_onset.summary.json,results_env_onset\sub-021\sub-021_backward_mtrf_env_onset.trial_results.csv,nh,NH,0,0.13896259967778737,-0.007520549708717413,0.04770783583122331,-0.02294764140180122,0.14648314938650478,0.07065547723302452,0.10856931330976466,0.1455953793149783,0.0706152880286993,0.1081053336718388
sub-021,25,1,0.1035306149775224,0.0909056773987859,-0.0213382049564439,0.1122438823552299,0.102527865570339,0.0077105179705241,0.0948173475998149,0.1035306149775224,0.78125,32,2,"envelope,onset",data/processed/env_onset/sub-021_mtrf_env_onset.npz,-0.5,0.0,0.05,hamming,1,,l2,1,True,mean,"1.0,1.0",results_env_onset\sub-021\sub-021_backward_mtrf_env_onset.summary.json,results_env_onset\sub-021\sub-021_backward_mtrf_env_onset.trial_results.csv,nh,NH,0,0.09115733644183008,-0.02134144440479453,0.10288940500206417,0.0077106707781043355,0.11249878084662461,0.09517873422395984,0.10383875753529223,0.1122438823552298,0.09481734759981489,0.10353061497752233
sub-021,26,1,0.1363077261240121,0.1203067110499781,-0.0400238568141184,0.1603305678640965,0.060784032042596,-0.0515008523413317,0.1122848843839277,0.1363077261240121,0.78125,32,2,"envelope,onset",data/processed/env_onset/sub-021_mtrf_env_onset.npz,-0.5,0.0,0.05,hamming,1,,l2,1,True,mean,"1.0,1.0",results_env_onset\sub-021\sub-021_backward_mtrf_env_onset.summary.json,results_env_onset\sub-021\sub-021_backward_mtrf_env_onset.trial_results.csv,nh,NH,0,0.12089223225771217,-0.040045248905804014,0.060859057990291246,-0.051546457491846075,0.1609374811635162,0.11240551548213731,0.13667149832282677,0.1603305678640965,0.1122848843839277,0.1363077261240121
sub-021,27,1,0.0270843190260698,0.0606452388739034,0.0268592116267174,0.033786027247186,0.0646816316236965,0.044299020818743,0.0203826108049535,0.0270843190260698,0.78125,32,2,"envelope,onset",data/processed/env_onset/sub-021_mtrf_env_onset.npz,-0.5,0.0,0.05,hamming,1,,l2,1,True,mean,"1.0,1.0",results_env_onset\sub-021\sub-021_backward_mtrf_env_onset.summary.json,results_env_onset\sub-021\sub-021_backward_mtrf_env_onset.trial_results.csv,nh,NH,0,0.06071975129972111,0.026865673323418323,0.06477206187083058,0.04432803250005808,0.033854077976302785,0.0204440293707725,0.02714905367353764,0.033786027247186,0.020382610804953502,0.02708431902606975
sub-021,28,1,0.0699504650302612,0.1132661703502331,0.0454950798923852,0.0677710904578479,0.1169916699543499,0.0448618303516753,0.0721298396026745,0.0699504650302612,0.78125,32,2,"envelope,onset",data/processed/env_onset/sub-021_mtrf_env_onset.npz,-0.5,0.0,0.05,hamming,1,,l2,1,True,mean,"1.0,1.0",results_env_onset\sub-021\sub-021_backward_mtrf_env_onset.summary.json,results_env_onset\sub-021\sub-021_backward_mtrf_env_onset.trial_results.csv,nh,NH,0,0.11375430574300067,0.04552650753795036,0.11752985358269953,0.04489196281118469,0.06822779820505032,0.07263789077151483,0.07043284448828258,0.0677710904578479,0.0721298396026746,0.06995046503026126
sub-021,29,1,0.0477610663061421,0.1401958872633446,0.0676700338467584,0.0725258534165861,0.0666749440074258,0.0436786648117276,0.0229962791956981,0.0477610663061421,0.78125,32,2,"envelope,onset",data/processed/env_onset/sub-021_mtrf_env_onset.npz,-0.5,0.0,0.05,hamming,1,,l2,1,True,mean,"1.0,1.0",results_env_onset\sub-021\sub-021_backward_mtrf_env_onset.summary.json,results_env_onset\sub-021\sub-021_backward_mtrf_env_onset.trial_results.csv,nh,NH,0,0.1411253850724898,0.06777361087295296,0.06677401061004325,0.04370647374539466,0.07335177419953685,0.02306753686464859,0.04820965553209272,0.07252585341658618,0.022996279195698195,0.047761066306142186
sub-021,30,1,0.0451234443209905,0.0452847783364153,0.0189005021514567,0.0263842761849586,0.0607444234315605,-0.0031181890254618,0.0638626124570224,0.0451234443209905,0.78125,32,2,"envelope,onset",data/processed/env_onset/sub-021_mtrf_env_onset.npz,-0.5,0.0,0.05,hamming,1,,l2,1,True,mean,"1.0,1.0",results_env_onset\sub-021\sub-021_backward_mtrf_env_onset.summary.json,results_env_onset\sub-021\sub-021_backward_mtrf_env_onset.trial_results.csv,nh,NH,0,0.045315771813835296,0.018902753236346347,0.06081930259073168,-0.0031181991316782385,0.02641301857748895,0.06393750172240992,0.04517526014994944,0.026384276184958602,0.06386261245702231,0.045123444320990455
sub-021,31,1,0.051081684768885,0.0082484512954512,-0.0301939457743982,0.0384423970698494,0.0218952474977144,-0.0418257249702062,0.0637209724679206,0.051081684768885,0.78125,32,2,"envelope,onset",data/processed/env_onset/sub-021_mtrf_env_onset.npz,-0.5,0.0,0.05,hamming,1,,l2,1,True,mean,"1.0,1.0",results_env_onset\sub-021\sub-021_backward_mtrf_env_onset.summary.json,results_env_onset\sub-021\sub-021_backward_mtrf_env_onset.trial_results.csv,nh,NH,0,0.008248638369574113,-0.030203126478887038,0.021898747378626213,-0.04185014045537454,0.03845176484846115,0.06374888783400075,0.05110032634123095,0.0384423970698494,0.0637209724679206,0.051081684768885
sub-022,0,1,0.1750003613084301,0.17685467482553,0.021492245595164,0.1553624292303659,0.1890826594675259,-0.0055556339189684,0.1946382933864943,0.1750003613084301,0.96875,32,2,"envelope,onset",data/processed/env_onset/sub-022_mtrf_env_onset.npz,-0.5,0.0,0.05,hamming,1,,l2,1,True,mean,"1.0,1.0",results_env_onset\sub-022\sub-022_backward_mtrf_env_onset.summary.json,results_env_onset\sub-022\sub-022_backward_mtrf_env_onset.trial_results.csv,nh,NH,0,0.1787339319565701,0.021495555721099444,0.19138564420288487,-0.005555691078366952,0.15723837623547066,0.19694133528125182,0.17708985575836123,0.155362429230366,0.1946382933864943,0.17500036130843016
sub-022,1,1,0.1812525233729033,0.2013926095469165,0.0010894280594541,0.2003031814874624,0.2397518519506577,0.0775499866923135,0.1622018652583442,0.1812525233729033,0.96875,32,2,"envelope,onset",data/processed/env_onset/sub-022_mtrf_env_onset.npz,-0.5,0.0,0.05,hamming,1,,l2,1,True,mean,"1.0,1.0",results_env_onset\sub-022\sub-022_backward_mtrf_env_onset.summary.json,results_env_onset\sub-022\sub-022_backward_mtrf_env_onset.trial_results.csv,nh,NH,0,0.2041836110077075,0.001089428490451574,0.24451081429963004,0.07770601196670009,0.20309418251725592,0.16680480233292994,0.18494949242509293,0.2003031814874624,0.1622018652583442,0.18125252337290332
sub-022,2,1,0.1278724664600639,0.1613643213188699,0.058563279236766,0.1028010420821039,0.1998331559944036,0.0468892651563796,0.1529438908380239,0.1278724664600639,0.96875,32,2,"envelope,onset",data/processed/env_onset/sub-022_mtrf_env_onset.npz,-0.5,0.0,0.05,hamming,1,,l2,1,True,mean,"1.0,1.0",results_env_onset\sub-022\sub-022_backward_mtrf_env_onset.summary.json,results_env_onset\sub-022\sub-022_backward_mtrf_env_onset.trial_results.csv,nh,NH,0,0.16278717634872658,0.05863036801259595,0.20255876425395838,0.046923674188150105,0.10415680833613064,0.15563509006580828,0.12989594920096947,0.10280104208210392,0.152943890838024,0.12787246646006395
sub-022,3,1,0.1274929321438376,0.1836825979186365,0.0256571163417648,0.1580254815768717,0.1562490319004477,0.0592886491896441,0.0969603827108036,0.1274929321438376,0.96875,32,2,"envelope,onset",data/processed/env_onset/sub-022_mtrf_env_onset.npz,-0.5,0.0,0.05,hamming,1,,l2,1,True,mean,"1.0,1.0",results_env_onset\sub-022\sub-022_backward_mtrf_env_onset.summary.json,results_env_onset\sub-022\sub-022_backward_mtrf_env_onset.trial_results.csv,nh,NH,0,0.18579122547515467,0.025662748487150625,0.15753953099383372,0.05935826545374305,0.16012847698800403,0.09818126554009067,0.12915487126404734,0.1580254815768717,0.0969603827108036,0.12749293214383767
sub-022,4,1,0.1189513464394244,0.1866620647519716,0.0814365513967887,0.1052255133551829,0.2172533750689097,0.0845761955452437,0.1326771795236659,0.1189513464394244,0.96875,32,2,"envelope,onset",data/processed/env_onset/sub-022_mtrf_env_onset.npz,-0.5,0.0,0.05,hamming,1,,l2,1,True,mean,"1.0,1.0",results_env_onset\sub-022\sub-022_backward_mtrf_env_onset.summary.json,results_env_onset\sub-022\sub-022_backward_mtrf_env_onset.trial_results.csv,nh,NH,0,0.1888764847287382,0.08161729783864319,0.22077160968557075,0.08477872708711733,0.107259186890095,0.13599288259845344,0.12162603474427422,0.10522551335518292,0.132677179523666,0.11895134643942445
sub-022,5,1,0.1636796810149753,0.2157635674694611,0.0186703348507344,0.1970932326187267,0.194788123996011,0.0645219945847871,0.1302661294112239,0.1636796810149753,0.96875,32,2,"envelope,onset",data/processed/env_onset/sub-022_mtrf_env_onset.npz,-0.5,0.0,0.05,hamming,1,,l2,1,True,mean,"1.0,1.0",results_env_onset\sub-022\sub-022_backward_mtrf_env_onset.summary.json,results_env_onset\sub-022\sub-022_backward_mtrf_env_onset.trial_results.csv,nh,NH,0,0.21920853099123058,0.018672504681745104,0.19730935187893714,0.06461175581118647,0.20053602630948547,0.13269759606775067,0.16661681118861807,0.1970932326187267,0.1302661294112239,0.1636796810149753
sub-022,6,1,0.1421631658294927,0.1694332453242749,0.0378542854537665,0.1315789598705083,0.1801471715907019,0.0273997998022248,0.152747371788477,0.1421631658294927,0.96875,32,2,"envelope,onset",data/processed/env_onset/sub-022_mtrf_env_onset.npz,-0.5,0.0,0.05,hamming,1,,l2,1,True,mean,"1.0,1.0",results_env_onset\sub-022\sub-022_backward_mtrf_env_onset.summary.json,results_env_onset\sub-022\sub-022_backward_mtrf_env_onset.trial_results.csv,nh,NH,0,0.17108310000072086,0.03787238207589011,0.18213479238450173,0.027406659683553526,0.13321071792483075,0.1547281327009482,0.14396942531288948,0.13157895987050838,0.1527473717884771,0.14216316582949273
sub-022,7,1,0.2268392691085051,0.2294627719051621,-0.0072811984237471,0.2367439703289092,0.2231922365525553,0.0062576686644542,0.216934567888101,0.2268392691085051,0.96875,32,2,"envelope,onset",data/processed/env_onset/sub-022_mtrf_env_onset.npz,-0.5,0.0,0.05,hamming,1,,l2,1,True,mean,"1.0,1.0",results_env_onset\sub-022\sub-022_backward_mtrf_env_onset.summary.json,results_env_onset\sub-022\sub-022_backward_mtrf_env_onset.trial_results.csv,nh,NH,0,0.23362230587598962,-0.007281327100815942,0.22701319834705594,0.006257750346506575,0.24090363297680556,0.22075544800054936,0.23082954048867746,0.2367439703289092,0.2169345678881011,0.22683926910850516
sub-022,8,1,0.1511617937211729,0.117878439073686,-0.0107272701186337,0.1286057091923197,0.1641147491399482,-0.0096031291100777,0.1737178782500259,0.1511617937211729,0.96875,32,2,"envelope,onset",data/processed/env_onset/sub-022_mtrf_env_onset.npz,-0.5,0.0,0.05,hamming,1,,l2,1,True,mean,"1.0,1.0",results_env_onset\sub-022\sub-022_backward_mtrf_env_onset.summary.json,results_env_onset\sub-022\sub-022_backward_mtrf_env_onset.trial_results.csv,nh,NH,0,0.11842902320535252,-0.010727681624832817,0.16561243062046607,-0.009603424326885617,0.12915670483018535,0.1752158549473517,0.15218627988876854,0.1286057091923197,0.1737178782500259,0.1511617937211728
sub-022,9,1,0.2468373965915108,0.1680430347808149,-0.0706422602678142,0.2386852950486291,0.2740438383719734,0.0190543402375807,0.2549894981343926,0.2468373965915108,0.96875,32,2,"envelope,onset",data/processed/env_onset/sub-022_mtrf_env_onset.npz,-0.5,0.0,0.05,hamming,1,,l2,1,True,mean,"1.0,1.0",results_env_onset\sub-022\sub-022_backward_mtrf_env_onset.summary.json,results_env_onset\sub-022\sub-022_backward_mtrf_env_onset.trial_results.csv,nh,NH,0,0.16965214628436337,-0.07076012274495,0.2812308079980106,0.01905664674637006,0.24041226902931337,0.2621741612516405,0.2512932151404769,0.2386852950486291,0.2549894981343927,0.24683739659151088
sub-022,10,0,-0.0409680426061369,0.0673825497966371,0.1282168889460666,-0.0608343391494294,0.1035679230456008,0.1246696691084452,-0.0211017460628444,-0.0409680426061369,0.96875,32,2,"envelope,onset",data/processed/env_onset/sub-022_mtrf_env_onset.npz,-0.5,0.0,0.05,hamming,1,,l2,1,True,mean,"1.0,1.0",results_env_onset\sub-022\sub-022_backward_mtrf_env_onset.summary.json,results_env_onset\sub-022\sub-022_backward_mtrf_env_onset.trial_results.csv,nh,NH,0,0.0674848099463157,0.12892651194676535,0.10394062534678213,0.12532165396448677,-0.061441702000449655,-0.021381028617704648,-0.04141136530907715,-0.060834339149429484,-0.0211017460628444,-0.04096804260613694
sub-022,11,1,0.0591118055832521,0.0674370645273728,0.0029503305990645,0.0644867339283083,0.0448483372066709,-0.008888540031525,0.053736877238196,0.0591118055832521,0.96875,32,2,"envelope,onset",data/processed/env_onset/sub-022_mtrf_env_onset.npz,-0.5,0.0,0.05,hamming,1,,l2,1,True,mean,"1.0,1.0",results_env_onset\sub-022\sub-022_backward_mtrf_env_onset.summary.json,results_env_onset\sub-022\sub-022_backward_mtrf_env_onset.trial_results.csv,nh,NH,0,0.06753957352727326,0.002950339159444902,0.04487844246353073,-0.008888774125712935,0.06458923436782836,0.05376721658924367,0.05917822547853602,0.06448673392830831,0.053736877238195896,0.0591118055832521
sub-022,12,1,0.1916056414960499,0.1280003216832347,-0.0281190473188463,0.1561193690020811,0.1806680493296262,-0.0464238646603925,0.2270919139900187,0.1916056414960499,0.96875,32,2,"envelope,onset",data/processed/env_onset/sub-022_mtrf_env_onset.npz,-0.5,0.0,0.05,hamming,1,,l2,1,True,mean,"1.0,1.0",results_env_onset\sub-022\sub-022_backward_mtrf_env_onset.summary.json,results_env_onset\sub-022\sub-022_backward_mtrf_env_onset.trial_results.csv,nh,NH,0,0.12870633111600832,-0.028126461900521905,0.18267319342525332,-0.0464572583733778,0.15683279301653022,0.22913045179863112,0.19298162240758066,0.15611936900208098,0.2270919139900187,0.19160564149604986
sub-022,13,1,0.1389994564094764,0.1523486184244024,0.0356894096924229,0.1166592087319794,0.20569843555885,0.0443587314718765,0.1613397040869734,0.1389994564094764,0.96875,32,2,"envelope,onset",data/processed/env_onset/sub-022_mtrf_env_onset.npz,-0.5,0.0,0.05,hamming,1,,l2,1,True,mean,"1.0,1.0",results_env_onset\sub-022\sub-022_backward_mtrf_env_onset.summary.json,results_env_onset\sub-022\sub-022_backward_mtrf_env_onset.trial_results.csv,nh,NH,0,0.15354398550190457,0.035704574221218706,0.20867554968144672,0.044387860718606106,0.11783941128068587,0.16428768896284063,0.14106355012176325,0.11665920873197949,0.1613397040869735,0.1389994564094765
sub-022,14,1,0.1624283804678661,0.1704998875773868,0.0059634381134708,0.1645364494639159,0.1908537817248302,0.0305334702530138,0.1603203114718163,0.1624283804678661,0.96875,32,2,"envelope,onset",data/processed/env_onset/sub-022_mtrf_env_onset.npz,-0.5,0.0,0.05,hamming,1,,l2,1,True,mean,"1.0,1.0",results_env_onset\sub-022\sub-022_backward_mtrf_env_onset.summary.json,results_env_onset\sub-022\sub-022_backward_mtrf_env_onset.trial_results.csv,nh,NH,0,0.17218147286161817,0.005963508806755651,0.1932230761172535,0.030542964275855327,0.16621796405486253,0.1626801118413982,0.16444903794813037,0.164536449463916,0.16032031147181638,0.16242838046786617
sub-022,15,1,0.1586779290886198,0.1167075722875396,-0.0600071525877636,0.1767147248753033,0.1191095943133721,-0.0215315389885642,0.1406411333019363,0.1586779290886198,0.96875,32,2,"envelope,onset",data/processed/env_onset/sub-022_mtrf_env_onset.npz,-0.5,0.0,0.05,hamming,1,,l2,1,True,mean,"1.0,1.0",results_env_onset\sub-022\sub-022_backward_mtrf_env_onset.summary.json,results_env_onset\sub-022\sub-022_backward_mtrf_env_onset.trial_results.csv,nh,NH,0,0.11724182319475335,-0.06007933435423554,0.1196777112305193,-0.021534867306393278,0.1773211575489889,0.14121257853691258,0.15926686804295073,0.1767147248753032,0.1406411333019363,0.15867792908861977
sub-022,16,1,0.0147024114781096,0.0802724090389375,0.0401405689410825,0.0401318400978549,0.1059096537352285,0.1166366708768642,-0.0107270171416356,0.0147024114781096,0.96875,32,2,"envelope,onset",data/processed/env_onset/sub-022_mtrf_env_onset.npz,-0.5,0.0,0.05,hamming,1,,l2,1,True,mean,"1.0,1.0",results_env_onset\sub-022\sub-022_backward_mtrf_env_onset.summary.json,results_env_onset\sub-022\sub-022_backward_mtrf_env_onset.trial_results.csv,nh,NH,0,0.08044549474438073,0.04016214884244483,0.10630833140809097,0.11716994332769723,0.0402833459019359,-0.01086161191960626,0.01471086699116482,0.040131840097855,-0.010727017141635709,0.014702411478109644
sub-022,17,1,0.2179732345943151,0.1905290738950664,0.0146108659301963,0.1759182079648701,0.2544419761830832,-0.0055862850406769,0.2600282612237601,0.2179732345943151,0.96875,32,2,"envelope,onset",data/processed/env_onset/sub-022_mtrf_env_onset.npz,-0.5,0.0,0.05,hamming,1,,l2,1,True,mean,"1.0,1.0",results_env_onset\sub-022\sub-022_backward_mtrf_env_onset.summary.json,results_env_onset\sub-022\sub-022_backward_mtrf_env_onset.trial_results.csv,nh,NH,0,0.1928861153036708,0.014611905759960221,0.2601565744673374,-0.005586343151383009,0.1782742095437106,0.26574291761872043,0.2220085635812155,0.1759182079648701,0.26002826122376005,0.21797323459431506
sub-022,18,1,0.0278761606215688,0.1066139706591305,0.0794991544995919,0.0271148161595386,0.1419811466398425,0.1133436415562435,0.0286375050835989,0.0278761606215688,0.96875,32,2,"envelope,onset",data/processed/env_onset/sub-022_mtrf_env_onset.npz,-0.5,0.0,0.05,hamming,1,,l2,1,True,mean,"1.0,1.0",results_env_onset\sub-022\sub-022_backward_mtrf_env_onset.summary.json,results_env_onset\sub-022\sub-022_backward_mtrf_env_onset.trial_results.csv,nh,NH,0,0.10702069203461151,0.07966727376275144,0.1429469040739772,0.11383278445894207,0.027353418271860067,0.029114119615035128,0.028233768943447597,0.027114816159538604,0.028637505083598983,0.027876160621568793
sub-022,19,1,0.1884024628959809,0.2654133128380551,0.0259576055968639,0.2394557072411911,0.2522368707758656,0.114887652225095,0.1373492185507706,0.1884024628959809,0.96875,32,2,"envelope,onset",data/processed/env_onset/sub-022_mtrf_env_onset.npz,-0.5,0.0,0.05,hamming,1,,l2,1,True,mean,"1.0,1.0",results_env_onset\sub-022\sub-022_backward_mtrf_env_onset.summary.json,results_env_onset\sub-022\sub-022_backward_mtrf_env_onset.trial_results.csv,nh,NH,0,0.2719230333297561,0.025963438009718086,0.25780023600627805,0.11539716744606006,0.245959595320038,0.142403068560218,0.194181331940128,0.2394557072411912,0.1373492185507706,0.1884024628959809
sub-022,20,1,0.1387066153938579,0.1193311017865231,-0.012350217181379,0.1316813189679021,0.1329079510838317,-0.0128239607359819,0.1457319118198137,0.1387066153938579,0.96875,32,2,"envelope,onset",data/processed/env_onset/sub-022_mtrf_env_onset.npz,-0.5,0.0,0.05,hamming,1,,l2,1,True,mean,"1.0,1.0",results_env_onset\sub-022\sub-022_backward_mtrf_env_onset.summary.json,results_env_onset\sub-022\sub-022_backward_mtrf_env_onset.trial_results.csv,nh,NH,0,0.11990241249411732,-0.012350845156267498,0.13369893680102915,-0.01282466378910206,0.13225325765038481,0.1465236005901312,0.139388429120258,0.1316813189679021,0.1457319118198136,0.13870661539385787
sub-022,21,1,0.0523694601079221,0.1426723133216615,0.0682695191769201,0.0744027941447413,0.1089955544243032,0.0786594283532003,0.0303361260711029,0.0523694601079221,0.96875,32,2,"envelope,onset",data/processed/env_onset/sub-022_mtrf_env_onset.npz,-0.5,0.0,0.05,hamming,1,,l2,1,True,mean,"1.0,1.0",results_env_onset\sub-022\sub-022_backward_mtrf_env_onset.summary.json,results_env_onset\sub-022\sub-022_backward_mtrf_env_onset.trial_results.csv,nh,NH,0,0.1436523611584534,0.0683758786325993,0.10943028091332886,0.07882226326328602,0.0752764825258541,0.03060801765004284,0.05294225008794847,0.0744027941447414,0.030336126071102892,0.05236946010792214
sub-022,22,1,0.0258790609778963,0.122692186612692,0.0562887156212454,0.0664034709914466,0.1192440694610098,0.1338894184966637,-0.0146453490356538,0.0258790609778963,0.96875,32,2,"envelope,onset",data/processed/env_onset/sub-022_mtrf_env_onset.npz,-0.5,0.0,0.05,hamming,1,,l2,1,True,mean,"1.0,1.0",results_env_onset\sub-022\sub-022_backward_mtrf_env_onset.summary.json,results_env_onset\sub-022\sub-022_backward_mtrf_env_onset.trial_results.csv,nh,NH,0,0.12331345135473278,0.05634827764765783,0.11981412386298892,0.134698186151017,0.06696517370707494,-0.014884062288028077,0.026040555709523433,0.06640347099144661,-0.014645349035653898,0.025879060977896357
sub-022,23,1,0.1082490359869032,0.1828264914666158,0.0891152750680402,0.0937112163985756,0.1867880958541551,0.0640012402789242,0.1227868555752308,0.1082490359869032,0.96875,32,2,"envelope,onset",data/processed/env_onset/sub-022_mtrf_env_onset.npz,-0.5,0.0,0.05,hamming,1,,l2,1,True,mean,"1.0,1.0",results_env_onset\sub-022\sub-022_backward_mtrf_env_onset.summary.json,results_env_onset\sub-022\sub-022_backward_mtrf_env_onset.trial_results.csv,nh,NH,0,0.18490536995947257,0.08935230949087676,0.18900706880904253,0.06408884209209877,0.09555306046859581,0.12491822671694376,0.11023564359276979,0.0937112163985756,0.12278685557523089,0.10824903598690325
sub-022,24,1,0.0330758520365559,0.1360810517767366,0.0878227851977663,0.0482582665789702,0.1351109792181576,0.1172175417240158,0.0178934374941417,0.0330758520365559,0.96875,32,2,"envelope,onset",data/processed/env_onset/sub-022_mtrf_env_onset.npz,-0.5,0.0,0.05,hamming,1,,l2,1,True,mean,"1.0,1.0",results_env_onset\sub-022\sub-022_backward_mtrf_env_onset.summary.json,results_env_onset\sub-022\sub-022_backward_mtrf_env_onset.trial_results.csv,nh,NH,0,0.1369304953270424,0.08804962361169544,0.13594225257783854,0.11775886591137671,0.04888087171534697,0.018183386666461826,0.0335321291909044,0.048258266578970296,0.017893437494141795,0.033075852036556046
sub-022,25,1,0.0763954173059354,0.1320041148958318,0.0466681948570176,0.0853359200388141,0.1525224792305832,0.0850675646575263,0.0674549145730568,0.0763954173059354,0.96875,32,2,"envelope,onset",data/processed/env_onset/sub-022_mtrf_env_onset.npz,-0.5,0.0,0.05,hamming,1,,l2,1,True,mean,"1.0,1.0",results_env_onset\sub-022\sub-022_backward_mtrf_env_onset.summary.json,results_env_onset\sub-022\sub-022_backward_mtrf_env_onset.trial_results.csv,nh,NH,0,0.13277895991889907,0.04670211906998336,0.1537219823495108,0.0852736571080802,0.0860768408489157,0.06844832524143059,0.07726258304517314,0.08533592003881421,0.06745491457305691,0.07639541730593556
sub-022,26,1,0.0634038214313387,0.1237421532092756,0.0642741932208306,0.059467959988445,0.1182805013639144,0.0509408184896818,0.0673396828742325,0.0634038214313387,0.96875,32,2,"envelope,onset",data/processed/env_onset/sub-022_mtrf_env_onset.npz,-0.5,0.0,0.05,hamming,1,,l2,1,True,mean,"1.0,1.0",results_env_onset\sub-022\sub-022_backward_mtrf_env_onset.summary.json,results_env_onset\sub-022\sub-022_backward_mtrf_env_onset.trial_results.csv,nh,NH,0,0.12437960490055223,0.0643629225057267,0.11883677062634072,0.05098495047015386,0.060016682394825535,0.06785182015618686,0.0639342512755062,0.05946795998844501,0.06733968287423259,0.0634038214313388
sub-022,27,1,0.0725242690295683,0.0997556452398986,0.0377520657318852,0.0620035795080134,0.1039586360141964,0.0209136774630732,0.0830449585511232,0.0725242690295683,0.96875,32,2,"envelope,onset",data/processed/env_onset/sub-022_mtrf_env_onset.npz,-0.5,0.0,0.05,hamming,1,,l2,1,True,mean,"1.0,1.0",results_env_onset\sub-022\sub-022_backward_mtrf_env_onset.summary.json,results_env_onset\sub-022\sub-022_backward_mtrf_env_onset.trial_results.csv,nh,NH,0,0.10008853082807075,0.0377700160646912,0.10433559084229811,0.020916727351522817,0.062318514763379546,0.08341886349077529,0.07286868912707742,0.062003579508013405,0.0830449585511232,0.07252426902956831
sub-022,28,1,0.0948156728675707,0.1245333814343676,0.023966238265891,0.1005671431684766,0.1342537740901127,0.0451895715234479,0.0890642025666648,0.0948156728675707,0.96875,32,2,"envelope,onset",data/processed/env_onset/sub-022_mtrf_env_onset.npz,-0.5,0.0,0.05,hamming,1,,l2,1,True,mean,"1.0,1.0",results_env_onset\sub-022\sub-022_backward_mtrf_env_onset.summary.json,results_env_onset\sub-022\sub-022_backward_mtrf_env_onset.trial_results.csv,nh,NH,0,0.1251832169812468,0.023970828428479852,0.13506921099197008,0.04522036976986206,0.10121238855276694,0.08984884122210803,0.09553061488743748,0.10056714316847659,0.08906420256666478,0.09481567286757069
sub-022,29,1,0.1497639310345847,0.108268508865252,-0.0250014623792464,0.1332699712444985,0.1651496400417015,-0.0011082507829694,0.166257890824671,0.1497639310345847,0.96875,32,2,"envelope,onset",data/processed/env_onset/sub-022_mtrf_env_onset.npz,-0.5,0.0,0.05,hamming,1,,l2,1,True,mean,"1.0,1.0",results_env_onset\sub-022\sub-022_backward_mtrf_env_onset.summary.json,results_env_onset\sub-022\sub-022_backward_mtrf_env_onset.trial_results.csv,nh,NH,0,0.10869455305598606,-0.025006673581189246,0.166676152489443,-0.0011082512366949184,0.13370122663717532,0.16778440372613793,0.1507428151816566,0.1332699712444984,0.16625789082467088,0.14976393103458463
sub-022,30,1,0.1825951055595855,0.1228407044935768,-0.0715872568642284,0.1944279613578053,0.172911777242336,0.0021495274809701,0.1707622497613658,0.1825951055595855,0.96875,32,2,"envelope,onset",data/processed/env_onset/sub-022_mtrf_env_onset.npz,-0.5,0.0,0.05,hamming,1,,l2,1,True,mean,"1.0,1.0",results_env_onset\sub-022\sub-022_backward_mtrf_env_onset.summary.json,results_env_onset\sub-022\sub-022_backward_mtrf_env_onset.trial_results.csv,nh,NH,0,0.12346424189057488,-0.0717099228459745,0.1746666336057011,0.0021495307915872057,0.19517416473654936,0.1725171028141139,0.18384563377533164,0.1944279613578052,0.1707622497613659,0.18259510555958555
sub-022,31,1,0.0800124477741826,0.1224080366945339,0.0206351767407263,0.1017728599538076,0.1235445874411169,0.0652925518465592,0.0582520355945576,0.0800124477741826,0.96875,32,2,"envelope,onset",data/processed/env_onset/sub-022_mtrf_env_onset.npz,-0.5,0.0,0.05,hamming,1,,l2,1,True,mean,"1.0,1.0",results_env_onset\sub-022\sub-022_backward_mtrf_env_onset.summary.json,results_env_onset\sub-022\sub-022_backward_mtrf_env_onset.trial_results.csv,nh,NH,0,0.12302496885142342,0.020638106381019098,0.12417897191826274,0.06538557316891742,0.10238686247040432,0.05879339874934532,0.08059013060987483,0.1017728599538076,0.0582520355945577,0.08001244777418265
sub-023,0,1,0.0700882873124121,0.0464485992336408,-0.0442021775916381,0.090650776825279,0.0383523288806722,-0.011173468918873,0.0495257977995452,0.0700882873124121,0.90625,32,2,"envelope,onset",data/processed/env_onset/sub-023_mtrf_env_onset.npz,-0.5,0.0,0.05,hamming,1,,l2,1,True,mean,"1.0,1.0",results_env_onset\sub-023\sub-023_backward_mtrf_env_onset.summary.json,results_env_onset\sub-023\sub-023_backward_mtrf_env_onset.trial_results.csv,nh,NH,0,0.04648204639763,-0.04423099927060322,0.03837114965486888,-0.011173933942859393,0.09071304566823321,0.04954508359772827,0.07012906463298074,0.0906507768252789,0.0495257977995452,0.07008828731241205
sub-023,1,0,-0.0231057914555581,-0.0409099178443807,-0.0094297847401972,-0.0314801331041835,-0.0166856818443062,-0.0019542320373734,-0.0147314498069327,-0.0231057914555581,0.90625,32,2,"envelope,onset",data/processed/env_onset/sub-023_mtrf_env_onset.npz,-0.5,0.0,0.05,hamming,1,,l2,1,True,mean,"1.0,1.0",results_env_onset\sub-023\sub-023_backward_mtrf_env_onset.summary.json,results_env_onset\sub-023\sub-023_backward_mtrf_env_onset.trial_results.csv,nh,NH,0,-0.04093276336064502,-0.009430064256571065,-0.016687230600928776,-0.001954234525131373,-0.03150269910407395,-0.014732996075797403,-0.023117847589935677,-0.0314801331041835,-0.014731449806932799,-0.02310579145555815
sub-023,2,1,0.0108192496209595,0.0407469493812654,0.0500778426411602,-0.0093308932598947,0.0501990986717892,0.0192297061699753,0.0309693925018138,0.0108192496209595,0.90625,32,2,"envelope,onset",data/processed/env_onset/sub-023_mtrf_env_onset.npz,-0.5,0.0,0.05,hamming,1,,l2,1,True,mean,"1.0,1.0",results_env_onset\sub-023\sub-023_backward_mtrf_env_onset.summary.json,results_env_onset\sub-023\sub-023_backward_mtrf_env_onset.trial_results.csv,nh,NH,0,0.04076952278148837,0.05011976731864423,0.05024132893907733,0.01923207695983662,-0.009350244537155862,0.03100925197924071,0.010829503721042424,-0.0093308932598948,0.030969392501813898,0.010819249620959549
sub-023,3,1,0.0389401147789664,0.114184507337699,0.0329876268904386,0.0811968804472604,0.0612028686063154,0.064519519495643,-0.0033166508893276,0.0389401147789664,0.90625,32,2,"envelope,onset",data/processed/env_onset/sub-023_mtrf_env_onset.npz,-0.5,0.0,0.05,hamming,1,,l2,1,True,mean,"1.0,1.0",results_env_onset\sub-023\sub-023_backward_mtrf_env_onset.summary.json,results_env_onset\sub-023\sub-023_backward_mtrf_env_onset.trial_results.csv,nh,NH,0,0.11468467569504234,0.032999600239667345,0.06127945853476674,0.0646092703753517,0.081685075455375,-0.0033298118405849647,0.039177631807395016,0.0811968804472604,-0.003316650889327595,0.0389401147789664
sub-023,4,1,0.0575203127576601,0.1048331583824523,0.033804594923445,0.0710285634590073,0.0702618621482295,0.0262498000919165,0.0440120620563129,0.0575203127576601,0.90625,32,2,"envelope,onset",data/processed/env_onset/sub-023_mtrf_env_onset.npz,-0.5,0.0,0.05,hamming,1,,l2,1,True,mean,"1.0,1.0",results_env_onset\sub-023\sub-023_backward_mtrf_env_onset.summary.json,results_env_onset\sub-023\sub-023_backward_mtrf_env_onset.trial_results.csv,nh,NH,0,0.10521974927300783,0.03381748050040498,0.07037782709892777,0.026255831744913378,0.07140226877260285,0.0441219953540144,0.05776213206330862,0.0710285634590073,0.04401206205631301,0.05752031275766015
sub-023,5,1,0.0869823696630149,0.1008653761337445,0.0139049722667509,0.0869604038669935,0.0989733002776537,0.0119689648186173,0.0870043354590364,0.0869823696630149,0.90625,32,2,"envelope,onset",data/processed/env_onset/sub-023_mtrf_env_onset.npz,-0.5,0.0,0.05,hamming,1,,l2,1,True,mean,"1.0,1.0",results_env_onset\sub-023\sub-023_backward_mtrf_env_onset.summary.json,results_env_onset\sub-023\sub-023_backward_mtrf_env_onset.trial_results.csv,nh,NH,0,0.101209541675365,0.013905868538097388,0.09929838447313791,0.01196953641023061,0.08730367313726761,0.0873288480629073,0.08731626060008746,0.0869604038669936,0.08700433545903641,0.08698236966301501
sub-023,6,1,0.1352035968147401,-0.0079582531318011,-0.1126735767602183,0.1047153236284172,0.0512517663570968,-0.1144401036439662,0.165691870001063,0.1352035968147401,0.90625,32,2,"envelope,onset",data/processed/env_onset/sub-023_mtrf_env_onset.npz,-0.5,0.0,0.05,hamming,1,,l2,1,True,mean,"1.0,1.0",results_env_onset\sub-023\sub-023_backward_mtrf_env_onset.summary.json,results_env_onset\sub-023\sub-023_backward_mtrf_env_onset.trial_results.csv,nh,NH,0,-0.007958421146971028,-0.11315405157537703,0.05129671229758181,-0.11494365617930136,0.105195630428406,0.16624036847688317,0.1357179994526446,0.1047153236284172,0.165691870001063,0.1352035968147401
sub-023,7,1,0.0031707050987628,0.0632093797503432,0.0603210293491254,0.0028883504012178,0.0036889325935053,0.0002358727971974,0.0034530597963079,0.0031707050987628,0.90625,32,2,"envelope,onset",data/processed/env_onset/sub-023_mtrf_env_onset.npz,-0.5,0.0,0.05,hamming,1,,l2,1,True,mean,"1.0,1.0",results_env_onset\sub-023\sub-023_backward_mtrf_env_onset.summary.json,results_env_onset\sub-023\sub-023_backward_mtrf_env_onset.trial_results.csv,nh,NH,0,0.06329376492893068,0.06039435139100974,0.0036889493269152175,0.00023587280157173795,0.0028994135379209474,0.0034530765253434795,0.0031762450316322136,0.0028883504012178,0.0034530597963079,0.0031707050987628497
sub-023,8,1,0.0529374251212333,0.1071439870953815,0.0112076112797949,0.0959363758155865,0.0693176072323956,0.0593791328055154,0.0099384744268801,0.0529374251212333,0.90625,32,2,"envelope,onset",data/processed/env_onset/sub-023_mtrf_env_onset.npz,-0.5,0.0,0.05,hamming,1,,l2,1,True,mean,"1.0,1.0",results_env_onset\sub-023\sub-023_backward_mtrf_env_onset.summary.json,results_env_onset\sub-023\sub-023_backward_mtrf_env_onset.trial_results.csv,nh,NH,0,0.10755683288316642,0.011208080579906085,0.06942895050617119,0.059449068743623615,0.09634875230326033,0.009979881762547577,0.05316431703290395,0.0959363758155866,0.009938474426880207,0.05293742512123341
sub-023,9,1,0.0637545705788919,0.1261812040962365,0.0045114747748743,0.1216697293213621,0.028094632930088,0.0222552210936662,0.0058394118364217,0.0637545705788919,0.90625,32,2,"envelope,onset",data/processed/env_onset/sub-023_mtrf_env_onset.npz,-0.5,0.0,0.05,hamming,1,,l2,1,True,mean,"1.0,1.0",results_env_onset\sub-023\sub-023_backward_mtrf_env_onset.summary.json,results_env_onset\sub-023\sub-023_backward_mtrf_env_onset.trial_results.csv,nh,NH,0,0.1268573480972624,0.004511505383205302,0.028102028209281624,0.02225889648488541,0.1223458427140571,0.0058431317243962146,0.06409448721922666,0.1216697293213622,0.0058394118364218026,0.063754570578892
sub-023,10,0,-0.081740659193523,-0.0529001841585531,0.0259932279092753,-0.0788934120678284,-0.0404830733545993,0.0441048329646183,-0.0845879063192177,-0.081740659193523,0.90625,32,2,"envelope,onset",data/processed/env_onset/sub-023_mtrf_env_onset.npz,-0.5,0.0,0.05,hamming,1,,l2,1,True,mean,"1.0,1.0",results_env_onset\sub-023\sub-023_backward_mtrf_env_onset.summary.json,results_env_onset\sub-023\sub-023_backward_mtrf_env_onset.trial_results.csv,nh,NH,0,-0.05294961299068125,0.02599908437352897,-0.04050521074966207,0.0441334644963395,-0.07894869736421023,-0.08463867524600158,-0.0817936863051059,-0.0788934120678284,-0.0845879063192176,-0.081740659193523
sub-023,11,1,0.1274502822509489,0.0545329599492666,-0.0714852619966691,0.1260182219459357,0.0840369663040626,-0.0448453762518995,0.1288823425559621,0.1274502822509489,0.90625,32,2,"envelope,onset",data/processed/env_onset/sub-023_mtrf_env_onset.npz,-0.5,0.0,0.05,hamming,1,,l2,1,True,mean,"1.0,1.0",results_env_onset\sub-023\sub-023_backward_mtrf_env_onset.summary.json,results_env_onset\sub-023\sub-023_backward_mtrf_env_onset.trial_results.csv,nh,NH,0,0.054587114109938065,-0.07160740334127809,0.08423563777100095,-0.04487547554156555,0.12619451745121615,0.1291111133125665,0.12765281538189133,0.1260182219459357,0.1288823425559621,0.1274502822509489
sub-023,12,1,0.102987314444985,0.1245261885865647,0.0049338407636726,0.1195923478228921,0.0995973457891082,0.0132150647220302,0.086382281067078,0.102987314444985,0.90625,32,2,"envelope,onset",data/processed/env_onset/sub-023_mtrf_env_onset.npz,-0.5,0.0,0.05,hamming,1,,l2,1,True,mean,"1.0,1.0",results_env_onset\sub-023\sub-023_backward_mtrf_env_onset.summary.json,results_env_onset\sub-023\sub-023_backward_mtrf_env_onset.trial_results.csv,nh,NH,0,0.12517591083211346,0.004933880798731795,0.09992864282506714,0.013215834086521936,0.12024203003338167,0.0867128087385452,0.10347741938596344,0.11959234782289209,0.086382281067078,0.10298731444498505
sub-023,13,1,0.1271705232151515,0.0967377040132954,-0.0722548597458844,0.1689925637591798,0.0687770357033187,-0.0165714469678044,0.0853484826711231,0.1271705232151515,0.90625,32,2,"envelope,onset",data/processed/env_onset/sub-023_mtrf_env_onset.npz,-0.5,0.0,0.05,hamming,1,,l2,1,True,mean,"1.0,1.0",results_env_onset\sub-023\sub-023_backward_mtrf_env_onset.summary.json,results_env_onset\sub-023\sub-023_backward_mtrf_env_onset.trial_results.csv,nh,NH,0,0.09704117285257899,-0.07238099697704577,0.06888578942545368,-0.016572964128576954,0.16942216982962477,0.08545875355403063,0.1274404616918277,0.16899256375917981,0.08534848267112309,0.12717052321515146
sub-023,14,1,0.1485631340508132,0.1348551554776259,-0.0380250927304361,0.1728802482080621,0.1246222136962674,0.000376193802703,0.1242460198935643,0.1485631340508132,0.90625,32,2,"envelope,onset",data/processed/env_onset/sub-023_mtrf_env_onset.npz,-0.5,0.0,0.05,hamming,1,,l2,1,True,mean,"1.0,1.0",results_env_onset\sub-023\sub-023_backward_mtrf_env_onset.summary.json,results_env_onset\sub-023\sub-023_backward_mtrf_env_onset.trial_results.csv,nh,NH,0,0.1356816811120259,-0.03804343557080107,0.12527344962016723,0.0003761938204495401,0.17372511668282695,0.1248972557997177,0.14931118624127232,0.17288024820806197,0.1242460198935644,0.14856313405081317
sub-023,15,1,0.1030505200805107,0.0942657241591596,-0.0531473674672341,0.1474130916263938,0.0367786350865514,-0.0219093134480762,0.0586879485346276,0.1030505200805107,0.90625,32,2,"envelope,onset",data/processed/env_onset/sub-023_mtrf_env_onset.npz,-0.5,0.0,0.05,hamming,1,,l2,1,True,mean,"1.0,1.0",results_env_onset\sub-023\sub-023_backward_mtrf_env_onset.summary.json,results_env_onset\sub-023\sub-023_backward_mtrf_env_onset.trial_results.csv,nh,NH,0,0.0945464382613766,-0.05319749322106258,0.0367952316526622,-0.021912820079802175,0.1477439314824392,0.05870805173246438,0.10322599160745179,0.1474130916263937,0.0586879485346276,0.10305052008051066
sub-023,16,1,0.1019060872357002,0.1085162315453031,-0.0011726763805014,0.1096889079258046,0.0902429654565192,-0.0038803010890765,0.0941232665455958,0.1019060872357002,0.90625,32,2,"envelope,onset",data/processed/env_onset/sub-023_mtrf_env_onset.npz,-0.5,0.0,0.05,hamming,1,,l2,1,True,mean,"1.0,1.0",results_env_onset\sub-023\sub-023_backward_mtrf_env_onset.summary.json,results_env_onset\sub-023\sub-023_backward_mtrf_env_onset.trial_results.csv,nh,NH,0,0.10894522080922972,-0.001172676918044928,0.09048914280904737,-0.00388032056414284,0.11011789772727465,0.0943694633731902,0.10224368055023242,0.1096889079258045,0.0941232665455957,0.1019060872357001
sub-023,17,1,0.0241445330014979,0.016920878569352,-0.0082793125027692,0.0252001910721212,0.0245410686434899,0.0014521937126152,0.0230888749308747,0.0241445330014979,0.90625,32,2,"envelope,onset",data/processed/env_onset/sub-023_mtrf_env_onset.npz,-0.5,0.0,0.05,hamming,1,,l2,1,True,mean,"1.0,1.0",results_env_onset\sub-023\sub-023_backward_mtrf_env_onset.summary.json,results_env_onset\sub-023\sub-023_backward_mtrf_env_onset.trial_results.csv,nh,NH,0,0.01692249375366459,-0.008279501684604175,0.024545997159038692,0.0014521947334440871,0.025201995438268766,0.023093802425594605,0.024147898931931686,0.0252001910721212,0.0230888749308747,0.02414453300149795
sub-023,18,1,0.1220102052932866,0.031821986354507,-0.0512366572893272,0.0830586436438342,0.1060818463421819,-0.054879920600557,0.1609617669427389,0.1220102052932866,0.90625,32,2,"envelope,onset",data/processed/env_onset/sub-023_mtrf_env_onset.npz,-0.5,0.0,0.05,hamming,1,,l2,1,True,mean,"1.0,1.0",results_env_onset\sub-023\sub-023_backward_mtrf_env_onset.summary.json,results_env_onset\sub-023\sub-023_backward_mtrf_env_onset.trial_results.csv,nh,NH,0,0.031832734278378856,-0.051281563449402504,0.10648248059889828,-0.054935116263730766,0.08311429772778137,0.16141759686262905,0.12226594729520521,0.0830586436438342,0.1609617669427389,0.12201020529328654
sub-023,19,1,0.0353010800423034,-0.0247721215712262,-0.0045691613355823,-0.0202029602356438,0.0461197925683331,-0.0446853277519175,0.0908051203202507,0.0353010800423034,0.90625,32,2,"envelope,onset",data/processed/env_onset/sub-023_mtrf_env_onset.npz,-0.5,0.0,0.05,hamming,1,,l2,1,True,mean,"1.0,1.0",results_env_onset\sub-023\sub-023_backward_mtrf_env_onset.summary.json,results_env_onset\sub-023\sub-023_backward_mtrf_env_onset.trial_results.csv,nh,NH,0,-0.024777190641347757,-0.004569193133132733,0.04615253383869661,-0.044715105670161195,-0.020207997508215024,0.0908676395088578,0.03532982100032139,-0.0202029602356439,0.09080512032025059,0.03530108004230335
sub-023,20,1,0.0629965615849219,0.0254304844106729,-0.0458009647275138,0.0712314491381868,0.0096316890604124,-0.0451299849712446,0.0547616740316571,0.0629965615849219,0.90625,32,2,"envelope,onset",data/processed/env_onset/sub-023_mtrf_env_onset.npz,-0.5,0.0,0.05,hamming,1,,l2,1,True,mean,"1.0,1.0",results_env_onset\sub-023\sub-023_backward_mtrf_env_onset.summary.json,results_env_onset\sub-023\sub-023_backward_mtrf_env_onset.trial_results.csv,nh,NH,0,0.025435968584433418,-0.04583303109147325,0.009631986919106586,-0.045160661448157,0.07126899967590666,0.05479264836726359,0.06303082402158512,0.0712314491381867,0.05476167403165699,0.06299656158492184
sub-023,21,1,0.1495213369300649,0.0956846673034584,-0.0964453903012074,0.1921300576046658,0.0822550554216285,-0.0246575608338355,0.106912616255464,0.1495213369300649,0.90625,32,2,"envelope,onset",data/processed/env_onset/sub-023_mtrf_env_onset.npz,-0.5,0.0,0.05,hamming,1,,l2,1,True,mean,"1.0,1.0",results_env_onset\sub-023\sub-023_backward_mtrf_env_onset.summary.json,results_env_onset\sub-023\sub-023_backward_mtrf_env_onset.trial_results.csv,nh,NH,0,0.09597829743651948,-0.09674610618787417,0.08244132182951844,-0.02466255988468564,0.19272440362439364,0.10710388171420408,0.14991414266929887,0.19213005760466578,0.106912616255464,0.1495213369300649
sub-023,22,0,-0.0212092343714126,0.0028589401783656,0.0153537016186453,-0.0124947614402796,0.011776704443614,0.0417004117461596,-0.0299237073025455,-0.0212092343714126,0.90625,32,2,"envelope,onset",data/processed/env_onset/sub-023_mtrf_env_onset.npz,-0.5,0.0,0.05,hamming,1,,l2,1,True,mean,"1.0,1.0",results_env_onset\sub-023\sub-023_backward_mtrf_env_onset.summary.json,results_env_onset\sub-023\sub-023_backward_mtrf_env_onset.trial_results.csv,nh,NH,0,0.0028589479676234277,0.01535490826350644,0.011777248928983283,0.04172460828373845,-0.012495960295883011,-0.02994735935475517,-0.02122165982531909,-0.012494761440279702,-0.0299237073025456,-0.02120923437141265
sub-023,23,1,0.0349985160653841,0.0675538911399459,-0.0060092941995776,0.0735631853395236,-0.0104125960232032,-0.0068464428144479,-0.0035661532087553,0.0349985160653841,0.90625,32,2,"envelope,onset",data/processed/env_onset/sub-023_mtrf_env_onset.npz,-0.5,0.0,0.05,hamming,1,,l2,1,True,mean,"1.0,1.0",results_env_onset\sub-023\sub-023_backward_mtrf_env_onset.summary.json,results_env_onset\sub-023\sub-023_backward_mtrf_env_onset.trial_results.csv,nh,NH,0,0.06765693479561541,-0.006009366536254669,-0.01041297236638913,-0.00684654979033949,0.07366630133187008,-0.00356642257604964,0.03504993937791022,0.07356318533952351,-0.0035661532087552994,0.03499851606538411
sub-023,24,1,0.089866050152167,0.107683739681987,-0.0040310299064183,0.1117147695884054,0.1004482999929181,0.0324309692769894,0.0680173307159287,0.089866050152167,0.90625,32,2,"envelope,onset",data/processed/env_onset/sub-023_mtrf_env_onset.npz,-0.5,0.0,0.05,hamming,1,,l2,1,True,mean,"1.0,1.0",results_env_onset\sub-023\sub-023_backward_mtrf_env_onset.summary.json,results_env_onset\sub-023\sub-023_backward_mtrf_env_onset.trial_results.csv,nh,NH,0,0.10810288569798561,-0.004031051740304385,0.10078819654397929,0.032442346406904826,0.11213393743828999,0.06834585013707446,0.09023989378768223,0.11171476958840529,0.06801733071592869,0.08986605015216699
sub-023,25,1,0.0779764319862991,0.1165403310770725,-0.0339114654931716,0.1504517965702442,0.0593932634763088,0.0538921960739547,0.0055010674023541,0.0779764319862991,0.90625,32,2,"envelope,onset",data/processed/env_onset/sub-023_mtrf_env_onset.npz,-0.5,0.0,0.05,hamming,1,,l2,1,True,mean,"1.0,1.0",results_env_onset\sub-023\sub-023_backward_mtrf_env_onset.summary.json,results_env_onset\sub-023\sub-023_backward_mtrf_env_onset.trial_results.csv,nh,NH,0,0.11707227594698046,-0.03392447372364966,0.05946324942571993,0.05394446145389956,0.15099674967063012,0.0055187879718203645,0.07825776882122525,0.1504517965702441,0.0055010674023541,0.0779764319862991
sub-023,26,1,0.1308883298510286,0.0875823060845642,-0.0736797859821479,0.1612620920667121,0.0506970093001904,-0.0498175583351548,0.1005145676353452,0.1308883298510286,0.90625,32,2,"envelope,onset",data/processed/env_onset/sub-023_mtrf_env_onset.npz,-0.5,0.0,0.05,hamming,1,,l2,1,True,mean,"1.0,1.0",results_env_onset\sub-023\sub-023_backward_mtrf_env_onset.summary.json,results_env_onset\sub-023\sub-023_backward_mtrf_env_onset.trial_results.csv,nh,NH,0,0.08780728045760246,-0.07381355070672817,0.05074050999675891,-0.04985883203691167,0.16162083116433063,0.10059934203367057,0.13111008659900059,0.1612620920667121,0.10051456763534519,0.13088832985102866
sub-023,27,1,0.1871175357317128,0.1050572455461303,-0.1387139758715371,0.2437712214176674,0.1036008811072577,-0.0268629689385004,0.1304638500457582,0.1871175357317128,0.90625,32,2,"envelope,onset",data/processed/env_onset/sub-023_mtrf_env_onset.npz,-0.5,0.0,0.05,hamming,1,,l2,1,True,mean,"1.0,1.0",results_env_onset\sub-023\sub-023_backward_mtrf_env_onset.summary.json,results_env_onset\sub-023\sub-023_backward_mtrf_env_onset.trial_results.csv,nh,NH,0,0.10544633190444876,-0.1396140820476702,0.10397394087501,-0.02686943334812747,0.24506041395211897,0.13084337422313747,0.18795189408762822,0.2437712214176674,0.13046385004575808,0.18711753573171275
sub-023,28,1,0.0246693331372063,0.0492236462506288,-0.0040780002537058,0.0533016465043347,0.0482779139778757,0.0522408942077978,-0.003962980229922,0.0246693331372063,0.90625,32,2,"envelope,onset",data/processed/env_onset/sub-023_mtrf_env_onset.npz,-0.5,0.0,0.05,hamming,1,,l2,1,True,mean,"1.0,1.0",results_env_onset\sub-023\sub-023_backward_mtrf_env_onset.summary.json,results_env_onset\sub-023\sub-023_backward_mtrf_env_onset.trial_results.csv,nh,NH,0,0.04926345990956824,-0.004078022859763101,0.048315474546915725,0.05228849591183624,0.053341482769331344,-0.003973021364920518,0.024684230702205413,0.053301646504334596,-0.0039629802299221,0.024669333137206248
sub-023,29,1,0.0998506311517472,0.1195042409721075,-0.0285734670252114,0.1480777079973189,0.0940286479361549,0.0424050936299794,0.0516235543061754,0.0998506311517472,0.90625,32,2,"envelope,onset",data/processed/env_onset/sub-023_mtrf_env_onset.npz,-0.5,0.0,0.05,hamming,1,,l2,1,True,mean,"1.0,1.0",results_env_onset\sub-023\sub-023_backward_mtrf_env_onset.summary.json,results_env_onset\sub-023\sub-023_backward_mtrf_env_onset.trial_results.csv,nh,NH,0,0.12007805646510746,-0.028581247039279473,0.0943072418739526,0.04243053858813566,0.14865930350438694,0.05187670328581694,0.10026800339510195,0.1480777079973189,0.0516235543061755,0.0998506311517472
sub-023,30,1,0.0141486960314654,0.0826905187475713,0.0249463162778072,0.0577442024697641,0.0346817184975833,0.0641285289044165,-0.0294468104068332,0.0141486960314654,0.90625,32,2,"envelope,onset",data/processed/env_onset/sub-023_mtrf_env_onset.npz,-0.5,0.0,0.05,hamming,1,,l2,1,True,mean,"1.0,1.0",results_env_onset\sub-023\sub-023_backward_mtrf_env_onset.summary.json,results_env_onset\sub-023\sub-023_backward_mtrf_env_onset.trial_results.csv,nh,NH,0,0.08287976736414635,0.024951493063915132,0.034695633848262845,0.06421665530273316,0.05792827430023122,-0.02952102145447031,0.014203626422880453,0.0577442024697641,-0.029446810406833203,0.014148696031465447
sub-023,31,1,0.0127451551398713,0.0904704274343984,0.0333139818922235,0.0571564455421749,0.0164536947903231,0.0481198300527553,-0.0316661352624322,0.0127451551398713,0.90625,32,2,"envelope,onset",data/processed/env_onset/sub-023_mtrf_env_onset.npz,-0.5,0.0,0.05,hamming,1,,l2,1,True,mean,"1.0,1.0",results_env_onset\sub-023\sub-023_backward_mtrf_env_onset.summary.json,results_env_onset\sub-023\sub-023_backward_mtrf_env_onset.trial_results.csv,nh,NH,0,0.09071847714978053,0.033326314295215764,0.016455179835305433,0.048157022516596856,0.05739216285456476,-0.03170184268129142,0.012845160086636671,0.057156445542174895,-0.0316661352624322,0.012745155139871348
sub-024,0,1,0.0504156239441195,0.0827288281510712,0.0135900700939421,0.0691387580571291,0.0985704461129216,0.0668779562818117,0.0316924898311099,0.0504156239441195,0.9375,32,2,"envelope,onset",data/processed/env_onset/sub-024_mtrf_env_onset.npz,-0.5,0.0,0.05,hamming,1,,l2,1,True,mean,"1.0,1.0",results_env_onset\sub-024\sub-024_backward_mtrf_env_onset.summary.json,results_env_onset\sub-024\sub-024_backward_mtrf_env_onset.trial_results.csv,nh,NH,0,0.0829183406432133,0.013590906836705456,0.09889156138425678,0.06697793219069877,0.06932743380650784,0.031913629193558016,0.05062053150003293,0.0691387580571291,0.031692489831109893,0.0504156239441195
sub-024,1,1,0.0669259180076572,0.067188580122118,0.0169538724083898,0.0502347077137282,0.0999186343137559,0.0163015060121698,0.0836171283015861,0.0669259180076572,0.9375,32,2,"envelope,onset",data/processed/env_onset/sub-024_mtrf_env_onset.npz,-0.5,0.0,0.05,hamming,1,,l2,1,True,mean,"1.0,1.0",results_env_onset\sub-024\sub-024_backward_mtrf_env_onset.summary.json,results_env_onset\sub-024\sub-024_backward_mtrf_env_onset.trial_results.csv,nh,NH,0,0.06728995810924546,0.01695549706051876,0.1002531608445018,0.016302950224949753,0.0503344610487267,0.08395021061955205,0.06714233583413937,0.05023470771372819,0.0836171283015861,0.06692591800765715
sub-024,2,0,-0.0762550497557916,0.0059088086366499,0.0968771441845085,-0.0909683355478585,0.0272753199908768,0.0888170839546016,-0.0615417639637247,-0.0762550497557916,0.9375,32,2,"envelope,onset",data/processed/env_onset/sub-024_mtrf_env_onset.npz,-0.5,0.0,0.05,hamming,1,,l2,1,True,mean,"1.0,1.0",results_env_onset\sub-024\sub-024_backward_mtrf_env_onset.summary.json,results_env_onset\sub-024\sub-024_backward_mtrf_env_onset.trial_results.csv,nh,NH,0,0.00590887740484382,0.09718193217498387,0.027282086773453847,0.08905173936830145,-0.09127305477014006,-0.0617696525948476,-0.07652135368249383,-0.0909683355478586,-0.061541763963724794,-0.0762550497557917
sub-024,3,0,-0.0541779608553585,0.0010422537667074,0.0849692023461767,-0.0839269485794692,-0.0029052007792041,0.0215237723520435,-0.0244289731312477,-0.0541779608553585,0.9375,32,2,"envelope,onset",data/processed/env_onset/sub-024_mtrf_env_onset.npz,-0.5,0.0,0.05,hamming,1,,l2,1,True,mean,"1.0,1.0",results_env_onset\sub-024\sub-024_backward_mtrf_env_onset.summary.json,results_env_onset\sub-024\sub-024_backward_mtrf_env_onset.trial_results.csv,nh,NH,0,0.0010422541441052731,0.08517457864508018,-0.002905208952729198,0.021527097068833965,-0.08413232450097491,-0.024432306021563162,-0.05428231526126903,-0.08392694857946931,-0.0244289731312476,-0.054177960855358455
sub-024,4,1,0.1234671610200694,0.1256830202156967,-0.0528886366791718,0.1785716568948686,0.1218331900620366,0.0534705249167663,0.0683626651452703,0.1234671610200694,0.9375,32,2,"envelope,onset",data/processed/env_onset/sub-024_mtrf_env_onset.npz,-0.5,0.0,0.05,hamming,1,,l2,1,True,mean,"1.0,1.0",results_env_onset\sub-024\sub-024_backward_mtrf_env_onset.summary.json,results_env_onset\sub-024\sub-024_backward_mtrf_env_onset.trial_results.csv,nh,NH,0,0.12635113624400185,-0.05293803311290176,0.12244141947075002,0.05352157165371368,0.17928916935690362,0.06891984781703633,0.12410450858696997,0.17857165689486848,0.06836266514527031,0.1234671610200694
sub-024,5,1,0.1236846863934837,0.1072083106667051,-0.0284066843337586,0.1356149950004637,0.1162039322499316,0.0044495544634278,0.1117543777865037,0.1236846863934837,0.9375,32,2,"envelope,onset",data/processed/env_onset/sub-024_mtrf_env_onset.npz,-0.5,0.0,0.05,hamming,1,,l2,1,True,mean,"1.0,1.0",results_env_onset\sub-024\sub-024_backward_mtrf_env_onset.summary.json,results_env_onset\sub-024\sub-024_backward_mtrf_env_onset.trial_results.csv,nh,NH,0,0.10762190390759954,-0.028414328862556328,0.11673125890231766,0.004449583828663112,0.13603623277015586,0.11228167507365454,0.12415895392190521,0.1356149950004637,0.1117543777865038,0.12368468639348375
sub-024,6,1,0.1496217837901739,0.1087445571508416,-0.017324864965621,0.1260694221164627,0.1313213549313448,-0.0418527905325403,0.1731741454638851,0.1496217837901739,0.9375,32,2,"envelope,onset",data/processed/env_onset/sub-024_mtrf_env_onset.npz,-0.5,0.0,0.05,hamming,1,,l2,1,True,mean,"1.0,1.0",results_env_onset\sub-024\sub-024_backward_mtrf_env_onset.summary.json,results_env_onset\sub-024\sub-024_backward_mtrf_env_onset.trial_results.csv,nh,NH,0,0.10917627296119761,-0.017326598636052765,0.13208415543718424,-0.04187725347969624,0.12650287159725038,0.17396140891688047,0.15023214025706544,0.1260694221164626,0.1731741454638851,0.14962178379017385
sub-024,7,1,0.0671392687270395,0.0576534229933096,-0.0290474943482827,0.0867009173415923,0.0301102374608513,-0.0174673826516353,0.0475776201124866,0.0671392687270395,0.9375,32,2,"envelope,onset",data/processed/env_onset/sub-024_mtrf_env_onset.npz,-0.5,0.0,0.05,hamming,1,,l2,1,True,mean,"1.0,1.0",results_env_onset\sub-024\sub-024_backward_mtrf_env_onset.summary.json,results_env_onset\sub-024\sub-024_backward_mtrf_env_onset.trial_results.csv,nh,NH,0,0.05771742909358192,-0.02905566816157382,0.030119341992740332,-0.017469159464797074,0.08677309725515574,0.0475885014575374,0.06718079935634658,0.0867009173415923,0.047577620112486604,0.06713926872703946
sub-024,8,1,0.0579867928123805,0.0720233607964798,-0.0219820697240889,0.0940054305205687,0.0421345899613573,0.020166434857165,0.0219681551041923,0.0579867928123805,0.9375,32,2,"envelope,onset",data/processed/env_onset/sub-024_mtrf_env_onset.npz,-0.5,0.0,0.05,hamming,1,,l2,1,True,mean,"1.0,1.0",results_env_onset\sub-024\sub-024_backward_mtrf_env_onset.summary.json,results_env_onset\sub-024\sub-024_backward_mtrf_env_onset.trial_results.csv,nh,NH,0,0.07214828699189552,-0.021985611413127066,0.04215955073313789,0.020169169320592872,0.09413389840502258,0.021990381412545015,0.0580621399087838,0.0940054305205687,0.0219681551041923,0.0579867928123805
sub-024,9,1,0.0214257834056612,0.0794787181003986,0.0256111679162604,0.0538675501841382,0.0219791961373504,0.0329951795101661,-0.0110159833728156,0.0214257834056612,0.9375,32,2,"envelope,onset",data/processed/env_onset/sub-024_mtrf_env_onset.npz,-0.5,0.0,0.05,hamming,1,,l2,1,True,mean,"1.0,1.0",results_env_onset\sub-024\sub-024_backward_mtrf_env_onset.summary.json,results_env_onset\sub-024\sub-024_backward_mtrf_env_onset.trial_results.csv,nh,NH,0,0.0796467074152761,0.025616769848649787,0.021982736437349125,0.033007161088870286,0.054029937566626315,-0.011024424651521161,0.021502756457552577,0.05386755018413819,-0.011015983372815702,0.021425783405661245
sub-024,10,1,0.1340405108930117,0.1322446702582089,-0.0372156989480575,0.1694603692062664,0.0770079088171866,-0.0216127437625704,0.0986206525797571,0.1340405108930117,0.9375,32,2,"envelope,onset",data/processed/env_onset/sub-024_mtrf_env_onset.npz,-0.5,0.0,0.05,hamming,1,,l2,1,True,mean,"1.0,1.0",results_env_onset\sub-024\sub-024_backward_mtrf_env_onset.summary.json,results_env_onset\sub-024\sub-024_backward_mtrf_env_onset.trial_results.csv,nh,NH,0,0.13302378923239402,-0.037232894589986285,0.07716067731988317,-0.02161610988727095,0.1702566838223803,0.09877678720715412,0.1345167355147672,0.1694603692062664,0.098620652579757,0.1340405108930117
sub-024,11,1,0.144232892130814,0.1853572534731112,-0.0259645058260821,0.2113217592991934,0.0985965049834897,0.021452480021055,0.0771440249624346,0.144232892130814,0.9375,32,2,"envelope,onset",data/processed/env_onset/sub-024_mtrf_env_onset.npz,-0.5,0.0,0.05,hamming,1,,l2,1,True,mean,"1.0,1.0",results_env_onset\sub-024\sub-024_backward_mtrf_env_onset.summary.json,results_env_onset\sub-024\sub-024_backward_mtrf_env_onset.trial_results.csv,nh,NH,0,0.18752490926944607,-0.025970342892664557,0.0989178759987134,0.021455771804118357,0.21349525216211063,0.07746210419459505,0.14547867817835283,0.21132175929919328,0.07714402496243469,0.14423289213081397
sub-024,12,1,0.1650193217875175,0.1638604497375184,-0.0276575314635875,0.1915179812011059,0.1101838679081768,-0.0283367944657522,0.138520662373929,0.1650193217875175,0.9375,32,2,"envelope,onset",data/processed/env_onset/sub-024_mtrf_env_onset.npz,-0.5,0.0,0.05,hamming,1,,l2,1,True,mean,"1.0,1.0",results_env_onset\sub-024\sub-024_backward_mtrf_env_onset.summary.json,results_env_onset\sub-024\sub-024_backward_mtrf_env_onset.trial_results.csv,nh,NH,0,0.1653511036285755,-0.027664586810600515,0.11063303956248377,-0.028344382690959076,0.19301569043917602,0.13897742225344284,0.16599655634630944,0.1915179812011059,0.13852066237392902,0.16501932178751746
sub-024,13,1,0.0646237735409025,0.0303791323151264,-0.0191604672362562,0.0495395995513826,0.0461215786476476,-0.0335863688827747,0.0797079475304224,0.0646237735409025,0.9375,32,2,"envelope,onset",data/processed/env_onset/sub-024_mtrf_env_onset.npz,-0.5,0.0,0.05,hamming,1,,l2,1,True,mean,"1.0,1.0",results_env_onset\sub-024\sub-024_backward_mtrf_env_onset.summary.json,results_env_onset\sub-024\sub-024_backward_mtrf_env_onset.trial_results.csv,nh,NH,0,0.030388483042986792,-0.019162812505507856,0.0461543237253105,-0.033599006406545256,0.04955129554849465,0.07975333013185576,0.0646523128401752,0.049539599551382596,0.07970794753042229,0.06462377354090244
sub-024,14,1,0.0519534013141769,0.0354375667819084,0.016236260525464,0.0192013062564444,0.0756102415665293,-0.00909525480538,0.0847054963719094,0.0519534013141769,0.9375,32,2,"envelope,onset",data/processed/env_onset/sub-024_mtrf_env_onset.npz,-0.5,0.0,0.05,hamming,1,,l2,1,True,mean,"1.0,1.0",results_env_onset\sub-024\sub-024_backward_mtrf_env_onset.summary.json,results_env_onset\sub-024\sub-024_backward_mtrf_env_onset.trial_results.csv,nh,NH,0,0.0354524123847328,0.016237687464697715,0.07575482344249969,-0.009095505615417505,0.019214724920035082,0.0848503290579172,0.05203252698897614,0.019201306256444402,0.0847054963719093,0.05195340131417685
sub-024,15,1,0.0849656730062546,0.0375057669730116,-0.051440698744641,0.0889464657176527,0.0509223324810643,-0.0300625478137922,0.0809848802948565,0.0849656730062546,0.9375,32,2,"envelope,onset",data/processed/env_onset/sub-024_mtrf_env_onset.npz,-0.5,0.0,0.05,hamming,1,,l2,1,True,mean,"1.0,1.0",results_env_onset\sub-024\sub-024_backward_mtrf_env_onset.summary.json,results_env_onset\sub-024\sub-024_backward_mtrf_env_onset.trial_results.csv,nh,NH,0,0.03752336806694565,-0.051486144110470186,0.050966416383645005,-0.03007160913832088,0.08900951217741584,0.08103802552196589,0.08502376884969087,0.0889464657176526,0.0809848802948565,0.08496567300625454
sub-024,16,1,0.1687708304428222,0.1893630017795287,-0.0115266536248556,0.2008896554043844,0.1533371255999343,0.0166851201186741,0.1366520054812601,0.1687708304428222,0.9375,32,2,"envelope,onset",data/processed/env_onset/sub-024_mtrf_env_onset.npz,-0.5,0.0,0.05,hamming,1,,l2,1,True,mean,"1.0,1.0",results_env_onset\sub-024\sub-024_backward_mtrf_env_onset.summary.json,results_env_onset\sub-024\sub-024_backward_mtrf_env_onset.trial_results.csv,nh,NH,0,0.19167639700236305,-0.011527164157006258,0.154556137595641,0.016686668718867245,0.2032035611593693,0.13786946887677376,0.17053651501807154,0.2008896554043843,0.1366520054812602,0.16877083044282226
sub-024,17,1,0.1311838690807643,0.0503532073605447,-0.0264820162342469,0.0768352235947917,0.1277139879355448,-0.0578185266311921,0.1855325145667369,0.1311838690807643,0.9375,32,2,"envelope,onset",data/processed/env_onset/sub-024_mtrf_env_onset.npz,-0.5,0.0,0.05,hamming,1,,l2,1,True,mean,"1.0,1.0",results_env_onset\sub-024\sub-024_backward_mtrf_env_onset.summary.json,results_env_onset\sub-024\sub-024_backward_mtrf_env_onset.trial_results.csv,nh,NH,0,0.0503958281545049,-0.02648820942821995,0.12841523874766791,-0.05788308493611928,0.07688403758272486,0.18629832368378718,0.13159118063325603,0.0768352235947916,0.18553251456673692,0.13118386908076426
sub-024,18,1,0.1006044720096672,0.1010514665421356,0.0026905332466258,0.0983609332955098,0.1179534966368789,0.0151054859130541,0.1028480107238247,0.1006044720096672,0.9375,32,2,"envelope,onset",data/processed/env_onset/sub-024_mtrf_env_onset.npz,-0.5,0.0,0.05,hamming,1,,l2,1,True,mean,"1.0,1.0",results_env_onset\sub-024\sub-024_backward_mtrf_env_onset.summary.json,results_env_onset\sub-024\sub-024_backward_mtrf_env_onset.trial_results.csv,nh,NH,0,0.101397548361807,0.0026905397388830555,0.11850513909730127,0.015106634972001464,0.09870700862292395,0.10339850412529981,0.10105275637411187,0.09836093329550981,0.1028480107238248,0.1006044720096673
sub-024,19,1,0.0584146458301011,0.1059947334148048,0.0291182462042224,0.0768764872105824,0.1032798207406515,0.0633270162910317,0.0399528044496198,0.0584146458301011,0.9375,32,2,"envelope,onset",data/processed/env_onset/sub-024_mtrf_env_onset.npz,-0.5,0.0,0.05,hamming,1,,l2,1,True,mean,"1.0,1.0",results_env_onset\sub-024\sub-024_backward_mtrf_env_onset.summary.json,results_env_onset\sub-024\sub-024_backward_mtrf_env_onset.trial_results.csv,nh,NH,0,0.10639437702439389,0.029126479911065754,0.10364940803454392,0.06341187424539255,0.07726789711332813,0.040237533789151375,0.05875271545123975,0.07687648721058239,0.03995280444961981,0.0584146458301011
sub-024,20,1,0.1943239191928384,0.1394347480516743,-0.084677425815891,0.2241121738675653,0.1718456992077259,0.0073100346896145,0.1645356645181114,0.1943239191928384,0.9375,32,2,"envelope,onset",data/processed/env_onset/sub-024_mtrf_env_onset.npz,-0.5,0.0,0.05,hamming,1,,l2,1,True,mean,"1.0,1.0",results_env_onset\sub-024\sub-024_backward_mtrf_env_onset.summary.json,results_env_onset\sub-024\sub-024_backward_mtrf_env_onset.trial_results.csv,nh,NH,0,0.1403490701657653,-0.08488068756793254,0.1735679074330034,0.007310164901606731,0.22522975773369786,0.16625774253139666,0.19574375013254725,0.2241121738675653,0.1645356645181114,0.19432391919283837
sub-024,21,1,0.0514450218353853,0.0633866354780599,-0.0404087661777589,0.1037954016558189,0.0316586974368141,0.0325640554218623,-0.0009053579850482,0.0514450218353853,0.9375,32,2,"envelope,onset",data/processed/env_onset/sub-024_mtrf_env_onset.npz,-0.5,0.0,0.05,hamming,1,,l2,1,True,mean,"1.0,1.0",results_env_onset\sub-024\sub-024_backward_mtrf_env_onset.summary.json,results_env_onset\sub-024\sub-024_backward_mtrf_env_onset.trial_results.csv,nh,NH,0,0.06347173371357494,-0.040430781816547835,0.03166928068911663,0.03257557325128798,0.10390251553012278,-0.0009062925621713472,0.05149811148397572,0.1037954016558188,-0.0009053579850481983,0.051445021835385296
sub-024,22,1,0.0584982192075719,0.1183812624609257,0.054010021779632,0.0643712406812936,0.0672541180339538,0.0146289203001035,0.0526251977338502,0.0584982192075719,0.9375,32,2,"envelope,onset",data/processed/env_onset/sub-024_mtrf_env_onset.npz,-0.5,0.0,0.05,hamming,1,,l2,1,True,mean,"1.0,1.0",results_env_onset\sub-024\sub-024_backward_mtrf_env_onset.summary.json,results_env_onset\sub-024\sub-024_backward_mtrf_env_onset.trial_results.csv,nh,NH,0,0.11893896263615945,0.05406263111877672,0.06735579351218385,0.014629963989656944,0.06487633151738273,0.052725829522526906,0.05880108051995482,0.0643712406812937,0.0526251977338503,0.058498219207572
sub-024,23,1,0.0538536812467998,0.0780177529429462,0.0573364916925539,0.0206812612503922,0.1225146594275519,0.0354885581843445,0.0870261012432074,0.0538536812467998,0.9375,32,2,"envelope,onset",data/processed/env_onset/sub-024_mtrf_env_onset.npz,-0.5,0.0,0.05,hamming,1,,l2,1,True,mean,"1.0,1.0",results_env_onset\sub-024\sub-024_backward_mtrf_env_onset.summary.json,results_env_onset\sub-024\sub-024_backward_mtrf_env_onset.trial_results.csv,nh,NH,0,0.07817662559406086,0.057399446645050506,0.12313321492732787,0.03550346799618742,0.02077717894901035,0.08762974693114045,0.0542034629400754,0.020681261250392304,0.0870261012432074,0.053853681246799845
sub-024,24,1,0.089782697713742,0.1268251296333643,-0.0150441658927893,0.1418692955261536,0.055644906639082,0.0179488067377515,0.0376960999013305,0.089782697713742,0.9375,32,2,"envelope,onset",data/processed/env_onset/sub-024_mtrf_env_onset.npz,-0.5,0.0,0.05,hamming,1,,l2,1,True,mean,"1.0,1.0",results_env_onset\sub-024\sub-024_backward_mtrf_env_onset.summary.json,results_env_onset\sub-024\sub-024_backward_mtrf_env_onset.trial_results.csv,nh,NH,0,0.12751174602198484,-0.015045301013552313,0.05570244571390724,0.017950734570919086,0.14255704703553715,0.037751711142988156,0.09015437908926266,0.1418692955261536,0.03769609990133049,0.08978269771374205
sub-024,25,1,0.1225054412494541,0.1064207213463469,-0.0823792314736643,0.1887999528200112,0.0093560114001924,-0.0468549182787046,0.0562109296788971,0.1225054412494541,0.9375,32,2,"envelope,onset",data/processed/env_onset/sub-024_mtrf_env_onset.npz,-0.5,0.0,0.05,hamming,1,,l2,1,True,mean,"1.0,1.0",results_env_onset\sub-024\sub-024_backward_mtrf_env_onset.summary.json,results_env_onset\sub-024\sub-024_backward_mtrf_env_onset.trial_results.csv,nh,NH,0,0.10682522496254279,-0.08256634505309803,0.009356284407192387,-0.04688925168447269,0.18939157001564083,0.05624553609166508,0.12281855305365295,0.18879995282001122,0.056210929678897,0.12250544124945412
sub-024,26,1,0.1609792120133609,0.0917776649486036,-0.0664713743246156,0.1582490392732192,0.1185725099891921,-0.0451368747643104,0.1637093847535026,0.1609792120133609,0.9375,32,2,"envelope,onset",data/processed/env_onset/sub-024_mtrf_env_onset.npz,-0.5,0.0,0.05,hamming,1,,l2,1,True,mean,"1.0,1.0",results_env_onset\sub-024\sub-024_backward_mtrf_env_onset.summary.json,results_env_onset\sub-024\sub-024_backward_mtrf_env_onset.trial_results.csv,nh,NH,0,0.09203666051456103,-0.06656953469220701,0.11913293288126657,-0.04516756530456123,0.15860619520676805,0.16430049818582781,0.16145334669629793,0.1582490392732192,0.1637093847535025,0.16097921201336085
sub-024,27,1,0.1048140261327348,0.1342196605640606,0.0121813359472217,0.1220383246168389,0.1060619639602402,0.0184722363116095,0.0875897276486307,0.1048140261327348,0.9375,32,2,"envelope,onset",data/processed/env_onset/sub-024_mtrf_env_onset.npz,-0.5,0.0,0.05,hamming,1,,l2,1,True,mean,"1.0,1.0",results_env_onset\sub-024\sub-024_backward_mtrf_env_onset.summary.json,results_env_onset\sub-024\sub-024_backward_mtrf_env_onset.trial_results.csv,nh,NH,0,0.13503447147736014,0.012181938509826056,0.10646237196976117,0.018474337795669146,0.12285253296753408,0.08798803417409203,0.10542028357081305,0.12203832461683889,0.0875897276486307,0.1048140261327348
sub-024,28,1,0.2030615283598048,0.2039259489749198,-0.0568079861783047,0.2607339351532246,0.1264103273039206,-0.0189787942624644,0.1453891215663851,0.2030615283598048,0.9375,32,2,"envelope,onset",data/processed/env_onset/sub-024_mtrf_env_onset.npz,-0.5,0.0,0.05,hamming,1,,l2,1,True,mean,"1.0,1.0",results_env_onset\sub-024\sub-024_backward_mtrf_env_onset.summary.json,results_env_onset\sub-024\sub-024_backward_mtrf_env_onset.trial_results.csv,nh,NH,0,0.20682545468010577,-0.05686921402315029,0.12709018520231677,-0.018981073441656435,0.2636946687032561,0.1460712586439732,0.20488296367361464,0.2607339351532245,0.145389121566385,0.20306152835980476
sub-024,29,1,0.1138781422107892,0.0916965958670052,0.007937664850372,0.0837589310166331,0.1191175907134923,-0.0248797626914528,0.1439973534049452,0.1138781422107892,0.9375,32,2,"envelope,onset",data/processed/env_onset/sub-024_mtrf_env_onset.npz,-0.5,0.0,0.05,hamming,1,,l2,1,True,mean,"1.0,1.0",results_env_onset\sub-024\sub-024_backward_mtrf_env_onset.summary.json,results_env_onset\sub-024\sub-024_backward_mtrf_env_onset.trial_results.csv,nh,NH,0,0.09195490338938846,0.007937831564896226,0.11968582271679555,-0.024884898144764443,0.08401707182449222,0.14457072086156,0.11429389634302611,0.08375893101663319,0.1439973534049451,0.11387814221078915
sub-024,30,1,0.2059759810776852,0.1522145465106358,-0.1026268079953376,0.2548413545059735,0.0616949422988402,-0.0954156653505566,0.1571106076493968,0.2059759810776852,0.9375,32,2,"envelope,onset",data/processed/env_onset/sub-024_mtrf_env_onset.npz,-0.5,0.0,0.05,hamming,1,,l2,1,True,mean,"1.0,1.0",results_env_onset\sub-024\sub-024_backward_mtrf_env_onset.summary.json,results_env_onset\sub-024\sub-024_backward_mtrf_env_onset.trial_results.csv,nh,NH,0,0.15340673069276112,-0.1029893995811101,0.06177339733450189,-0.09570681690969876,0.2563961302738712,0.15748021424420067,0.20693817225903594,0.2548413545059734,0.1571106076493968,0.2059759810776851
sub-024,31,1,0.1466144040568144,0.1447765014490998,-0.0326567595495138,0.1774332609986137,0.1156604519160769,-0.0001350951989381,0.1157955471150151,0.1466144040568144,0.9375,32,2,"envelope,onset",data/processed/env_onset/sub-024_mtrf_env_onset.npz,-0.5,0.0,0.05,hamming,1,,l2,1,True,mean,"1.0,1.0",results_env_onset\sub-024\sub-024_backward_mtrf_env_onset.summary.json,results_env_onset\sub-024\sub-024_backward_mtrf_env_onset.trial_results.csv,nh,NH,0,0.14580093255156573,-0.03266837606911198,0.11618037451755299,-0.0001350951997599612,0.17846930862067772,0.11631546971731295,0.14739238916899533,0.1774332609986136,0.11579554711501501,0.1466144040568143
sub-025,0,0,-0.1308951281027194,-0.0026550039375335,0.1312785751501957,-0.1339335790877293,0.0229953144249508,0.1508519915426603,-0.1278566771177095,-0.1308951281027194,0.90625,32,2,"envelope,onset",data/processed/env_onset/sub-025_mtrf_env_onset.npz,-0.5,0.0,0.05,hamming,1,,l2,1,True,mean,"1.0,1.0",results_env_onset\sub-025\sub-025_backward_mtrf_env_onset.summary.json,results_env_onset\sub-025\sub-025_backward_mtrf_env_onset.trial_results.csv,nh,NH,0,-0.0026550101759747658,0.13204062520878443,0.022999368899897017,0.1520121527270212,-0.1346956353847592,-0.1290127838271242,-0.13185420960594169,-0.1339335790877292,-0.12785667711770948,-0.13089512810271936
sub-025,1,1,0.1663997477951382,0.1921536814893363,-0.0199562612493924,0.2121099427387287,0.1473698783923165,0.0266803255407689,0.1206895528515476,0.1663997477951382,0.90625,32,2,"envelope,onset",data/processed/env_onset/sub-025_mtrf_env_onset.npz,-0.5,0.0,0.05,hamming,1,,l2,1,True,mean,"1.0,1.0",results_env_onset\sub-025\sub-025_backward_mtrf_env_onset.summary.json,results_env_onset\sub-025\sub-025_backward_mtrf_env_onset.trial_results.csv,nh,NH,0,0.19457246308552065,-0.019958911092004972,0.14845085347067818,0.026686658951620652,0.21453137417752563,0.12176419451905754,0.16814778434829158,0.21210994273872869,0.12068955285154759,0.16639974779513814
sub-025,2,1,0.0583869173354862,0.0656490530548321,0.0172948968685955,0.0483541561862365,0.1038920263777201,0.0354723478929841,0.068419678484736,0.0583869173354862,0.90625,32,2,"envelope,onset",data/processed/env_onset/sub-025_mtrf_env_onset.npz,-0.5,0.0,0.05,hamming,1,,l2,1,True,mean,"1.0,1.0",results_env_onset\sub-025\sub-025_backward_mtrf_env_onset.summary.json,results_env_onset\sub-025\sub-025_backward_mtrf_env_onset.trial_results.csv,nh,NH,0,0.06574360907545686,0.017296621556933532,0.10426825393525076,0.03548723727257658,0.048446987518523325,0.06878101666267418,0.05861400209059875,0.04835415618623659,0.06841967848473601,0.0583869173354863
sub-025,3,0,-0.0114120271318092,0.0630886482080437,0.1065756511389803,-0.0434870029309365,0.0894022925043321,0.0687393438370139,0.0206629486673181,-0.0114120271318092,0.90625,32,2,"envelope,onset",data/processed/env_onset/sub-025_mtrf_env_onset.npz,-0.5,0.0,0.05,hamming,1,,l2,1,True,mean,"1.0,1.0",results_env_onset\sub-025\sub-025_backward_mtrf_env_onset.summary.json,results_env_onset\sub-025\sub-025_backward_mtrf_env_onset.trial_results.csv,nh,NH,0,0.06317255000585786,0.10698193210656815,0.08964163199939566,0.06884791851728118,-0.04380938210071028,0.02079371348211448,-0.011507834309297901,-0.0434870029309366,0.0206629486673182,-0.0114120271318092
sub-025,4,1,0.0045564209655696,0.0848867894631638,0.1225287920787508,-0.0376420026155869,0.1037742412343263,0.0570193966876002,0.0467548445467261,0.0045564209655696,0.90625,32,2,"envelope,onset",data/processed/env_onset/sub-025_mtrf_env_onset.npz,-0.5,0.0,0.05,hamming,1,,l2,1,True,mean,"1.0,1.0",results_env_onset\sub-025\sub-025_backward_mtrf_env_onset.summary.json,results_env_onset\sub-025\sub-025_backward_mtrf_env_onset.trial_results.csv,nh,NH,0,0.08509156701870813,0.12314756296514821,0.10414918507223771,0.05708131155283485,-0.03805599594644009,0.04706787351940286,0.0045059387864813845,-0.03764200261558699,0.0467548445467261,0.004556420965569553
sub-025,5,1,0.0458734660381592,0.0850138636436971,0.0067594668929068,0.0782543967507902,0.0670373490118269,0.0535448136862986,0.0134925353255282,0.0458734660381592,0.90625,32,2,"envelope,onset",data/processed/env_onset/sub-025_mtrf_env_onset.npz,-0.5,0.0,0.05,hamming,1,,l2,1,True,mean,"1.0,1.0",results_env_onset\sub-025\sub-025_backward_mtrf_env_onset.summary.json,results_env_onset\sub-025\sub-025_backward_mtrf_env_onset.trial_results.csv,nh,NH,0,0.08521956490357634,0.0067595698432946615,0.06713804274908818,0.05359607372798463,0.07845999506028167,0.013541969021103543,0.04600098204069261,0.07825439675079031,0.013492535325528299,0.045873466038159304
sub-025,6,1,0.0138308515198511,0.0822667568934401,0.0813637922054702,0.0009029646879699,0.1147044689067506,0.0879457305550181,0.0267587383517324,0.0138308515198511,0.90625,32,2,"envelope,onset",data/processed/env_onset/sub-025_mtrf_env_onset.npz,-0.5,0.0,0.05,hamming,1,,l2,1,True,mean,"1.0,1.0",results_env_onset\sub-025\sub-025_backward_mtrf_env_onset.summary.json,results_env_onset\sub-025\sub-025_backward_mtrf_env_onset.trial_results.csv,nh,NH,0,0.08245310302297784,0.08154405333005883,0.11521153787553162,0.08817352594648196,0.0009090496929190089,0.027038011929049657,0.013973530810984333,0.0009029646879698955,0.026758738351732494,0.013830851519851195
sub-025,7,1,0.1588892364716692,0.1952152881307951,-0.0195016263139259,0.2147169144447211,0.1756726134930321,0.0726110549944149,0.1030615584986172,0.1588892364716692,0.90625,32,2,"envelope,onset",data/processed/env_onset/sub-025_mtrf_env_onset.npz,-0.5,0.0,0.05,hamming,1,,l2,1,True,mean,"1.0,1.0",results_env_onset\sub-025\sub-025_backward_mtrf_env_onset.summary.json,results_env_onset\sub-025\sub-025_backward_mtrf_env_onset.trial_results.csv,nh,NH,0,0.1977534012960841,-0.01950409912167307,0.17751396754535673,0.07273907087608199,0.21725750041775715,0.10477489666927474,0.16101619854351595,0.21471691444472102,0.10306155849861719,0.1588892364716691
sub-025,8,1,0.0476874063320773,0.119755342826525,0.0292509582378681,0.0905043845886568,0.0983743557034384,0.0935039276279405,0.0048704280754979,0.0476874063320773,0.90625,32,2,"envelope,onset",data/processed/env_onset/sub-025_mtrf_env_onset.npz,-0.5,0.0,0.05,hamming,1,,l2,1,True,mean,"1.0,1.0",results_env_onset\sub-025\sub-025_backward_mtrf_env_onset.summary.json,results_env_onset\sub-025\sub-025_backward_mtrf_env_onset.trial_results.csv,nh,NH,0,0.12033280408730304,0.029259305077548092,0.09869355090336235,0.09377786722949612,0.09107349900975495,0.004915683673866231,0.04799459134181059,0.0905043845886569,0.004870428075497896,0.047687406332077395
sub-025,9,1,0.0849756337512595,0.1142680945069217,-0.034617798874267,0.1488858933811887,0.048644097422612,0.0275787233012816,0.0210653741213303,0.0849756337512595,0.90625,32,2,"envelope,onset",data/processed/env_onset/sub-025_mtrf_env_onset.npz,-0.5,0.0,0.05,hamming,1,,l2,1,True,mean,"1.0,1.0",results_env_onset\sub-025\sub-025_backward_mtrf_env_onset.summary.json,results_env_onset\sub-025\sub-025_backward_mtrf_env_onset.trial_results.csv,nh,NH,0,0.11476936789835912,-0.034631637390407644,0.04868251999066528,0.02758571849057817,0.14940100528876676,0.02109680150008711,0.08524890339442694,0.14888589338118868,0.0210653741213304,0.08497563375125954
sub-025,10,1,0.1014221607916068,0.1492611992505653,0.0034858170650979,0.1457753821854674,0.0638650373787438,0.0067960979809976,0.0570689393977462,0.1014221607916068,0.90625,32,2,"envelope,onset",data/processed/env_onset/sub-025_mtrf_env_onset.npz,-0.5,0.0,0.05,hamming,1,,l2,1,True,mean,"1.0,1.0",results_env_onset\sub-025\sub-025_backward_mtrf_env_onset.summary.json,results_env_onset\sub-025\sub-025_backward_mtrf_env_onset.trial_results.csv,nh,NH,0,0.15038471507609802,0.003485831183829641,0.06395208018475947,0.006796202614238052,0.14689888389226838,0.057155877570521416,0.10202738073139489,0.1457753821854674,0.057068939397746196,0.10142216079160679
sub-025,11,1,0.0946852572021688,0.1281386893564194,0.0397501233590271,0.0883885659973922,0.112558913920542,0.0115769655135965,0.1009819484069455,0.0946852572021688,0.90625,32,2,"envelope,onset",data/processed/env_onset/sub-025_mtrf_env_onset.npz,-0.5,0.0,0.05,hamming,1,,l2,1,True,mean,"1.0,1.0",results_env_onset\sub-025\sub-025_backward_mtrf_env_onset.summary.json,results_env_onset\sub-025\sub-025_backward_mtrf_env_onset.trial_results.csv,nh,NH,0,0.12884700611234026,0.03977107925275458,0.11303791585371713,0.011577482760488816,0.08907592685958568,0.10146043309322832,0.09526817997640699,0.0883885659973923,0.1009819484069455,0.09468525720216889
sub-025,12,1,0.0430172206508743,0.1347462036577629,0.0992352213136857,0.0355109823440772,0.0784233041708643,0.0278998452131929,0.0505234589576714,0.0430172206508743,0.90625,32,2,"envelope,onset",data/processed/env_onset/sub-025_mtrf_env_onset.npz,-0.5,0.0,0.05,hamming,1,,l2,1,True,mean,"1.0,1.0",results_env_onset\sub-025\sub-025_backward_mtrf_env_onset.summary.json,results_env_onset\sub-025\sub-025_backward_mtrf_env_onset.trial_results.csv,nh,NH,0,0.13557071286322664,0.09956290352548501,0.07858467344854848,0.02790708768853861,0.03600780933774163,0.05067758576000987,0.04334269754887575,0.03551098234407721,0.050523458957671394,0.0430172206508743
sub-025,13,1,0.1647200622043999,0.1736712158034327,-0.0034676156183784,0.1771388314218112,0.1134760644559926,-0.0388252285309958,0.1523012929869885,0.1647200622043999,0.90625,32,2,"envelope,onset",data/processed/env_onset/sub-025_mtrf_env_onset.npz,-0.5,0.0,0.05,hamming,1,,l2,1,True,mean,"1.0,1.0",results_env_onset\sub-025\sub-025_backward_mtrf_env_onset.summary.json,results_env_onset\sub-025\sub-025_backward_mtrf_env_onset.trial_results.csv,nh,NH,0,0.17544958416971507,-0.0034676295170959636,0.11396693274664106,-0.038844754556213446,0.17891721368681104,0.1528116873028545,0.16586445049483278,0.1771388314218111,0.1523012929869884,0.16472006220439978
sub-025,14,1,0.0680743055233789,0.0942646922659305,0.0276405501145291,0.0666241421514014,0.0780447241910107,0.0085202552956542,0.0695244688953564,0.0680743055233789,0.90625,32,2,"envelope,onset",data/processed/env_onset/sub-025_mtrf_env_onset.npz,-0.5,0.0,0.05,hamming,1,,l2,1,True,mean,"1.0,1.0",results_env_onset\sub-025\sub-025_backward_mtrf_env_onset.summary.json,results_env_onset\sub-025\sub-025_backward_mtrf_env_onset.trial_results.csv,nh,NH,0,0.09454539711660852,0.027647592469887298,0.07820376207273168,0.00852046147990358,0.06689780464672122,0.0696833005928281,0.06829055261977465,0.06662414215140139,0.0695244688953565,0.06807430552337895
sub-025,15,1,0.0597438626361219,0.070815125574994,0.0140907588099109,0.056724366765083,0.0859039738634114,0.0231406153562506,0.0627633585071607,0.0597438626361219,0.90625,32,2,"envelope,onset",data/processed/env_onset/sub-025_mtrf_env_onset.npz,-0.5,0.0,0.05,hamming,1,,l2,1,True,mean,"1.0,1.0",results_env_onset\sub-025\sub-025_backward_mtrf_env_onset.summary.json,results_env_onset\sub-025\sub-025_backward_mtrf_env_onset.trial_results.csv,nh,NH,0,0.07093385716735891,0.014091691491986417,0.08611622368668477,0.023144747191749568,0.056842165675372494,0.0629714764949352,0.05990682108515385,0.056724366765083106,0.0627633585071608,0.059743862636121955
sub-025,16,1,0.0564633137230512,0.0427711146921531,-0.0376987879133818,0.0804699026055349,0.031788278433105,-0.0006684464074624,0.0324567248405675,0.0564633137230512,0.90625,32,2,"envelope,onset",data/processed/env_onset/sub-025_mtrf_env_onset.npz,-0.5,0.0,0.05,hamming,1,,l2,1,True,mean,"1.0,1.0",results_env_onset\sub-025\sub-025_backward_mtrf_env_onset.summary.json,results_env_onset\sub-025\sub-025_backward_mtrf_env_onset.trial_results.csv,nh,NH,0,0.04279722473018218,-0.03771666231269757,0.03179899222464426,-0.0006684465070209683,0.08051388704287975,0.03246743873166523,0.05649066288727249,0.0804699026055349,0.0324567248405674,0.05646331372305115
sub-025,17,1,0.0693237396875181,0.0842045360554828,-0.0100351024932306,0.0942396385487134,0.0820919706198432,0.0376841297935203,0.0444078408263228,0.0693237396875181,0.90625,32,2,"envelope,onset",data/processed/env_onset/sub-025_mtrf_env_onset.npz,-0.5,0.0,0.05,hamming,1,,l2,1,True,mean,"1.0,1.0",results_env_onset\sub-025\sub-025_backward_mtrf_env_onset.summary.json,results_env_onset\sub-025\sub-025_backward_mtrf_env_onset.trial_results.csv,nh,NH,0,0.08440440174748559,-0.010035439369504486,0.0822771283128973,0.0377019833392098,0.09443984111699008,0.044575144973687496,0.06950749304533879,0.0942396385487134,0.0444078408263229,0.06932373968751815
sub-025,18,1,0.1313722498714289,0.1120842173406244,-0.0443987435841485,0.1564829609247729,0.133301261789976,0.0270397229718911,0.1062615388180848,0.1313722498714289,0.90625,32,2,"envelope,onset",data/processed/env_onset/sub-025_mtrf_env_onset.npz,-0.5,0.0,0.05,hamming,1,,l2,1,True,mean,"1.0,1.0",results_env_onset\sub-025\sub-025_backward_mtrf_env_onset.summary.json,results_env_onset\sub-025\sub-025_backward_mtrf_env_onset.trial_results.csv,nh,NH,0,0.11255715390711916,-0.04442795178913816,0.13409934141570132,0.02704631586502687,0.15698510569625732,0.10705302555067445,0.13201906562346588,0.1564829609247729,0.10626153881808491,0.1313722498714289
sub-025,19,1,0.0179179672747709,0.0081548349471678,0.0544783389104983,-0.0463235039633304,0.0491973760583443,-0.032962062454528,0.0821594385128723,0.0179179672747709,0.90625,32,2,"envelope,onset",data/processed/env_onset/sub-025_mtrf_env_onset.npz,-0.5,0.0,0.05,hamming,1,,l2,1,True,mean,"1.0,1.0",results_env_onset\sub-025\sub-025_backward_mtrf_env_onset.summary.json,results_env_onset\sub-025\sub-025_backward_mtrf_env_onset.trial_results.csv,nh,NH,0,0.008155015723512479,0.05453233031585467,0.04923712594499414,-0.0329740079762539,-0.04637731459234219,0.08221113392124804,0.017916909664452925,-0.0463235039633305,0.0821594385128723,0.0179179672747709
sub-025,20,1,0.0541967686932479,0.0194793983615735,-0.0250665229523845,0.044545921313958,0.021227291959475,-0.0426203241130628,0.0638476160725379,0.0541967686932479,0.90625,32,2,"envelope,onset",data/processed/env_onset/sub-025_mtrf_env_onset.npz,-0.5,0.0,0.05,hamming,1,,l2,1,True,mean,"1.0,1.0",results_env_onset\sub-025\sub-025_backward_mtrf_env_onset.summary.json,results_env_onset\sub-025\sub-025_backward_mtrf_env_onset.trial_results.csv,nh,NH,0,0.019481862722154724,-0.025071774953431703,0.021230481146306542,-0.042646158768968496,0.04455363767558643,0.06387663991527504,0.05421513879543073,0.044545921313958,0.0638476160725378,0.0541967686932479
sub-025,21,1,0.1119063274108196,0.1054648526464926,-0.0074522771143392,0.1129171297608319,0.1245605186381412,0.0136649935773338,0.1108955250608073,0.1119063274108196,0.90625,32,2,"envelope,onset",data/processed/env_onset/sub-025_mtrf_env_onset.npz,-0.5,0.0,0.05,hamming,1,,l2,1,True,mean,"1.0,1.0",results_env_onset\sub-025\sub-025_backward_mtrf_env_onset.summary.json,results_env_onset\sub-025\sub-025_backward_mtrf_env_onset.trial_results.csv,nh,NH,0,0.1058585058521387,-0.007452415076568893,0.12521078176842315,0.013665844236728616,0.11331092092870759,0.11154493753169453,0.11242792923020106,0.11291712976083179,0.1108955250608074,0.1119063274108196
sub-025,22,0,-0.0124244642284153,0.1029256323387837,0.0906091330952875,0.0123164992434961,0.0962718043314629,0.1334372320317896,-0.0371654277003267,-0.0124244642284153,0.90625,32,2,"envelope,onset",data/processed/env_onset/sub-025_mtrf_env_onset.npz,-0.5,0.0,0.05,hamming,1,,l2,1,True,mean,"1.0,1.0",results_env_onset\sub-025\sub-025_backward_mtrf_env_onset.summary.json,results_env_onset\sub-025\sub-025_backward_mtrf_env_onset.trial_results.csv,nh,NH,0,0.10329141409150457,0.09085832924168524,0.09657089337029298,0.13423777400753964,0.012433084849819323,-0.03766688063724666,-0.012616897893713667,0.012316499243496204,-0.037165427700326686,-0.012424464228415241
sub-025,23,1,0.0070478386908438,0.046319865262342,0.0658517357669537,-0.0195318705046116,0.1048208510436782,0.071193303157379,0.0336275478862992,0.0070478386908438,0.90625,32,2,"envelope,onset",data/processed/env_onset/sub-025_mtrf_env_onset.npz,-0.5,0.0,0.05,hamming,1,,l2,1,True,mean,"1.0,1.0",results_env_onset\sub-025\sub-025_backward_mtrf_env_onset.summary.json,results_env_onset\sub-025\sub-025_backward_mtrf_env_onset.trial_results.csv,nh,NH,0,0.0463530348582113,0.06594717181328355,0.1052073051899264,0.07131395103502276,-0.01959413695507225,0.03389335415490363,0.007149608599915692,-0.019531870504611706,0.03362754788629921,0.007047838690843751
sub-025,24,1,0.1984337281442048,0.2568254498793551,0.0094347641598429,0.2473906857195121,0.1710640197979405,0.0215872492290429,0.1494767705688975,0.1984337281442048,0.90625,32,2,"envelope,onset",data/processed/env_onset/sub-025_mtrf_env_onset.npz,-0.5,0.0,0.05,hamming,1,,l2,1,True,mean,"1.0,1.0",results_env_onset\sub-025\sub-025_backward_mtrf_env_onset.summary.json,results_env_onset\sub-025\sub-025_backward_mtrf_env_onset.trial_results.csv,nh,NH,0,0.26270669660808793,0.009435044119264208,0.17276255316395525,0.02159060345346417,0.2532716524888237,0.15117194971049108,0.2022218010996574,0.24739068571951223,0.1494767705688976,0.1984337281442049
sub-025,25,1,0.0092628642049001,0.0383825731121445,0.0222918247679602,0.0160907483441842,0.0107172533652037,0.0082822732995878,0.0024349800656159,0.0092628642049001,0.90625,32,2,"envelope,onset",data/processed/env_onset/sub-025_mtrf_env_onset.npz,-0.5,0.0,0.05,hamming,1,,l2,1,True,mean,"1.0,1.0",results_env_onset\sub-025\sub-025_backward_mtrf_env_onset.summary.json,results_env_onset\sub-025\sub-025_backward_mtrf_env_onset.trial_results.csv,nh,NH,0,0.03840143847334087,0.02229551832763946,0.010717663719675264,0.00828246268446307,0.01610592014570141,0.002435201035212194,0.009270560590456802,0.016090748344184298,0.0024349800656158996,0.0092628642049001
sub-025,26,1,0.078838929018683,0.0929655367501181,0.0176560057340312,0.0753095310160868,0.120174787346373,0.0378064603250938,0.0823683270212792,0.078838929018683,0.90625,32,2,"envelope,onset",data/processed/env_onset/sub-025_mtrf_env_onset.npz,-0.5,0.0,0.05,hamming,1,,l2,1,True,mean,"1.0,1.0",results_env_onset\sub-025\sub-025_backward_mtrf_env_onset.summary.json,results_env_onset\sub-025\sub-025_backward_mtrf_env_onset.trial_results.csv,nh,NH,0,0.09323475522002755,0.017657840739530486,0.12075837324196816,0.03782448840479806,0.07557691448049707,0.0829338848371701,0.07925539965883358,0.0753095310160869,0.0823683270212792,0.07883892901868306
sub-025,27,1,0.060347347331799,0.1447697279130853,0.069439627051096,0.0753301008619893,0.0978974504949135,0.0525328566933048,0.0453645938016087,0.060347347331799,0.90625,32,2,"envelope,onset",data/processed/env_onset/sub-025_mtrf_env_onset.npz,-0.5,0.0,0.05,hamming,1,,l2,1,True,mean,"1.0,1.0",results_env_onset\sub-025\sub-025_backward_mtrf_env_onset.summary.json,results_env_onset\sub-025\sub-025_backward_mtrf_env_onset.trial_results.csv,nh,NH,0,0.14579401400803496,0.06955156049502949,0.09821200811264073,0.052581261861845384,0.07624245351300547,0.04563074625079535,0.06093659988190041,0.07533010086198928,0.0453645938016087,0.06034734733179899
sub-025,28,1,0.1506827215811845,0.1141001426100841,-0.0287444798192948,0.142844622429379,0.121021076734278,-0.037499743998712,0.15852082073299,0.1506827215811845,0.90625,32,2,"envelope,onset",data/processed/env_onset/sub-025_mtrf_env_onset.npz,-0.5,0.0,0.05,hamming,1,,l2,1,True,mean,"1.0,1.0",results_env_onset\sub-025\sub-025_backward_mtrf_env_onset.summary.json,results_env_onset\sub-025\sub-025_backward_mtrf_env_onset.trial_results.csv,nh,NH,0,0.11459919731483187,-0.02875240040833456,0.12161715265271618,-0.03751733660966272,0.14335159772316644,0.1591344892623789,0.15124304349277268,0.1428446224293789,0.15852082073299,0.15068272158118445
sub-025,29,1,0.0926613832629203,0.1207574076834095,0.0044155770641127,0.1163418306192968,0.1180787182070017,0.0490977823004578,0.0689809359065439,0.0926613832629203,0.90625,32,2,"envelope,onset",data/processed/env_onset/sub-025_mtrf_env_onset.npz,-0.5,0.0,0.05,hamming,1,,l2,1,True,mean,"1.0,1.0",results_env_onset\sub-025\sub-025_backward_mtrf_env_onset.summary.json,results_env_onset\sub-025\sub-025_backward_mtrf_env_onset.trial_results.csv,nh,NH,0,0.12134957313727433,0.004415605761755943,0.11863212936282412,0.04913729103734842,0.1169339673755184,0.0694948383254757,0.09321440285049705,0.1163418306192968,0.06898093590654392,0.09266138326292037
sub-025,30,1,0.0804512158329508,0.0839336790210562,-0.01226562236491,0.0961993013859663,0.0152184038972609,-0.0494847263826743,0.0647031302799353,0.0804512158329508,0.90625,32,2,"envelope,onset",data/processed/env_onset/sub-025_mtrf_env_onset.npz,-0.5,0.0,0.05,hamming,1,,l2,1,True,mean,"1.0,1.0",results_env_onset\sub-025\sub-025_backward_mtrf_env_onset.summary.json,results_env_onset\sub-025\sub-025_backward_mtrf_env_onset.trial_results.csv,nh,NH,0,0.08413161677220374,-0.012266237522970062,0.01521957892039977,-0.04952517754427465,0.09639785429517381,0.06474475646467442,0.08057130537992412,0.09619930138596619,0.0647031302799352,0.0804512158329507
sub-025,31,1,0.0536726285643488,0.0883198971078094,0.0141603500103616,0.0741595470974477,0.0585166559426975,0.0253309459114477,0.0331857100312498,0.0536726285643488,0.90625,32,2,"envelope,onset",data/processed/env_onset/sub-025_mtrf_env_onset.npz,-0.5,0.0,0.05,hamming,1,,l2,1,True,mean,"1.0,1.0",results_env_onset\sub-025\sub-025_backward_mtrf_env_onset.summary.json,results_env_onset\sub-025\sub-025_backward_mtrf_env_onset.trial_results.csv,nh,NH,0,0.08855062155354151,0.014161296580858225,0.05858358439443695,0.0253363659230134,0.07438932497268329,0.03324721847142355,0.05381827172205342,0.07415954709744779,0.0331857100312498,0.0536726285643488
sub-026,0,1,0.1435246645742448,0.1264969563098992,-0.0146042150954312,0.1411011714053305,0.1658172631184289,0.0198691053752697,0.1459481577431591,0.1435246645742448,1.0,32,2,"envelope,onset",data/processed/env_onset/sub-026_mtrf_env_onset.npz,-0.5,0.0,0.05,hamming,1,,l2,1,True,mean,"1.0,1.0",results_env_onset\sub-026\sub-026_backward_mtrf_env_onset.summary.json,results_env_onset\sub-026\sub-026_backward_mtrf_env_onset.trial_results.csv,nh,NH,0,0.1271782219622347,-0.014605253505735492,0.1673625730660366,0.019871720645510873,0.14178347546797018,0.14749085242052573,0.14463716394424797,0.1411011714053304,0.1459481577431592,0.1435246645742448
sub-026,1,1,0.1563153283967328,0.0898701742625094,-0.0326209971790804,0.1224911714415898,0.1495929498112511,-0.0405465355406246,0.1901394853518758,0.1563153283967328,1.0,32,2,"envelope,onset",data/processed/env_onset/sub-026_mtrf_env_onset.npz,-0.5,0.0,0.05,hamming,1,,l2,1,True,mean,"1.0,1.0",results_env_onset\sub-026\sub-026_backward_mtrf_env_onset.summary.json,results_env_onset\sub-026\sub-026_backward_mtrf_env_onset.trial_results.csv,nh,NH,0,0.09011330348379325,-0.032632575560522514,0.15072404229113956,-0.040568777276945606,0.12274587904431576,0.19129281956808517,0.15701934930620046,0.1224911714415898,0.1901394853518757,0.15631532839673273
sub-026,2,1,0.090790306246969,0.1095507001491912,0.0076380207141485,0.1019126794350427,0.1088543441490223,0.0291864110901269,0.0796679330588953,0.090790306246969,1.0,32,2,"envelope,onset",data/processed/env_onset/sub-026_mtrf_env_onset.npz,-0.5,0.0,0.05,hamming,1,,l2,1,True,mean,"1.0,1.0",results_env_onset\sub-026\sub-026_backward_mtrf_env_onset.summary.json,results_env_onset\sub-026\sub-026_backward_mtrf_env_onset.trial_results.csv,nh,NH,0,0.1099921355439309,0.007638169251762359,0.10928737511124942,0.029194702776763077,0.10235396629216854,0.08009267233448635,0.09122331931332744,0.1019126794350427,0.0796679330588954,0.09079030624696904
sub-026,3,1,0.1532391898879308,0.0985953120337565,-0.0591626841415124,0.1577579961752689,0.1394810762655235,-0.0092393073350691,0.1487203836005927,0.1532391898879308,1.0,32,2,"envelope,onset",data/processed/env_onset/sub-026_mtrf_env_onset.npz,-0.5,0.0,0.05,hamming,1,,l2,1,True,mean,"1.0,1.0",results_env_onset\sub-026\sub-026_backward_mtrf_env_onset.summary.json,results_env_onset\sub-026\sub-026_backward_mtrf_env_onset.trial_results.csv,nh,NH,0,0.09891667133829174,-0.059231857005106324,0.14039631726527615,-0.009239570252409925,0.15814852834339807,0.14963588751768608,0.1538922079305421,0.1577579961752689,0.1487203836005926,0.15323918988793073
sub-026,4,1,0.0379132272993172,0.0531175585195186,0.027520775471445,0.0255967830480736,0.0853538221119588,0.0351241505613981,0.0502296715505607,0.0379132272993172,1.0,32,2,"envelope,onset",data/processed/env_onset/sub-026_mtrf_env_onset.npz,-0.5,0.0,0.05,hamming,1,,l2,1,True,mean,"1.0,1.0",results_env_onset\sub-026\sub-026_backward_mtrf_env_onset.summary.json,results_env_onset\sub-026\sub-026_backward_mtrf_env_onset.trial_results.csv,nh,NH,0,0.053167599882698174,0.027527726645570745,0.0855620082424103,0.035138605554043884,0.02563987323712743,0.05042340268836641,0.03803163796274692,0.0255967830480736,0.0502296715505607,0.03791322729931715
sub-026,5,1,0.1974725531261389,0.1672750213666673,-0.037008796588434,0.2042838179551014,0.1807355756871484,-0.009925712610028,0.1906612882971764,0.1974725531261389,1.0,32,2,"envelope,onset",data/processed/env_onset/sub-026_mtrf_env_onset.npz,-0.5,0.0,0.05,hamming,1,,l2,1,True,mean,"1.0,1.0",results_env_onset\sub-026\sub-026_backward_mtrf_env_onset.summary.json,results_env_onset\sub-026\sub-026_backward_mtrf_env_onset.trial_results.csv,nh,NH,0,0.1688619199196095,-0.03702570686604442,0.18274299915957323,-0.009926038588941281,0.20588762678565392,0.19266903774851452,0.19927833226708422,0.2042838179551013,0.1906612882971764,0.19747255312613887
sub-026,6,1,0.0903325209988754,0.1303129622384877,0.06176801005903,0.0685449521794576,0.1377186207403152,0.0255985309220219,0.1121200898182933,0.0903325209988754,1.0,32,2,"envelope,onset",data/processed/env_onset/sub-026_mtrf_env_onset.npz,-0.5,0.0,0.05,hamming,1,,l2,1,True,mean,"1.0,1.0",results_env_onset\sub-026\sub-026_backward_mtrf_env_onset.summary.json,results_env_onset\sub-026\sub-026_backward_mtrf_env_onset.trial_results.csv,nh,NH,0,0.13105820543664912,0.061846744604679434,0.13859934148099773,0.02560412456405741,0.06921146083196969,0.11299521691694031,0.091103338874455,0.0685449521794577,0.11212008981829331,0.09033252099887551
sub-026,7,1,0.1689593413919276,0.1355560349820473,-0.0378442565718997,0.1734002915539471,0.1451707558832649,-0.0193476353466433,0.1645183912299082,0.1689593413919276,1.0,32,2,"envelope,onset",data/processed/env_onset/sub-026_mtrf_env_onset.npz,-0.5,0.0,0.05,hamming,1,,l2,1,True,mean,"1.0,1.0",results_env_onset\sub-026\sub-026_backward_mtrf_env_onset.summary.json,results_env_onset\sub-026\sub-026_backward_mtrf_env_onset.trial_results.csv,nh,NH,0,0.13639561169367248,-0.03786233880636356,0.1462036510686315,-0.01935005002885451,0.17425795050003604,0.16555370109748602,0.169905825798761,0.17340029155394698,0.1645183912299082,0.1689593413919276
sub-026,8,1,0.2291539755870118,0.1498124376876131,-0.0813988226038896,0.2312112602915028,0.1795877217640847,-0.047508969118436,0.2270966908825208,0.2291539755870118,1.0,32,2,"envelope,onset",data/processed/env_onset/sub-026_mtrf_env_onset.npz,-0.5,0.0,0.05,hamming,1,,l2,1,True,mean,"1.0,1.0",results_env_onset\sub-026\sub-026_backward_mtrf_env_onset.summary.json,results_env_onset\sub-026\sub-026_backward_mtrf_env_onset.trial_results.csv,nh,NH,0,0.15094856185315567,-0.08157931727869372,0.18155663791488083,-0.04754476180232856,0.23252787913184939,0.2291013997172094,0.2308146394245294,0.23121126029150268,0.22709669088252069,0.22915397558701167
sub-026,9,1,0.2086795721620065,0.1768359240866892,-0.0260781943692485,0.2029141184559378,0.1621284934313515,-0.0523165324367236,0.2144450258680751,0.2086795721620065,1.0,32,2,"envelope,onset",data/processed/env_onset/sub-026_mtrf_env_onset.npz,-0.5,0.0,0.05,hamming,1,,l2,1,True,mean,"1.0,1.0",results_env_onset\sub-026\sub-026_backward_mtrf_env_onset.summary.json,results_env_onset\sub-026\sub-026_backward_mtrf_env_onset.trial_results.csv,nh,NH,0,0.17871457587046025,-0.02608410846783762,0.1635718777842173,-0.0523643414314477,0.20479868433829787,0.215936219215665,0.21036745177698143,0.20291411845593768,0.2144450258680751,0.2086795721620064
sub-026,10,1,0.1175616241384247,0.1340223382129531,0.0267899292665574,0.1072324089463956,0.1755856369121954,0.0476947975817415,0.1278908393304538,0.1175616241384247,1.0,32,2,"envelope,onset",data/processed/env_onset/sub-026_mtrf_env_onset.npz,-0.5,0.0,0.05,hamming,1,,l2,1,True,mean,"1.0,1.0",results_env_onset\sub-026\sub-026_backward_mtrf_env_onset.summary.json,results_env_onset\sub-026\sub-026_backward_mtrf_env_onset.trial_results.csv,nh,NH,0,0.13483353458380162,0.026796341074685415,0.17742422273279757,0.04773101229849352,0.10803719350911621,0.12969321043430404,0.11886520197171013,0.10723240894639569,0.1278908393304539,0.11756162413842479
sub-026,11,1,0.0666567518037388,0.072599362625084,0.0109869499744515,0.0616124126506324,0.0917436169007674,0.020042525943922,0.0717010909568453,0.0666567518037388,1.0,32,2,"envelope,onset",data/processed/env_onset/sub-026_mtrf_env_onset.npz,-0.5,0.0,0.05,hamming,1,,l2,1,True,mean,"1.0,1.0",results_env_onset\sub-026\sub-026_backward_mtrf_env_onset.summary.json,results_env_onset\sub-026\sub-026_backward_mtrf_env_onset.trial_results.csv,nh,NH,0,0.0727273165435951,0.010987392095960018,0.09200232334724995,0.020045210304179793,0.06173992444763508,0.07195711304307015,0.06684851874535261,0.0616124126506325,0.0717010909568454,0.06665675180373895
sub-026,12,1,0.0857602106723846,0.1589969505346785,0.0565591174060146,0.1024378331286639,0.1240937326585901,0.0550111444424848,0.0690825882161052,0.0857602106723846,1.0,32,2,"envelope,onset",data/processed/env_onset/sub-026_mtrf_env_onset.npz,-0.5,0.0,0.05,hamming,1,,l2,1,True,mean,"1.0,1.0",results_env_onset\sub-026\sub-026_backward_mtrf_env_onset.summary.json,results_env_onset\sub-026\sub-026_backward_mtrf_env_onset.trial_results.csv,nh,NH,0,0.1603574631265515,0.056619543050467014,0.12473666728106733,0.05506673747179631,0.10373792007608448,0.06966992980927103,0.08670392494267776,0.10243783312866389,0.0690825882161053,0.0857602106723846
sub-026,13,1,0.1990396765107837,0.121203778086558,-0.0774268256396417,0.1986306037261997,0.1536494175201096,-0.0457993317752581,0.1994487492953677,0.1990396765107837,1.0,32,2,"envelope,onset",data/processed/env_onset/sub-026_mtrf_env_onset.npz,-0.5,0.0,0.05,hamming,1,,l2,1,True,mean,"1.0,1.0",results_env_onset\sub-026\sub-026_backward_mtrf_env_onset.summary.json,results_env_onset\sub-026\sub-026_backward_mtrf_env_onset.trial_results.csv,nh,NH,0,0.12180257380379288,-0.07758210693189878,0.15487596470432777,-0.045831394706649056,0.19938468073569166,0.20070735941097684,0.20004602007333425,0.1986306037261997,0.1994487492953677,0.1990396765107837
sub-026,14,1,0.1250058846497103,0.194092960634883,0.0615124482257519,0.132580512409131,0.2047442379499266,0.087312981059637,0.1174312568902896,0.1250058846497103,1.0,32,2,"envelope,onset",data/processed/env_onset/sub-026_mtrf_env_onset.npz,-0.5,0.0,0.05,hamming,1,,l2,1,True,mean,"1.0,1.0",results_env_onset\sub-026\sub-026_backward_mtrf_env_onset.summary.json,results_env_onset\sub-026\sub-026_backward_mtrf_env_onset.trial_results.csv,nh,NH,0,0.19658687366017918,0.06159020805478361,0.2076793982730937,0.08753588000721461,0.13499666560539558,0.12014351826587909,0.12757009193563734,0.1325805124091311,0.1174312568902896,0.12500588464971035
sub-026,15,1,0.2169317030399313,0.1779660443770309,-0.0352524058646903,0.2132184502417212,0.1635446385846295,-0.0571003172535118,0.2206449558381413,0.2169317030399313,1.0,32,2,"envelope,onset",data/processed/env_onset/sub-026_mtrf_env_onset.npz,-0.5,0.0,0.05,hamming,1,,l2,1,True,mean,"1.0,1.0",results_env_onset\sub-026\sub-026_backward_mtrf_env_onset.summary.json,results_env_onset\sub-026\sub-026_backward_mtrf_env_onset.trial_results.csv,nh,NH,0,0.1798814181210257,-0.03526701986202552,0.16502659615161897,-0.05716249644277051,0.21514843798305122,0.22218909259438946,0.21866876528872034,0.2132184502417212,0.2206449558381413,0.21693170303993126
sub-026,16,1,0.1990383675089375,0.1386156680231893,-0.076570075433837,0.2151857434570263,0.1113799809954138,-0.0715110105654348,0.1828909915608487,0.1990383675089375,1.0,32,2,"envelope,onset",data/processed/env_onset/sub-026_mtrf_env_onset.npz,-0.5,0.0,0.05,hamming,1,,l2,1,True,mean,"1.0,1.0",results_env_onset\sub-026\sub-026_backward_mtrf_env_onset.summary.json,results_env_onset\sub-026\sub-026_backward_mtrf_env_onset.trial_results.csv,nh,NH,0,0.1395138468842442,-0.07672024690969882,0.11184401465633441,-0.07163328421263236,0.21623409379394304,0.18347729886896677,0.1998556963314549,0.2151857434570263,0.1828909915608486,0.19903836750893744
sub-026,17,1,0.050030590791918,0.0669928951724769,0.0610893394612384,0.0059035557112384,0.1456190492066178,0.0514614233340202,0.0941576258725975,0.050030590791918,1.0,32,2,"envelope,onset",data/processed/env_onset/sub-026_mtrf_env_onset.npz,-0.5,0.0,0.05,hamming,1,,l2,1,True,mean,"1.0,1.0",results_env_onset\sub-026\sub-026_backward_mtrf_env_onset.summary.json,results_env_onset\sub-026\sub-026_backward_mtrf_env_onset.trial_results.csv,nh,NH,0,0.0670933883657076,0.06116550332859434,0.14666162583935832,0.05150692370784306,0.005927885037113265,0.09515470213151526,0.050541293584314265,0.005903555711238503,0.0941576258725976,0.05003059079191805
sub-026,18,1,0.0539633359833604,0.0397192413062871,-0.035219661006806,0.0749389023130931,0.0184748482698667,-0.0145129213837609,0.0329877696536277,0.0539633359833604,1.0,32,2,"envelope,onset",data/processed/env_onset/sub-026_mtrf_env_onset.npz,-0.5,0.0,0.05,hamming,1,,l2,1,True,mean,"1.0,1.0",results_env_onset\sub-026\sub-026_backward_mtrf_env_onset.summary.json,results_env_onset\sub-026\sub-026_backward_mtrf_env_onset.trial_results.csv,nh,NH,0,0.03974014836493515,-0.03523423429830193,0.018476950645618256,-0.014513940440023108,0.07497438266323708,0.03299089108564136,0.05398263687443922,0.07493890231309311,0.0329877696536276,0.05396333598336035
sub-026,19,1,0.0081486488910465,0.0134825565505794,0.0121937202302507,0.0012888363203286,-0.0092475804317286,-0.024256041893493,0.0150084614617644,0.0081486488910465,1.0,32,2,"envelope,onset",data/processed/env_onset/sub-026_mtrf_env_onset.npz,-0.5,0.0,0.05,hamming,1,,l2,1,True,mean,"1.0,1.0",results_env_onset\sub-026\sub-026_backward_mtrf_env_onset.summary.json,results_env_onset\sub-026\sub-026_backward_mtrf_env_onset.trial_results.csv,nh,NH,0,0.01348337358973102,0.012194324632638382,-0.009247844055993635,-0.02426080063260902,0.0012890489570926388,0.015012956576615385,0.008151002766854012,0.0012888363203286991,0.0150084614617644,0.00814864889104655
sub-026,20,1,0.1216432848938886,0.1414341879364256,0.0137280410864186,0.1277061468500069,0.1270938939909052,0.0115134710531348,0.1155804229377703,0.1216432848938886,1.0,32,2,"envelope,onset",data/processed/env_onset/sub-026_mtrf_env_onset.npz,-0.5,0.0,0.05,hamming,1,,l2,1,True,mean,"1.0,1.0",results_env_onset\sub-026\sub-026_backward_mtrf_env_onset.summary.json,results_env_onset\sub-026\sub-026_backward_mtrf_env_onset.trial_results.csv,nh,NH,0,0.1423887367625773,0.013728903575424918,0.12778491349057236,0.011513979835569758,0.12865983318715238,0.1162709336550026,0.12246538342107749,0.127706146850007,0.1155804229377704,0.1216432848938887
sub-026,21,1,0.1324305018120881,0.1332471003639106,-0.0107260861901344,0.1439731865540451,0.1084912078635866,-0.0123966092065445,0.1208878170701311,0.1324305018120881,1.0,32,2,"envelope,onset",data/processed/env_onset/sub-026_mtrf_env_onset.npz,-0.5,0.0,0.05,hamming,1,,l2,1,True,mean,"1.0,1.0",results_env_onset\sub-026\sub-026_backward_mtrf_env_onset.summary.json,results_env_onset\sub-026\sub-026_backward_mtrf_env_onset.trial_results.csv,nh,NH,0,0.13404420057765118,-0.010726497560093105,0.10891989901255139,-0.012397244285210794,0.1447706981377443,0.12131714329776219,0.13304392071775323,0.143973186554045,0.1208878170701311,0.13243050181208804
sub-026,22,1,0.0747219401899631,0.0761236894653556,0.0334560616217311,0.0426676278436244,0.1123196901796123,0.0055434376433104,0.1067762525363018,0.0747219401899631,1.0,32,2,"envelope,onset",data/processed/env_onset/sub-026_mtrf_env_onset.npz,-0.5,0.0,0.05,hamming,1,,l2,1,True,mean,"1.0,1.0",results_env_onset\sub-026\sub-026_backward_mtrf_env_onset.summary.json,results_env_onset\sub-026\sub-026_backward_mtrf_env_onset.trial_results.csv,nh,NH,0,0.07627124376318589,0.03346855255799604,0.11279562897630922,0.005543494427084295,0.042802691205189855,0.10725213454922493,0.07502741287720739,0.042667627843624496,0.1067762525363019,0.0747219401899632
sub-026,23,1,0.1414251568414599,0.1304052063516836,-0.0388956504035125,0.1693008567551961,0.126775478845015,0.0132260219172913,0.1135494569277237,0.1414251568414599,1.0,32,2,"envelope,onset",data/processed/env_onset/sub-026_mtrf_env_onset.npz,-0.5,0.0,0.05,hamming,1,,l2,1,True,mean,"1.0,1.0",results_env_onset\sub-026\sub-026_backward_mtrf_env_onset.summary.json,results_env_onset\sub-026\sub-026_backward_mtrf_env_onset.trial_results.csv,nh,NH,0,0.13115204419805018,-0.03891528293604658,0.1274612838874207,0.013226793197246825,0.17006732713409678,0.11423449069017387,0.14215090891213533,0.1693008567551961,0.1135494569277237,0.1414251568414599
sub-026,24,1,0.0789533532651696,0.1260138463742071,0.0224550758563616,0.1035587705178454,0.1202892688879173,0.0659413328754235,0.0543479360124938,0.0789533532651696,1.0,32,2,"envelope,onset",data/processed/env_onset/sub-026_mtrf_env_onset.npz,-0.5,0.0,0.05,hamming,1,,l2,1,True,mean,"1.0,1.0",results_env_onset\sub-026\sub-026_backward_mtrf_env_onset.summary.json,results_env_onset\sub-026\sub-026_backward_mtrf_env_onset.trial_results.csv,nh,NH,0,0.1266872862924802,0.02245885117613719,0.12087453397304135,0.0660371596809228,0.104228435116343,0.054837374292118546,0.07953290470423077,0.1035587705178455,0.0543479360124938,0.07895335326516964
sub-026,25,1,0.091850317166408,0.0653054928813727,-0.0504149799773499,0.1157204728587226,0.0499150066186967,-0.0180651548553966,0.0679801614740933,0.091850317166408,1.0,32,2,"envelope,onset",data/processed/env_onset/sub-026_mtrf_env_onset.npz,-0.5,0.0,0.05,hamming,1,,l2,1,True,mean,"1.0,1.0",results_env_onset\sub-026\sub-026_backward_mtrf_env_onset.summary.json,results_env_onset\sub-026\sub-026_backward_mtrf_env_onset.trial_results.csv,nh,NH,0,0.06539856962010931,-0.05045775798372495,0.049956523243993495,-0.018067120426967453,0.11585632760383427,0.06802364367096095,0.09193998563739761,0.11572047285872261,0.0679801614740933,0.09185031716640796
sub-026,26,1,0.1628394280492541,0.1346846244034541,-0.048854031479516,0.1835386558829701,0.1243170883208569,-0.0178231118946812,0.1421402002155382,0.1628394280492541,1.0,32,2,"envelope,onset",data/processed/env_onset/sub-026_mtrf_env_onset.npz,-0.5,0.0,0.05,hamming,1,,l2,1,True,mean,"1.0,1.0",results_env_onset\sub-026\sub-026_backward_mtrf_env_onset.summary.json,results_env_onset\sub-026\sub-026_backward_mtrf_env_onset.trial_results.csv,nh,NH,0,0.13550799539709482,-0.04889295413906052,0.12496352263830154,-0.017824999504087023,0.18440094953615535,0.14278852214238857,0.16359473583927198,0.1835386558829701,0.1421402002155381,0.1628394280492541
sub-026,27,1,0.008815438414714,0.0448852387423029,0.03767800198352,0.0072072367587828,0.0709802810429537,0.0605566409723086,0.0104236400706451,0.008815438414714,1.0,32,2,"envelope,onset",data/processed/env_onset/sub-026_mtrf_env_onset.npz,-0.5,0.0,0.05,hamming,1,,l2,1,True,mean,"1.0,1.0",results_env_onset\sub-026\sub-026_backward_mtrf_env_onset.summary.json,results_env_onset\sub-026\sub-026_backward_mtrf_env_onset.trial_results.csv,nh,NH,0,0.044915418432853065,0.03769584681618916,0.07109984698090098,0.060630826825253996,0.0072195716166639015,0.010469020155646984,0.008844295886155443,0.007207236758782903,0.010423640070645106,0.008815438414714005
sub-026,28,1,0.0268936812956608,0.0461329287065977,0.0228186741271062,0.0233142545794915,0.0862673564993247,0.0557942484874945,0.0304731080118301,0.0268936812956608,1.0,32,2,"envelope,onset",data/processed/env_onset/sub-026_mtrf_env_onset.npz,-0.5,0.0,0.05,hamming,1,,l2,1,True,mean,"1.0,1.0",results_env_onset\sub-026\sub-026_backward_mtrf_env_onset.summary.json,results_env_onset\sub-026\sub-026_backward_mtrf_env_onset.trial_results.csv,nh,NH,0,0.046165697985541876,0.02282263586439785,0.08648231936729152,0.05585225266394354,0.023343062121144027,0.03063006670334798,0.026986564412246006,0.0233142545794915,0.030473108011830195,0.026893681295660846
sub-026,29,1,0.1466199428368731,0.1832971747575143,0.0255657112895279,0.1577314634679864,0.1568778176457683,0.0213693954400084,0.1355084222057598,0.1466199428368731,1.0,32,2,"envelope,onset",data/processed/env_onset/sub-026_mtrf_env_onset.npz,-0.5,0.0,0.05,hamming,1,,l2,1,True,mean,"1.0,1.0",results_env_onset\sub-026\sub-026_backward_mtrf_env_onset.summary.json,results_env_onset\sub-026\sub-026_backward_mtrf_env_onset.trial_results.csv,nh,NH,0,0.18539237354695087,0.025571283438852885,0.15818411692108644,0.021372649117235593,0.15982109010809797,0.13681146780385084,0.1483162789559744,0.15773146346798642,0.1355084222057599,0.14661994283687316
sub-026,30,1,0.1326340128003957,0.1144942390336579,-0.0132757601523352,0.1277699991859931,0.0859806309437256,-0.0515173954710727,0.1374980264147983,0.1326340128003957,1.0,32,2,"envelope,onset",data/processed/env_onset/sub-026_mtrf_env_onset.npz,-0.5,0.0,0.05,hamming,1,,l2,1,True,mean,"1.0,1.0",results_env_onset\sub-026\sub-026_backward_mtrf_env_onset.summary.json,results_env_onset\sub-026\sub-026_backward_mtrf_env_onset.trial_results.csv,nh,NH,0,0.11499851030802703,-0.013276540167178084,0.08619345117539695,-0.051563044630415084,0.12827505047520513,0.13775649580581203,0.13301577314050858,0.1277699991859931,0.1374980264147983,0.13263401280039572
sub-026,31,1,0.1632764006618222,0.163986843279227,-0.0523702649443273,0.2163571082235543,0.1253436260887549,0.0151479329886648,0.1101956931000901,0.1632764006618222,1.0,32,2,"envelope,onset",data/processed/env_onset/sub-026_mtrf_env_onset.npz,-0.5,0.0,0.05,hamming,1,,l2,1,True,mean,"1.0,1.0",results_env_onset\sub-026\sub-026_backward_mtrf_env_onset.summary.json,results_env_onset\sub-026\sub-026_backward_mtrf_env_onset.trial_results.csv,nh,NH,0,0.1654809872688226,-0.05241822156153602,0.1260063098585619,0.015149091762468356,0.21789920883035863,0.11085721809609354,0.1643782134632261,0.2163571082235543,0.1101956931000901,0.1632764006618222
sub-027,0,1,0.1235417164063227,0.1108430373007489,0.006663858317663,0.1041791789830859,0.106838480019188,-0.0360657738103714,0.1429042538295595,0.1235417164063227,0.96875,32,2,"envelope,onset",data/processed/env_onset/sub-027_mtrf_env_onset.npz,-0.5,0.0,0.05,hamming,1,,l2,1,True,mean,"1.0,1.0",results_env_onset\sub-027\sub-027_backward_mtrf_env_onset.summary.json,results_env_onset\sub-027\sub-027_backward_mtrf_env_onset.trial_results.csv,nh,NH,0,0.111300359102911,0.006663956960960445,0.10724778813083845,-0.036081423424532175,0.10463640214195055,0.14332921155537062,0.12398280684866059,0.1041791789830859,0.1429042538295594,0.12354171640632265
sub-027,1,1,0.0882690578151512,0.1660030530596623,0.0778230447973114,0.0881800082623509,0.1758078870818082,0.0874497797138567,0.0883581073679515,0.0882690578151512,0.96875,32,2,"envelope,onset",data/processed/env_onset/sub-027_mtrf_env_onset.npz,-0.5,0.0,0.05,hamming,1,,l2,1,True,mean,"1.0,1.0",results_env_onset\sub-027\sub-027_backward_mtrf_env_onset.summary.json,results_env_onset\sub-027\sub-027_backward_mtrf_env_onset.trial_results.csv,nh,NH,0,0.16755362185123848,0.07798072803843435,0.1776535521541466,0.08767373122540968,0.08957289381280413,0.08997982092873692,0.08977635737077053,0.08818000826235088,0.0883581073679515,0.08826905781515118
sub-027,2,1,0.0475891820541891,0.0954531012337592,0.0566390330209123,0.0388140682128469,0.1277329440930349,0.0713686481975035,0.0563642958955313,0.0475891820541891,0.96875,32,2,"envelope,onset",data/processed/env_onset/sub-027_mtrf_env_onset.npz,-0.5,0.0,0.05,hamming,1,,l2,1,True,mean,"1.0,1.0",results_env_onset\sub-027\sub-027_backward_mtrf_env_onset.summary.json,results_env_onset\sub-027\sub-027_backward_mtrf_env_onset.trial_results.csv,nh,NH,0,0.09574459688237591,0.05669971549424907,0.12843450927066877,0.07149019154969656,0.03904488138812684,0.05694431772097221,0.04799459955454952,0.03881406821284691,0.056364295895531394,0.04758918205418915
sub-027,3,1,0.0985244597174705,0.1460248491994518,0.0256097270945926,0.1204151221048592,0.141051467372223,0.0644176700421412,0.0766337973300817,0.0985244597174705,0.96875,32,2,"envelope,onset",data/processed/env_onset/sub-027_mtrf_env_onset.npz,-0.5,0.0,0.05,hamming,1,,l2,1,True,mean,"1.0,1.0",results_env_onset\sub-027\sub-027_backward_mtrf_env_onset.summary.json,results_env_onset\sub-027\sub-027_backward_mtrf_env_onset.trial_results.csv,nh,NH,0,0.14707624225886598,0.02561532808133398,0.1419982256781405,0.06450699584840063,0.12146091417753199,0.07749122982973987,0.09947607200363592,0.1204151221048592,0.07663379733008178,0.0985244597174705
sub-027,4,1,0.0175680153189798,0.1055268665533116,0.0979049565876003,0.0076219099657113,0.1085077527262325,0.0809936320539841,0.0275141206722484,0.0175680153189798,0.96875,32,2,"envelope,onset",data/processed/env_onset/sub-027_mtrf_env_onset.npz,-0.5,0.0,0.05,hamming,1,,l2,1,True,mean,"1.0,1.0",results_env_onset\sub-027\sub-027_backward_mtrf_env_onset.summary.json,results_env_onset\sub-027\sub-027_backward_mtrf_env_onset.trial_results.csv,nh,NH,0,0.10592121770276866,0.09821958684478974,0.10893664096374456,0.08117143764304939,0.007701630857978925,0.027765203320695167,0.017733417089337046,0.007621909965711299,0.0275141206722484,0.01756801531897985
sub-027,5,1,0.1114740461830336,0.1274901961662723,0.0081339158826696,0.1193562802836026,0.1383603781551721,0.0347685660727074,0.1035918120824646,0.1114740461830336,0.96875,32,2,"envelope,onset",data/processed/env_onset/sub-027_mtrf_env_onset.npz,-0.5,0.0,0.05,hamming,1,,l2,1,True,mean,"1.0,1.0",results_env_onset\sub-027\sub-027_backward_mtrf_env_onset.summary.json,results_env_onset\sub-027\sub-027_backward_mtrf_env_onset.trial_results.csv,nh,NH,0,0.128187742821859,0.008134095271342123,0.13925356508768547,0.03478258627376394,0.12005364755051687,0.10447097881392153,0.1122623131822192,0.1193562802836027,0.10359181208246471,0.1114740461830337
sub-027,6,1,0.1792996571934513,0.1677079730700999,-0.0006146840797599,0.1683226571498598,0.2018600116121978,0.0115833543751549,0.1902766572370428,0.1792996571934513,0.96875,32,2,"envelope,onset",data/processed/env_onset/sub-027_mtrf_env_onset.npz,-0.5,0.0,0.05,hamming,1,,l2,1,True,mean,"1.0,1.0",results_env_onset\sub-027\sub-027_backward_mtrf_env_onset.summary.json,results_env_onset\sub-027\sub-027_backward_mtrf_env_onset.trial_results.csv,nh,NH,0,0.16930736796369425,-0.000614684157176615,0.20467081965906128,0.011583872478909144,0.16992205212087086,0.19308694718015212,0.1815044996505115,0.1683226571498598,0.1902766572370429,0.17929965719345137
sub-027,7,1,0.0377786646242011,0.0305164392077145,-0.0169936168559064,0.0475100560636209,0.089716826761469,0.0616695535766876,0.0280472731847813,0.0377786646242011,0.96875,32,2,"envelope,onset",data/processed/env_onset/sub-027_mtrf_env_onset.npz,-0.5,0.0,0.05,hamming,1,,l2,1,True,mean,"1.0,1.0",results_env_onset\sub-027\sub-027_backward_mtrf_env_onset.summary.json,results_env_onset\sub-027\sub-027_backward_mtrf_env_onset.trial_results.csv,nh,NH,0,0.03052591734668965,-0.01699525296203415,0.08995870951091121,0.061747911646959884,0.0475211703087238,0.02821079786395133,0.03786598408633757,0.0475100560636209,0.028047273184781396,0.03777866462420115
sub-027,8,1,0.1422808775818086,0.1683279962925216,-0.0108142065576025,0.1791422028501241,0.1650530689838671,0.059633516670374,0.1054195523134931,0.1422808775818086,0.96875,32,2,"envelope,onset",data/processed/env_onset/sub-027_mtrf_env_onset.npz,-0.5,0.0,0.05,hamming,1,,l2,1,True,mean,"1.0,1.0",results_env_onset\sub-027\sub-027_backward_mtrf_env_onset.summary.json,results_env_onset\sub-027\sub-027_backward_mtrf_env_onset.trial_results.csv,nh,NH,0,0.1699454029645533,-0.010814628150418878,0.16657687528817494,0.05970435658480923,0.18076003111497219,0.10687251870336571,0.14381627490916896,0.1791422028501241,0.10541955231349309,0.1422808775818086
sub-027,9,1,0.1506229836432788,0.1496742139797567,-0.0097569758530558,0.1594311898328126,0.188123250983018,0.0463084735292729,0.1418147774537451,0.1506229836432788,0.96875,32,2,"envelope,onset",data/processed/env_onset/sub-027_mtrf_env_onset.npz,-0.5,0.0,0.05,hamming,1,,l2,1,True,mean,"1.0,1.0",results_env_onset\sub-027\sub-027_backward_mtrf_env_onset.summary.json,results_env_onset\sub-027\sub-027_backward_mtrf_env_onset.trial_results.csv,nh,NH,0,0.15080716765392702,-0.00975728548748365,0.19039084972200307,0.04634161863732216,0.16056445314141066,0.1440492310846809,0.1523068421130458,0.1594311898328125,0.1418147774537451,0.1506229836432788
sub-027,10,1,0.0263464461072293,0.1407461899433355,0.0913393145575577,0.0494068753857777,0.1325819333022674,0.1292959164735865,0.0032860168286809,0.0263464461072293,0.96875,32,2,"envelope,onset",data/processed/env_onset/sub-027_mtrf_env_onset.npz,-0.5,0.0,0.05,hamming,1,,l2,1,True,mean,"1.0,1.0",results_env_onset\sub-027\sub-027_backward_mtrf_env_onset.summary.json,results_env_onset\sub-027\sub-027_backward_mtrf_env_onset.trial_results.csv,nh,NH,0,0.14168676497937086,0.09159460437859768,0.13336707113857285,0.13002372949216387,0.05009216060077318,0.0033433416464089816,0.02671775112359108,0.04940687538577779,0.0032860168286809044,0.026346446107229346
sub-027,11,1,0.0764530167958992,0.1342160881520678,0.0779555439855047,0.056260544166563,0.1899025713661895,0.0932570819409541,0.0966454894252354,0.0764530167958992,0.96875,32,2,"envelope,onset",data/processed/env_onset/sub-027_mtrf_env_onset.npz,-0.5,0.0,0.05,hamming,1,,l2,1,True,mean,"1.0,1.0",results_env_onset\sub-027\sub-027_backward_mtrf_env_onset.summary.json,results_env_onset\sub-027\sub-027_backward_mtrf_env_onset.trial_results.csv,nh,NH,0,0.1350308335297871,0.07811403597168913,0.19223609362758814,0.09352885013236541,0.05691679755809796,0.09870724349522274,0.07781202052666035,0.05626054416656309,0.09664548942523539,0.07645301679589925
sub-027,12,1,0.1367341032107084,0.1556897952539701,0.0383634768882152,0.1173263183657548,0.1879092823419738,0.0317673942863117,0.1561418880556621,0.1367341032107084,0.96875,32,2,"envelope,onset",data/processed/env_onset/sub-027_mtrf_env_onset.npz,-0.5,0.0,0.05,hamming,1,,l2,1,True,mean,"1.0,1.0",results_env_onset\sub-027\sub-027_backward_mtrf_env_onset.summary.json,results_env_onset\sub-027\sub-027_backward_mtrf_env_onset.trial_results.csv,nh,NH,0,0.1569663508892025,0.03838231408896445,0.19016904008341717,0.03177808696707547,0.11858403680023805,0.15839095311634172,0.13848749495828988,0.11732631836575488,0.1561418880556621,0.1367341032107085
sub-027,13,1,0.0498468637685496,0.1458127628070815,0.0690266999186436,0.0767860628884379,0.1467787078729377,0.1238710432242763,0.0229076646486614,0.0498468637685496,0.96875,32,2,"envelope,onset",data/processed/env_onset/sub-027_mtrf_env_onset.npz,-0.5,0.0,0.05,hamming,1,,l2,1,True,mean,"1.0,1.0",results_env_onset\sub-027\sub-027_backward_mtrf_env_onset.summary.json,results_env_onset\sub-027\sub-027_backward_mtrf_env_onset.trial_results.csv,nh,NH,0,0.14685954181520128,0.06913664456871821,0.147846612691885,0.12451050130549558,0.07772289724648307,0.023336111386389427,0.05052950431643625,0.0767860628884379,0.022907664648661397,0.049846863768549646
sub-027,14,1,0.1304596891150521,0.1668340956202652,0.0190666720678155,0.1477674235524496,0.1521063807623833,0.0389544260847288,0.1131519546776545,0.1304596891150521,0.96875,32,2,"envelope,onset",data/processed/env_onset/sub-027_mtrf_env_onset.npz,-0.5,0.0,0.05,hamming,1,,l2,1,True,mean,"1.0,1.0",results_env_onset\sub-027\sub-027_backward_mtrf_env_onset.summary.json,results_env_onset\sub-027\sub-027_backward_mtrf_env_onset.trial_results.csv,nh,NH,0,0.16840833589330345,0.0190689830584229,0.15329600124693588,0.03897414780689538,0.14933935283488056,0.1143218534400405,0.13183060313746053,0.14776742355244968,0.11315195467765451,0.1304596891150521
sub-027,15,1,0.1405474392481003,0.1607384951463346,0.0265228915907747,0.1342156035555599,0.19234858792594,0.0454693129852992,0.1468792749406407,0.1405474392481003,0.96875,32,2,"envelope,onset",data/processed/env_onset/sub-027_mtrf_env_onset.npz,-0.5,0.0,0.05,hamming,1,,l2,1,True,mean,"1.0,1.0",results_env_onset\sub-027\sub-027_backward_mtrf_env_onset.summary.json,results_env_onset\sub-027\sub-027_backward_mtrf_env_onset.trial_results.csv,nh,NH,0,0.1621446855108406,0.026529113514968502,0.19477484983819193,0.04550068721816983,0.1356155719958721,0.1492741626200221,0.1424448673079471,0.1342156035555599,0.1468792749406408,0.14054743924810034
sub-027,16,1,0.1288857839499122,0.161078339960685,0.0359522560199079,0.1251260839407771,0.1699962783327626,0.0373507943737152,0.1326454839590474,0.1288857839499122,0.96875,32,2,"envelope,onset",data/processed/env_onset/sub-027_mtrf_env_onset.npz,-0.5,0.0,0.05,hamming,1,,l2,1,True,mean,"1.0,1.0",results_env_onset\sub-027\sub-027_backward_mtrf_env_onset.summary.json,results_env_onset\sub-027\sub-027_backward_mtrf_env_onset.trial_results.csv,nh,NH,0,0.16249356330488293,0.03596775825009357,0.1716628310787763,0.03736817806535814,0.12652580505478936,0.13429465301341817,0.13041022903410376,0.1251260839407771,0.1326454839590474,0.12888578394991224
sub-027,17,1,0.1991844683599924,0.1669343302956425,-0.0039834149721447,0.1709177452677873,0.2106346705311455,-0.016816520921052,0.2274511914521976,0.1991844683599924,0.96875,32,2,"envelope,onset",data/processed/env_onset/sub-027_mtrf_env_onset.npz,-0.5,0.0,0.05,hamming,1,,l2,1,True,mean,"1.0,1.0",results_env_onset\sub-027\sub-027_backward_mtrf_env_onset.summary.json,results_env_onset\sub-027\sub-027_backward_mtrf_env_onset.trial_results.csv,nh,NH,0,0.16851144211208116,-0.0039834360414169115,0.2138353900094476,-0.016818106401532293,0.17249487815349807,0.23065349641097987,0.20157418728223897,0.1709177452677872,0.2274511914521975,0.19918446835999234
sub-027,18,1,0.0802331683176145,0.1151056306716334,0.0695728752809131,0.0455327553907203,0.1603250745831988,0.0453914933386899,0.1149335812445088,0.0802331683176145,0.96875,32,2,"envelope,onset",data/processed/env_onset/sub-027_mtrf_env_onset.npz,-0.5,0.0,0.05,hamming,1,,l2,1,True,mean,"1.0,1.0",results_env_onset\sub-027\sub-027_backward_mtrf_env_onset.summary.json,results_env_onset\sub-027\sub-027_backward_mtrf_env_onset.trial_results.csv,nh,NH,0,0.11561806712108706,0.06968545558817048,0.1617203290832446,0.04542270662569701,0.045932611532916584,0.1162976224575476,0.08111511699523209,0.0455327553907203,0.1149335812445089,0.0802331683176146
sub-027,19,1,0.2603519135958018,0.1965254977720179,-0.0215829845099434,0.2181084822819614,0.2402704229588013,-0.0623249219508408,0.3025953449096422,0.2603519135958018,0.96875,32,2,"envelope,onset",data/processed/env_onset/sub-027_mtrf_env_onset.npz,-0.5,0.0,0.05,hamming,1,,l2,1,True,mean,"1.0,1.0",results_env_onset\sub-027\sub-027_backward_mtrf_env_onset.summary.json,results_env_onset\sub-027\sub-027_backward_mtrf_env_onset.trial_results.csv,nh,NH,0,0.19911588306358877,-0.02158633674643217,0.2450610837874134,-0.062405808776253055,0.22070221981002094,0.30746689256366644,0.2640845561868437,0.21810848228196128,0.3025953449096421,0.2603519135958017
sub-027,20,1,0.1584188039350842,0.1649895462504291,0.0337028258048963,0.1312867204455328,0.2208828780092793,0.0353319905846437,0.1855508874246355,0.1584188039350842,0.96875,32,2,"envelope,onset",data/processed/env_onset/sub-027_mtrf_env_onset.npz,-0.5,0.0,0.05,hamming,1,,l2,1,True,mean,"1.0,1.0",results_env_onset\sub-027\sub-027_backward_mtrf_env_onset.summary.json,results_env_onset\sub-027\sub-027_backward_mtrf_env_onset.trial_results.csv,nh,NH,0,0.16651157427544638,0.03371559530264135,0.22458408139017177,0.035346703831533245,0.13279597897280504,0.18923737755863854,0.1610166782657218,0.1312867204455328,0.1855508874246356,0.1584188039350842
sub-027,21,1,0.1283544369227147,0.2040494356844591,0.038893754660825,0.1651556810236341,0.1767662471836209,0.0852130543618255,0.0915531928217954,0.1283544369227147,0.96875,32,2,"envelope,onset",data/processed/env_onset/sub-027_mtrf_env_onset.npz,-0.5,0.0,0.05,hamming,1,,l2,1,True,mean,"1.0,1.0",results_env_onset\sub-027\sub-027_backward_mtrf_env_onset.summary.json,results_env_onset\sub-027\sub-027_backward_mtrf_env_onset.trial_results.csv,nh,NH,0,0.20695430288994218,0.038913384321138465,0.17864265068504045,0.08542020914968082,0.1680409185688037,0.09322244153535963,0.13063168005208167,0.1651556810236341,0.09155319282179541,0.12835443692271475
sub-027,22,1,0.0214488592620883,-0.0062847553970877,-0.0143715783656273,0.0080868229685396,0.0288084950881868,-0.0060024004674502,0.034810895555637,0.0214488592620883,0.96875,32,2,"envelope,onset",data/processed/env_onset/sub-027_mtrf_env_onset.npz,-0.5,0.0,0.05,hamming,1,,l2,1,True,mean,"1.0,1.0",results_env_onset\sub-027\sub-027_backward_mtrf_env_onset.summary.json,results_env_onset\sub-027\sub-027_backward_mtrf_env_onset.trial_results.csv,nh,NH,0,-0.006284838144453366,-0.014372567934377266,0.028816468731344587,-0.006002472555459959,0.008087729789923899,0.034818941286804544,0.02145333553836422,0.0080868229685396,0.034810895555637,0.021448859262088303
sub-027,23,1,0.1791680932928824,0.1676356761302121,-0.0386867059764692,0.2063223821066813,0.1497402031231806,-0.0022736013559028,0.1520138044790835,0.1791680932928824,0.96875,32,2,"envelope,onset",data/processed/env_onset/sub-027_mtrf_env_onset.npz,-0.5,0.0,0.05,hamming,1,,l2,1,True,mean,"1.0,1.0",results_env_onset\sub-027\sub-027_backward_mtrf_env_onset.summary.json,results_env_onset\sub-027\sub-027_backward_mtrf_env_onset.trial_results.csv,nh,NH,0,0.16923297968350634,-0.03870602362413573,0.15087466966930657,-0.002273605273529501,0.20793900330764206,0.15314827494283606,0.18054363912523907,0.2063223821066813,0.1520138044790834,0.17916809329288236
sub-027,24,1,0.1694845136998369,0.1876670823242697,0.0188065287480234,0.1688605535762462,0.2146934678386226,0.0445849940151949,0.1701084738234277,0.1694845136998369,0.96875,32,2,"envelope,onset",data/processed/env_onset/sub-027_mtrf_env_onset.npz,-0.5,0.0,0.05,hamming,1,,l2,1,True,mean,"1.0,1.0",results_env_onset\sub-027\sub-027_backward_mtrf_env_onset.summary.json,results_env_onset\sub-027\sub-027_backward_mtrf_env_onset.trial_results.csv,nh,NH,0,0.189917986821292,0.018808746417645815,0.21808645285370462,0.04461457163964717,0.17110924040364617,0.17347188121405746,0.1722905608088518,0.1688605535762463,0.1701084738234277,0.169484513699837
sub-027,25,1,0.1094228878111758,0.054594523470941,-0.0468452429091743,0.1014397663801154,0.1005271129829052,-0.016878896259331,0.1174060092422362,0.1094228878111758,0.96875,32,2,"envelope,onset",data/processed/env_onset/sub-027_mtrf_env_onset.npz,-0.5,0.0,0.05,hamming,1,,l2,1,True,mean,"1.0,1.0",results_env_onset\sub-027\sub-027_backward_mtrf_env_onset.summary.json,results_env_onset\sub-027\sub-027_backward_mtrf_env_onset.trial_results.csv,nh,NH,0,0.054648861465978506,-0.046879555031467235,0.10086781348833034,-0.016880499449804097,0.10152841649744573,0.11774831293813443,0.10963836471779008,0.1014397663801153,0.11740600924223621,0.10942288781117576
sub-027,26,1,0.0473511897525937,0.0813713816336018,0.0121979807869009,0.0691734008467008,0.0832639319632249,0.0577349533047383,0.0255289786584866,0.0473511897525937,0.96875,32,2,"envelope,onset",data/processed/env_onset/sub-027_mtrf_env_onset.npz,-0.5,0.0,0.05,hamming,1,,l2,1,True,mean,"1.0,1.0",results_env_onset\sub-027\sub-027_backward_mtrf_env_onset.summary.json,results_env_onset\sub-027\sub-027_backward_mtrf_env_onset.trial_results.csv,nh,NH,0,0.08155169334028547,0.012198585823092814,0.08345715604410452,0.05779923169477746,0.06935310751719266,0.02565792434932706,0.047505515933259856,0.0691734008467009,0.0255289786584866,0.04735118975259375
sub-027,27,0,-0.0084793741054893,0.0528276162551134,0.0436829302962287,0.0091446859588846,0.0320822297950922,0.0581856639649557,-0.0261034341698634,-0.0084793741054893,0.96875,32,2,"envelope,onset",data/processed/env_onset/sub-027_mtrf_env_onset.npz,-0.5,0.0,0.05,hamming,1,,l2,1,True,mean,"1.0,1.0",results_env_onset\sub-027\sub-027_backward_mtrf_env_onset.summary.json,results_env_onset\sub-027\sub-027_backward_mtrf_env_onset.trial_results.csv,nh,NH,0,0.05287684172120574,0.043710747384049925,0.032093243684186416,0.05825146158265272,0.009166094337155817,-0.026158217898466306,-0.008496061780655245,0.009144685958884693,-0.0261034341698635,-0.008479374105489403
sub-027,28,1,0.1212540108319225,0.1317999765506574,-0.0116503082997622,0.1434502848504196,0.1416438381388924,0.0425861013254669,0.0990577368134255,0.1212540108319225,0.96875,32,2,"envelope,onset",data/processed/env_onset/sub-027_mtrf_env_onset.npz,-0.5,0.0,0.05,hamming,1,,l2,1,True,mean,"1.0,1.0",results_env_onset\sub-027\sub-027_backward_mtrf_env_onset.summary.json,results_env_onset\sub-027\sub-027_backward_mtrf_env_onset.trial_results.csv,nh,NH,0,0.13257120705757727,-0.011650835440244686,0.14260267280922898,0.042611873752908494,0.14422204249782195,0.09999079905632048,0.1221064207770712,0.1434502848504196,0.0990577368134255,0.12125401083192255
sub-027,29,1,0.1332784464856409,0.1104937689460918,0.0002312296783167,0.1102625392677751,0.1866011434874714,0.0303067897839647,0.1562943537035066,0.1332784464856409,0.96875,32,2,"envelope,onset",data/processed/env_onset/sub-027_mtrf_env_onset.npz,-0.5,0.0,0.05,hamming,1,,l2,1,True,mean,"1.0,1.0",results_env_onset\sub-027\sub-027_backward_mtrf_env_onset.summary.json,results_env_onset\sub-027\sub-027_backward_mtrf_env_onset.trial_results.csv,nh,NH,0,0.11094676004158635,0.00023122968243776516,0.18881336491555362,0.030316073844986188,0.11071553035914859,0.15849729107056743,0.13460641071485802,0.1102625392677751,0.1562943537035067,0.1332784464856409
sub-027,30,1,0.11783490633057,0.1102086657399892,-0.0296798262978241,0.1398884920378134,0.1540188577861905,0.0582375371628638,0.0957813206233267,0.11783490633057,0.96875,32,2,"envelope,onset",data/processed/env_onset/sub-027_mtrf_env_onset.npz,-0.5,0.0,0.05,hamming,1,,l2,1,True,mean,"1.0,1.0",results_env_onset\sub-027\sub-027_backward_mtrf_env_onset.summary.json,results_env_onset\sub-027\sub-027_backward_mtrf_env_onset.trial_results.csv,nh,NH,0,0.11065814222133682,-0.029688545814924017,0.15525435967001075,0.058303511155256796,0.14034668803626085,0.09695084851475395,0.11864876827550741,0.1398884920378133,0.09578132062332671,0.11783490633057
sub-027,31,1,0.1678161384320345,0.1826917647339638,0.039205555073834,0.1434862096601298,0.2325270612596764,0.0403809940557371,0.1921460672039392,0.1678161384320345,0.96875,32,2,"envelope,onset",data/processed/env_onset/sub-027_mtrf_env_onset.npz,-0.5,0.0,0.05,hamming,1,,l2,1,True,mean,"1.0,1.0",results_env_onset\sub-027\sub-027_backward_mtrf_env_onset.summary.json,results_env_onset\sub-027\sub-027_backward_mtrf_env_onset.trial_results.csv,nh,NH,0,0.18476598773499173,0.039225660919641275,0.23685932110181634,0.040402964303398986,0.14554032681535045,0.19645635679841736,0.1709983418068839,0.14348620966012982,0.19214606720393929,0.16781613843203455
sub-028,0,1,0.0502750762248307,0.0798853097262279,0.006822284739911,0.0730630249863168,0.0757212042322643,0.0482340767689197,0.0274871274633446,0.0502750762248307,0.8125,32,2,"envelope,onset",data/processed/env_onset/sub-028_mtrf_env_onset.npz,-0.5,0.0,0.05,hamming,1,,l2,1,True,mean,"1.0,1.0",results_env_onset\sub-028\sub-028_backward_mtrf_env_onset.summary.json,results_env_onset\sub-028\sub-028_backward_mtrf_env_onset.trial_results.csv,nh,NH,0,0.08005589708347902,0.006822390587360602,0.07586642506128086,0.04827153501856143,0.07323350649611841,0.02759489004271943,0.050414198269418925,0.0730630249863169,0.027487127463344606,0.05027507622483075
sub-028,1,1,0.0679177697573726,0.1179195266023772,0.0113200503327307,0.1065994762696465,0.0590967139649143,0.0298606507198155,0.0292360632450987,0.0679177697573726,0.8125,32,2,"envelope,onset",data/processed/env_onset/sub-028_mtrf_env_onset.npz,-0.5,0.0,0.05,hamming,1,,l2,1,True,mean,"1.0,1.0",results_env_onset\sub-028\sub-028_backward_mtrf_env_onset.summary.json,results_env_onset\sub-028\sub-028_backward_mtrf_env_onset.trial_results.csv,nh,NH,0,0.11847068990831079,0.011320533900350004,0.05916565536628329,0.029869530638305032,0.1071501560079608,0.02929612472797826,0.06822314036796953,0.1065994762696465,0.029236063245098802,0.06791776975737265
sub-028,2,1,0.0443311753533879,0.0741454337184983,0.0218789795163147,0.0522664542021835,0.0806700224501887,0.0442741259455964,0.0363958965045923,0.0443311753533879,0.8125,32,2,"envelope,onset",data/processed/env_onset/sub-028_mtrf_env_onset.npz,-0.5,0.0,0.05,hamming,1,,l2,1,True,mean,"1.0,1.0",results_env_onset\sub-028\sub-028_backward_mtrf_env_onset.summary.json,results_env_onset\sub-028\sub-028_backward_mtrf_env_onset.trial_results.csv,nh,NH,0,0.07428175629344268,0.021882471600383955,0.0808456997351087,0.04430308870462969,0.052399284693058726,0.03654261103047901,0.04447094786176887,0.0522664542021836,0.0363958965045923,0.04433117535338795
sub-028,3,1,0.1009580540407854,0.0888343995726688,-0.0390663724552938,0.1279007720279626,0.0835329118372747,0.0095175757836666,0.0740153360536081,0.1009580540407854,0.8125,32,2,"envelope,onset",data/processed/env_onset/sub-028_mtrf_env_onset.npz,-0.5,0.0,0.05,hamming,1,,l2,1,True,mean,"1.0,1.0",results_env_onset\sub-028\sub-028_backward_mtrf_env_onset.summary.json,results_env_onset\sub-028\sub-028_backward_mtrf_env_onset.trial_results.csv,nh,NH,0,0.0890691926933199,-0.03908626479847741,0.08372801985804486,0.009517863180104497,0.12815545749179733,0.07421015667794036,0.10118280708486885,0.1279007720279626,0.07401533605360809,0.10095805404078534
sub-028,4,1,0.0344143222722583,0.0649509001364408,0.0356640946544274,0.0292868054820134,0.0760906116169631,0.0365487725544599,0.0395418390625032,0.0344143222722583,0.8125,32,2,"envelope,onset",data/processed/env_onset/sub-028_mtrf_env_onset.npz,-0.5,0.0,0.05,hamming,1,,l2,1,True,mean,"1.0,1.0",results_env_onset\sub-028\sub-028_backward_mtrf_env_onset.summary.json,results_env_onset\sub-028\sub-028_backward_mtrf_env_onset.trial_results.csv,nh,NH,0,0.06504246639474835,0.035679226920400584,0.07623797320177186,0.03656505971617919,0.02936323947434777,0.039672913485592674,0.034518076479970225,0.029286805482013394,0.03954183906250319,0.034414322272258296
sub-028,5,1,0.0183556161552614,0.0438916574629754,0.0536071187056067,-0.0097154612426312,0.0165116028987394,-0.0299150906544145,0.046426693553154,0.0183556161552614,0.8125,32,2,"envelope,onset",data/processed/env_onset/sub-028_mtrf_env_onset.npz,-0.5,0.0,0.05,hamming,1,,l2,1,True,mean,"1.0,1.0",results_env_onset\sub-028\sub-028_backward_mtrf_env_onset.summary.json,results_env_onset\sub-028\sub-028_backward_mtrf_env_onset.trial_results.csv,nh,NH,0,0.043919875518602575,0.0536585581014687,0.016513103680355686,-0.02992401924676402,-0.009738682582866122,0.046437122927119705,0.01834922017212679,-0.009715461242631299,0.0464266935531539,0.018355616155261302
sub-028,6,0,-0.0857444539933805,-0.0164149657486807,0.0910202062913962,-0.107435172040077,0.027774642396163,0.0918283783428471,-0.064053735946684,-0.0857444539933805,0.8125,32,2,"envelope,onset",data/processed/env_onset/sub-028_mtrf_env_onset.npz,-0.5,0.0,0.05,hamming,1,,l2,1,True,mean,"1.0,1.0",results_env_onset\sub-028\sub-028_backward_mtrf_env_onset.summary.json,results_env_onset\sub-028\sub-028_backward_mtrf_env_onset.trial_results.csv,nh,NH,0,-0.016416440330613395,0.09127282088248798,0.027781787774919985,0.09208780494356786,-0.10768926121310138,-0.06430601716864787,-0.08599763919087462,-0.10743517204007691,-0.06405373594668409,-0.0857444539933805
sub-028,7,1,0.1012506366643348,0.0765983849927635,-0.0405422404385018,0.1171406254312654,0.0729843479706825,-0.0123762999267217,0.0853606478974042,0.1012506366643348,0.8125,32,2,"envelope,onset",data/processed/env_onset/sub-028_mtrf_env_onset.npz,-0.5,0.0,0.05,hamming,1,,l2,1,True,mean,"1.0,1.0",results_env_onset\sub-028\sub-028_backward_mtrf_env_onset.summary.json,results_env_onset\sub-028\sub-028_backward_mtrf_env_onset.trial_results.csv,nh,NH,0,0.07674872348786792,-0.04056447510270487,0.07311435266464325,-0.012376931888973,0.11731319859057279,0.08549128455361625,0.10140224157209451,0.1171406254312653,0.08536064789740419,0.10125063666433474
sub-028,8,1,0.0441174237126912,0.0669075261130486,-0.0305170568488391,0.0974245829618878,0.0645311395419068,0.0737208750784122,-0.0091897355365054,0.0441174237126912,0.8125,32,2,"envelope,onset",data/processed/env_onset/sub-028_mtrf_env_onset.npz,-0.5,0.0,0.05,hamming,1,,l2,1,True,mean,"1.0,1.0",results_env_onset\sub-028\sub-028_backward_mtrf_env_onset.summary.json,results_env_onset\sub-028\sub-028_backward_mtrf_env_onset.trial_results.csv,nh,NH,0,0.0670076349309727,-0.030526535563542238,0.06462093900416348,0.07385486420713824,0.09753417049451493,-0.009233925202974766,0.04415012264577008,0.09742458296188769,-0.0091897355365054,0.044117423712691145
sub-028,9,1,0.015991327316508,0.0109862141538689,0.0300113160460167,-0.0190251018921478,0.0579272081803014,0.0069194516551374,0.0510077565251639,0.015991327316508,0.8125,32,2,"envelope,onset",data/processed/env_onset/sub-028_mtrf_env_onset.npz,-0.5,0.0,0.05,hamming,1,,l2,1,True,mean,"1.0,1.0",results_env_onset\sub-028\sub-028_backward_mtrf_env_onset.summary.json,results_env_onset\sub-028\sub-028_backward_mtrf_env_onset.trial_results.csv,nh,NH,0,0.010986656186549483,0.030020331106607838,0.05799213171230057,0.006919562090016398,-0.019033674920058356,0.05107256962228417,0.016019447351112905,-0.019025101892147803,0.051007756525164,0.015991327316508097
sub-028,10,0,-0.0294136531567772,0.0519900486360432,0.0904488163161677,-0.0384587676801244,0.0548186815453181,0.0751872201787481,-0.0203685386334299,-0.0294136531567772,0.8125,32,2,"envelope,onset",data/processed/env_onset/sub-028_mtrf_env_onset.npz,-0.5,0.0,0.05,hamming,1,,l2,1,True,mean,"1.0,1.0",results_env_onset\sub-028\sub-028_backward_mtrf_env_onset.summary.json,results_env_onset\sub-028\sub-028_backward_mtrf_env_onset.trial_results.csv,nh,NH,0,0.05203696718109108,0.09069668772996448,0.05487369241816047,0.07532938343513877,-0.03865972054887339,-0.0204556910169783,-0.029557705782925846,-0.0384587676801245,-0.02036853863343,-0.029413653156777252
sub-028,11,0,-0.0039808157871098,0.044022980788551,0.0410615822344444,0.0029613985541066,0.0347191371885106,0.045642167316837,-0.0109230301283263,-0.0039808157871098,0.8125,32,2,"envelope,onset",data/processed/env_onset/sub-028_mtrf_env_onset.npz,-0.5,0.0,0.05,hamming,1,,l2,1,True,mean,"1.0,1.0",results_env_onset\sub-028\sub-028_backward_mtrf_env_onset.summary.json,results_env_onset\sub-028\sub-028_backward_mtrf_env_onset.trial_results.csv,nh,NH,0,0.04405145308458175,0.04108468295034547,0.034733097650096086,0.0456739010251663,0.0029667701342362754,-0.010940803375070217,-0.003987016620416971,0.002961398554106598,-0.010923030128326398,-0.0039808157871099
sub-028,12,1,0.0567273422015259,0.0554509605558276,-0.0452997278625487,0.1007506884183763,0.0286120615483159,0.0159080655636403,0.0127039959846756,0.0567273422015259,0.8125,32,2,"envelope,onset",data/processed/env_onset/sub-028_mtrf_env_onset.npz,-0.5,0.0,0.05,hamming,1,,l2,1,True,mean,"1.0,1.0",results_env_onset\sub-028\sub-028_backward_mtrf_env_onset.summary.json,results_env_onset\sub-028\sub-028_backward_mtrf_env_onset.trial_results.csv,nh,NH,0,0.055507899343020424,-0.04533075207029016,0.028619873141010294,0.015909407700525836,0.10083865141331058,0.012710465440484459,0.05677455842689752,0.1007506884183763,0.0127039959846756,0.05672734220152595
sub-028,13,1,0.0430807732416325,0.0486574703908352,0.0031316631891117,0.0455258072017234,0.029379121294395,-0.0112566179871466,0.0406357392815416,0.0430807732416325,0.8125,32,2,"envelope,onset",data/processed/env_onset/sub-028_mtrf_env_onset.npz,-0.5,0.0,0.05,hamming,1,,l2,1,True,mean,"1.0,1.0",results_env_onset\sub-028\sub-028_backward_mtrf_env_onset.summary.json,results_env_onset\sub-028\sub-028_backward_mtrf_env_onset.trial_results.csv,nh,NH,0,0.0486959246864467,0.0031316734269070338,0.02938757836866903,-0.011257093470753474,0.04556425125953967,0.040644671839422504,0.04310446154948108,0.0455258072017235,0.0406357392815416,0.04308077324163255
sub-028,14,1,0.0918035758623386,0.0667472236225457,-0.0084676031159674,0.0752148267385132,0.1205156594032113,0.0121233344170473,0.108392324986164,0.0918035758623386,0.8125,32,2,"envelope,onset",data/processed/env_onset/sub-028_mtrf_env_onset.npz,-0.5,0.0,0.05,hamming,1,,l2,1,True,mean,"1.0,1.0",results_env_onset\sub-028\sub-028_backward_mtrf_env_onset.summary.json,results_env_onset\sub-028\sub-028_backward_mtrf_env_onset.trial_results.csv,nh,NH,0,0.06684661333408622,-0.008467805501242494,0.12110425469401061,0.012123928412747733,0.07531441883532872,0.10898032628126288,0.0921473725582958,0.0752148267385131,0.108392324986164,0.09180357586233855
sub-028,15,0,-0.0207738571752307,0.0226216034487914,0.0356890728768866,-0.0130674694280952,0.0173580775420575,0.0458383224644237,-0.0284802449223662,-0.0207738571752307,0.8125,32,2,"envelope,onset",data/processed/env_onset/sub-028_mtrf_env_onset.npz,-0.5,0.0,0.05,hamming,1,,l2,1,True,mean,"1.0,1.0",results_env_onset\sub-028\sub-028_backward_mtrf_env_onset.summary.json,results_env_onset\sub-028\sub-028_backward_mtrf_env_onset.trial_results.csv,nh,NH,0,0.02262546340409159,0.03570423697612593,0.017359821203402882,0.04587046742371113,-0.013078773572034342,-0.028510646220308244,-0.02079470989617129,-0.0130674694280952,-0.028480244922366203,-0.0207738571752307
sub-028,16,1,0.0574417368992346,0.071867857713357,-0.0180705610973294,0.0899384188106865,0.0581069190817745,0.0331618640939916,0.0249450549877828,0.0574417368992346,0.8125,32,2,"envelope,onset",data/processed/env_onset/sub-028_mtrf_env_onset.npz,-0.5,0.0,0.05,hamming,1,,l2,1,True,mean,"1.0,1.0",results_env_onset\sub-028\sub-028_backward_mtrf_env_onset.summary.json,results_env_onset\sub-028\sub-028_backward_mtrf_env_onset.trial_results.csv,nh,NH,0,0.07199197480991616,-0.018072528434330708,0.05817244956047704,0.03317402825723794,0.09006450324424686,0.0249984213032391,0.05753146227374298,0.0899384188106864,0.0249450549877829,0.05744173689923465
sub-028,17,1,0.0297750658487561,0.011540187978355,-0.0115802387103318,0.0231204266886869,0.027317045348994,-0.0091126596598313,0.0364297050088253,0.0297750658487561,0.8125,32,2,"envelope,onset",data/processed/env_onset/sub-028_mtrf_env_onset.npz,-0.5,0.0,0.05,hamming,1,,l2,1,True,mean,"1.0,1.0",results_env_onset\sub-028\sub-028_backward_mtrf_env_onset.summary.json,results_env_onset\sub-028\sub-028_backward_mtrf_env_onset.trial_results.csv,nh,NH,0,0.011540700311082312,-0.01158075639610089,0.027323843243554188,-0.009112911912538614,0.0231214567071832,0.0364367551560928,0.029779105931638,0.0231204266886868,0.036429705008825294,0.029775065848756048
sub-028,18,1,0.0032444523586472,0.0675801169714398,0.0808689006820165,-0.0132887837105767,0.0650847531139262,0.0453070646860551,0.0197776884278711,0.0032444523586472,0.8125,32,2,"envelope,onset",data/processed/env_onset/sub-028_mtrf_env_onset.npz,-0.5,0.0,0.05,hamming,1,,l2,1,True,mean,"1.0,1.0",results_env_onset\sub-028\sub-028_backward_mtrf_env_onset.summary.json,results_env_onset\sub-028\sub-028_backward_mtrf_env_onset.trial_results.csv,nh,NH,0,0.06768328090500501,0.08104588391030278,0.06517688761364639,0.045338103982845115,-0.013362603005297763,0.01983878363080127,0.003238090312751754,-0.013288783710576707,0.019777688427871094,0.0032444523586471936
sub-028,19,0,-0.0064975404456182,0.0614984915365591,0.0268927309111403,0.0346057606254187,0.015475614995064,0.0630764565117191,-0.0476008415166551,-0.0064975404456182,0.8125,32,2,"envelope,onset",data/processed/env_onset/sub-028_mtrf_env_onset.npz,-0.5,0.0,0.05,hamming,1,,l2,1,True,mean,"1.0,1.0",results_env_onset\sub-028\sub-028_backward_mtrf_env_onset.summary.json,results_env_onset\sub-028\sub-028_backward_mtrf_env_onset.trial_results.csv,nh,NH,0,0.061576198368026774,0.026899216836922306,0.015476850615004627,0.0631603095999589,0.03467698153110447,-0.04768345898495427,-0.0065032387269249,0.0346057606254188,-0.0476008415166551,-0.00649754044561815
sub-028,20,1,0.0760892163053448,0.0918965244829531,0.0147917687041674,0.0771047557787856,0.0714948114368742,-0.0035788653950297,0.0750736768319039,0.0760892163053448,0.8125,32,2,"envelope,onset",data/processed/env_onset/sub-028_mtrf_env_onset.npz,-0.5,0.0,0.05,hamming,1,,l2,1,True,mean,"1.0,1.0",results_env_onset\sub-028\sub-028_backward_mtrf_env_onset.summary.json,results_env_onset\sub-028\sub-028_backward_mtrf_env_onset.trial_results.csv,nh,NH,0,0.09215653104332523,0.014792847641164345,0.07161700183772221,-0.0035788806748475155,0.07736368340216089,0.07519588251256973,0.07627978295736532,0.0771047557787857,0.0750736768319039,0.07608921630534479
sub-028,21,0,-0.0356655869794569,0.0177788551560601,0.0109151278505065,0.0068637273055535,-0.0024579613742124,0.0757369398902551,-0.0781949012644675,-0.0356655869794569,0.8125,32,2,"envelope,onset",data/processed/env_onset/sub-028_mtrf_env_onset.npz,-0.5,0.0,0.05,hamming,1,,l2,1,True,mean,"1.0,1.0",results_env_onset\sub-028\sub-028_backward_mtrf_env_onset.summary.json,results_env_onset\sub-028\sub-028_backward_mtrf_env_onset.trial_results.csv,nh,NH,0,0.017780728737158774,0.010915561357664643,-0.002457966324215617,0.0758822514820917,0.006865167379494131,-0.07834021780630732,-0.03573752521340659,0.006863727305553598,-0.0781949012644675,-0.03566558697945695
sub-028,22,1,0.0613380625777165,0.0499530442139845,-0.0039189294250513,0.0538719736390359,0.1031091572715668,0.0343050057551695,0.0688041515163972,0.0613380625777165,0.8125,32,2,"envelope,onset",data/processed/env_onset/sub-028_mtrf_env_onset.npz,-0.5,0.0,0.05,hamming,1,,l2,1,True,mean,"1.0,1.0",results_env_onset\sub-028\sub-028_backward_mtrf_env_onset.summary.json,results_env_onset\sub-028\sub-028_backward_mtrf_env_onset.trial_results.csv,nh,NH,0,0.04999465591956209,-0.003918949487552449,0.10347690759009773,0.03431847235763161,0.05391360540711454,0.06915843523246612,0.06153602031979033,0.0538719736390358,0.0688041515163973,0.06133806257771655
sub-028,23,1,0.0300143574270216,0.0797322766123788,0.0028863293198193,0.0768459472925595,0.0592981056252809,0.0761153380637971,-0.0168172324385162,0.0300143574270216,0.8125,32,2,"envelope,onset",data/processed/env_onset/sub-028_mtrf_env_onset.npz,-0.5,0.0,0.05,hamming,1,,l2,1,True,mean,"1.0,1.0",results_env_onset\sub-028\sub-028_backward_mtrf_env_onset.summary.json,results_env_onset\sub-028\sub-028_backward_mtrf_env_onset.trial_results.csv,nh,NH,0,0.0799018829852297,0.0028863373350967326,0.05936775525270985,0.07626284369008865,0.07701554565013297,-0.016895088437378802,0.030060228606377082,0.0768459472925595,-0.016817232438516197,0.030014357427021653
sub-028,24,1,0.0257035944394847,0.0457780389144532,0.0187993919213728,0.0269786469930804,0.0511976421268365,0.0267691002409475,0.024428541885889,0.0257035944394847,0.8125,32,2,"envelope,onset",data/processed/env_onset/sub-028_mtrf_env_onset.npz,-0.5,0.0,0.05,hamming,1,,l2,1,True,mean,"1.0,1.0",results_env_onset\sub-028\sub-028_backward_mtrf_env_onset.summary.json,results_env_onset\sub-028\sub-028_backward_mtrf_env_onset.trial_results.csv,nh,NH,0,0.045810057109357795,0.01880160706686831,0.05124244567329639,0.026775497100977208,0.027008450042489484,0.02446694857231918,0.025737699307404334,0.0269786469930804,0.024428541885889003,0.025703594439484702
sub-028,25,1,0.0251661756545877,0.0499679047459841,0.0329619572151787,0.0170059475308054,0.0792031964927868,0.0458767927144168,0.03332640377837,0.0251661756545877,0.8125,32,2,"envelope,onset",data/processed/env_onset/sub-028_mtrf_env_onset.npz,-0.5,0.0,0.05,hamming,1,,l2,1,True,mean,"1.0,1.0",results_env_onset\sub-028\sub-028_backward_mtrf_env_onset.summary.json,results_env_onset\sub-028\sub-028_backward_mtrf_env_onset.trial_results.csv,nh,NH,0,0.05000955363699482,0.0329739026224383,0.07936944041355457,0.04590901874388115,0.01703565101455652,0.03346042166967342,0.02524803634211497,0.0170059475308054,0.03332640377837,0.0251661756545877
sub-028,26,1,0.1600676216819508,0.0619782253119984,-0.0850157718272282,0.1469939971392266,0.1009785825029451,-0.0721626637217299,0.173141246224675,0.1600676216819508,0.8125,32,2,"envelope,onset",data/processed/env_onset/sub-028_mtrf_env_onset.npz,-0.5,0.0,0.05,hamming,1,,l2,1,True,mean,"1.0,1.0",results_env_onset\sub-028\sub-028_backward_mtrf_env_onset.summary.json,results_env_onset\sub-028\sub-028_backward_mtrf_env_onset.trial_results.csv,nh,NH,0,0.06205776771455605,-0.08522148697894413,0.10132391294419076,-0.07228831771338709,0.14727925469350017,0.17361223065757786,0.16044574267553902,0.14699399713922662,0.173141246224675,0.16006762168195082
sub-028,27,1,0.074441640077776,0.13568361103373,0.0435805555338866,0.0921030554998433,0.089686230179816,0.0329060055241073,0.0567802246557087,0.074441640077776,0.8125,32,2,"envelope,onset",data/processed/env_onset/sub-028_mtrf_env_onset.npz,-0.5,0.0,0.05,hamming,1,,l2,1,True,mean,"1.0,1.0",results_env_onset\sub-028\sub-028_backward_mtrf_env_onset.summary.json,results_env_onset\sub-028\sub-028_backward_mtrf_env_onset.trial_results.csv,nh,NH,0,0.13652557818495878,0.043608177356081836,0.08992786474100309,0.03291789017761477,0.09291740082887695,0.05700997456338832,0.07496368769613264,0.0921030554998434,0.0567802246557087,0.07444164007777605
sub-028,28,1,0.034071076980846,0.1090954849344111,0.0159494250197573,0.0931460599146538,0.0386979140970068,0.0637018200499685,-0.0250039059529617,0.034071076980846,0.8125,32,2,"envelope,onset",data/processed/env_onset/sub-028_mtrf_env_onset.npz,-0.5,0.0,0.05,hamming,1,,l2,1,True,mean,"1.0,1.0",results_env_onset\sub-028\sub-028_backward_mtrf_env_onset.summary.json,results_env_onset\sub-028\sub-028_backward_mtrf_env_onset.trial_results.csv,nh,NH,0,0.109531413989384,0.015950777653236946,0.0387172485494514,0.06378819612185661,0.09358063633614705,-0.025070947572405217,0.034254844381870916,0.0931460599146538,-0.025003905952961696,0.03407107698084605
sub-028,29,1,0.0179559932825442,0.1223699274207368,0.0904007253491035,0.0319692020716333,0.1077350944438474,0.1037923099503923,0.0039427844934551,0.0179559932825442,0.8125,32,2,"envelope,onset",data/processed/env_onset/sub-028_mtrf_env_onset.npz,-0.5,0.0,0.05,hamming,1,,l2,1,True,mean,"1.0,1.0",results_env_onset\sub-028\sub-028_backward_mtrf_env_onset.summary.json,results_env_onset\sub-028\sub-028_backward_mtrf_env_onset.trial_results.csv,nh,NH,0,0.12298628005571578,0.09064820029866005,0.10815484323580393,0.10416745052491587,0.03233807975705573,0.003987392710888063,0.018162736233971896,0.0319692020716333,0.003942784493455101,0.0179559932825442
sub-028,30,1,0.0067822151037493,0.0260056299651165,0.0098620335511165,0.0161435964139999,0.0662916097018974,0.0688707759083986,-0.0025791662065012,0.0067822151037493,0.8125,32,2,"envelope,onset",data/processed/env_onset/sub-028_mtrf_env_onset.npz,-0.5,0.0,0.05,hamming,1,,l2,1,True,mean,"1.0,1.0",results_env_onset\sub-028\sub-028_backward_mtrf_env_onset.summary.json,results_env_onset\sub-028\sub-028_backward_mtrf_env_onset.trial_results.csv,nh,NH,0,0.026011494818462575,0.009862353295936151,0.06638897442974934,0.06897997576586909,0.016149141522526424,-0.0025910013361197526,0.0067790700932033356,0.016143596413999997,-0.002579166206501199,0.006782215103749399
sub-028,31,1,0.0525042805275046,0.075577193483614,0.0427751457619377,0.0328020477216762,0.0747563067542475,0.0025497934209145,0.0722065133333329,0.0525042805275046,0.8125,32,2,"envelope,onset",data/processed/env_onset/sub-028_mtrf_env_onset.npz,-0.5,0.0,0.05,hamming,1,,l2,1,True,mean,"1.0,1.0",results_env_onset\sub-028\sub-028_backward_mtrf_env_onset.summary.json,results_env_onset\sub-028\sub-028_backward_mtrf_env_onset.trial_results.csv,nh,NH,0,0.07572158542391119,0.042801263188490514,0.07489603424970925,0.0025497989467178836,0.03292032223542068,0.07234623530299136,0.052633278769206024,0.032802047721676296,0.072206513333333,0.05250428052750465
sub-029,0,1,0.1622617092585589,0.1257760004622691,-0.051529087571166,0.1773050880334352,0.1220813946319434,-0.0251369358517392,0.1472183304836826,0.1622617092585589,1.0,32,2,"envelope,onset",data/processed/env_onset/sub-029_mtrf_env_onset.npz,-0.5,0.0,0.05,hamming,1,,l2,1,True,mean,"1.0,1.0",results_env_onset\sub-029\sub-029_backward_mtrf_env_onset.summary.json,results_env_onset\sub-029\sub-029_backward_mtrf_env_onset.trial_results.csv,nh,NH,0,0.12644560992202455,-0.0515747678514919,0.12269337147054492,-0.0251422322477326,0.17802037777351645,0.14783560371827753,0.16292799074589698,0.17730508803343512,0.1472183304836826,0.16226170925855887
sub-029,1,1,0.1174786798304609,0.0642881672994017,-0.0642364711183802,0.1285246384177819,0.0806323935715738,-0.0258003276715661,0.10643272124314,0.1174786798304609,1.0,32,2,"envelope,onset",data/processed/env_onset/sub-029_mtrf_env_onset.npz,-0.5,0.0,0.05,hamming,1,,l2,1,True,mean,"1.0,1.0",results_env_onset\sub-029\sub-029_backward_mtrf_env_onset.summary.json,results_env_onset\sub-029\sub-029_backward_mtrf_env_onset.trial_results.csv,nh,NH,0,0.06437695456575424,-0.06432504401252961,0.08080782449252906,-0.025806054681188347,0.12870199857828385,0.10661387917371741,0.11765793887600062,0.1285246384177819,0.1064327212431399,0.1174786798304609
sub-029,2,1,0.091057884285139,0.0170153671615727,-0.0703749363291114,0.0873903034906841,0.0289662279686456,-0.0657592371109483,0.0947254650795939,0.091057884285139,1.0,32,2,"envelope,onset",data/processed/env_onset/sub-029_mtrf_env_onset.npz,-0.5,0.0,0.05,hamming,1,,l2,1,True,mean,"1.0,1.0",results_env_onset\sub-029\sub-029_backward_mtrf_env_onset.summary.json,results_env_onset\sub-029\sub-029_backward_mtrf_env_onset.trial_results.csv,nh,NH,0,0.017017009558681025,-0.07049146317364906,0.02897433334694191,-0.06585427086245932,0.08750847273233009,0.09482860420940123,0.09116853847086566,0.08739030349068411,0.0947254650795939,0.091057884285139
sub-029,3,1,0.1510725329453827,0.1298799745968269,-0.0313716272105095,0.1612516018073364,0.1639317684207868,0.0230383043373578,0.1408934640834289,0.1510725329453827,1.0,32,2,"envelope,onset",data/processed/env_onset/sub-029_mtrf_env_onset.npz,-0.5,0.0,0.05,hamming,1,,l2,1,True,mean,"1.0,1.0",results_env_onset\sub-029\sub-029_backward_mtrf_env_onset.summary.json,results_env_onset\sub-029\sub-029_backward_mtrf_env_onset.trial_results.csv,nh,NH,0,0.13061776326373478,-0.03138192505764972,0.1654243909511421,0.02304238159929957,0.1619996883213845,0.14238200935184253,0.15219084883661352,0.1612516018073364,0.140893464083429,0.1510725329453827
sub-029,4,1,0.0567796220304866,0.0777558167899255,-0.0197172824071683,0.0974730991970939,0.0556494413793322,0.0395632965154529,0.0160861448638792,0.0567796220304866,1.0,32,2,"envelope,onset",data/processed/env_onset/sub-029_mtrf_env_onset.npz,-0.5,0.0,0.05,hamming,1,,l2,1,True,mean,"1.0,1.0",results_env_onset\sub-029\sub-029_backward_mtrf_env_onset.summary.json,results_env_onset\sub-029\sub-029_backward_mtrf_env_onset.trial_results.csv,nh,NH,0,0.07791309074453093,-0.019719838174041777,0.055706994540088886,0.039583958131732884,0.0976329289185727,0.016123036408356002,0.056877982663464347,0.09747309919709381,0.016086144863879298,0.05677962203048655
sub-029,5,1,0.2099302117049332,0.1185584048833066,-0.0633125638358944,0.181870968719201,0.1695744083630797,-0.0684150463275855,0.2379894546906653,0.2099302117049332,1.0,32,2,"envelope,onset",data/processed/env_onset/sub-029_mtrf_env_onset.npz,-0.5,0.0,0.05,hamming,1,,l2,1,True,mean,"1.0,1.0",results_env_onset\sub-029\sub-029_backward_mtrf_env_onset.summary.json,results_env_onset\sub-029\sub-029_backward_mtrf_env_onset.trial_results.csv,nh,NH,0,0.11911862666187195,-0.06339736361137974,0.17122843884981492,-0.06852208868207015,0.1825159902732517,0.23975052753188508,0.2111332589025684,0.181870968719201,0.23798945469066518,0.2099302117049331
sub-029,6,1,0.1004110836645034,0.0982676785204876,-0.0218037415000404,0.120071420020528,0.0686158729419382,-0.0121348743665406,0.0807507473084788,0.1004110836645034,1.0,32,2,"envelope,onset",data/processed/env_onset/sub-029_mtrf_env_onset.npz,-0.5,0.0,0.05,hamming,1,,l2,1,True,mean,"1.0,1.0",results_env_onset\sub-029\sub-029_backward_mtrf_env_onset.summary.json,results_env_onset\sub-029\sub-029_backward_mtrf_env_onset.trial_results.csv,nh,NH,0,0.09858583240315032,-0.021807197675022184,0.0687238624976993,-0.012135470060192626,0.12039303007817251,0.08085933255789192,0.10062618131803222,0.120071420020528,0.08075074730847881,0.10041108366450341
sub-029,7,1,0.0939517701577332,0.1099045338248218,-0.0031289366531031,0.1130334704779249,0.0992481859896654,0.0243781161521239,0.0748700698375414,0.0939517701577332,1.0,32,2,"envelope,onset",data/processed/env_onset/sub-029_mtrf_env_onset.npz,-0.5,0.0,0.05,hamming,1,,l2,1,True,mean,"1.0,1.0",results_env_onset\sub-029\sub-029_backward_mtrf_env_onset.summary.json,results_env_onset\sub-029\sub-029_backward_mtrf_env_onset.trial_results.csv,nh,NH,0,0.11035028135271467,-0.00312894686418145,0.09957599715956372,0.02438294711909293,0.11347922821689613,0.07519305004047079,0.09433613912868347,0.1130334704779249,0.07487006983754149,0.0939517701577332
sub-029,8,1,0.165487357614041,0.1503426939008345,0.0093826066022716,0.1409600872985629,0.2071098041501157,0.0170951762205965,0.1900146279295191,0.165487357614041,1.0,32,2,"envelope,onset",data/processed/env_onset/sub-029_mtrf_env_onset.npz,-0.5,0.0,0.05,hamming,1,,l2,1,True,mean,"1.0,1.0",results_env_onset\sub-029\sub-029_backward_mtrf_env_onset.summary.json,results_env_onset\sub-029\sub-029_backward_mtrf_env_onset.trial_results.csv,nh,NH,0,0.15149103638370068,0.00938288194411004,0.21014972223403763,0.017096841839544113,0.14210815443959063,0.19305288039449353,0.16758051741704208,0.14096008729856288,0.1900146279295192,0.16548735761404104
sub-029,9,1,0.1204361870652929,0.1049870417735419,-0.0096186493706501,0.1146056911441921,0.0936548961594047,-0.0326117868269889,0.1262666829863937,0.1204361870652929,1.0,32,2,"envelope,onset",data/processed/env_onset/sub-029_mtrf_env_onset.npz,-0.5,0.0,0.05,hamming,1,,l2,1,True,mean,"1.0,1.0",results_env_onset\sub-029\sub-029_backward_mtrf_env_onset.summary.json,results_env_onset\sub-029\sub-029_backward_mtrf_env_onset.trial_results.csv,nh,NH,0,0.10537534517298039,-0.009618946021184687,0.0939301694883348,-0.03262335539975628,0.11499429119416507,0.12655352488809107,0.12077390804112807,0.114605691144192,0.1262666829863936,0.1204361870652928
sub-029,10,1,0.0769972108892189,0.0432904865212469,-0.0302941026771265,0.0735845891983735,0.0711996008726988,-0.0092102317073654,0.0804098325800643,0.0769972108892189,1.0,32,2,"envelope,onset",data/processed/env_onset/sub-029_mtrf_env_onset.npz,-0.5,0.0,0.05,hamming,1,,l2,1,True,mean,"1.0,1.0",results_env_onset\sub-029\sub-029_backward_mtrf_env_onset.summary.json,results_env_onset\sub-029\sub-029_backward_mtrf_env_onset.trial_results.csv,nh,NH,0,0.04331756004985039,-0.030303375079194537,0.07132028083568934,-0.009210492150263158,0.07362093512904493,0.0805307729859525,0.07707585405749871,0.0735845891983734,0.0804098325800642,0.0769972108892188
sub-029,11,1,0.104413916389563,0.0828125430214804,-0.0223372122434297,0.1051497552649102,0.0915947582267057,-0.0120833192875102,0.1036780775142159,0.104413916389563,1.0,32,2,"envelope,onset",data/processed/env_onset/sub-029_mtrf_env_onset.npz,-0.5,0.0,0.05,hamming,1,,l2,1,True,mean,"1.0,1.0",results_env_onset\sub-029\sub-029_backward_mtrf_env_onset.summary.json,results_env_onset\sub-029\sub-029_backward_mtrf_env_onset.trial_results.csv,nh,NH,0,0.08300263299945872,-0.022340928414512625,0.09185220317709067,-0.01208390742050929,0.10534356141397135,0.10393611059759995,0.10463983600578565,0.1051497552649101,0.1036780775142159,0.104413916389563
sub-029,12,1,0.1022575083750759,0.070771028177768,-0.0257643780890549,0.0965354062668229,0.12219351420267,0.0142139037193411,0.1079796104833289,0.1022575083750759,1.0,32,2,"envelope,onset",data/processed/env_onset/sub-029_mtrf_env_onset.npz,-0.5,0.0,0.05,hamming,1,,l2,1,True,mean,"1.0,1.0",results_env_onset\sub-029\sub-029_backward_mtrf_env_onset.summary.json,results_env_onset\sub-029\sub-029_backward_mtrf_env_onset.trial_results.csv,nh,NH,0,0.07088953765581416,-0.025770081186021893,0.1228071889197722,0.01421486107102019,0.09665961884183605,0.10859232784875202,0.10262597334529402,0.09653540626682289,0.1079796104833289,0.10225750837507588
sub-029,13,1,0.1646049551803467,0.1986948685990074,-0.0120823427224811,0.2107772113214886,0.1329716008294233,0.0145389017902184,0.1184326990392048,0.1646049551803467,1.0,32,2,"envelope,onset",data/processed/env_onset/sub-029_mtrf_env_onset.npz,-0.5,0.0,0.05,hamming,1,,l2,1,True,mean,"1.0,1.0",results_env_onset\sub-029\sub-029_backward_mtrf_env_onset.summary.json,results_env_onset\sub-029\sub-029_backward_mtrf_env_onset.trial_results.csv,nh,NH,0,0.2013734108951729,-0.01208293071288595,0.13376373166524483,0.014539926329559524,0.21345634160805887,0.1192238053356853,0.16634007347187207,0.2107772113214885,0.1184326990392049,0.1646049551803467
sub-029,14,1,0.0284391778288791,-0.0018022430785358,-0.0035569465102131,0.0017547034316773,0.0207963944764996,-0.0343272577495813,0.0551236522260809,0.0284391778288791,1.0,32,2,"envelope,onset",data/processed/env_onset/sub-029_mtrf_env_onset.npz,-0.5,0.0,0.05,hamming,1,,l2,1,True,mean,"1.0,1.0",results_env_onset\sub-029\sub-029_backward_mtrf_env_onset.summary.json,results_env_onset\sub-029\sub-029_backward_mtrf_env_onset.trial_results.csv,nh,NH,0,-0.0018022450298162376,-0.003556961511000115,0.02079939333243326,-0.034340750586817924,0.0017547164811838774,0.055140143919251185,0.028447430200217533,0.0017547034316773,0.0551236522260809,0.0284391778288791
sub-029,15,1,0.1217296742840603,0.1090049426790566,-0.0045437057984476,0.1135486484775043,0.1395014677012585,0.0095907676106421,0.1299107000906163,0.1217296742840603,1.0,32,2,"envelope,onset",data/processed/env_onset/sub-029_mtrf_env_onset.npz,-0.5,0.0,0.05,hamming,1,,l2,1,True,mean,"1.0,1.0",results_env_onset\sub-029\sub-029_backward_mtrf_env_onset.summary.json,results_env_onset\sub-029\sub-029_backward_mtrf_env_onset.trial_results.csv,nh,NH,0,0.1094397820516212,-0.004543737067501069,0.14041711334732837,0.009591061688833367,0.11398351911912227,0.130826051658495,0.12240478538880864,0.11354864847750419,0.12991070009061642,0.12172967428406031
sub-029,16,1,0.2115489818302111,0.1368517758184371,-0.0762990760225177,0.2131508518409548,0.1530382672165972,-0.0569088446028702,0.2099471118194674,0.2115489818302111,1.0,32,2,"envelope,onset",data/processed/env_onset/sub-029_mtrf_env_onset.npz,-0.5,0.0,0.05,hamming,1,,l2,1,True,mean,"1.0,1.0",results_env_onset\sub-029\sub-029_backward_mtrf_env_onset.summary.json,results_env_onset\sub-029\sub-029_backward_mtrf_env_onset.trial_results.csv,nh,NH,0,0.13771584504279932,-0.07644765494781833,0.1542500975296791,-0.05697039956846778,0.21416349999061765,0.2112204970981469,0.21269199854438225,0.2131508518409548,0.2099471118194674,0.2115489818302111
sub-029,17,1,0.0414192929324845,0.0005343443010537,-0.0604775337564073,0.0610118780574611,0.0169575327331029,-0.0048691750744049,0.0218267078075079,0.0414192929324845,1.0,32,2,"envelope,onset",data/processed/env_onset/sub-029_mtrf_env_onset.npz,-0.5,0.0,0.05,hamming,1,,l2,1,True,mean,"1.0,1.0",results_env_onset\sub-029\sub-029_backward_mtrf_env_onset.summary.json,results_env_onset\sub-029\sub-029_backward_mtrf_env_onset.trial_results.csv,nh,NH,0,0.0005343443519097194,-0.06055142882860929,0.016959158437862654,-0.004869213555825281,0.06108577318051901,0.021828371993687937,0.041457072587103475,0.061011878057461,0.021826707807507797,0.0414192929324844
sub-029,18,1,0.0972885340460121,0.0944940995995438,0.0088643101129032,0.0856297894866405,0.1198616142504264,0.0109143356450427,0.1089472786053837,0.0972885340460121,1.0,32,2,"envelope,onset",data/processed/env_onset/sub-029_mtrf_env_onset.npz,-0.5,0.0,0.05,hamming,1,,l2,1,True,mean,"1.0,1.0",results_env_onset\sub-029\sub-029_backward_mtrf_env_onset.summary.json,results_env_onset\sub-029\sub-029_backward_mtrf_env_onset.trial_results.csv,nh,NH,0,0.09477686625577367,0.008864542297841888,0.12044062315390608,0.010914769057813078,0.08591232395793177,0.109525854096093,0.09771908902701239,0.0856297894866406,0.1089472786053837,0.09728853404601215
sub-029,19,1,0.1582110677942335,0.1728675569008203,0.010322927804745,0.1625446290960752,0.1490586077221905,-0.0048188987702011,0.1538775064923917,0.1582110677942335,1.0,32,2,"envelope,onset",data/processed/env_onset/sub-029_mtrf_env_onset.npz,-0.5,0.0,0.05,hamming,1,,l2,1,True,mean,"1.0,1.0",results_env_onset\sub-029\sub-029_backward_mtrf_env_onset.summary.json,results_env_onset\sub-029\sub-029_backward_mtrf_env_onset.trial_results.csv,nh,NH,0,0.17462105075460588,0.010323294508354175,0.15017751358800735,-0.004818936071865129,0.1642977562462517,0.15499644965987247,0.1596471029530621,0.1625446290960753,0.15387750649239162,0.15821106779423347
sub-029,20,1,0.1639898782484875,0.1019116624544766,-0.0564481724703591,0.1583598349248357,0.1299268867431616,-0.0396930348289776,0.1696199215721393,0.1639898782484875,1.0,32,2,"envelope,onset",data/processed/env_onset/sub-029_mtrf_env_onset.npz,-0.5,0.0,0.05,hamming,1,,l2,1,True,mean,"1.0,1.0",results_env_onset\sub-029\sub-029_backward_mtrf_env_onset.summary.json,results_env_onset\sub-029\sub-029_backward_mtrf_env_onset.trial_results.csv,nh,NH,0,0.10226669524605389,-0.05650824277053364,0.13066548063602654,-0.03971390050584268,0.15877493801658754,0.1703793811418692,0.16457715957922836,0.15835983492483569,0.1696199215721392,0.16398987824848743
sub-029,21,1,0.1544385551557091,0.1503069142607271,-0.0538178768908832,0.2041247911516104,0.1032687095563282,-0.0014836096034796,0.1047523191598078,0.1544385551557091,1.0,32,2,"envelope,onset",data/processed/env_onset/sub-029_mtrf_env_onset.npz,-0.5,0.0,0.05,hamming,1,,l2,1,True,mean,"1.0,1.0",results_env_onset\sub-029\sub-029_backward_mtrf_env_onset.summary.json,results_env_onset\sub-029\sub-029_backward_mtrf_env_onset.trial_results.csv,nh,NH,0,0.15145442951823634,-0.05386992609103905,0.10363817706549074,-0.0014836106920041452,0.2053243556092754,0.10512178775749488,0.15522307168338514,0.2041247911516103,0.1047523191598078,0.15443855515570906
sub-029,22,1,0.1136757717535104,0.1571537703491359,0.0194400277227697,0.1377137426263662,0.1374714921354241,0.0478336912547693,0.0896378008806547,0.1136757717535104,1.0,32,2,"envelope,onset",data/processed/env_onset/sub-029_mtrf_env_onset.npz,-0.5,0.0,0.05,hamming,1,,l2,1,True,mean,"1.0,1.0",results_env_onset\sub-029\sub-029_backward_mtrf_env_onset.summary.json,results_env_onset\sub-029\sub-029_backward_mtrf_env_onset.trial_results.csv,nh,NH,0,0.15846704492192332,0.019442477168807485,0.13834744384809222,0.047870223571553634,0.13902456775311584,0.0904772202765386,0.11475089401482721,0.1377137426263662,0.08963780088065479,0.1136757717535105
sub-029,23,1,0.0896344604326812,0.0640661585687834,-0.0117541901038639,0.0758203486726473,0.0932583639473802,-0.0101902082453349,0.1034485721927152,0.0896344604326812,1.0,32,2,"envelope,onset",data/processed/env_onset/sub-029_mtrf_env_onset.npz,-0.5,0.0,0.05,hamming,1,,l2,1,True,mean,"1.0,1.0",results_env_onset\sub-029\sub-029_backward_mtrf_env_onset.summary.json,results_env_onset\sub-029\sub-029_backward_mtrf_env_onset.trial_results.csv,nh,NH,0,0.06415402766333471,-0.011754731472236402,0.09353014338622405,-0.010190560985555853,0.07590875913557112,0.10372070437177991,0.08981473175367552,0.0758203486726473,0.1034485721927151,0.0896344604326812
sub-029,24,1,0.1755359144843543,0.1637799794040709,-0.0533453989505318,0.2171253783546028,0.10347806614108,-0.0304683844730258,0.1339464506141058,0.1755359144843543,1.0,32,2,"envelope,onset",data/processed/env_onset/sub-029_mtrf_env_onset.npz,-0.5,0.0,0.05,hamming,1,,l2,1,True,mean,"1.0,1.0",results_env_onset\sub-029\sub-029_backward_mtrf_env_onset.summary.json,results_env_onset\sub-029\sub-029_backward_mtrf_env_onset.trial_results.csv,nh,NH,0,0.16526841415242213,-0.053396087755738224,0.1038497950125602,-0.030477817889733225,0.21866450190816036,0.13432761290229342,0.1764960574052269,0.21712537835460272,0.13394645061410582,0.17553591448435427
sub-029,25,1,0.0381126181902451,0.086493465686045,0.0361222232608848,0.0503712424251601,0.0774046578220668,0.0515506638667366,0.0258539939553302,0.0381126181902451,1.0,32,2,"envelope,onset",data/processed/env_onset/sub-029_mtrf_env_onset.npz,-0.5,0.0,0.05,hamming,1,,l2,1,True,mean,"1.0,1.0",results_env_onset\sub-029\sub-029_backward_mtrf_env_onset.summary.json,results_env_onset\sub-029\sub-029_backward_mtrf_env_onset.trial_results.csv,nh,NH,0,0.08671012836905977,0.036137946512023775,0.07755980545719011,0.05159640161409879,0.05057218185703599,0.025963403843091322,0.03826779285006365,0.0503712424251602,0.025853993955330203,0.0381126181902452
sub-029,26,1,0.0719995759408564,0.0950244493271988,0.0051952153860967,0.089829233941102,0.0354330362652316,-0.0187368816753792,0.0541699179406108,0.0719995759408564,1.0,32,2,"envelope,onset",data/processed/env_onset/sub-029_mtrf_env_onset.npz,-0.5,0.0,0.05,hamming,1,,l2,1,True,mean,"1.0,1.0",results_env_onset\sub-029\sub-029_backward_mtrf_env_onset.summary.json,results_env_onset\sub-029\sub-029_backward_mtrf_env_onset.trial_results.csv,nh,NH,0,0.0953120213250958,0.005195262126930008,0.03544787617211255,-0.018739074794301605,0.09011675919816578,0.054186950966414155,0.07215185508228997,0.08982923394110211,0.0541699179406108,0.07199957594085646
sub-029,27,1,0.0882341116304575,0.0617552367572804,-0.0067846676874944,0.0685399044447748,0.112724080710605,0.0047957618944647,0.1079283188161403,0.0882341116304575,1.0,32,2,"envelope,onset",data/processed/env_onset/sub-029_mtrf_env_onset.npz,-0.5,0.0,0.05,hamming,1,,l2,1,True,mean,"1.0,1.0",results_env_onset\sub-029\sub-029_backward_mtrf_env_onset.summary.json,results_env_onset\sub-029\sub-029_backward_mtrf_env_onset.trial_results.csv,nh,NH,0,0.061833922392625806,-0.006784771793667605,0.11320520522966823,0.004795798661412309,0.0686186941862934,0.10840940656825593,0.08851405037727467,0.0685399044447748,0.10792831881614029,0.08823411163045755
sub-029,28,1,0.1186199393136616,0.0883264010868274,-0.0457792430263021,0.1341056441131295,0.0839674348286401,-0.0191667996855535,0.1031342345141936,0.1186199393136616,1.0,32,2,"envelope,onset",data/processed/env_onset/sub-029_mtrf_env_onset.npz,-0.5,0.0,0.05,hamming,1,,l2,1,True,mean,"1.0,1.0",results_env_onset\sub-029\sub-029_backward_mtrf_env_onset.summary.json,results_env_onset\sub-029\sub-029_backward_mtrf_env_onset.trial_results.csv,nh,NH,0,0.08855717666887442,-0.04581126374994403,0.08416561216901335,-0.019169147281218914,0.13436844041881846,0.10333475945023227,0.11885159993452536,0.1341056441131295,0.1031342345141936,0.11861993931366155
sub-029,29,1,0.0589664911382247,0.0851537002861515,-0.0136408932868793,0.0987945935730308,0.0603936924869173,0.0412553037834988,0.0191383887034185,0.0589664911382247,1.0,32,2,"envelope,onset",data/processed/env_onset/sub-029_mtrf_env_onset.npz,-0.5,0.0,0.05,hamming,1,,l2,1,True,mean,"1.0,1.0",results_env_onset\sub-029\sub-029_backward_mtrf_env_onset.summary.json,results_env_onset\sub-029\sub-029_backward_mtrf_env_onset.trial_results.csv,nh,NH,0,0.08536042124049746,-0.013641739453072229,0.060467280209322766,0.041278733224557836,0.0990021606935697,0.01918854698476493,0.05909535383916731,0.0987945935730308,0.019138388703418496,0.05896649113822465
sub-029,30,1,0.1423633615221131,0.1166314742354909,-0.0596579381695467,0.1762894124050377,0.0805571310832396,-0.027880179555949,0.1084373106391886,0.1423633615221131,1.0,32,2,"envelope,onset",data/processed/env_onset/sub-029_mtrf_env_onset.npz,-0.5,0.0,0.05,hamming,1,,l2,1,True,mean,"1.0,1.0",results_env_onset\sub-029\sub-029_backward_mtrf_env_onset.summary.json,results_env_onset\sub-029\sub-029_backward_mtrf_env_onset.trial_results.csv,nh,NH,0,0.11716467501884825,-0.05972886527641813,0.080732069939267,-0.027887406722399633,0.17689354029526638,0.10861947666166663,0.1427565084784665,0.1762894124050376,0.1084373106391886,0.1423633615221131
sub-029,31,1,0.1185573263996832,0.1104624406542025,-0.011362186415204,0.1218246270694065,0.117456977457424,0.0021669517274641,0.1152900257299598,0.1185573263996832,1.0,32,2,"envelope,onset",data/processed/env_onset/sub-029_mtrf_env_onset.npz,-0.5,0.0,0.05,hamming,1,,l2,1,True,mean,"1.0,1.0",results_env_onset\sub-029\sub-029_backward_mtrf_env_onset.summary.json,results_env_onset\sub-029\sub-029_backward_mtrf_env_onset.trial_results.csv,nh,NH,0,0.11091504465028822,-0.011362675403110336,0.11800164422572901,0.002166955119244133,0.12227772005339856,0.11583468910648488,0.11905620457994172,0.1218246270694065,0.1152900257299599,0.1185573263996832
sub-030,0,1,0.0878333709837929,0.1397153669874135,0.0866311818650786,0.0530841851223348,0.1356040466947769,0.0130214898495259,0.122582556845251,0.0878333709837929,0.9375,32,2,"envelope,onset",data/processed/env_onset/sub-030_mtrf_env_onset.npz,-0.5,0.0,0.05,hamming,1,,l2,1,True,mean,"1.0,1.0",results_env_onset\sub-030\sub-030_backward_mtrf_env_onset.summary.json,results_env_onset\sub-030\sub-030_backward_mtrf_env_onset.trial_results.csv,nh,NH,0,0.1406352645118776,0.08684888425112455,0.13644452248195324,0.013022225895534163,0.05378638026075305,0.12342229658641908,0.08860433842358606,0.0530841851223349,0.122582556845251,0.08783337098379296
sub-030,1,0,-0.0082836070090048,0.0663816474691964,0.0594554253723923,0.006926222096804,0.0867634104635417,0.1102568465783554,-0.0234934361148137,-0.0082836070090048,0.9375,32,2,"envelope,onset",data/processed/env_onset/sub-030_mtrf_env_onset.npz,-0.5,0.0,0.05,hamming,1,,l2,1,True,mean,"1.0,1.0",results_env_onset\sub-030\sub-030_backward_mtrf_env_onset.summary.json,results_env_onset\sub-030\sub-030_backward_mtrf_env_onset.trial_results.csv,nh,NH,0,0.06647941016392607,0.05952563160907785,0.08698211426266586,0.11070691571919233,0.006953778554848217,-0.023724801456526473,-0.008385511450839128,0.006926222096804109,-0.023493436114813693,-0.008283607009004792
sub-030,2,1,0.0563447325538628,0.077837644656402,-0.0103542017332368,0.0881918463896389,0.0813799348442923,0.0568823161262056,0.0244976187180866,0.0563447325538628,0.9375,32,2,"envelope,onset",data/processed/env_onset/sub-030_mtrf_env_onset.npz,-0.5,0.0,0.05,hamming,1,,l2,1,True,mean,"1.0,1.0",results_env_onset\sub-030\sub-030_backward_mtrf_env_onset.summary.json,results_env_onset\sub-030\sub-030_backward_mtrf_env_onset.trial_results.csv,nh,NH,0,0.07799541687607817,-0.01035457177994852,0.08156030356788385,0.05694378493739131,0.08834998865602668,0.024616518630492544,0.05648325364325961,0.0881918463896388,0.024497618718086707,0.056344732553862756
sub-030,3,1,0.1860165372023827,0.1278379067373651,-0.0508038561864238,0.1786417629237889,0.1685873353063046,-0.0248039761746719,0.1933913114809765,0.1860165372023827,0.9375,32,2,"envelope,onset",data/processed/env_onset/sub-030_mtrf_env_onset.npz,-0.5,0.0,0.05,hamming,1,,l2,1,True,mean,"1.0,1.0",results_env_onset\sub-030\sub-030_backward_mtrf_env_onset.summary.json,results_env_onset\sub-030\sub-030_backward_mtrf_env_onset.trial_results.csv,nh,NH,0,0.12854121431402193,-0.05084763278924772,0.17021231644684837,-0.024809064829807333,0.17938884710326966,0.1950213812766557,0.18720511418996266,0.1786417629237889,0.1933913114809765,0.1860165372023827
sub-030,4,1,0.0692612594809762,0.0572858971777773,0.0221970197725964,0.0350888774051809,0.1201056969765903,0.0166720554198188,0.1034336415567715,0.0692612594809762,0.9375,32,2,"envelope,onset",data/processed/env_onset/sub-030_mtrf_env_onset.npz,-0.5,0.0,0.05,hamming,1,,l2,1,True,mean,"1.0,1.0",results_env_onset\sub-030\sub-030_backward_mtrf_env_onset.summary.json,results_env_onset\sub-030\sub-030_backward_mtrf_env_onset.trial_results.csv,nh,NH,0,0.05734868540125172,0.02220066639811126,0.12068827103955417,0.01667360038472412,0.03514801900314046,0.10401467065483004,0.06958134482898526,0.03508887740518091,0.10343364155677151,0.06926125948097621
sub-030,5,1,0.0688616272458035,0.1074646180205718,0.0603832815875832,0.0470813364329886,0.106609257851468,0.0159673397928494,0.0906419180586185,0.0688616272458035,0.9375,32,2,"envelope,onset",data/processed/env_onset/sub-030_mtrf_env_onset.npz,-0.5,0.0,0.05,hamming,1,,l2,1,True,mean,"1.0,1.0",results_env_onset\sub-030\sub-030_backward_mtrf_env_onset.summary.json,results_env_onset\sub-030\sub-030_backward_mtrf_env_onset.trial_results.csv,nh,NH,0,0.10788119862764964,0.06045683120487926,0.10701592504517406,0.015968696989846428,0.047424367422770376,0.09104722805532763,0.069235797739049,0.047081336432988605,0.0906419180586186,0.06886162724580361
sub-030,6,1,0.1009424063980841,0.1468601898943428,0.0516417423324534,0.0952184475618893,0.1510214818291013,0.0443551165948224,0.1066663652342788,0.1009424063980841,0.9375,32,2,"envelope,onset",data/processed/env_onset/sub-030_mtrf_env_onset.npz,-0.5,0.0,0.05,hamming,1,,l2,1,True,mean,"1.0,1.0",results_env_onset\sub-030\sub-030_backward_mtrf_env_onset.summary.json,results_env_onset\sub-030\sub-030_backward_mtrf_env_onset.trial_results.csv,nh,NH,0,0.1479298898312398,0.05168772319328112,0.15218559434320858,0.044384238715127186,0.09624216663795869,0.1078013556280814,0.10202176113302004,0.0952184475618894,0.1066663652342789,0.10094240639808415
sub-030,7,1,0.07960119835342,0.1308026953327192,0.0624069816536503,0.0683957136790688,0.1438458172912313,0.0530391342634601,0.0908066830277712,0.07960119835342,0.9375,32,2,"envelope,onset",data/processed/env_onset/sub-030_mtrf_env_onset.npz,-0.5,0.0,0.05,hamming,1,,l2,1,True,mean,"1.0,1.0",results_env_onset\sub-030\sub-030_backward_mtrf_env_onset.summary.json,results_env_onset\sub-030\sub-030_backward_mtrf_env_onset.trial_results.csv,nh,NH,0,0.13155643096843186,0.06248818889757535,0.14485045392636112,0.05308895405686003,0.06906824207085652,0.09176149986950108,0.0804148709701788,0.06839571367906891,0.0908066830277712,0.07960119835342006
sub-030,8,1,0.1330274900018327,0.1898262581499068,0.0238020370654792,0.1660242210844276,0.1611286090120085,0.0610978500927707,0.1000307589192378,0.1330274900018327,0.9375,32,2,"envelope,onset",data/processed/env_onset/sub-030_mtrf_env_onset.npz,-0.5,0.0,0.05,hamming,1,,l2,1,True,mean,"1.0,1.0",results_env_onset\sub-030\sub-030_backward_mtrf_env_onset.summary.json,results_env_onset\sub-030\sub-030_backward_mtrf_env_onset.trial_results.csv,nh,NH,0,0.1921569265574508,0.023806533505325297,0.16254517182064104,0.06117404584444627,0.1683503930521255,0.10137112597619477,0.13486075951416016,0.1660242210844276,0.10003075891923781,0.1330274900018327
sub-030,9,1,0.0417216603163974,0.1541296760323748,0.0969440459763274,0.0571856300560473,0.1438915171069772,0.1176338265302297,0.0262576905767474,0.0417216603163974,0.9375,32,2,"envelope,onset",data/processed/env_onset/sub-030_mtrf_env_onset.npz,-0.5,0.0,0.05,hamming,1,,l2,1,True,mean,"1.0,1.0",results_env_onset\sub-030\sub-030_backward_mtrf_env_onset.summary.json,results_env_onset\sub-030\sub-030_backward_mtrf_env_onset.trial_results.csv,nh,NH,0,0.15536787258577694,0.09724946824284827,0.14489711963804142,0.11818097104359898,0.05811840434292867,0.026716148594442435,0.04241727646868555,0.05718563005604739,0.026257690576747497,0.041721660316397444
sub-030,10,1,0.1715345996388786,0.1372705080045472,-0.0490335546376956,0.1863040626422428,0.1219032633347542,-0.0348618733007602,0.1567651366355144,0.1715345996388786,0.9375,32,2,"envelope,onset",data/processed/env_onset/sub-030_mtrf_env_onset.npz,-0.5,0.0,0.05,hamming,1,,l2,1,True,mean,"1.0,1.0",results_env_onset\sub-030\sub-030_backward_mtrf_env_onset.summary.json,results_env_onset\sub-030\sub-030_backward_mtrf_env_onset.trial_results.csv,nh,NH,0,0.13814259403839224,-0.04907290837718394,0.1225125491518975,-0.0348760067367834,0.1872155024155762,0.1573885558886809,0.17230202915212856,0.1863040626422428,0.1567651366355144,0.1715345996388786
sub-030,11,1,0.072670500578666,0.1545085894158136,0.0941730337267258,0.0603355556890877,0.180849925587289,0.0958444801190447,0.0850054454682443,0.072670500578666,0.9375,32,2,"envelope,onset",data/processed/env_onset/sub-030_mtrf_env_onset.npz,-0.5,0.0,0.05,hamming,1,,l2,1,True,mean,"1.0,1.0",results_env_onset\sub-030\sub-030_backward_mtrf_env_onset.summary.json,results_env_onset\sub-030\sub-030_backward_mtrf_env_onset.trial_results.csv,nh,NH,0,0.1557560297010719,0.09445291761888105,0.18286121299964525,0.09613958943778875,0.06130311208219086,0.0867216235618565,0.07401236782202368,0.060335555689087814,0.08500544546824429,0.07267050057866606
sub-030,12,1,0.0941439501170224,0.2024695714322593,0.0976889929462329,0.1047805784860264,0.1818434434637049,0.0983361217156865,0.0835073217480184,0.0941439501170224,0.9375,32,2,"envelope,onset",data/processed/env_onset/sub-030_mtrf_env_onset.npz,-0.5,0.0,0.05,hamming,1,,l2,1,True,mean,"1.0,1.0",results_env_onset\sub-030\sub-030_backward_mtrf_env_onset.summary.json,results_env_onset\sub-030\sub-030_backward_mtrf_env_onset.trial_results.csv,nh,NH,0,0.2053063541812613,0.09800153772664029,0.18388851547828558,0.09865494343650795,0.10730481645462102,0.08523357204177763,0.09626919424819932,0.1047805784860264,0.0835073217480184,0.0941439501170224
sub-030,13,1,0.0609834721667879,0.1405995883852795,0.0865170841738854,0.0540825042113941,0.1475224207445003,0.0796379806223185,0.0678844401221817,0.0609834721667879,0.9375,32,2,"envelope,onset",data/processed/env_onset/sub-030_mtrf_env_onset.npz,-0.5,0.0,0.05,hamming,1,,l2,1,True,mean,"1.0,1.0",results_env_onset\sub-030\sub-030_backward_mtrf_env_onset.summary.json,results_env_onset\sub-030\sub-030_backward_mtrf_env_onset.trial_results.csv,nh,NH,0,0.14153720377503012,0.08673392493043919,0.14860678585035614,0.07980698441577917,0.054803278844590936,0.06879980143457697,0.06180154013958395,0.0540825042113941,0.06788444012218181,0.060983472166787955
sub-030,14,1,0.0105229922773496,0.0745854863547868,0.0310377709479313,0.0435477154068555,0.03207228560571,0.0545740164578663,-0.0225017308521563,0.0105229922773496,0.9375,32,2,"envelope,onset",data/processed/env_onset/sub-030_mtrf_env_onset.npz,-0.5,0.0,0.05,hamming,1,,l2,1,True,mean,"1.0,1.0",results_env_onset\sub-030\sub-030_backward_mtrf_env_onset.summary.json,results_env_onset\sub-030\sub-030_backward_mtrf_env_onset.trial_results.csv,nh,NH,0,0.07472425605881171,0.0310477433881541,0.03208328925218673,0.054628293170849856,0.04367651267065761,-0.022545003918663126,0.010565754375997244,0.04354771540685551,-0.0225017308521563,0.010522992277349603
sub-030,15,1,0.1243602359385993,0.1498381271179104,0.0070419425602047,0.1427961845577057,0.1564967608755169,0.0505724735560238,0.105924287319493,0.1243602359385993,0.9375,32,2,"envelope,onset",data/processed/env_onset/sub-030_mtrf_env_onset.npz,-0.5,0.0,0.05,hamming,1,,l2,1,True,mean,"1.0,1.0",results_env_onset\sub-030\sub-030_backward_mtrf_env_onset.summary.json,results_env_onset\sub-030\sub-030_backward_mtrf_env_onset.trial_results.csv,nh,NH,0,0.15097484119194052,0.007042058964525769,0.1577934693946919,0.05061565413735812,0.14393278222741474,0.10717781525733379,0.12555529874237426,0.14279618455770568,0.10592428731949309,0.12436023593859938
sub-030,16,1,0.1198490467972618,0.1347974169196515,0.0113702467441087,0.1234271701755428,0.1135308301585261,-0.0027400932604546,0.1162709234189807,0.1198490467972618,0.9375,32,2,"envelope,onset",data/processed/env_onset/sub-030_mtrf_env_onset.npz,-0.5,0.0,0.05,hamming,1,,l2,1,True,mean,"1.0,1.0",results_env_onset\sub-030\sub-030_backward_mtrf_env_onset.summary.json,results_env_onset\sub-030\sub-030_backward_mtrf_env_onset.trial_results.csv,nh,NH,0,0.13562287354254085,0.011370736773470603,0.11402241320574975,-0.002740100118127012,0.12425213676907025,0.11676251332387677,0.12050732504647352,0.12342717017554279,0.1162709234189807,0.11984904679726174
sub-030,17,1,0.257154303537465,0.1958132087090795,-0.0602231190457827,0.2560363277548622,0.2272202760286999,-0.0310520032913679,0.2582722793200679,0.257154303537465,0.9375,32,2,"envelope,onset",data/processed/env_onset/sub-030_mtrf_env_onset.npz,-0.5,0.0,0.05,hamming,1,,l2,1,True,mean,"1.0,1.0",results_env_onset\sub-030\sub-030_backward_mtrf_env_onset.summary.json,results_env_onset\sub-030\sub-030_backward_mtrf_env_onset.trial_results.csv,nh,NH,0,0.19837508631634584,-0.0602960841097818,0.23125645360361707,-0.0310619894617432,0.25867117042612764,0.2623184430653603,0.260494806745744,0.2560363277548622,0.2582722793200678,0.257154303537465
sub-030,18,1,0.2317185093582995,0.1615505439026748,-0.0269282132571722,0.1884787571598471,0.2562113124170859,-0.018746949139666,0.2749582615567519,0.2317185093582995,0.9375,32,2,"envelope,onset",data/processed/env_onset/sub-030_mtrf_env_onset.npz,-0.5,0.0,0.05,hamming,1,,l2,1,True,mean,"1.0,1.0",results_env_onset\sub-030\sub-030_backward_mtrf_env_onset.summary.json,results_env_onset\sub-030\sub-030_backward_mtrf_env_onset.trial_results.csv,nh,NH,0,0.16297838341503798,-0.02693472489695433,0.2620493014110323,-0.018749145796122475,0.18991310831199232,0.28079844720715474,0.23535577775957353,0.188478757159847,0.2749582615567519,0.23171850935829946
sub-030,19,1,0.2296718008740109,0.1666445276946034,-0.0416057017622336,0.208250229456837,0.2226330319476595,-0.0284603403435252,0.2510933722911848,0.2296718008740109,0.9375,32,2,"envelope,onset",data/processed/env_onset/sub-030_mtrf_env_onset.npz,-0.5,0.0,0.05,hamming,1,,l2,1,True,mean,"1.0,1.0",results_env_onset\sub-030\sub-030_backward_mtrf_env_onset.summary.json,results_env_onset\sub-030\sub-030_backward_mtrf_env_onset.trial_results.csv,nh,NH,0,0.16821334688290362,-0.04162973369449782,0.22642475389371844,-0.02846802828642037,0.20984308057740145,0.25489278218013883,0.23236793137877015,0.208250229456837,0.25109337229118467,0.22967180087401085
sub-030,20,1,0.1524553448857151,0.1252749755641389,-0.0105753485019715,0.1358503240661105,0.1368031980129028,-0.0322571676924169,0.1690603657053198,0.1524553448857151,0.9375,32,2,"envelope,onset",data/processed/env_onset/sub-030_mtrf_env_onset.npz,-0.5,0.0,0.05,hamming,1,,l2,1,True,mean,"1.0,1.0",results_env_onset\sub-030\sub-030_backward_mtrf_env_onset.summary.json,results_env_onset\sub-030\sub-030_backward_mtrf_env_onset.trial_results.csv,nh,NH,0,0.1259365641575656,-0.010575742770355952,0.1376663404235967,-0.03226836281090808,0.13651230692792155,0.1699347032345048,0.15322350508121318,0.13585032406611042,0.1690603657053197,0.15245534488571505
sub-030,21,1,0.0472353152686418,0.1035284575077115,0.0325275003447211,0.0710009571629903,0.085988239544844,0.0625185661705506,0.0234696733742934,0.0472353152686418,0.9375,32,2,"envelope,onset",data/processed/env_onset/sub-030_mtrf_env_onset.npz,-0.5,0.0,0.05,hamming,1,,l2,1,True,mean,"1.0,1.0",results_env_onset\sub-030\sub-030_backward_mtrf_env_onset.summary.json,results_env_onset\sub-030\sub-030_backward_mtrf_env_onset.trial_results.csv,nh,NH,0,0.10390073206402564,0.032538979412937,0.08620111644835507,0.06260021047778098,0.07136175265108864,0.023600905970574085,0.04748132931083136,0.0710009571629904,0.0234696733742934,0.0472353152686419
sub-030,22,1,0.1354150730968533,0.1419365316410352,-0.0217143092292656,0.1636508408703008,0.1507834675771167,0.0436041622537108,0.1071793053234058,0.1354150730968533,0.9375,32,2,"envelope,onset",data/processed/env_onset/sub-030_mtrf_env_onset.npz,-0.5,0.0,0.05,hamming,1,,l2,1,True,mean,"1.0,1.0",results_env_onset\sub-030\sub-030_backward_mtrf_env_onset.summary.json,results_env_onset\sub-030\sub-030_backward_mtrf_env_onset.trial_results.csv,nh,NH,0,0.1429013714882883,-0.0217177230419587,0.15194203383807262,0.04363182902101828,0.164619094530247,0.10831020481705433,0.13646464967365068,0.1636508408703008,0.10717930532340589,0.13541507309685336
sub-030,23,1,0.1398685668265327,0.1453444632663548,-0.0081752757976162,0.153519739063971,0.1211352829097856,-0.0050821116793088,0.1262173945890944,0.1398685668265327,0.9375,32,2,"envelope,onset",data/processed/env_onset/sub-030_mtrf_env_onset.npz,-0.5,0.0,0.05,hamming,1,,l2,1,True,mean,"1.0,1.0",results_env_onset\sub-030\sub-030_backward_mtrf_env_onset.summary.json,results_env_onset\sub-030\sub-030_backward_mtrf_env_onset.trial_results.csv,nh,NH,0,0.14638110264010745,-0.008175457936805708,0.12173305799201131,-0.005082155433341676,0.15455656057691317,0.12681521342535299,0.14068588700113308,0.153519739063971,0.1262173945890944,0.1398685668265327
sub-030,24,0,-0.0248798637533717,0.0971395639416914,0.1271356927040984,-0.029996128762407,0.0910672060401575,0.110830804784494,-0.0197635987443365,-0.0248798637533717,0.9375,32,2,"envelope,onset",data/processed/env_onset/sub-030_mtrf_env_onset.npz,-0.5,0.0,0.05,hamming,1,,l2,1,True,mean,"1.0,1.0",results_env_onset\sub-030\sub-030_backward_mtrf_env_onset.summary.json,results_env_onset\sub-030\sub-030_backward_mtrf_env_onset.trial_results.csv,nh,NH,0,0.09744684492718976,0.12782739868682488,0.0913202134663209,0.11128797444330393,-0.030380553759635123,-0.019967760976983037,-0.02517415736830908,-0.02999612876240701,-0.019763598744336502,-0.024879863753371756
sub-030,25,1,0.00562468916232,0.0996134408076779,0.1385892946270393,-0.0389758538193614,0.154539975424898,0.1043147432808965,0.0502252321440015,0.00562468916232,0.9375,32,2,"envelope,onset",data/processed/env_onset/sub-030_mtrf_env_onset.npz,-0.5,0.0,0.05,hamming,1,,l2,1,True,mean,"1.0,1.0",results_env_onset\sub-030\sub-030_backward_mtrf_env_onset.summary.json,results_env_onset\sub-030\sub-030_backward_mtrf_env_onset.trial_results.csv,nh,NH,0,0.09994489912621089,0.13948695691435073,0.1557881834699378,0.10469560223860327,-0.03954205778813984,0.05109258123133453,0.005775261721597348,-0.03897585381936142,0.0502252321440015,0.0056246891623200415
sub-030,26,1,0.1046903468206529,0.1457088094094604,0.0407911984654482,0.1049176109440121,0.1629220546828572,0.0584589719855635,0.1044630826972936,0.1046903468206529,0.9375,32,2,"envelope,onset",data/processed/env_onset/sub-030_mtrf_env_onset.npz,-0.5,0.0,0.05,hamming,1,,l2,1,True,mean,"1.0,1.0",results_env_onset\sub-030\sub-030_backward_mtrf_env_onset.summary.json,results_env_onset\sub-030\sub-030_backward_mtrf_env_onset.trial_results.csv,nh,NH,0,0.14675333185878148,0.040813845535298265,0.16438696928892402,0.05852570243326259,0.10593948632348321,0.10586126685566143,0.10590037658957233,0.1049176109440122,0.10446308269729371,0.10469034682065295
sub-030,27,1,0.0654867026363209,0.08181735759798,0.0401177996090049,0.041699557988975,0.1315204279375363,0.0422465806538694,0.0892738472836668,0.0654867026363209,0.9375,32,2,"envelope,onset",data/processed/env_onset/sub-030_mtrf_env_onset.npz,-0.5,0.0,0.05,hamming,1,,l2,1,True,mean,"1.0,1.0",results_env_onset\sub-030\sub-030_backward_mtrf_env_onset.summary.json,results_env_onset\sub-030\sub-030_backward_mtrf_env_onset.trial_results.csv,nh,NH,0,0.08200065836029806,0.04013934278459836,0.13228672715146933,0.04227174112977749,0.0418613155756997,0.09001498602169183,0.06593815079869576,0.04169955798897511,0.08927384728366689,0.065486702636321
sub-030,28,1,0.0922860773288775,0.161789765889831,0.0604902433621627,0.1012995225276682,0.1454775178494806,0.0622048857193938,0.0832726321300868,0.0922860773288775,0.9375,32,2,"envelope,onset",data/processed/env_onset/sub-030_mtrf_env_onset.npz,-0.5,0.0,0.05,hamming,1,,l2,1,True,mean,"1.0,1.0",results_env_onset\sub-030\sub-030_backward_mtrf_env_onset.summary.json,results_env_onset\sub-030\sub-030_backward_mtrf_env_onset.trial_results.csv,nh,NH,0,0.16322402581767373,0.060564185100644735,0.1465170313484753,0.06228530536277627,0.102659840717029,0.08423172598569903,0.09344578335136401,0.10129952252766829,0.08327263213008679,0.09228607732887753
sub-030,29,1,0.063926397161585,0.1001137697255028,0.0065939993555796,0.0935197703699231,0.0953135081735815,0.0609804842203345,0.0343330239532469,0.063926397161585,0.9375,32,2,"envelope,onset",data/processed/env_onset/sub-030_mtrf_env_onset.npz,-0.5,0.0,0.05,hamming,1,,l2,1,True,mean,"1.0,1.0",results_env_onset\sub-030\sub-030_backward_mtrf_env_onset.summary.json,results_env_onset\sub-030\sub-030_backward_mtrf_env_onset.trial_results.csv,nh,NH,0,0.10045026796688164,0.006594094928922486,0.09560372214716788,0.06105624105716102,0.09385617303795915,0.034547481090006854,0.064201827063983,0.0935197703699232,0.034333023953247,0.0639263971615851
sub-030,30,1,0.1397523712711681,0.1750637063522165,0.007526594906548,0.1675371114456685,0.1542616410921142,0.0422940099954465,0.1119676310966677,0.1397523712711681,0.9375,32,2,"envelope,onset",data/processed/env_onset/sub-030_mtrf_env_onset.npz,-0.5,0.0,0.05,hamming,1,,l2,1,True,mean,"1.0,1.0",results_env_onset\sub-030\sub-030_backward_mtrf_env_onset.summary.json,results_env_onset\sub-030\sub-030_backward_mtrf_env_onset.trial_results.csv,nh,NH,0,0.17688573987419892,0.0075267370376534675,0.15550305170517964,0.042319255368754125,0.16935900283654545,0.11318379633642552,0.1412713995864855,0.1675371114456685,0.11196763109666771,0.1397523712711681
sub-030,31,1,0.080131260716774,0.1658614065610149,0.0280121042642583,0.1378493022967565,0.1117671891889755,0.0893539700521839,0.0224132191367915,0.080131260716774,0.9375,32,2,"envelope,onset",data/processed/env_onset/sub-030_mtrf_env_onset.npz,-0.5,0.0,0.05,hamming,1,,l2,1,True,mean,"1.0,1.0",results_env_onset\sub-030\sub-030_backward_mtrf_env_onset.summary.json,results_env_onset\sub-030\sub-030_backward_mtrf_env_onset.trial_results.csv,nh,NH,0,0.16740796490610899,0.028019434542892345,0.11223610384192044,0.08959292041718167,0.13938853036321663,0.02264318342473877,0.0810158568939777,0.1378493022967566,0.022413219136791604,0.0801312607167741
sub-031,0,1,0.1362928068837975,0.1583122538704298,0.0514434381523378,0.1068688157180919,0.1989093117138826,0.0331925136643794,0.1657167980495031,0.1362928068837975,0.9375,32,2,"envelope,onset",data/processed/env_onset/sub-031_mtrf_env_onset.npz,-0.5,0.0,0.05,hamming,1,,l2,1,True,mean,"1.0,1.0",results_env_onset\sub-031\sub-031_backward_mtrf_env_onset.summary.json,results_env_onset\sub-031\sub-031_backward_mtrf_env_onset.trial_results.csv,nh,NH,0,0.1596550867167863,0.05148889078665886,0.20159667803548048,0.033204711601578805,0.10816619593012744,0.16839196643390167,0.13827908118201454,0.106868815718092,0.1657167980495032,0.1362928068837976
sub-031,1,1,0.0751312730229053,0.0791035791143798,-0.0229244681990699,0.1020280473134498,0.0727290239589022,0.0244945252265414,0.0482344987323608,0.0751312730229053,0.9375,32,2,"envelope,onset",data/processed/env_onset/sub-031_mtrf_env_onset.npz,-0.5,0.0,0.05,hamming,1,,l2,1,True,mean,"1.0,1.0",results_env_onset\sub-031\sub-031_backward_mtrf_env_onset.summary.json,results_env_onset\sub-031\sub-031_backward_mtrf_env_onset.trial_results.csv,nh,NH,0,0.07926919497142403,-0.022928485307232054,0.07285766613451786,0.024499425746964325,0.10219768027865608,0.04835824038755353,0.0752779603331048,0.10202804731344971,0.0482344987323608,0.07513127302290526
sub-031,2,1,0.0649773405535006,0.068206367742156,-0.0349365538568183,0.1031429215989743,0.0515555699493768,0.0247438104413499,0.0268117595080268,0.0649773405535006,0.9375,32,2,"envelope,onset",data/processed/env_onset/sub-031_mtrf_env_onset.npz,-0.5,0.0,0.05,hamming,1,,l2,1,True,mean,"1.0,1.0",results_env_onset\sub-031\sub-031_backward_mtrf_env_onset.summary.json,results_env_onset\sub-031\sub-031_backward_mtrf_env_onset.trial_results.csv,nh,NH,0,0.06831243176273487,-0.034950778361358535,0.051601320770498345,0.024748862147324226,0.1032632101240934,0.02685245862317412,0.06505783437363376,0.10314292159897429,0.026811759508026903,0.0649773405535006
sub-031,3,1,0.0512371996036713,0.1210532669686838,0.0448303267934234,0.0762229401752603,0.0919548453614422,0.0657033863293599,0.0262514590320822,0.0512371996036713,0.9375,32,2,"envelope,onset",data/processed/env_onset/sub-031_mtrf_env_onset.npz,-0.5,0.0,0.05,hamming,1,,l2,1,True,mean,"1.0,1.0",results_env_onset\sub-031\sub-031_backward_mtrf_env_onset.summary.json,results_env_onset\sub-031\sub-031_backward_mtrf_env_onset.trial_results.csv,nh,NH,0,0.12164982148542516,0.04486039576621222,0.09221534895266649,0.06579817772454484,0.07678942571921293,0.02641717122812165,0.05160329847366729,0.0762229401752604,0.0262514590320823,0.05123719960367135
sub-031,4,1,0.1444145727132962,0.1781392226007243,-0.0013511691756062,0.1794903917763305,0.1147323314129441,0.0053935777626821,0.109338753650262,0.1444145727132962,0.9375,32,2,"envelope,onset",data/processed/env_onset/sub-031_mtrf_env_onset.npz,-0.5,0.0,0.05,hamming,1,,l2,1,True,mean,"1.0,1.0",results_env_onset\sub-031\sub-031_backward_mtrf_env_onset.summary.json,results_env_onset\sub-031\sub-031_backward_mtrf_env_onset.trial_results.csv,nh,NH,0,0.18006026632333416,-0.0013511699978647693,0.11523977195094984,0.005393630064545196,0.18141143632119894,0.10984614188640464,0.14562878910380178,0.1794903917763305,0.10933875365026201,0.14441457271329625
sub-031,5,1,0.0271762964178751,0.0366974289248216,-0.0049510008005287,0.0416484297253504,0.0417302550237948,0.0290260919133948,0.0127041631103999,0.0271762964178751,0.9375,32,2,"envelope,onset",data/processed/env_onset/sub-031_mtrf_env_onset.npz,-0.5,0.0,0.05,hamming,1,,l2,1,True,mean,"1.0,1.0",results_env_onset\sub-031\sub-031_backward_mtrf_env_onset.summary.json,results_env_onset\sub-031\sub-031_backward_mtrf_env_onset.trial_results.csv,nh,NH,0,0.03671391574018312,-0.004951041254775753,0.04175450358425226,0.02903424766630821,0.041664956994958875,0.012720255917944054,0.027192606456451465,0.0416484297253503,0.012704163110399999,0.02717629641787515
sub-031,6,1,0.1880178926378054,0.1476319456079914,-0.0273276360414092,0.1749595816494007,0.1778065249930678,-0.0232696786331423,0.2010762036262102,0.1880178926378054,0.9375,32,2,"envelope,onset",data/processed/env_onset/sub-031_mtrf_env_onset.npz,-0.5,0.0,0.05,hamming,1,,l2,1,True,mean,"1.0,1.0",results_env_onset\sub-031\sub-031_backward_mtrf_env_onset.summary.json,results_env_onset\sub-031\sub-031_backward_mtrf_env_onset.trial_results.csv,nh,NH,0,0.14871874916581493,-0.02733444184793684,0.17971668603181476,-0.02327388000410882,0.17605319101375178,0.20299056603592358,0.18952187852483768,0.1749595816494006,0.2010762036262101,0.18801789263780533
sub-031,7,1,0.0057133463097157,0.0775694208813467,0.0812822187914048,-0.003712797910058,0.0815224836789339,0.0663829931494443,0.0151394905294895,0.0057133463097157,0.9375,32,2,"envelope,onset",data/processed/env_onset/sub-031_mtrf_env_onset.npz,-0.5,0.0,0.05,hamming,1,,l2,1,True,mean,"1.0,1.0",results_env_onset\sub-031\sub-031_backward_mtrf_env_onset.summary.json,results_env_onset\sub-031\sub-031_backward_mtrf_env_onset.trial_results.csv,nh,NH,0,0.07772556376975479,0.08146193684421527,0.08170380443047445,0.0664807618003117,-0.0037363730744604806,0.015223042630162748,0.0057433347778511334,-0.003712797910058102,0.015139490529489597,0.005713346309715747
sub-031,8,1,0.0822477306647593,0.1090244455821413,0.0039118430509274,0.1051126025312139,0.137054499516084,0.0776716407177791,0.0593828587983048,0.0822477306647593,0.9375,32,2,"envelope,onset",data/processed/env_onset/sub-031_mtrf_env_onset.npz,-0.5,0.0,0.05,hamming,1,,l2,1,True,mean,"1.0,1.0",results_env_onset\sub-031\sub-031_backward_mtrf_env_onset.summary.json,results_env_onset\sub-031\sub-031_backward_mtrf_env_onset.trial_results.csv,nh,NH,0,0.10945951951878362,0.003911863004790971,0.13792244373982102,0.077828403208426,0.10554765651399264,0.06009404053139501,0.08282084852269384,0.1051126025312139,0.059382858798304905,0.0822477306647594
sub-031,9,1,0.1840532566755558,0.2151729913235106,0.0040009744267069,0.2111720168968036,0.1857380959389765,0.0288035994846685,0.156934496454308,0.1840532566755558,0.9375,32,2,"envelope,onset",data/processed/env_onset/sub-031_mtrf_env_onset.npz,-0.5,0.0,0.05,hamming,1,,l2,1,True,mean,"1.0,1.0",results_env_onset\sub-031\sub-031_backward_mtrf_env_onset.summary.json,results_env_onset\sub-031\sub-031_backward_mtrf_env_onset.trial_results.csv,nh,NH,0,0.2185892014726902,0.004000995775839911,0.18791933086357374,0.028811569062137797,0.2145882056968503,0.15910776180143593,0.18684798374914313,0.21117201689680368,0.15693449645430801,0.18405325667555583
sub-031,10,1,0.1706845985128209,0.0755851931177414,-0.0827146522468242,0.1582998453645656,0.1086073179472718,-0.0744620337138043,0.1830693516610761,0.1706845985128209,0.9375,32,2,"envelope,onset",data/processed/env_onset/sub-031_mtrf_env_onset.npz,-0.5,0.0,0.05,hamming,1,,l2,1,True,mean,"1.0,1.0",results_env_onset\sub-031\sub-031_backward_mtrf_env_onset.summary.json,results_env_onset\sub-031\sub-031_backward_mtrf_env_onset.trial_results.csv,nh,NH,0,0.07572963101863349,-0.08290406706650351,0.10903739352748577,-0.07460011395841173,0.158633698085137,0.18363750748589752,0.17113560278551726,0.1582998453645656,0.1830693516610761,0.17068459851282086
sub-031,11,1,0.1227948150976146,0.1590503386364777,-0.018322161493938,0.1773725001304157,0.1110964742713738,0.0428793442065603,0.0682171300648135,0.1227948150976146,0.9375,32,2,"envelope,onset",data/processed/env_onset/sub-031_mtrf_env_onset.npz,-0.5,0.0,0.05,hamming,1,,l2,1,True,mean,"1.0,1.0",results_env_onset\sub-031\sub-031_backward_mtrf_env_onset.summary.json,results_env_onset\sub-031\sub-031_backward_mtrf_env_onset.trial_results.csv,nh,NH,0,0.16041223636241017,-0.018324212166656365,0.11155695588127268,0.04290565310236066,0.17873644852906653,0.06865130277891202,0.12369387565398927,0.1773725001304157,0.0682171300648135,0.1227948150976146
sub-031,12,1,0.2142048857575537,0.1480886698441834,-0.0466493353846248,0.1947380052288082,0.1514133799683842,-0.0822583863179149,0.2336717662862991,0.2142048857575537,0.9375,32,2,"envelope,onset",data/processed/env_onset/sub-031_mtrf_env_onset.npz,-0.5,0.0,0.05,hamming,1,,l2,1,True,mean,"1.0,1.0",results_env_onset\sub-031\sub-031_backward_mtrf_env_onset.summary.json,results_env_onset\sub-031\sub-031_backward_mtrf_env_onset.trial_results.csv,nh,NH,0,0.1491856818053401,-0.04668321845017779,0.15258666362359416,-0.08244467541673983,0.19586890025551787,0.235031339040334,0.21545011964792593,0.1947380052288082,0.2336717662862991,0.21420488575755364
sub-031,13,1,0.1371396253023937,0.1531554318332762,0.0150215851333211,0.138133846699955,0.1678499225418493,0.0317045186370169,0.1361454039048324,0.1371396253023937,0.9375,32,2,"envelope,onset",data/processed/env_onset/sub-031_mtrf_env_onset.npz,-0.5,0.0,0.05,hamming,1,,l2,1,True,mean,"1.0,1.0",results_env_onset\sub-031\sub-031_backward_mtrf_env_onset.summary.json,results_env_onset\sub-031\sub-031_backward_mtrf_env_onset.trial_results.csv,nh,NH,0,0.15437007423802382,0.015022715149963775,0.16945342902168373,0.031715147927388554,0.13934735908806004,0.13773828109429517,0.1385428200911776,0.1381338466999551,0.1361454039048324,0.13713962530239376
sub-031,14,1,0.1716581652590023,0.1213027753669666,-0.0376589208398955,0.1589616962068621,0.1392828474869747,-0.0450717868241678,0.1843546343111425,0.1716581652590023,0.9375,32,2,"envelope,onset",data/processed/env_onset/sub-031_mtrf_env_onset.npz,-0.5,0.0,0.05,hamming,1,,l2,1,True,mean,"1.0,1.0",results_env_onset\sub-031\sub-031_backward_mtrf_env_onset.summary.json,results_env_onset\sub-031\sub-031_backward_mtrf_env_onset.trial_results.csv,nh,NH,0,0.12190304829615632,-0.037676738559610706,0.14019416113183492,-0.045102344679513004,0.15957978685576701,0.18529650581134793,0.17243814633355747,0.1589616962068621,0.1843546343111425,0.1716581652590023
sub-031,15,1,0.1762990104113601,0.1930396738194298,-0.0261239023984713,0.2191635762179011,0.1536466950276075,0.0202122504227884,0.1334344446048191,0.1762990104113601,0.9375,32,2,"envelope,onset",data/processed/env_onset/sub-031_mtrf_env_onset.npz,-0.5,0.0,0.05,hamming,1,,l2,1,True,mean,"1.0,1.0",results_env_onset\sub-031\sub-031_backward_mtrf_env_onset.summary.json,results_env_onset\sub-031\sub-031_backward_mtrf_env_onset.trial_results.csv,nh,NH,0,0.1954925860480095,-0.02612984765756499,0.15487317638597217,0.020215003568701838,0.2216224337055745,0.13465817281727033,0.1781403032614224,0.21916357621790108,0.1334344446048191,0.1762990104113601
sub-031,16,1,0.0064737582220908,0.0919624164936394,0.079169737417516,0.0127926790761234,0.1012911860419319,0.1011363486738735,0.0001548373680583,0.0064737582220908,0.9375,32,2,"envelope,onset",data/processed/env_onset/sub-031_mtrf_env_onset.npz,-0.5,0.0,0.05,hamming,1,,l2,1,True,mean,"1.0,1.0",results_env_onset\sub-031\sub-031_backward_mtrf_env_onset.summary.json,results_env_onset\sub-031\sub-031_backward_mtrf_env_onset.trial_results.csv,nh,NH,0,0.09222298465534198,0.07933577020938146,0.10163974691939234,0.10148330694443967,0.012887214445960526,0.00015643997495266848,0.0065218272104565975,0.0127926790761234,0.0001548373680583942,0.006473758222090897
sub-031,17,1,0.1043012196836826,0.0751757800353052,-0.0431011809054758,0.118276960940781,0.0579652575749755,-0.0323602208516087,0.0903254784265842,0.1043012196836826,0.9375,32,2,"envelope,onset",data/processed/env_onset/sub-031_mtrf_env_onset.npz,-0.5,0.0,0.05,hamming,1,,l2,1,True,mean,"1.0,1.0",results_env_onset\sub-031\sub-031_backward_mtrf_env_onset.summary.json,results_env_onset\sub-031\sub-031_backward_mtrf_env_onset.trial_results.csv,nh,NH,0,0.0753178782614864,-0.04312790055163461,0.05803030929837619,-0.03237152365481649,0.11844577881312102,0.09040183295319268,0.10442380588315685,0.118276960940781,0.0903254784265842,0.1043012196836826
sub-031,18,1,0.0813521944813317,0.1283524034461058,0.0248342004801539,0.1035182029659518,0.0835730054144243,0.0243868194177127,0.0591861859967116,0.0813521944813317,0.9375,32,2,"envelope,onset",data/processed/env_onset/sub-031_mtrf_env_onset.npz,-0.5,0.0,0.05,hamming,1,,l2,1,True,mean,"1.0,1.0",results_env_onset\sub-031\sub-031_backward_mtrf_env_onset.summary.json,results_env_onset\sub-031\sub-031_backward_mtrf_env_onset.trial_results.csv,nh,NH,0,0.12906429391810473,0.024839307764550678,0.08376839530007302,0.02439165556189226,0.10422498615355405,0.05937673973818076,0.0818008629458674,0.10351820296595189,0.059186185996711604,0.08135219448133174
sub-031,19,1,0.0490240963483146,0.1005947464923399,0.0451164864444808,0.055478260047859,0.0995023637206575,0.0569324310718873,0.0425699326487702,0.0490240963483146,0.9375,32,2,"envelope,onset",data/processed/env_onset/sub-031_mtrf_env_onset.npz,-0.5,0.0,0.05,hamming,1,,l2,1,True,mean,"1.0,1.0",results_env_onset\sub-031\sub-031_backward_mtrf_env_onset.summary.json,results_env_onset\sub-031\sub-031_backward_mtrf_env_onset.trial_results.csv,nh,NH,0,0.10093613792873604,0.04514713538088084,0.09983271004604918,0.056994062705078695,0.0557890025478552,0.04283864734097049,0.049313824944412846,0.05547826004785911,0.0425699326487702,0.04902409634831466
sub-031,20,1,0.0338627587242819,0.1018189789535634,0.0559683745494568,0.0458506044041066,0.0917966422343771,0.0699217291899198,0.0218749130444572,0.0338627587242819,0.9375,32,2,"envelope,onset",data/processed/env_onset/sub-031_mtrf_env_onset.npz,-0.5,0.0,0.05,hamming,1,,l2,1,True,mean,"1.0,1.0",results_env_onset\sub-031\sub-031_backward_mtrf_env_onset.summary.json,results_env_onset\sub-031\sub-031_backward_mtrf_env_onset.trial_results.csv,nh,NH,0,0.10217303992656838,0.05602692417674983,0.0920557990401465,0.07003601486165108,0.046146115749818556,0.022019784178495427,0.03408294996415699,0.0458506044041066,0.021874913044457295,0.03386275872428195
sub-031,21,1,0.0315883734895704,0.146046946923267,0.039416181456042,0.106630765467225,0.0584554872657858,0.1019095057538699,-0.043454018488084,0.0315883734895704,0.9375,32,2,"envelope,onset",data/processed/env_onset/sub-031_mtrf_env_onset.npz,-0.5,0.0,0.05,hamming,1,,l2,1,True,mean,"1.0,1.0",results_env_onset\sub-031\sub-031_backward_mtrf_env_onset.summary.json,results_env_onset\sub-031\sub-031_backward_mtrf_env_onset.trial_results.csv,nh,NH,0,0.14709882151889922,0.03943661329670089,0.05852220576450163,0.10226451591138476,0.10766220822219832,-0.04374231014688313,0.0319599490376576,0.106630765467225,-0.0434540184880841,0.03158837348957045
sub-031,22,1,0.1207378096620555,0.1427773606489938,-0.0209151541558302,0.163692514804824,0.1550846155760456,0.0773015110567586,0.077783104519287,0.1207378096620555,0.9375,32,2,"envelope,onset",data/processed/env_onset/sub-031_mtrf_env_onset.npz,-0.5,0.0,0.05,hamming,1,,l2,1,True,mean,"1.0,1.0",results_env_onset\sub-031\sub-031_backward_mtrf_env_onset.summary.json,results_env_onset\sub-031\sub-031_backward_mtrf_env_onset.trial_results.csv,nh,NH,0,0.14375959283581102,-0.020918204690486775,0.15634619747236367,0.07745603779803314,0.1646777975262978,0.07889015967433052,0.12178397860031416,0.163692514804824,0.07778310451928701,0.1207378096620555
sub-031,23,1,0.1737182015943077,0.1136917115157398,-0.0390129152940715,0.1527046268098113,0.1531145445388307,-0.0416172318399733,0.194731776378804,0.1737182015943077,0.9375,32,2,"envelope,onset",data/processed/env_onset/sub-031_mtrf_env_onset.npz,-0.5,0.0,0.05,hamming,1,,l2,1,True,mean,"1.0,1.0",results_env_onset\sub-031\sub-031_backward_mtrf_env_onset.summary.json,results_env_onset\sub-031\sub-031_backward_mtrf_env_onset.trial_results.csv,nh,NH,0,0.11418539829679612,-0.03903272603915146,0.15432820509866294,-0.041641283771359394,0.1532181243359476,0.19596948887002233,0.17459380660298496,0.15270462680981128,0.19473177637880398,0.17371820159430762
sub-031,24,0,-0.0216048787456755,0.0693198007538064,0.0788691268813685,-0.0095493261275621,0.0474641111238553,0.0811245424876443,-0.033660431363789,-0.0216048787456755,0.9375,32,2,"envelope,onset",data/processed/env_onset/sub-031_mtrf_env_onset.npz,-0.5,0.0,0.05,hamming,1,,l2,1,True,mean,"1.0,1.0",results_env_onset\sub-031\sub-031_backward_mtrf_env_onset.summary.json,results_env_onset\sub-031\sub-031_backward_mtrf_env_onset.trial_results.csv,nh,NH,0,0.06943115461852417,0.0790332708434843,0.047499802425627465,0.08130321392291573,-0.009602116224960128,-0.033803411497288265,-0.021702763861124196,-0.00954932612756211,-0.033660431363788997,-0.021604878745675554
sub-031,25,1,0.0538779234735894,0.0882526189613236,0.015206655260505,0.0730459637008185,0.0825673629247819,0.0478574796784215,0.0347098832463604,0.0538779234735894,0.9375,32,2,"envelope,onset",data/processed/env_onset/sub-031_mtrf_env_onset.npz,-0.5,0.0,0.05,hamming,1,,l2,1,True,mean,"1.0,1.0",results_env_onset\sub-031\sub-031_backward_mtrf_env_onset.summary.json,results_env_onset\sub-031\sub-031_backward_mtrf_env_onset.trial_results.csv,nh,NH,0,0.08848281489047868,0.015207827564132454,0.08275576490924386,0.04789406657661531,0.07327498732634623,0.034861698332628546,0.05406834282948739,0.07304596370081859,0.034709883246360394,0.053877923473589495
sub-031,26,1,0.0925464093895933,0.1184063444669263,0.0569711356191246,0.0614352088478016,0.1343121223128773,0.0106545123814924,0.1236576099313849,0.0925464093895933,0.9375,32,2,"envelope,onset",data/processed/env_onset/sub-031_mtrf_env_onset.npz,-0.5,0.0,0.05,hamming,1,,l2,1,True,mean,"1.0,1.0",results_env_onset\sub-031\sub-031_backward_mtrf_env_onset.summary.json,results_env_onset\sub-031\sub-031_backward_mtrf_env_onset.trial_results.csv,nh,NH,0,0.11896440121710877,0.05703289319924722,0.13512863066495898,0.010654915570851931,0.061931508017861556,0.12447371509410704,0.0932026115559843,0.0614352088478017,0.12365760993138492,0.09254640938959331
sub-031,27,1,0.0478547957333125,0.0873232818279908,0.0439542833629481,0.0433689984650426,0.1126260574093075,0.0602854644077251,0.0523405930015824,0.0478547957333125,0.9375,32,2,"envelope,onset",data/processed/env_onset/sub-031_mtrf_env_onset.npz,-0.5,0.0,0.05,hamming,1,,l2,1,True,mean,"1.0,1.0",results_env_onset\sub-031\sub-031_backward_mtrf_env_onset.summary.json,results_env_onset\sub-031\sub-031_backward_mtrf_env_onset.trial_results.csv,nh,NH,0,0.08754625991673272,0.043982622471732784,0.11310592145411849,0.06035865664632392,0.043563637444999935,0.05274726480779457,0.048155451126397256,0.043368998465042705,0.052340593001582406,0.047854795733312555
sub-031,28,1,0.1199045664901742,0.1455049512169261,0.0180193974475344,0.1274855537693917,0.0744744638100136,-0.0378491154009431,0.1123235792109567,0.1199045664901742,0.9375,32,2,"envelope,onset",data/processed/env_onset/sub-031_mtrf_env_onset.npz,-0.5,0.0,0.05,hamming,1,,l2,1,True,mean,"1.0,1.0",results_env_onset\sub-031\sub-031_backward_mtrf_env_onset.summary.json,results_env_onset\sub-031\sub-031_backward_mtrf_env_onset.trial_results.csv,nh,NH,0,0.14654505797512882,0.01802134811912494,0.07461261337036107,-0.037867204605039,0.12852370985600386,0.11247981797540008,0.12050176391570197,0.12748555376939172,0.1123235792109567,0.11990456649017421
sub-031,29,1,0.0234993765800973,0.0286907722973567,0.041724637523934,-0.0130338652265773,0.0644803040265306,0.0044476856397584,0.0600326183867721,0.0234993765800973,0.9375,32,2,"envelope,onset",data/processed/env_onset/sub-031_mtrf_env_onset.npz,-0.5,0.0,0.05,hamming,1,,l2,1,True,mean,"1.0,1.0",results_env_onset\sub-031\sub-031_backward_mtrf_env_onset.summary.json,results_env_onset\sub-031\sub-031_backward_mtrf_env_onset.trial_results.csv,nh,NH,0,0.0286986485571218,0.041748876286254004,0.06456989107896463,0.004447714968008548,-0.013050227729132204,0.060122176110956084,0.02353597419091194,-0.0130338652265773,0.0600326183867722,0.02349937658009745
sub-031,30,0,-0.0282350257098341,0.0045544325486186,0.0787640887033245,-0.0742096561547059,0.0991642403546586,0.0814246356196211,0.0177396047350375,-0.0282350257098341,0.9375,32,2,"envelope,onset",data/processed/env_onset/sub-031_mtrf_env_onset.npz,-0.5,0.0,0.05,hamming,1,,l2,1,True,mean,"1.0,1.0",results_env_onset\sub-031\sub-031_backward_mtrf_env_onset.summary.json,results_env_onset\sub-031\sub-031_backward_mtrf_env_onset.trial_results.csv,nh,NH,0,0.004554464039656459,0.07892757608339626,0.0994912171302464,0.08160530252122668,-0.07437311204373981,0.017885914609019726,-0.02824359871736004,-0.0742096561547059,0.017739604735037495,-0.028235025709834202
sub-031,31,1,0.0311651944108639,0.0473031663741476,0.0350630926117403,0.0122400737624073,0.0375049232863575,-0.0125853917729629,0.0500903150593204,0.0311651944108639,0.9375,32,2,"envelope,onset",data/processed/env_onset/sub-031_mtrf_env_onset.npz,-0.5,0.0,0.05,hamming,1,,l2,1,True,mean,"1.0,1.0",results_env_onset\sub-031\sub-031_backward_mtrf_env_onset.summary.json,results_env_onset\sub-031\sub-031_backward_mtrf_env_onset.trial_results.csv,nh,NH,0,0.04733849550778908,0.03507747231497594,0.037522523191847235,-0.01258605631160432,0.012261023192813143,0.05010857950345156,0.03118480134813235,0.012240073762407301,0.050090315059320406,0.031165194410863854
sub-032,0,1,0.0224945415307924,0.0798313778429833,0.0623395714344066,0.0174918064085767,0.1153199468993449,0.0878226702463367,0.0274972766530081,0.0224945415307924,0.71875,32,2,"envelope,onset",data/processed/env_onset/sub-032_mtrf_env_onset.npz,-0.5,0.0,0.05,hamming,1,,l2,1,True,mean,"1.0,1.0",results_env_onset\sub-032\sub-032_backward_mtrf_env_onset.summary.json,results_env_onset\sub-032\sub-032_backward_mtrf_env_onset.trial_results.csv,nh,NH,0,0.08000161904992836,0.06242051539959483,0.11583526645068692,0.08804950776677348,0.01758110365033353,0.027785758683913447,0.02268343116712349,0.017491806408576706,0.02749727665300819,0.022494541530792448
sub-032,1,1,0.0361259197140352,0.0711583804882547,0.0156718746030092,0.0554865058852455,0.0510761621366801,0.0343108285938551,0.0167653335428249,0.0361259197140352,0.71875,32,2,"envelope,onset",data/processed/env_onset/sub-032_mtrf_env_onset.npz,-0.5,0.0,0.05,hamming,1,,l2,1,True,mean,"1.0,1.0",results_env_onset\sub-032\sub-032_backward_mtrf_env_onset.summary.json,results_env_onset\sub-032\sub-032_backward_mtrf_env_onset.trial_results.csv,nh,NH,0,0.0712788505468054,0.01567315783623376,0.05112064718203382,0.034324302058068065,0.05560569271057164,0.01679634512396575,0.03620101891726869,0.05548650588524549,0.016765333542825,0.03612591971403525
sub-032,2,1,0.0118826201597679,0.1120941553412331,0.1002993583122808,0.0117947970289522,0.0849954044763155,0.0730249611857318,0.0119704432905836,0.0118826201597679,0.71875,32,2,"envelope,onset",data/processed/env_onset/sub-032_mtrf_env_onset.npz,-0.5,0.0,0.05,hamming,1,,l2,1,True,mean,"1.0,1.0",results_env_onset\sub-032\sub-032_backward_mtrf_env_onset.summary.json,results_env_onset\sub-032\sub-032_backward_mtrf_env_onset.trial_results.csv,nh,NH,0,0.11256721835733649,0.10063773901768144,0.08520097138336244,0.07315518349494117,0.011929479339655047,0.01204578788842127,0.011987633614038158,0.011794797028952295,0.011970443290583693,0.011882620159767994
sub-032,3,1,0.0101743600922192,0.0838073612427213,0.0682650116769282,0.015542349565793,0.0820476456688009,0.0772412750501555,0.0048063706186454,0.0101743600922192,0.71875,32,2,"envelope,onset",data/processed/env_onset/sub-032_mtrf_env_onset.npz,-0.5,0.0,0.05,hamming,1,,l2,1,True,mean,"1.0,1.0",results_env_onset\sub-032\sub-032_backward_mtrf_env_onset.summary.json,results_env_onset\sub-032\sub-032_backward_mtrf_env_onset.trial_results.csv,nh,NH,0,0.0840044041464827,0.06837135002740731,0.08223250278870847,0.07739543996976643,0.015633054119075396,0.004837062818942042,0.010235058469008719,0.015542349565793104,0.004806370618645403,0.010174360092219253
sub-032,4,1,0.0080072683265743,0.0663612221859063,0.0737338128133161,-0.0073725906274097,0.0970360064472234,0.0736488791666649,0.0233871272805585,0.0080072683265743,0.71875,32,2,"envelope,onset",data/processed/env_onset/sub-032_mtrf_env_onset.npz,-0.5,0.0,0.05,hamming,1,,l2,1,True,mean,"1.0,1.0",results_env_onset\sub-032\sub-032_backward_mtrf_env_onset.summary.json,results_env_onset\sub-032\sub-032_backward_mtrf_env_onset.trial_results.csv,nh,NH,0,0.06645889450572735,0.07386787265232421,0.09734230200708369,0.07378247526239828,-0.007408978146596856,0.023559826744685403,0.008075424299044273,-0.007372590627409803,0.0233871272805585,0.008007268326574349
sub-032,5,1,0.0534064872703062,0.1204735267455545,0.0845786116182049,0.0358949151273495,0.1223407577151801,0.0514226983019171,0.0709180594132629,0.0534064872703062,0.71875,32,2,"envelope,onset",data/processed/env_onset/sub-032_mtrf_env_onset.npz,-0.5,0.0,0.05,hamming,1,,l2,1,True,mean,"1.0,1.0",results_env_onset\sub-032\sub-032_backward_mtrf_env_onset.summary.json,results_env_onset\sub-032\sub-032_backward_mtrf_env_onset.trial_results.csv,nh,NH,0,0.12106150130211786,0.08478116056758488,0.12295666701841391,0.05146809592633514,0.036280340734532984,0.07148857109207878,0.05388445591330588,0.0358949151273496,0.07091805941326301,0.05340648727030631
sub-032,6,1,0.0647003821368632,0.1613631896022886,0.0429543011083062,0.1184088884939823,0.1256683905855786,0.1146765148058343,0.0109918757797442,0.0647003821368632,0.71875,32,2,"envelope,onset",data/processed/env_onset/sub-032_mtrf_env_onset.npz,-0.5,0.0,0.05,hamming,1,,l2,1,True,mean,"1.0,1.0",results_env_onset\sub-032\sub-032_backward_mtrf_env_onset.summary.json,results_env_onset\sub-032\sub-032_backward_mtrf_env_onset.trial_results.csv,nh,NH,0,0.16278601437640602,0.042980748318541276,0.1263362718397914,0.11518321116767824,0.11980526605786475,0.011153060672113163,0.06547916336498896,0.1184088884939824,0.010991875779744309,0.06470038213686335
sub-032,7,0,-0.0130900836438097,0.074427885111692,0.0697580597464127,0.0046698253652793,0.0701784905325952,0.101028483185494,-0.0308499926528987,-0.0130900836438097,0.71875,32,2,"envelope,onset",data/processed/env_onset/sub-032_mtrf_env_onset.npz,-0.5,0.0,0.05,hamming,1,,l2,1,True,mean,"1.0,1.0",results_env_onset\sub-032\sub-032_backward_mtrf_env_onset.summary.json,results_env_onset\sub-032\sub-032_backward_mtrf_env_onset.trial_results.csv,nh,NH,0,0.074565775048271,0.06987154318895283,0.07029404235128013,0.10137432794616419,0.004694231859318165,-0.031080285594884058,-0.013193026867782946,0.004669825365279295,-0.030849992652898797,-0.013090083643809751
sub-032,8,1,0.1353031194664627,0.1469080477722719,0.0220365932802652,0.1248714544920067,0.1807783928278949,0.0350436083869761,0.1457347844409188,0.1353031194664627,0.71875,32,2,"envelope,onset",data/processed/env_onset/sub-032_mtrf_env_onset.npz,-0.5,0.0,0.05,hamming,1,,l2,1,True,mean,"1.0,1.0",results_env_onset\sub-032\sub-032_backward_mtrf_env_onset.summary.json,results_env_onset\sub-032\sub-032_backward_mtrf_env_onset.trial_results.csv,nh,NH,0,0.14797880300825184,0.022040161393909817,0.18278726252100214,0.035057964119762426,0.125938641614342,0.14772929840123972,0.13683397000779085,0.1248714544920067,0.1457347844409188,0.13530311946646276
sub-032,9,0,-0.008369967648943,0.1366602030117882,0.109857446951541,0.0268027560602471,0.0807826496400903,0.1243253409982236,-0.0435426913581333,-0.008369967648943,0.71875,32,2,"envelope,onset",data/processed/env_onset/sub-032_mtrf_env_onset.npz,-0.5,0.0,0.05,hamming,1,,l2,1,True,mean,"1.0,1.0",results_env_onset\sub-032\sub-032_backward_mtrf_env_onset.summary.json,results_env_onset\sub-032\sub-032_backward_mtrf_env_onset.trial_results.csv,nh,NH,0,0.13752062111850574,0.1103026190123318,0.08095906570181406,0.12497190486945833,0.027218002106173936,-0.04401283916764427,-0.008397418530735168,0.026802756060247193,-0.043542691358133295,-0.008369967648943051
sub-032,10,0,-0.03032599249031,0.0936072104974559,0.1108403303865428,-0.0172331198890869,0.0718919024286943,0.1153107675202274,-0.043418865091533,-0.03032599249031,0.71875,32,2,"envelope,onset",data/processed/env_onset/sub-032_mtrf_env_onset.npz,-0.5,0.0,0.05,hamming,1,,l2,1,True,mean,"1.0,1.0",results_env_onset\sub-032\sub-032_backward_mtrf_env_onset.summary.json,results_env_onset\sub-032\sub-032_backward_mtrf_env_onset.trial_results.csv,nh,NH,0,0.0938820620795893,0.11129761851821324,0.07201614440270444,0.11582596336253025,-0.01741555643862394,-0.0438098189598258,-0.030612687699224872,-0.017233119889086893,-0.0434188650915331,-0.030325992490309997
sub-032,11,1,0.1231820048684948,0.1303063738621362,0.0068391405623474,0.1234672332997887,0.1183245186746724,-0.0045722577625284,0.1228967764372008,0.1231820048684948,0.71875,32,2,"envelope,onset",data/processed/env_onset/sub-032_mtrf_env_onset.npz,-0.5,0.0,0.05,hamming,1,,l2,1,True,mean,"1.0,1.0",results_env_onset\sub-032\sub-032_backward_mtrf_env_onset.summary.json,results_env_onset\sub-032\sub-032_backward_mtrf_env_onset.trial_results.csv,nh,NH,0,0.13105150325313594,0.00683924719630377,0.11888141272487664,-0.004572289624768838,0.12421225605683217,0.12345370234964548,0.12383297920323882,0.1234672332997888,0.1228967764372008,0.1231820048684948
sub-032,12,1,0.0275113273691608,0.0841148401337128,0.0269586694871443,0.0571561706465685,0.0573666467889663,0.0595001626972132,-0.0021335159082468,0.0275113273691608,0.71875,32,2,"envelope,onset",data/processed/env_onset/sub-032_mtrf_env_onset.npz,-0.5,0.0,0.05,hamming,1,,l2,1,True,mean,"1.0,1.0",results_env_onset\sub-032\sub-032_backward_mtrf_env_onset.summary.json,results_env_onset\sub-032\sub-032_backward_mtrf_env_onset.trial_results.csv,nh,NH,0,0.0843140659907587,0.02696520325266165,0.057429701255003754,0.05957052775888433,0.057348862738097056,-0.0021408265038805746,0.02760401811710824,0.0571561706465685,-0.002133515908246897,0.0275113273691608
sub-032,13,0,-0.0273826674045663,0.1214532966555067,0.1721807469057109,-0.0507274502502042,0.0881978908382949,0.0922357753972233,-0.0040378845589284,-0.0273826674045663,0.71875,32,2,"envelope,onset",data/processed/env_onset/sub-032_mtrf_env_onset.npz,-0.5,0.0,0.05,hamming,1,,l2,1,True,mean,"1.0,1.0",results_env_onset\sub-032\sub-032_backward_mtrf_env_onset.summary.json,results_env_onset\sub-032\sub-032_backward_mtrf_env_onset.trial_results.csv,nh,NH,0,0.12205582031831627,0.17391317098201775,0.08842765743862034,0.09249868209349699,-0.05185735066370148,-0.0040710246548766454,-0.027964187659289062,-0.050727450250204184,-0.004037884558928395,-0.02738266740456629
sub-032,14,0,-0.0192121363284777,0.0401657745037563,0.0892847320025069,-0.0491189574987505,0.0836762991565915,0.0729816143147964,0.0106946848417951,-0.0192121363284777,0.71875,32,2,"envelope,onset",data/processed/env_onset/sub-032_mtrf_env_onset.npz,-0.5,0.0,0.05,hamming,1,,l2,1,True,mean,"1.0,1.0",results_env_onset\sub-032\sub-032_backward_mtrf_env_onset.summary.json,results_env_onset\sub-032\sub-032_backward_mtrf_env_onset.trial_results.csv,nh,NH,0,0.04018739510910008,0.08952312554774378,0.08387241647096191,0.07311160436992263,-0.0493357304386437,0.010760812101039283,-0.019287459168802208,-0.0491189574987506,0.010694684841795102,-0.01921213632847775
sub-032,15,1,0.0062951998559451,0.0133040013707324,-0.0164380176489367,0.0297420190196692,0.0062522112232862,0.0234038305310652,-0.0171516193077789,0.0062951998559451,0.71875,32,2,"envelope,onset",data/processed/env_onset/sub-032_mtrf_env_onset.npz,-0.5,0.0,0.05,hamming,1,,l2,1,True,mean,"1.0,1.0",results_env_onset\sub-032\sub-032_backward_mtrf_env_onset.summary.json,results_env_onset\sub-032\sub-032_backward_mtrf_env_onset.trial_results.csv,nh,NH,0,0.01330478637444858,-0.016439498452634937,0.0062522926918117845,0.02340810500171941,0.029744284827083516,-0.017155812309907627,0.006294236258587944,0.0297420190196691,-0.017151619307779,0.0062951998559450505
sub-032,16,1,0.0606654538565114,0.0609053387227939,0.0241111563449136,0.0367941823778803,0.0906652414171265,0.0061285160819839,0.0845367253351425,0.0606654538565114,0.71875,32,2,"envelope,onset",data/processed/env_onset/sub-032_mtrf_env_onset.npz,-0.5,0.0,0.05,hamming,1,,l2,1,True,mean,"1.0,1.0",results_env_onset\sub-032\sub-032_backward_mtrf_env_onset.summary.json,results_env_onset\sub-032\sub-032_backward_mtrf_env_onset.trial_results.csv,nh,NH,0,0.060980815425889096,0.02411583029838773,0.09091490231699435,0.006128592810097785,0.036864985127501367,0.08478630950689657,0.06082564731719897,0.0367941823778803,0.08453672533514259,0.06066545385651144
sub-032,17,0,-0.0413013192570095,0.0461147448944032,0.0624119235530177,-0.0162971786586144,0.0489445734785326,0.1152500333339371,-0.0663054598554045,-0.0413013192570095,0.71875,32,2,"envelope,onset",data/processed/env_onset/sub-032_mtrf_env_onset.npz,-0.5,0.0,0.05,hamming,1,,l2,1,True,mean,"1.0,1.0",results_env_onset\sub-032\sub-032_backward_mtrf_env_onset.summary.json,results_env_onset\sub-032\sub-032_backward_mtrf_env_onset.trial_results.csv,nh,NH,0,0.046147475406480544,0.062493150120607695,0.048983713155816865,0.11576441117405818,-0.01634567471412715,-0.06678069801824132,-0.04156318636618424,-0.0162971786586145,-0.06630545985540451,-0.0413013192570095
sub-032,18,1,0.0936023476538518,0.1427934083446263,0.0463635174829898,0.0964298908616365,0.1693083092038855,0.0785335047578184,0.090774804446067,0.0936023476538518,0.71875,32,2,"envelope,onset",data/processed/env_onset/sub-032_mtrf_env_onset.npz,-0.5,0.0,0.05,hamming,1,,l2,1,True,mean,"1.0,1.0",results_env_onset\sub-032\sub-032_backward_mtrf_env_onset.summary.json,results_env_onset\sub-032\sub-032_backward_mtrf_env_onset.trial_results.csv,nh,NH,0,0.14377597451566165,0.046396781026052075,0.17095447405713415,0.07869555695158548,0.09737919348960958,0.09225891710554868,0.09481905529757913,0.0964298908616365,0.09077480444606711,0.09360234765385181
sub-032,19,1,0.1405931329592014,0.1101160562183085,-0.0366098540662152,0.1467259102845238,0.1392055528054388,0.0047451971715597,0.1344603556338791,0.1405931329592014,0.71875,32,2,"envelope,onset",data/processed/env_onset/sub-032_mtrf_env_onset.npz,-0.5,0.0,0.05,hamming,1,,l2,1,True,mean,"1.0,1.0",results_env_onset\sub-032\sub-032_backward_mtrf_env_onset.summary.json,results_env_onset\sub-032\sub-032_backward_mtrf_env_onset.trial_results.csv,nh,NH,0,0.11056439500722817,-0.0366262230673409,0.14011533815572896,0.0047452327877449295,0.14719061807456907,0.13537010536798402,0.14128036172127656,0.1467259102845237,0.13446035563387912,0.1405931329592014
sub-032,20,0,-0.0165456124879466,0.0716991015639612,0.0966274897402373,-0.024928388176276,0.0775672790380092,0.0857301158376264,-0.0081628367996171,-0.0165456124879466,0.71875,32,2,"envelope,onset",data/processed/env_onset/sub-032_mtrf_env_onset.npz,-0.5,0.0,0.05,hamming,1,,l2,1,True,mean,"1.0,1.0",results_env_onset\sub-032\sub-032_backward_mtrf_env_onset.summary.json,results_env_onset\sub-032\sub-032_backward_mtrf_env_onset.trial_results.csv,nh,NH,0,0.07182234457792383,0.0969299186278079,0.07772340896126013,0.08594107577221201,-0.025107574049884077,-0.008217666810951874,-0.016662620430417975,-0.0249283881762761,-0.008162836799617199,-0.01654561248794665
sub-032,21,1,0.130323454517503,0.1403675919898176,-0.0049487371655193,0.1453163291553369,0.1771370973305364,0.0618065174508672,0.1153305798796691,0.130323454517503,0.71875,32,2,"envelope,onset",data/processed/env_onset/sub-032_mtrf_env_onset.npz,-0.5,0.0,0.05,hamming,1,,l2,1,True,mean,"1.0,1.0",results_env_onset\sub-032\sub-032_backward_mtrf_env_onset.summary.json,results_env_onset\sub-032\sub-032_backward_mtrf_env_onset.trial_results.csv,nh,NH,0,0.14130053660047456,-0.004948777564303212,0.1790254882048715,0.061885399568260224,0.14624931416477777,0.11714008863661127,0.1316947014006945,0.1453163291553369,0.11533057987966919,0.13032345451750305
sub-032,22,1,0.0141027001294157,0.1169115804227939,0.0619989497953449,0.0549126306274489,0.0763943293905413,0.1031015597591588,-0.0267072303686174,0.0141027001294157,0.71875,32,2,"envelope,onset",data/processed/env_onset/sub-032_mtrf_env_onset.npz,-0.5,0.0,0.05,hamming,1,,l2,1,True,mean,"1.0,1.0",results_env_onset\sub-032\sub-032_backward_mtrf_env_onset.summary.json,results_env_onset\sub-032\sub-032_backward_mtrf_env_onset.trial_results.csv,nh,NH,0,0.11744865342105694,0.062078572140678794,0.07654346678577897,0.10346922844286435,0.055370081280378146,-0.02692576165708538,0.014222159811646384,0.054912630627449,-0.026707230368617496,0.014102700129415752
sub-032,23,1,0.0188237448988072,0.0752234514962866,0.0949156881807721,-0.0196922366844855,0.0984420635480857,0.0411023370659857,0.0573397264821,0.0188237448988072,0.71875,32,2,"envelope,onset",data/processed/env_onset/sub-032_mtrf_env_onset.npz,-0.5,0.0,0.05,hamming,1,,l2,1,True,mean,"1.0,1.0",results_env_onset\sub-032\sub-032_backward_mtrf_env_onset.summary.json,results_env_onset\sub-032\sub-032_backward_mtrf_env_onset.trial_results.csv,nh,NH,0,0.07536582083688817,0.0952022702996007,0.09876192085465922,0.041125506681221974,-0.019836449462712527,0.05763641417343725,0.01889998235536236,-0.019692236684485498,0.0573397264821,0.01882374489880725
sub-032,24,0,-0.0919949473447636,0.0255437263920421,0.1175214059632589,-0.0919776795712168,0.0326440016044372,0.1246562167227477,-0.0920122151183104,-0.0919949473447636,0.71875,32,2,"envelope,onset",data/processed/env_onset/sub-032_mtrf_env_onset.npz,-0.5,0.0,0.05,hamming,1,,l2,1,True,mean,"1.0,1.0",results_env_onset\sub-032\sub-032_backward_mtrf_env_onset.summary.json,results_env_onset\sub-032\sub-032_backward_mtrf_env_onset.trial_results.csv,nh,NH,0,0.025549284174886444,0.11806697453220358,0.03265560450894732,0.12530798921700728,-0.09251769035731713,-0.09265238470805996,-0.09258503753268854,-0.0919776795712168,-0.0920122151183105,-0.09199494734476366
sub-032,25,1,0.0325743987899292,0.0591747966285495,0.0076277541392396,0.0515470424893098,0.0642475737743635,0.0506458186838149,0.0136017550905485,0.0325743987899292,0.71875,32,2,"envelope,onset",data/processed/env_onset/sub-032_mtrf_env_onset.npz,-0.5,0.0,0.05,hamming,1,,l2,1,True,mean,"1.0,1.0",results_env_onset\sub-032\sub-032_backward_mtrf_env_onset.summary.json,results_env_onset\sub-032\sub-032_backward_mtrf_env_onset.trial_results.csv,nh,NH,0,0.059244012046211214,0.007627902078677902,0.06433619267947903,0.05068918760540056,0.05161610996753331,0.01364700507407847,0.03263155752080589,0.0515470424893099,0.013601755090548603,0.03257439878992925
sub-032,26,1,0.0726503601796876,0.0359865759506276,-0.0177246849508787,0.0537112609015063,0.1042501761128907,0.0126607166550217,0.0915894594578689,0.0726503601796876,0.71875,32,2,"envelope,onset",data/processed/env_onset/sub-032_mtrf_env_onset.npz,-0.5,0.0,0.05,hamming,1,,l2,1,True,mean,"1.0,1.0",results_env_onset\sub-032\sub-032_backward_mtrf_env_onset.summary.json,results_env_onset\sub-032\sub-032_backward_mtrf_env_onset.trial_results.csv,nh,NH,0,0.0360021226414279,-0.017726541456178767,0.10463032519371632,0.012661393197991071,0.05372866409760667,0.09196893199572524,0.07284879804666596,0.0537112609015063,0.09158945945786899,0.07265036017968765
sub-032,27,0,-0.0404922553158484,0.0645352416978295,0.0684009467964738,-0.0038657050986442,0.025911842169172,0.1030306477022246,-0.0771188055330526,-0.0404922553158484,0.71875,32,2,"envelope,onset",data/processed/env_onset/sub-032_mtrf_env_onset.npz,-0.5,0.0,0.05,hamming,1,,l2,1,True,mean,"1.0,1.0",results_env_onset\sub-032\sub-032_backward_mtrf_env_onset.summary.json,results_env_onset\sub-032\sub-032_backward_mtrf_env_onset.trial_results.csv,nh,NH,0,0.0646250583150912,0.06850792285981151,0.025917643780366012,0.10339755502630604,-0.0038828645447203103,-0.07747991124594003,-0.04068138789533017,-0.003865705098644298,-0.0771188055330526,-0.04049225531584845
sub-032,28,1,0.0162795362058588,-0.0067688349469052,0.0343371650356762,-0.0411059999825815,0.0573835471243433,-0.0162815252699558,0.0736650723942992,0.0162795362058588,0.71875,32,2,"envelope,onset",data/processed/env_onset/sub-032_mtrf_env_onset.npz,-0.5,0.0,0.05,hamming,1,,l2,1,True,mean,"1.0,1.0",results_env_onset\sub-032\sub-032_backward_mtrf_env_onset.summary.json,results_env_onset\sub-032\sub-032_backward_mtrf_env_onset.trial_results.csv,nh,NH,0,-0.006768938325936226,0.03435066956441913,0.057446657408372126,-0.01628296417816882,-0.041119607890355354,0.07372962158654095,0.016305006848092798,-0.0411059999825814,0.07366507239429909,0.016279536205858845
sub-032,29,1,0.0219532056478864,0.1199139452335236,0.1185730270930142,0.0013409181405093,0.1244313116871704,0.081865818531907,0.0425654931552634,0.0219532056478864,0.71875,32,2,"envelope,onset",data/processed/env_onset/sub-032_mtrf_env_onset.npz,-0.5,0.0,0.05,hamming,1,,l2,1,True,mean,"1.0,1.0",results_env_onset\sub-032\sub-032_backward_mtrf_env_onset.summary.json,results_env_onset\sub-032\sub-032_backward_mtrf_env_onset.trial_results.csv,nh,NH,0,0.12049371726287765,0.1191334573589839,0.12507954068108051,0.08204944607658016,0.001360259903893754,0.04303009460450036,0.022195177254197056,0.0013409181405093923,0.04256549315526341,0.0219532056478864
sub-032,30,1,0.0055398066933522,0.0387307230883649,0.0363387704462431,0.0023919526421217,0.0191397188526424,0.0104520581080596,0.0086876607445828,0.0055398066933522,0.71875,32,2,"envelope,onset",data/processed/env_onset/sub-032_mtrf_env_onset.npz,-0.5,0.0,0.05,hamming,1,,l2,1,True,mean,"1.0,1.0",results_env_onset\sub-032\sub-032_backward_mtrf_env_onset.summary.json,results_env_onset\sub-032\sub-032_backward_mtrf_env_onset.trial_results.csv,nh,NH,0,0.038750106788690966,0.03635477832227154,0.019142056510128826,0.010452438746512884,0.002395328466419426,0.008689617763615941,0.005542473115017684,0.002391952642121803,0.008687660744582801,0.005539806693352302
sub-032,31,1,0.1015953211163138,0.0902439797737791,-0.0316289484096973,0.1218729281834765,0.0537836272441034,-0.0275340868050476,0.0813177140491511,0.1015953211163138,0.71875,32,2,"envelope,onset",data/processed/env_onset/sub-032_mtrf_env_onset.npz,-0.5,0.0,0.05,hamming,1,,l2,1,True,mean,"1.0,1.0",results_env_onset\sub-032\sub-032_backward_mtrf_env_onset.summary.json,results_env_onset\sub-032\sub-032_backward_mtrf_env_onset.trial_results.csv,nh,NH,0,0.09049016545461447,-0.03163950184350062,0.05383557702015148,-0.02754104807361173,0.12212966729811509,0.08137662509376321,0.10175314619593914,0.12187292818347639,0.081317714049151,0.1015953211163137
sub-033,0,1,0.0868966030286484,0.1558725233553859,0.0525751034204276,0.1032974199349582,0.1334012690929101,0.0629054829705716,0.0704957861223385,0.0868966030286484,0.875,32,2,"envelope,onset",data/processed/env_onset/sub-033_mtrf_env_onset.npz,-0.5,0.0,0.05,hamming,1,,l2,1,True,mean,"1.0,1.0",results_env_onset\sub-033\sub-033_backward_mtrf_env_onset.summary.json,results_env_onset\sub-033\sub-033_backward_mtrf_env_onset.trial_results.csv,nh,NH,0,0.1571536236842323,0.052623625594249095,0.13420115930138718,0.06298865495640314,0.1045299980899832,0.07121250434498404,0.08787125121748363,0.1032974199349583,0.07049578612233852,0.0868966030286484
sub-033,1,1,0.080035131924437,0.0815256132803957,-0.0023826129981766,0.0839082262785723,0.0937329852470937,0.017570947676792,0.0761620375703016,0.080035131924437,0.875,32,2,"envelope,onset",data/processed/env_onset/sub-033_mtrf_env_onset.npz,-0.5,0.0,0.05,hamming,1,,l2,1,True,mean,"1.0,1.0",results_env_onset\sub-033\sub-033_backward_mtrf_env_onset.summary.json,results_env_onset\sub-033\sub-033_backward_mtrf_env_onset.trial_results.csv,nh,NH,0,0.08170695497096545,-0.002382617506766613,0.09400895015645583,0.01757275628610181,0.08408957247773206,0.07643619387035402,0.08026288317404304,0.0839082262785723,0.0761620375703017,0.08003513192443701
sub-033,2,1,0.0594955315747314,0.0957106080000507,-0.0032044662905698,0.0989150742906205,0.1041090992062513,0.084033110347409,0.0200759888588423,0.0594955315747314,0.875,32,2,"envelope,onset",data/processed/env_onset/sub-033_mtrf_env_onset.npz,-0.5,0.0,0.05,hamming,1,,l2,1,True,mean,"1.0,1.0",results_env_onset\sub-033\sub-033_backward_mtrf_env_onset.summary.json,results_env_onset\sub-033\sub-033_backward_mtrf_env_onset.trial_results.csv,nh,NH,0,0.09600447789474069,-0.0032044772591027235,0.10448770032249441,0.08423175439034943,0.09920895515384341,0.020255945932144984,0.0597324505429942,0.09891507429062049,0.020075988858842306,0.0594955315747314
sub-033,3,1,0.0079745505473472,-0.0122505071799598,-0.0372016262676953,0.0249511190877355,0.0373342040180189,0.04633622201106,-0.0090020179930411,0.0079745505473472,0.875,32,2,"envelope,onset",data/processed/env_onset/sub-033_mtrf_env_onset.npz,-0.5,0.0,0.05,hamming,1,,l2,1,True,mean,"1.0,1.0",results_env_onset\sub-033\sub-033_backward_mtrf_env_onset.summary.json,results_env_onset\sub-033\sub-033_backward_mtrf_env_onset.trial_results.csv,nh,NH,0,-0.012251120066468262,-0.0372188023992031,0.03735156454273137,0.046369426788727325,0.02496768233273484,-0.009017862245995954,0.007974910043369443,0.0249511190877355,-0.009002017993041102,0.0079745505473472
sub-033,4,0,-0.0294503010174644,0.0471574459096616,0.0505684750890512,-0.0034110291793895,0.0632118819424846,0.1187014547980239,-0.0554895728555393,-0.0294503010174644,0.875,32,2,"envelope,onset",data/processed/env_onset/sub-033_mtrf_env_onset.npz,-0.5,0.0,0.05,hamming,1,,l2,1,True,mean,"1.0,1.0",results_env_onset\sub-033\sub-033_backward_mtrf_env_onset.summary.json,results_env_onset\sub-033\sub-033_backward_mtrf_env_onset.trial_results.csv,nh,NH,0,0.04719244925740605,0.05061164541859689,0.06329627715889759,0.11926371846250343,-0.003419196161190838,-0.05596744130360584,-0.02969331873239834,-0.0034110291793895964,-0.05548957285553929,-0.029450301017464445
sub-033,5,1,0.1500012329930022,0.0509519261001764,-0.0781077340735677,0.1290596601737441,0.1186747022442346,-0.0522681035680257,0.1709428058122604,0.1500012329930022,0.875,32,2,"envelope,onset",data/processed/env_onset/sub-033_mtrf_env_onset.npz,-0.5,0.0,0.05,hamming,1,,l2,1,True,mean,"1.0,1.0",results_env_onset\sub-033\sub-033_backward_mtrf_env_onset.summary.json,results_env_onset\sub-033\sub-033_backward_mtrf_env_onset.trial_results.csv,nh,NH,0,0.05099608698584089,-0.07826715841290527,0.11923658366461391,-0.05231577977153568,0.12926324539874617,0.1715523634361496,0.1504078044174479,0.1290596601737441,0.1709428058122603,0.1500012329930022
sub-033,6,0,-0.0401280822398731,0.0787248737638118,0.0762383336615989,0.0024865401022128,0.0552155894054424,0.1379582939874015,-0.082742704581959,-0.0401280822398731,0.875,32,2,"envelope,onset",data/processed/env_onset/sub-033_mtrf_env_onset.npz,-0.5,0.0,0.05,hamming,1,,l2,1,True,mean,"1.0,1.0",results_env_onset\sub-033\sub-033_backward_mtrf_env_onset.summary.json,results_env_onset\sub-033\sub-033_backward_mtrf_env_onset.trial_results.csv,nh,NH,0,0.07888811646689776,0.07638655718637463,0.05527180532564062,0.1388436565794791,0.002501559280523133,-0.0835718512538385,-0.04053514598665768,0.0024865401022129002,-0.0827427045819591,-0.0401280822398731
sub-033,7,1,0.0675045143048885,0.1285556346204889,0.0892646461027731,0.0392909885177158,0.2025406599273422,0.1068226198352809,0.0957180400920612,0.0675045143048885,0.875,32,2,"envelope,onset",data/processed/env_onset/sub-033_mtrf_env_onset.npz,-0.5,0.0,0.05,hamming,1,,l2,1,True,mean,"1.0,1.0",results_env_onset\sub-033\sub-033_backward_mtrf_env_onset.summary.json,results_env_onset\sub-033\sub-033_backward_mtrf_env_onset.trial_results.csv,nh,NH,0,0.12927093475697818,0.08950287827787369,0.20538048255665922,0.1072317448486997,0.03976805647910449,0.09814873770795952,0.068958397093532,0.039290988517715814,0.0957180400920613,0.06750451430488855
sub-033,8,0,-0.0138432032463315,0.0649936154469248,0.0514925983256279,0.0135010171212969,0.0972694079545757,0.1384568315685357,-0.0411874236139599,-0.0138432032463315,0.875,32,2,"envelope,onset",data/processed/env_onset/sub-033_mtrf_env_onset.npz,-0.5,0.0,0.05,hamming,1,,l2,1,True,mean,"1.0,1.0",results_env_onset\sub-033\sub-033_backward_mtrf_env_onset.summary.json,results_env_onset\sub-033\sub-033_backward_mtrf_env_onset.trial_results.csv,nh,NH,0,0.06508536278782748,0.051538181529011115,0.0975779275017723,0.1393519023422026,0.013547181258816363,-0.0417739748404303,-0.014113396790806969,0.013501017121296893,-0.041187423613959995,-0.01384320324633155
sub-033,9,1,0.0146953226514275,0.0522143661943927,0.0413779572691861,0.0108364089252065,0.0810598537138217,0.0625056173361731,0.0185542363776486,0.0146953226514275,0.875,32,2,"envelope,onset",data/processed/env_onset/sub-033_mtrf_env_onset.npz,-0.5,0.0,0.05,hamming,1,,l2,1,True,mean,"1.0,1.0",results_env_onset\sub-033\sub-033_backward_mtrf_env_onset.summary.json,results_env_onset\sub-033\sub-033_backward_mtrf_env_onset.trial_results.csv,nh,NH,0,0.05226189533937357,0.041401596445776935,0.08123809694342063,0.06258721084393312,0.010860298893596632,0.018650886099487507,0.01475559249654207,0.010836408925206605,0.018554236377648595,0.0146953226514276
sub-033,10,1,0.1651712959895477,0.1456073068483171,-0.0138179247711635,0.1594252316194807,0.1700021071028466,-0.000915253256768,0.1709173603596146,0.1651712959895477,0.875,32,2,"envelope,onset",data/processed/env_onset/sub-033_mtrf_env_onset.npz,-0.5,0.0,0.05,hamming,1,,l2,1,True,mean,"1.0,1.0",results_env_onset\sub-033\sub-033_backward_mtrf_env_onset.summary.json,results_env_onset\sub-033\sub-033_backward_mtrf_env_onset.trial_results.csv,nh,NH,0,0.14664962911207818,-0.01381880431395627,0.17166883331174565,-0.000915253512333845,0.16046843342603445,0.1725840868240795,0.16652626012505697,0.1594252316194806,0.1709173603596146,0.1651712959895476
sub-033,11,0,-0.0080372222949336,0.0363176532183827,0.0403075790848785,-0.0039899258664957,0.1067310321863596,0.118815550909731,-0.0120845187233714,-0.0080372222949336,0.875,32,2,"envelope,onset",data/processed/env_onset/sub-033_mtrf_env_onset.npz,-0.5,0.0,0.05,hamming,1,,l2,1,True,mean,"1.0,1.0",results_env_onset\sub-033\sub-033_backward_mtrf_env_onset.summary.json,results_env_onset\sub-033\sub-033_backward_mtrf_env_onset.trial_results.csv,nh,NH,0,0.03633363318835299,0.04032942964297448,0.107139100939583,0.11937944675784638,-0.003995796454621489,-0.012240345818263387,-0.008118071136442438,-0.003989925866495804,-0.012084518723371407,-0.008037222294933605
sub-033,12,1,0.0620603703190467,0.0724966989545576,0.0215645397123813,0.0509321592421762,0.1274248814667497,0.0542363000708324,0.0731885813959172,0.0620603703190467,0.875,32,2,"envelope,onset",data/processed/env_onset/sub-033_mtrf_env_onset.npz,-0.5,0.0,0.05,hamming,1,,l2,1,True,mean,"1.0,1.0",results_env_onset\sub-033\sub-033_backward_mtrf_env_onset.summary.json,results_env_onset\sub-033\sub-033_backward_mtrf_env_onset.trial_results.csv,nh,NH,0,0.07262410967284305,0.021567883360161428,0.12812134953520546,0.05428957419907752,0.05105622631268163,0.07383177533612795,0.06244400082440479,0.0509321592421763,0.07318858139591732,0.062060370319046806
sub-033,13,1,0.0048958555463573,0.0507667684573995,0.0426485471987886,0.0081182212586109,0.0525942794787333,0.0509207896446294,0.0016734898341038,0.0048958555463573,0.875,32,2,"envelope,onset",data/processed/env_onset/sub-033_mtrf_env_onset.npz,-0.5,0.0,0.05,hamming,1,,l2,1,True,mean,"1.0,1.0",results_env_onset\sub-033\sub-033_backward_mtrf_env_onset.summary.json,results_env_onset\sub-033\sub-033_backward_mtrf_env_onset.trial_results.csv,nh,NH,0,0.050810449158133236,0.04267443324908024,0.05264285482425641,0.050964869536226434,0.008136015909052996,0.0016779852880299748,0.004907000598541485,0.008118221258610898,0.0016734898341038973,0.004895855546357398
sub-033,14,1,0.125797545293776,0.1391791292463532,-0.0304733806964917,0.1696525099428449,0.1090338515950411,0.027091270950334,0.0819425806447071,0.125797545293776,0.875,32,2,"envelope,onset",data/processed/env_onset/sub-033_mtrf_env_onset.npz,-0.5,0.0,0.05,hamming,1,,l2,1,True,mean,"1.0,1.0",results_env_onset\sub-033\sub-033_backward_mtrf_env_onset.summary.json,results_env_onset\sub-033\sub-033_backward_mtrf_env_onset.trial_results.csv,nh,NH,0,0.1400883925385719,-0.030482818756377216,0.10946903868944675,0.02709790163217717,0.1705712112949491,0.08237113705726959,0.12647117417610934,0.1696525099428449,0.08194258064470711,0.12579754529377601
sub-033,15,1,0.0567765410090141,0.1660337501752288,0.0287991749523703,0.1372345752228584,0.0864941070861595,0.1101756002909896,-0.0236814932048301,0.0567765410090141,0.875,32,2,"envelope,onset",data/processed/env_onset/sub-033_mtrf_env_onset.npz,-0.5,0.0,0.05,hamming,1,,l2,1,True,mean,"1.0,1.0",results_env_onset\sub-033\sub-033_backward_mtrf_env_onset.summary.json,results_env_onset\sub-033\sub-033_backward_mtrf_env_onset.trial_results.csv,nh,NH,0,0.16758518902470498,0.028807140856554912,0.08671077460376925,0.11062467034658238,0.13877804816815006,-0.023913895742813135,0.057432076212668465,0.1372345752228585,-0.02368149320483011,0.0567765410090142
sub-033,16,1,0.0781464809149577,0.1500486784367227,0.0217387175367577,0.128309960899965,0.1254668507533841,0.0974838498234335,0.0279830009299505,0.0781464809149577,0.875,32,2,"envelope,onset",data/processed/env_onset/sub-033_mtrf_env_onset.npz,-0.5,0.0,0.05,hamming,1,,l2,1,True,mean,"1.0,1.0",results_env_onset\sub-033\sub-033_backward_mtrf_env_onset.summary.json,results_env_onset\sub-033\sub-033_backward_mtrf_env_onset.trial_results.csv,nh,NH,0,0.15119023522074881,0.02174214287662456,0.12613150337593343,0.09779442221940332,0.12944809234412424,0.02833708115653011,0.07889258675032718,0.128309960899965,0.027983000929950597,0.0781464809149578
sub-033,17,1,0.1245534705412289,0.1528653464539355,0.0226318312342989,0.1302335152196365,0.15282697495465,0.0339535490918286,0.1188734258628214,0.1245534705412289,0.875,32,2,"envelope,onset",data/processed/env_onset/sub-033_mtrf_env_onset.npz,-0.5,0.0,0.05,hamming,1,,l2,1,True,mean,"1.0,1.0",results_env_onset\sub-033\sub-033_backward_mtrf_env_onset.summary.json,results_env_onset\sub-033\sub-033_backward_mtrf_env_onset.trial_results.csv,nh,NH,0,0.15407303450904017,0.022635696428583717,0.1540337451333648,0.03396660583385873,0.13143733808045646,0.12006713929950606,0.12575223868998125,0.1302335152196366,0.1188734258628214,0.124553470541229
sub-033,18,1,0.0418871457184891,0.1180871253022518,0.0897824457129803,0.0283046795892714,0.161766539603455,0.1062969277557482,0.0554696118477068,0.0418871457184891,0.875,32,2,"envelope,onset",data/processed/env_onset/sub-033_mtrf_env_onset.npz,-0.5,0.0,0.05,hamming,1,,l2,1,True,mean,"1.0,1.0",results_env_onset\sub-033\sub-033_backward_mtrf_env_onset.summary.json,results_env_onset\sub-033\sub-033_backward_mtrf_env_onset.trial_results.csv,nh,NH,0,0.11864065534069822,0.09002486131504442,0.163200175311785,0.10670001497136981,0.0286157940256538,0.056500160340415176,0.04255797718303449,0.028304679589271492,0.055469611847706796,0.041887145718489144
sub-033,19,1,0.1875399046982844,0.141133959937618,-0.0033336212416656,0.1444675811792836,0.1737756169606792,-0.0568366112566059,0.2306122282172851,0.1875399046982844,0.875,32,2,"envelope,onset",data/processed/env_onset/sub-033_mtrf_env_onset.npz,-0.5,0.0,0.05,hamming,1,,l2,1,True,mean,"1.0,1.0",results_env_onset\sub-033\sub-033_backward_mtrf_env_onset.summary.json,results_env_onset\sub-033\sub-033_backward_mtrf_env_onset.trial_results.csv,nh,NH,0,0.14208239379116197,-0.0033336335906262106,0.17555723418576,-0.05689793182473397,0.1454160273817882,0.23245516601049396,0.18893559669614107,0.1444675811792836,0.2306122282172851,0.18753990469828435
sub-033,20,1,0.1308074143039578,0.0697288500563386,-0.054283392464166,0.1240122425205047,0.1378897994620071,0.0002872133745961,0.137602586087411,0.1308074143039578,0.875,32,2,"envelope,onset",data/processed/env_onset/sub-033_mtrf_env_onset.npz,-0.5,0.0,0.05,hamming,1,,l2,1,True,mean,"1.0,1.0",results_env_onset\sub-033\sub-033_backward_mtrf_env_onset.summary.json,results_env_onset\sub-033\sub-033_backward_mtrf_env_onset.trial_results.csv,nh,NH,0,0.06984219072409929,-0.05433680564798894,0.1387738338125816,0.00028721338249365657,0.12417899637208824,0.13848662043008794,0.13133280840108807,0.12401224252050459,0.137602586087411,0.1308074143039578
sub-033,21,1,0.0831303425718424,0.1367070578867545,0.0683072737223922,0.0683997841643622,0.1428093068867642,0.0449484059074416,0.0978609009793226,0.0831303425718424,0.875,32,2,"envelope,onset",data/processed/env_onset/sub-033_mtrf_env_onset.npz,-0.5,0.0,0.05,hamming,1,,l2,1,True,mean,"1.0,1.0",results_env_onset\sub-033\sub-033_backward_mtrf_env_onset.summary.json,results_env_onset\sub-033\sub-033_backward_mtrf_env_onset.trial_results.csv,nh,NH,0,0.13756836802091935,0.06841381006391269,0.14379220401341414,0.04497871329672547,0.06915455795700666,0.09881349071668867,0.08398402433684767,0.06839978416436229,0.0978609009793226,0.08313034257184244
sub-033,22,1,0.0240673462718129,0.1155312706458895,0.0771512156719938,0.0383800549738957,0.1518784010804531,0.142123763510723,0.0097546375697301,0.0240673462718129,0.875,32,2,"envelope,onset",data/processed/env_onset/sub-033_mtrf_env_onset.npz,-0.5,0.0,0.05,hamming,1,,l2,1,True,mean,"1.0,1.0",results_env_onset\sub-033\sub-033_backward_mtrf_env_onset.summary.json,results_env_onset\sub-033\sub-033_backward_mtrf_env_onset.trial_results.csv,nh,NH,0,0.11604944369676208,0.07730484068683222,0.1530626303013841,0.14309245806454393,0.038744603009929865,0.009970172236840158,0.02435738762338501,0.0383800549738957,0.009754637569730107,0.024067346271812902
sub-033,23,1,0.0535887199900513,0.0843102692486159,0.0356002910297259,0.04870997821889,0.1161596542375202,0.0576921924763075,0.0584674617612127,0.0535887199900513,0.875,32,2,"envelope,onset",data/processed/env_onset/sub-033_mtrf_env_onset.npz,-0.5,0.0,0.05,hamming,1,,l2,1,True,mean,"1.0,1.0",results_env_onset\sub-033\sub-033_backward_mtrf_env_onset.summary.json,results_env_onset\sub-033\sub-033_backward_mtrf_env_onset.trial_results.csv,nh,NH,0,0.08451089094050315,0.035615342184219696,0.1166863750381151,0.05775632796015687,0.048895548756283456,0.058930047077958236,0.05391279791712085,0.04870997821889,0.0584674617612127,0.05358871999005135
sub-033,24,1,0.1155174675555261,0.1342104930980977,-0.0096886739946149,0.1438991670927126,0.1200743904879391,0.0329386224695995,0.0871357680183396,0.1155174675555261,0.875,32,2,"envelope,onset",data/processed/env_onset/sub-033_mtrf_env_onset.npz,-0.5,0.0,0.05,hamming,1,,l2,1,True,mean,"1.0,1.0",results_env_onset\sub-033\sub-033_backward_mtrf_env_onset.summary.json,results_env_onset\sub-033\sub-033_backward_mtrf_env_onset.trial_results.csv,nh,NH,0,0.13502513584218867,-0.009688977171603993,0.12065650645416462,0.03295054251428402,0.14471411301379267,0.0877059639398806,0.11621003847683664,0.1438991670927126,0.0871357680183396,0.11551746755552611
sub-033,25,1,0.1758023828544268,0.1754675819181483,-0.0249042324283831,0.2003718143465315,0.1751735806451456,0.0239406292828235,0.1512329513623221,0.1758023828544268,0.875,32,2,"envelope,onset",data/processed/env_onset/sub-033_mtrf_env_onset.npz,-0.5,0.0,0.05,hamming,1,,l2,1,True,mean,"1.0,1.0",results_env_onset\sub-033\sub-033_backward_mtrf_env_onset.summary.json,results_env_onset\sub-033\sub-033_backward_mtrf_env_onset.trial_results.csv,nh,NH,0,0.1773024148887835,-0.02490938305282762,0.17699909023041002,0.023945204743386288,0.20221179794161112,0.15305388548702373,0.17763284171431742,0.2003718143465314,0.1512329513623221,0.17580238285442673
sub-033,26,1,0.0199117192792899,0.0410436914892157,-0.0494324864912322,0.0904761779804479,-0.008905897069985,0.0417468423518829,-0.050652739421868,0.0199117192792899,0.875,32,2,"envelope,onset",data/processed/env_onset/sub-033_mtrf_env_onset.npz,-0.5,0.0,0.05,hamming,1,,l2,1,True,mean,"1.0,1.0",results_env_onset\sub-033\sub-033_backward_mtrf_env_onset.summary.json,results_env_onset\sub-033\sub-033_backward_mtrf_env_onset.trial_results.csv,nh,NH,0,0.04106676200260268,-0.049472809552661416,-0.00890613253827395,0.041771119859661254,0.0905395715552641,-0.050677252397935205,0.019931159578664447,0.09047617798044791,-0.0506527394218679,0.019911719279290006
sub-033,27,1,0.0803529226703381,0.1844602358541089,0.086040027703277,0.0984202081508319,0.1311207477685174,0.068835110578673,0.0622856371898444,0.0803529226703381,0.875,32,2,"envelope,onset",data/processed/env_onset/sub-033_mtrf_env_onset.npz,-0.5,0.0,0.05,hamming,1,,l2,1,True,mean,"1.0,1.0",results_env_onset\sub-033\sub-033_backward_mtrf_env_onset.summary.json,results_env_onset\sub-033\sub-033_backward_mtrf_env_onset.trial_results.csv,nh,NH,0,0.18659613565418376,0.08625329061377245,0.13188003350536395,0.06894414055114118,0.10034284504041131,0.06293589295422278,0.08163936899731705,0.0984202081508319,0.062285637189844395,0.08035292267033814
sub-033,28,1,0.0745404711919136,0.1150415038242252,0.0034060074334477,0.1116354963907774,0.1245299881952456,0.0870845422021957,0.0374454459930498,0.0745404711919136,0.875,32,2,"envelope,onset",data/processed/env_onset/sub-033_mtrf_env_onset.npz,-0.5,0.0,0.05,hamming,1,,l2,1,True,mean,"1.0,1.0",results_env_onset\sub-033\sub-033_backward_mtrf_env_onset.summary.json,results_env_onset\sub-033\sub-033_backward_mtrf_env_onset.trial_results.csv,nh,NH,0,0.11555307971524414,0.0034060206044414167,0.12517977029035815,0.08730569087714075,0.11214705911080272,0.037874079413217396,0.07501056926201005,0.11163549639077751,0.0374454459930499,0.0745404711919137
sub-033,29,1,0.0962468840756016,0.1290237783224554,-0.0186960659812452,0.1477198443037007,0.0974164576435299,0.0526425337960274,0.0447739238475025,0.0962468840756016,0.875,32,2,"envelope,onset",data/processed/env_onset/sub-033_mtrf_env_onset.npz,-0.5,0.0,0.05,hamming,1,,l2,1,True,mean,"1.0,1.0",results_env_onset\sub-033\sub-033_backward_mtrf_env_onset.summary.json,results_env_onset\sub-033\sub-033_backward_mtrf_env_onset.trial_results.csv,nh,NH,0,0.12974697443772404,-0.018698244797152923,0.09772638391147302,0.05269124311405913,0.14844521923487697,0.04503514079741389,0.09674018001614543,0.1477198443037006,0.04477392384750249,0.09624688407560156
sub-033,30,1,0.0764100663228279,0.0741175655541277,0.0031364556366739,0.0709811099174537,0.1188505103618763,0.0370114876336741,0.0818390227282022,0.0764100663228279,0.875,32,2,"envelope,onset",data/processed/env_onset/sub-033_mtrf_env_onset.npz,-0.5,0.0,0.05,hamming,1,,l2,1,True,mean,"1.0,1.0",results_env_onset\sub-033\sub-033_backward_mtrf_env_onset.summary.json,results_env_onset\sub-033\sub-033_backward_mtrf_env_onset.trial_results.csv,nh,NH,0,0.0742537341338741,0.003136465921542699,0.11941490695367482,0.03702840160240131,0.0711172682123314,0.08238650535127351,0.07675188678180245,0.0709811099174538,0.0818390227282022,0.076410066322828
sub-033,31,1,0.0986722211434577,0.1326368932508771,0.0287044235943225,0.1039324696565545,0.1573887082425828,0.0639767356122217,0.093411972630361,0.0986722211434577,0.875,32,2,"envelope,onset",data/processed/env_onset/sub-033_mtrf_env_onset.npz,-0.5,0.0,0.05,hamming,1,,l2,1,True,mean,"1.0,1.0",results_env_onset\sub-033\sub-033_backward_mtrf_env_onset.summary.json,results_env_onset\sub-033\sub-033_backward_mtrf_env_onset.trial_results.csv,nh,NH,0,0.13342301487210076,0.02871231110590894,0.15870794120369178,0.06406423667629128,0.10471070376619182,0.0946437045274005,0.09967720414679615,0.1039324696565546,0.0934119726303611,0.09867222114345786
sub-034,0,1,0.112497226219285,0.1405346688781723,0.0142034695487557,0.1263311993294166,0.1374072284787025,0.038743975369549,0.0986632531091535,0.112497226219285,0.96875,32,2,"envelope,onset",data/processed/env_onset/sub-034_mtrf_env_onset.npz,-0.5,0.0,0.05,hamming,1,,l2,1,True,mean,"1.0,1.0",results_env_onset\sub-034\sub-034_backward_mtrf_env_onset.summary.json,results_env_onset\sub-034\sub-034_backward_mtrf_env_onset.trial_results.csv,nh,NH,0,0.1414709756587565,0.014204424793488274,0.13828194290621124,0.03876337898589848,0.12726655086526822,0.09951856392031275,0.11339255739279049,0.12633119932941658,0.09866325310915348,0.11249722621928504
sub-034,1,1,0.1099689882218436,0.1493438969717953,-0.0067772509353584,0.1561211479071537,0.1346970374990785,0.070880208962545,0.0638168285365335,0.1099689882218436,0.96875,32,2,"envelope,onset",data/processed/env_onset/sub-034_mtrf_env_onset.npz,-0.5,0.0,0.05,hamming,1,,l2,1,True,mean,"1.0,1.0",results_env_onset\sub-034\sub-034_backward_mtrf_env_onset.summary.json,results_env_onset\sub-034\sub-034_backward_mtrf_env_onset.trial_results.csv,nh,NH,0,0.1504692982624062,-0.006777354700483174,0.13552063784724516,0.07099926888196767,0.1572466529628894,0.06452136896527749,0.11088401096408344,0.1561211479071537,0.06381682853653349,0.10996898822184359
sub-034,2,1,0.0508609725085016,0.0717490976792537,0.0251217181253715,0.0466273795538821,0.1058773651019107,0.0507827996387897,0.055094565463121,0.0508609725085016,0.96875,32,2,"envelope,onset",data/processed/env_onset/sub-034_mtrf_env_onset.npz,-0.5,0.0,0.05,hamming,1,,l2,1,True,mean,"1.0,1.0",results_env_onset\sub-034\sub-034_backward_mtrf_env_onset.summary.json,results_env_onset\sub-034\sub-034_backward_mtrf_env_onset.trial_results.csv,nh,NH,0,0.0718725992205201,0.025127004905555746,0.10627567660221608,0.05082652177599748,0.04674559431496435,0.0554491548262186,0.05109737457059148,0.04662737955388221,0.055094565463121005,0.050860972508501606
sub-034,3,1,0.0564463197988373,0.0680323553667519,-0.0047743723545411,0.0728067277212931,0.0767050358585788,0.0366191239821972,0.0400859118763816,0.0564463197988373,0.96875,32,2,"envelope,onset",data/processed/env_onset/sub-034_mtrf_env_onset.npz,-0.5,0.0,0.05,hamming,1,,l2,1,True,mean,"1.0,1.0",results_env_onset\sub-034\sub-034_backward_mtrf_env_onset.summary.json,results_env_onset\sub-034\sub-034_backward_mtrf_env_onset.trial_results.csv,nh,NH,0,0.06813760816211993,-0.0047744086317232206,0.07685600468280797,0.03663550542744806,0.07291201679384315,0.04022049925535991,0.05656625802460153,0.072806727721293,0.040085911876381594,0.0564463197988373
sub-034,4,1,0.0592348130409989,0.123217492763574,0.0434659590607459,0.079751533702828,0.111832815568953,0.0731147231897832,0.0387180923791698,0.0592348130409989,0.96875,32,2,"envelope,onset",data/processed/env_onset/sub-034_mtrf_env_onset.npz,-0.5,0.0,0.05,hamming,1,,l2,1,True,mean,"1.0,1.0",results_env_onset\sub-034\sub-034_backward_mtrf_env_onset.summary.json,results_env_onset\sub-034\sub-034_backward_mtrf_env_onset.trial_results.csv,nh,NH,0,0.12384682094278267,0.0434933633937193,0.11230256088448301,0.0732454273290996,0.08035345754906337,0.039057133555383414,0.05970529555222339,0.07975153370282809,0.0387180923791698,0.059234813040998945
sub-034,5,1,0.1196688213000214,0.142052799779245,-0.0124754233558393,0.1545282231350843,0.1513488861977705,0.066539466732812,0.0848094194649585,0.1196688213000214,0.96875,32,2,"envelope,onset",data/processed/env_onset/sub-034_mtrf_env_onset.npz,-0.5,0.0,0.05,hamming,1,,l2,1,True,mean,"1.0,1.0",results_env_onset\sub-034\sub-034_backward_mtrf_env_onset.summary.json,results_env_onset\sub-034\sub-034_backward_mtrf_env_onset.trial_results.csv,nh,NH,0,0.14302003211985756,-0.012476070625394726,0.15252065723420263,0.0666379296091618,0.15549610274525227,0.08588272762504083,0.12068941518514656,0.1545282231350843,0.08480941946495851,0.1196688213000214
sub-034,6,1,0.0523378284726759,0.0941979111173103,0.0466931323489341,0.0475047787683761,0.1013837767117085,0.0442128985347328,0.0571708781769756,0.0523378284726759,0.96875,32,2,"envelope,onset",data/processed/env_onset/sub-034_mtrf_env_onset.npz,-0.5,0.0,0.05,hamming,1,,l2,1,True,mean,"1.0,1.0",results_env_onset\sub-034\sub-034_backward_mtrf_env_onset.summary.json,results_env_onset\sub-034\sub-034_backward_mtrf_env_onset.trial_results.csv,nh,NH,0,0.09447801766958742,0.046727111021471646,0.10173329829498903,0.044241741206732785,0.04775090664811578,0.05749155708825625,0.052621231868186014,0.047504778768376194,0.057170878176975706,0.05233782847267595
sub-034,7,1,0.0792949040549788,0.1500421214766931,0.0713052650885342,0.0787368563881589,0.191404472914823,0.1115515211930242,0.0798529517217987,0.0792949040549788,0.96875,32,2,"envelope,onset",data/processed/env_onset/sub-034_mtrf_env_onset.npz,-0.5,0.0,0.05,hamming,1,,l2,1,True,mean,"1.0,1.0",results_env_onset\sub-034\sub-034_backward_mtrf_env_onset.summary.json,results_env_onset\sub-034\sub-034_backward_mtrf_env_onset.trial_results.csv,nh,NH,0,0.15118352723977074,0.07142648423664957,0.19379464700462323,0.11201771298907102,0.07975704300312117,0.08177693401555221,0.0807669885093367,0.0787368563881589,0.07985295172179879,0.07929490405497885
sub-034,8,1,0.1140876469782994,0.1068510470999365,-0.0524211502672922,0.1592721973672288,0.0783557720760351,0.009452675486665,0.0689030965893701,0.1140876469782994,0.96875,32,2,"envelope,onset",data/processed/env_onset/sub-034_mtrf_env_onset.npz,-0.5,0.0,0.05,hamming,1,,l2,1,True,mean,"1.0,1.0",results_env_onset\sub-034\sub-034_backward_mtrf_env_onset.summary.json,results_env_onset\sub-034\sub-034_backward_mtrf_env_onset.trial_results.csv,nh,NH,0,0.10726050033157278,-0.052469246965071596,0.07851672380861265,0.009452957043630241,0.15972974729664438,0.06906376676498241,0.1143967570308134,0.1592721973672287,0.0689030965893701,0.1140876469782994
sub-034,9,1,0.127208229944944,0.1647322721670047,0.0324135724838507,0.1323186996831539,0.1922284089615911,0.070130648754857,0.1220977602067341,0.127208229944944,0.96875,32,2,"envelope,onset",data/processed/env_onset/sub-034_mtrf_env_onset.npz,-0.5,0.0,0.05,hamming,1,,l2,1,True,mean,"1.0,1.0",results_env_onset\sub-034\sub-034_backward_mtrf_env_onset.summary.json,results_env_onset\sub-034\sub-034_backward_mtrf_env_onset.trial_results.csv,nh,NH,0,0.1662471123481042,0.03242493130694906,0.1946500566626472,0.07024596394780223,0.13382218104115512,0.12440409271484497,0.12911313687800005,0.13231869968315402,0.1220977602067341,0.12720822994494407
sub-034,10,1,0.0660437192718424,0.1234226654145862,0.0526874241834444,0.0707352412311418,0.122833425226015,0.061481227913472,0.061352197312543,0.0660437192718424,0.96875,32,2,"envelope,onset",data/processed/env_onset/sub-034_mtrf_env_onset.npz,-0.5,0.0,0.05,hamming,1,,l2,1,True,mean,"1.0,1.0",results_env_onset\sub-034\sub-034_backward_mtrf_env_onset.summary.json,results_env_onset\sub-034\sub-034_backward_mtrf_env_onset.trial_results.csv,nh,NH,0,0.12405516201262366,0.052736258355758694,0.12345685110384222,0.061558869223394,0.07131890365686497,0.06189798188044822,0.0666084427686566,0.0707352412311418,0.061352197312542996,0.0660437192718424
sub-034,11,1,0.0649633141139242,0.0832108059991287,0.0116271665918214,0.0715836394073072,0.1469306348103108,0.0885876459897695,0.0583429888205412,0.0649633141139242,0.96875,32,2,"envelope,onset",data/processed/env_onset/sub-034_mtrf_env_onset.npz,-0.5,0.0,0.05,hamming,1,,l2,1,True,mean,"1.0,1.0",results_env_onset\sub-034\sub-034_backward_mtrf_env_onset.summary.json,results_env_onset\sub-034\sub-034_backward_mtrf_env_onset.trial_results.csv,nh,NH,0,0.08340365943087215,0.011627690597097558,0.1480018883501573,0.08882048184287802,0.07177596883377459,0.059181406507279266,0.06547868767052692,0.07158363940730729,0.0583429888205413,0.0649633141139243
sub-034,12,1,0.0625274813332613,0.1514257000096296,0.0635537638162183,0.0878719361934112,0.1480690852458896,0.1108860587727781,0.0371830264731114,0.0625274813332613,0.96875,32,2,"envelope,onset",data/processed/env_onset/sub-034_mtrf_env_onset.npz,-0.5,0.0,0.05,hamming,1,,l2,1,True,mean,"1.0,1.0",results_env_onset\sub-034\sub-034_backward_mtrf_env_onset.summary.json,results_env_onset\sub-034\sub-034_backward_mtrf_env_onset.trial_results.csv,nh,NH,0,0.15259927276570015,0.06363953804621977,0.14916565814107127,0.11134391592964012,0.08895973471948038,0.037821742211431156,0.06339073846545576,0.0878719361934113,0.0371830264731115,0.0625274813332614
sub-034,13,1,0.0840801593545983,0.0654941181009571,-0.0148168165967567,0.0803109346977139,0.0821375794989119,-0.0057118045125708,0.0878493840114827,0.0840801593545983,0.96875,32,2,"envelope,onset",data/processed/env_onset/sub-034_mtrf_env_onset.npz,-0.5,0.0,0.05,hamming,1,,l2,1,True,mean,"1.0,1.0",results_env_onset\sub-034\sub-034_backward_mtrf_env_onset.summary.json,results_env_onset\sub-034\sub-034_backward_mtrf_env_onset.trial_results.csv,nh,NH,0,0.0655880050812223,-0.014817901024631878,0.08232304681290205,-0.005711866629110163,0.08040590610585417,0.08803491344201221,0.08422040977393319,0.08031093469771379,0.0878493840114827,0.08408015935459826
sub-034,14,1,0.0532148882721926,0.0921127182719568,0.0390637788365458,0.053048939435411,0.1211064126245656,0.0677255755155913,0.0533808371089743,0.0532148882721926,0.96875,32,2,"envelope,onset",data/processed/env_onset/sub-034_mtrf_env_onset.npz,-0.5,0.0,0.05,hamming,1,,l2,1,True,mean,"1.0,1.0",results_env_onset\sub-034\sub-034_backward_mtrf_env_onset.summary.json,results_env_onset\sub-034\sub-034_backward_mtrf_env_onset.trial_results.csv,nh,NH,0,0.09237457050461849,0.03908366721560979,0.12170375786633436,0.06782940826082502,0.0532909032890087,0.05387434960550934,0.053582626447259016,0.053048939435411,0.0533808371089743,0.05321488827219265
sub-034,15,1,0.1053434170332622,0.1691847965788044,0.0736479521674211,0.0955368444113832,0.1754427526117443,0.060292762956603,0.1151499896551412,0.1053434170332622,0.96875,32,2,"envelope,onset",data/processed/env_onset/sub-034_mtrf_env_onset.npz,-0.5,0.0,0.05,hamming,1,,l2,1,True,mean,"1.0,1.0",results_env_onset\sub-034\sub-034_backward_mtrf_env_onset.summary.json,results_env_onset\sub-034\sub-034_backward_mtrf_env_onset.trial_results.csv,nh,NH,0,0.1708273191565903,0.07378154320760619,0.17727679694642892,0.06036598182057843,0.09704577594898411,0.1169108151258505,0.1069782955374173,0.0955368444113833,0.11514998965514131,0.1053434170332623
sub-034,16,0,-0.0441059918941919,0.0389744625479142,0.052200143724887,-0.0132256811769728,0.0469984533258412,0.1219847559372523,-0.074986302611411,-0.0441059918941919,0.96875,32,2,"envelope,onset",data/processed/env_onset/sub-034_mtrf_env_onset.npz,-0.5,0.0,0.05,hamming,1,,l2,1,True,mean,"1.0,1.0",results_env_onset\sub-034\sub-034_backward_mtrf_env_onset.summary.json,results_env_onset\sub-034\sub-034_backward_mtrf_env_onset.trial_results.csv,nh,NH,0,0.03899421473625389,0.05224763399919491,0.047033103509954294,0.1225952718695036,-0.013253419262941019,-0.0755621683595493,-0.04440779381124516,-0.0132256811769728,-0.07498630261141111,-0.044105991894191954
sub-034,17,1,0.0958432327814034,0.1381234940459198,0.0134580146169718,0.1246654794289479,0.1372342353232216,0.0702132491893626,0.0670209861338589,0.0958432327814034,0.96875,32,2,"envelope,onset",data/processed/env_onset/sub-034_mtrf_env_onset.npz,-0.5,0.0,0.05,hamming,1,,l2,1,True,mean,"1.0,1.0",results_env_onset\sub-034\sub-034_backward_mtrf_env_onset.summary.json,results_env_onset\sub-034\sub-034_backward_mtrf_env_onset.trial_results.csv,nh,NH,0,0.13901206572321678,0.013458827202214694,0.13810562492501047,0.07032897312806156,0.1255532385210021,0.0677766517969489,0.0966649451589755,0.12466547942894801,0.067020986133859,0.0958432327814035
sub-034,18,1,0.0689767636913337,0.1046339078769014,0.0278967918116878,0.0767371160652135,0.1177381350691231,0.0565217237516691,0.0612164113174539,0.0689767636913337,0.96875,32,2,"envelope,onset",data/processed/env_onset/sub-034_mtrf_env_onset.npz,-0.5,0.0,0.05,hamming,1,,l2,1,True,mean,"1.0,1.0",results_env_onset\sub-034\sub-034_backward_mtrf_env_onset.summary.json,results_env_onset\sub-034\sub-034_backward_mtrf_env_onset.trial_results.csv,nh,NH,0,0.10501828892545113,0.027904031908670603,0.11828674454453197,0.05658202947199067,0.07711425701678053,0.06170471507254131,0.06940948604466092,0.07673711606521359,0.061216411317454006,0.06897676369133379
sub-034,19,1,0.055503445508099,0.0742008841909678,0.0369183510264893,0.0372825331644785,0.1080701237081269,0.0343457658564073,0.0737243578517195,0.055503445508099,0.96875,32,2,"envelope,onset",data/processed/env_onset/sub-034_mtrf_env_onset.npz,-0.5,0.0,0.05,hamming,1,,l2,1,True,mean,"1.0,1.0",results_env_onset\sub-034\sub-034_backward_mtrf_env_onset.summary.json,results_env_onset\sub-034\sub-034_backward_mtrf_env_onset.trial_results.csv,nh,NH,0,0.07433751352310806,0.0369351375586687,0.10849381919131658,0.03435928054038638,0.03740237596443936,0.0741345386509302,0.05576845730768478,0.03728253316447851,0.0737243578517196,0.055503445508099054
sub-034,20,1,0.0141892665180941,0.1389311930925792,0.119233489346575,0.0196977037460042,0.0962477875876109,0.0875669582974269,0.008680829290184,0.0141892665180941,0.96875,32,2,"envelope,onset",data/processed/env_onset/sub-034_mtrf_env_onset.npz,-0.5,0.0,0.05,hamming,1,,l2,1,True,mean,"1.0,1.0",results_env_onset\sub-034\sub-034_backward_mtrf_env_onset.summary.json,results_env_onset\sub-034\sub-034_backward_mtrf_env_onset.trial_results.csv,nh,NH,0,0.13983556767645028,0.11980339115208848,0.09654665200722239,0.08779181405372297,0.020032176524361803,0.00875483795349942,0.014393507238930611,0.0196977037460042,0.008680829290184003,0.014189266518094101
sub-034,21,1,0.1365971339252644,0.1017620366200327,-0.0352877425484514,0.1370497791684841,0.0963178707429667,-0.039826617939078,0.1361444886820447,0.1365971339252644,0.96875,32,2,"envelope,onset",data/processed/env_onset/sub-034_mtrf_env_onset.npz,-0.5,0.0,0.05,hamming,1,,l2,1,True,mean,"1.0,1.0",results_env_onset\sub-034\sub-034_backward_mtrf_env_onset.summary.json,results_env_onset\sub-034\sub-034_backward_mtrf_env_onset.trial_results.csv,nh,NH,0,0.10211550141885134,-0.035302400558603245,0.09661739093961813,-0.03984769512453594,0.13741790197745457,0.13646508606415408,0.13694149402080433,0.1370497791684841,0.1361444886820447,0.1365971339252644
sub-034,22,1,0.2152765203828681,0.185852029182195,-0.0647217826452235,0.2505738118274185,0.1705036786715204,-0.0094755502667973,0.1799792289383178,0.2152765203828681,0.96875,32,2,"envelope,onset",data/processed/env_onset/sub-034_mtrf_env_onset.npz,-0.5,0.0,0.05,hamming,1,,l2,1,True,mean,"1.0,1.0",results_env_onset\sub-034\sub-034_backward_mtrf_env_onset.summary.json,results_env_onset\sub-034\sub-034_backward_mtrf_env_onset.trial_results.csv,nh,NH,0,0.18803733767923556,-0.06481238168363516,0.17218537746595003,-0.009475833872828148,0.2528497193628707,0.1816612113387782,0.21725546535082446,0.2505738118274185,0.1799792289383177,0.2152765203828681
sub-034,23,1,0.2316506679305901,0.1820794386745713,-0.044228527796928,0.2263079664714993,0.2113475595199595,-0.0256458098697214,0.2369933693896809,0.2316506679305901,0.96875,32,2,"envelope,onset",data/processed/env_onset/sub-034_mtrf_env_onset.npz,-0.5,0.0,0.05,hamming,1,,l2,1,True,mean,"1.0,1.0",results_env_onset\sub-034\sub-034_backward_mtrf_env_onset.summary.json,results_env_onset\sub-034\sub-034_backward_mtrf_env_onset.trial_results.csv,nh,NH,0,0.18413259205769436,-0.04425740109138601,0.2145814935123767,-0.02565143457057761,0.22838999314908037,0.24023292808295432,0.23431146061601735,0.2263079664714993,0.2369933693896809,0.2316506679305901
sub-034,24,1,0.1321335970571774,0.1007304118053997,-0.0381926503282305,0.1389230621336303,0.1380346696811204,0.0126905377003958,0.1253441319807246,0.1321335970571774,0.96875,32,2,"envelope,onset",data/processed/env_onset/sub-034_mtrf_env_onset.npz,-0.5,0.0,0.05,hamming,1,,l2,1,True,mean,"1.0,1.0",results_env_onset\sub-034\sub-034_backward_mtrf_env_onset.summary.json,results_env_onset\sub-034\sub-034_backward_mtrf_env_onset.trial_results.csv,nh,NH,0,0.10107319200477795,-0.03821123686447491,0.1389215149321056,0.012691219035530167,0.13928442886925285,0.12623029589657545,0.13275736238291413,0.1389230621336302,0.1253441319807246,0.13213359705717742
sub-034,25,1,0.0736913334293946,0.1044200975403943,0.0368874613579327,0.0675326361824615,0.1441821789931368,0.0643321483168091,0.0798500306763276,0.0736913334293946,0.96875,32,2,"envelope,onset",data/processed/env_onset/sub-034_mtrf_env_onset.npz,-0.5,0.0,0.05,hamming,1,,l2,1,True,mean,"1.0,1.0",results_env_onset\sub-034\sub-034_backward_mtrf_env_onset.summary.json,results_env_onset\sub-034\sub-034_backward_mtrf_env_onset.trial_results.csv,nh,NH,0,0.1048021167133451,0.036904205766437596,0.14519393953416024,0.06442111823511348,0.0678979109469075,0.08077282129904675,0.07433536612297713,0.06753263618246161,0.07985003067632769,0.07369133342939466
sub-034,26,1,0.0042099019941347,0.1130174404282639,0.1011802531289402,0.0118371872993237,0.1262056793716921,0.1296230626827464,-0.0034173833110542,0.0042099019941347,0.96875,32,2,"envelope,onset",data/processed/env_onset/sub-034_mtrf_env_onset.npz,-0.5,0.0,0.05,hamming,1,,l2,1,True,mean,"1.0,1.0",results_env_onset\sub-034\sub-034_backward_mtrf_env_onset.summary.json,results_env_onset\sub-034\sub-034_backward_mtrf_env_onset.trial_results.csv,nh,NH,0,0.11350235052373846,0.1015276653188407,0.12688221944355518,0.13035645205460086,0.01197468520489775,-0.00347423261104568,0.004250226296926035,0.01183718729932369,-0.0034173833110542895,0.0042099019941347
sub-034,27,1,0.0580647830866604,0.1668170485557543,0.0776532346263356,0.0891638139294186,0.155704049133768,0.1287382968898658,0.0269657522439021,0.0580647830866604,0.96875,32,2,"envelope,onset",data/processed/env_onset/sub-034_mtrf_env_onset.npz,-0.5,0.0,0.05,hamming,1,,l2,1,True,mean,"1.0,1.0",results_env_onset\sub-034\sub-034_backward_mtrf_env_onset.summary.json,results_env_onset\sub-034\sub-034_backward_mtrf_env_onset.trial_results.csv,nh,NH,0,0.1683908008140069,0.07780988542783598,0.15698095888929628,0.12945667096897828,0.09058091538617091,0.027524287920317997,0.059052601653244455,0.0891638139294187,0.026965752243902213,0.05806478308666046
sub-034,28,1,0.246112014008982,0.212744559025852,-0.033296671308536,0.246041230334388,0.2283816212630962,-0.0178011764204798,0.246182797683576,0.246112014008982,0.96875,32,2,"envelope,onset",data/processed/env_onset/sub-034_mtrf_env_onset.npz,-0.5,0.0,0.05,hamming,1,,l2,1,True,mean,"1.0,1.0",results_env_onset\sub-034\sub-034_backward_mtrf_env_onset.summary.json,results_env_onset\sub-034\sub-034_backward_mtrf_env_onset.trial_results.csv,nh,NH,0,0.21604426465704613,-0.03330898448853022,0.23248136359334906,-0.01780305706815369,0.24935324914557636,0.25028442066150275,0.24981883490353957,0.246041230334388,0.24618279768357598,0.24611201400898197
sub-034,29,1,0.13925952653803,0.1412909990412811,-0.0096527909116462,0.1509437899529274,0.1392861141985053,0.0117108510753726,0.1275752631231327,0.13925952653803,0.96875,32,2,"envelope,onset",data/processed/env_onset/sub-034_mtrf_env_onset.npz,-0.5,0.0,0.05,hamming,1,,l2,1,True,mean,"1.0,1.0",results_env_onset\sub-034\sub-034_backward_mtrf_env_onset.summary.json,results_env_onset\sub-034\sub-034_backward_mtrf_env_onset.trial_results.csv,nh,NH,0,0.14224262812226757,-0.009653090732421613,0.14019749247191818,0.011711386477211351,0.15189571885468917,0.12848610599470683,0.140190912424698,0.1509437899529273,0.12757526312313272,0.13925952653803
sub-034,30,1,0.0947343196576703,0.1523926481824968,0.0300959900969788,0.1222966580855179,0.1382352556628618,0.0710632744330392,0.0671719812298226,0.0947343196576703,0.96875,32,2,"envelope,onset",data/processed/env_onset/sub-034_mtrf_env_onset.npz,-0.5,0.0,0.05,hamming,1,,l2,1,True,mean,"1.0,1.0",results_env_onset\sub-034\sub-034_backward_mtrf_env_onset.summary.json,results_env_onset\sub-034\sub-034_backward_mtrf_env_onset.trial_results.csv,nh,NH,0,0.15358906178756174,0.030105081706232186,0.13912600280242435,0.07118326111970169,0.12348398008132955,0.06794274168272266,0.0957133608820261,0.12229665808551798,0.0671719812298226,0.09473431965767029
sub-034,31,1,0.0902895910371615,0.1871905780085533,0.0677985980517532,0.1193919799568,0.1686561284898136,0.1074689263722906,0.061187202117523,0.0902895910371615,0.96875,32,2,"envelope,onset",data/processed/env_onset/sub-034_mtrf_env_onset.npz,-0.5,0.0,0.05,hamming,1,,l2,1,True,mean,"1.0,1.0",results_env_onset\sub-034\sub-034_backward_mtrf_env_onset.summary.json,results_env_onset\sub-034\sub-034_backward_mtrf_env_onset.trial_results.csv,nh,NH,0,0.18942413364700342,0.06790276764131727,0.17028312289042416,0.1078855573183543,0.12152136600568615,0.062397565572069866,0.09195946578887801,0.11939197995680009,0.061187202117523,0.09028959103716155
sub-035,0,1,0.059749773067861,0.0507987292904978,-0.0070613472183341,0.0578600765088319,0.0917932621970358,0.0301537925701458,0.06163946962689,0.059749773067861,0.75,32,2,"envelope,onset",data/processed/env_onset/sub-035_mtrf_env_onset.npz,-0.5,0.0,0.05,hamming,1,,l2,1,True,mean,"1.0,1.0",results_env_onset\sub-035\sub-035_backward_mtrf_env_onset.summary.json,results_env_onset\sub-035\sub-035_backward_mtrf_env_onset.trial_results.csv,nh,NH,0,0.05084249262774019,-0.007061464587613884,0.09205239027952038,0.030162936683332277,0.057903957215354074,0.061889453596188096,0.059896705405771085,0.057860076508831904,0.06163946962689,0.05974977306786095
sub-035,1,1,0.0083729885319581,0.0677212443282443,0.0593251913892297,0.0083960529390145,0.1159679580460943,0.1076180339211927,0.0083499241249016,0.0083729885319581,0.75,32,2,"envelope,onset",data/processed/env_onset/sub-035_mtrf_env_onset.npz,-0.5,0.0,0.05,hamming,1,,l2,1,True,mean,"1.0,1.0",results_env_onset\sub-035\sub-035_backward_mtrf_env_onset.summary.json,results_env_onset\sub-035\sub-035_backward_mtrf_env_onset.trial_results.csv,nh,NH,0,0.06782505711713044,0.059394936637282486,0.11649206128294974,0.10803640956430315,0.008430120479847952,0.008455651718646595,0.008442886099247274,0.008396052939014603,0.008349924124901612,0.008372988531958107
sub-035,2,1,0.0356790072904712,0.0655786737812501,0.0563545264331825,0.0092241473480675,0.1008260588117315,0.0386921915788566,0.0621338672328748,0.0356790072904712,0.75,32,2,"envelope,onset",data/processed/env_onset/sub-035_mtrf_env_onset.npz,-0.5,0.0,0.05,hamming,1,,l2,1,True,mean,"1.0,1.0",results_env_onset\sub-035\sub-035_backward_mtrf_env_onset.summary.json,results_env_onset\sub-035\sub-035_backward_mtrf_env_onset.trial_results.csv,nh,NH,0,0.06567292549637975,0.05641429788406115,0.10116982039352165,0.03871151745008533,0.009258627612318597,0.06245830294343632,0.03585846527787746,0.009224147348067598,0.062133867232874895,0.03567900729047124
sub-035,3,1,0.0822108723945955,0.0928739666212188,0.0192316917124006,0.0736422749088181,0.1130262394856142,0.0222467696052412,0.090779469880373,0.0822108723945955,0.75,32,2,"envelope,onset",data/processed/env_onset/sub-035_mtrf_env_onset.npz,-0.5,0.0,0.05,hamming,1,,l2,1,True,mean,"1.0,1.0",results_env_onset\sub-035\sub-035_backward_mtrf_env_onset.summary.json,results_env_onset\sub-035\sub-035_backward_mtrf_env_onset.trial_results.csv,nh,NH,0,0.09314238758145724,0.019234063236826436,0.11351126343403731,0.022250440809998277,0.0739083243446308,0.09126082262403903,0.08258457348433491,0.0736422749088182,0.090779469880373,0.0822108723945956
sub-035,4,1,0.0757138510762815,0.1017642977510717,-0.0096123074494803,0.111376605200552,0.0913722700873874,0.0513211731353764,0.040051096952011,0.0757138510762815,0.75,32,2,"envelope,onset",data/processed/env_onset/sub-035_mtrf_env_onset.npz,-0.5,0.0,0.05,hamming,1,,l2,1,True,mean,"1.0,1.0",results_env_onset\sub-035\sub-035_backward_mtrf_env_onset.summary.json,results_env_onset\sub-035\sub-035_backward_mtrf_env_onset.trial_results.csv,nh,NH,0,0.1021177862106047,-0.009612603513602947,0.0916278372661483,0.05136630211813236,0.11173038972420765,0.04026153514801594,0.0759959624361118,0.111376605200552,0.04005109695201099,0.0757138510762815
sub-035,5,1,0.0548628544896767,0.1017258848224435,0.0184832407158499,0.0832426441065936,0.1043508207568807,0.0778677558841208,0.0264830648727598,0.0548628544896767,0.75,32,2,"envelope,onset",data/processed/env_onset/sub-035_mtrf_env_onset.npz,-0.5,0.0,0.05,hamming,1,,l2,1,True,mean,"1.0,1.0",results_env_onset\sub-035\sub-035_backward_mtrf_env_onset.summary.json,results_env_onset\sub-035\sub-035_backward_mtrf_env_onset.trial_results.csv,nh,NH,0,0.10207897146930091,0.018485345958391654,0.10473207675168128,0.07802571172216227,0.08359362551090925,0.026706365029519008,0.05514999527021413,0.0832426441065936,0.026483064872759893,0.054862854489676746
sub-035,6,1,0.0918199972762024,0.1101443924219039,0.0163508611910934,0.0937935312308104,0.1654930703745029,0.0756466070529083,0.0898464633215945,0.0918199972762024,0.75,32,2,"envelope,onset",data/processed/env_onset/sub-035_mtrf_env_onset.npz,-0.5,0.0,0.05,hamming,1,,l2,1,True,mean,"1.0,1.0",results_env_onset\sub-035\sub-035_backward_mtrf_env_onset.summary.json,results_env_onset\sub-035\sub-035_backward_mtrf_env_onset.trial_results.csv,nh,NH,0,0.11059307911074549,0.016352318562730988,0.1670292329205003,0.0757913981235706,0.0942407605480145,0.09123783479692969,0.0927392976724721,0.0937935312308105,0.0898464633215946,0.09181999727620255
sub-035,7,1,0.0549067554329347,0.0249766961991358,-0.0050509862253875,0.0300276824245234,0.1019324752930962,0.02214664685175,0.0797858284413461,0.0549067554329347,0.75,32,2,"envelope,onset",data/processed/env_onset/sub-035_mtrf_env_onset.npz,-0.5,0.0,0.05,hamming,1,,l2,1,True,mean,"1.0,1.0",results_env_onset\sub-035\sub-035_backward_mtrf_env_onset.summary.json,results_env_onset\sub-035\sub-035_backward_mtrf_env_onset.trial_results.csv,nh,NH,0,0.02498189192607164,-0.005051029180409493,0.10228772656024003,0.02215026870224118,0.030032921106481134,0.08013745785799885,0.05508518948223999,0.030027682424523302,0.0797858284413462,0.05490675543293475
sub-035,8,1,0.0170726739308587,0.0978599430127929,0.0732742164774717,0.0245857265353211,0.1550529122098539,0.1454932908834576,0.0095596213263963,0.0170726739308587,0.75,32,2,"envelope,onset",data/processed/env_onset/sub-035_mtrf_env_onset.npz,-0.5,0.0,0.05,hamming,1,,l2,1,True,mean,"1.0,1.0",results_env_onset\sub-035\sub-035_backward_mtrf_env_onset.summary.json,results_env_onset\sub-035\sub-035_backward_mtrf_env_onset.trial_results.csv,nh,NH,0,0.09817413782408967,0.07340577969377084,0.1563137129734635,0.14653314545364926,0.02476835813031883,0.009780567519814237,0.017274462825066533,0.024585726535321192,0.00955962132639629,0.01707267393085874
sub-035,9,0,-0.0596260562584562,0.0624753102920826,0.0762292166261799,-0.0137539063340973,0.0148783900423009,0.1203765962251161,-0.1054982061828151,-0.0596260562584562,0.75,32,2,"envelope,onset",data/processed/env_onset/sub-035_mtrf_env_onset.npz,-0.5,0.0,0.05,hamming,1,,l2,1,True,mean,"1.0,1.0",results_env_onset\sub-035\sub-035_backward_mtrf_env_onset.summary.json,results_env_onset\sub-035\sub-035_backward_mtrf_env_onset.trial_results.csv,nh,NH,0,0.06255678498509475,0.07637738685677375,0.014879488047136225,0.12096314439044253,-0.013820601871679009,-0.10608365634330631,-0.05995212910749266,-0.013753906334097302,-0.10549820618281519,-0.059626056258456246
sub-035,10,0,-0.0007031358460533,0.0811726146154198,0.0562341359722027,0.0249384786432171,0.0693849893706025,0.0957297397059264,-0.0263447503353238,-0.0007031358460533,0.75,32,2,"envelope,onset",data/processed/env_onset/sub-035_mtrf_env_onset.npz,-0.5,0.0,0.05,hamming,1,,l2,1,True,mean,"1.0,1.0",results_env_onset\sub-035\sub-035_backward_mtrf_env_onset.summary.json,results_env_onset\sub-035\sub-035_backward_mtrf_env_onset.trial_results.csv,nh,NH,0,0.08135160470846597,0.05629352468642324,0.06949665829194508,0.0960237865129677,0.025058080022042732,-0.026527128221022614,-0.0007345240994899409,0.024938478643217105,-0.026344750335323894,-0.0007031358460533946
sub-035,11,1,0.0618119441625141,0.0730915062788477,0.0113955890476509,0.0616959172311967,0.1119822310768946,0.0500542599830631,0.0619279710938315,0.0618119441625141,0.75,32,2,"envelope,onset",data/processed/env_onset/sub-035_mtrf_env_onset.npz,-0.5,0.0,0.05,hamming,1,,l2,1,True,mean,"1.0,1.0",results_env_onset\sub-035\sub-035_backward_mtrf_env_onset.summary.json,results_env_onset\sub-035\sub-035_backward_mtrf_env_onset.trial_results.csv,nh,NH,0,0.07322208567885798,0.011396082361062725,0.11245387129747371,0.050096125399487004,0.06182600331779525,0.062357745897986705,0.06209187460789098,0.061695917231196794,0.0619279710938315,0.06181194416251415
sub-035,12,1,0.0286885208764096,0.1008970066254711,0.0112881457664904,0.0896088608589806,0.0603134630641095,0.0925452821702708,-0.0322318191061613,0.0286885208764096,0.75,32,2,"envelope,onset",data/processed/env_onset/sub-035_mtrf_env_onset.npz,-0.5,0.0,0.05,hamming,1,,l2,1,True,mean,"1.0,1.0",results_env_onset\sub-035\sub-035_backward_mtrf_env_onset.summary.json,results_env_onset\sub-035\sub-035_backward_mtrf_env_onset.trial_results.csv,nh,NH,0,0.10124149738078052,0.011288625256736507,0.06038675747804604,0.09281085356788983,0.08995287212404401,-0.03242409608984379,0.02876438801710011,0.0896088608589807,-0.032231819106161304,0.0286885208764097
sub-035,13,1,0.1181927945494911,0.1498333767125553,-0.0034636981470862,0.1532970748596415,0.1437493050224036,0.0606607907830629,0.0830885142393406,0.1181927945494911,0.75,32,2,"envelope,onset",data/processed/env_onset/sub-035_mtrf_env_onset.npz,-0.5,0.0,0.05,hamming,1,,l2,1,True,mean,"1.0,1.0",results_env_onset\sub-035\sub-035_backward_mtrf_env_onset.summary.json,results_env_onset\sub-035\sub-035_backward_mtrf_env_onset.trial_results.csv,nh,NH,0,0.15096998168704348,-0.003463711998751317,0.14475190386504405,0.0607353606323096,0.1544336936857948,0.08401654323273444,0.11922511845926462,0.1532970748596415,0.0830885142393407,0.11819279454949111
sub-035,14,0,-0.014962530484819,0.0619139089191032,0.0907540005057758,-0.0288400915866725,0.1458075293965804,0.146892498779546,-0.0010849693829656,-0.014962530484819,0.75,32,2,"envelope,onset",data/processed/env_onset/sub-035_mtrf_env_onset.npz,-0.5,0.0,0.05,hamming,1,,l2,1,True,mean,"1.0,1.0",results_env_onset\sub-035\sub-035_backward_mtrf_env_onset.summary.json,results_env_onset\sub-035\sub-035_backward_mtrf_env_onset.trial_results.csv,nh,NH,0,0.06199320356865782,0.09100439779556342,0.14685419472230385,0.14796291107247345,-0.029011194226905603,-0.0011087163501695974,-0.0150599552885376,-0.028840091586672598,-0.0010849693829655949,-0.014962530484819096
sub-035,15,1,0.0324577774236314,0.1071744893644716,0.0290127908394936,0.078161698524978,0.0815558597021258,0.0948020033798408,-0.013246143677715,0.0324577774236314,0.75,32,2,"envelope,onset",data/processed/env_onset/sub-035_mtrf_env_onset.npz,-0.5,0.0,0.05,hamming,1,,l2,1,True,mean,"1.0,1.0",results_env_onset\sub-035\sub-035_backward_mtrf_env_onset.summary.json,results_env_onset\sub-035\sub-035_backward_mtrf_env_onset.trial_results.csv,nh,NH,0,0.10758768948173822,0.029020935381759545,0.08173740384395707,0.09508755325152793,0.07856675409997868,-0.013350149407570858,0.03260830234620391,0.07816169852497801,-0.013246143677714997,0.032457777423631505
sub-035,16,0,-0.0009201001330891,0.0426688411911647,0.023823954087503,0.0188448871036617,0.0861472348837089,0.1068323222535488,-0.0206850873698399,-0.0009201001330891,0.75,32,2,"envelope,onset",data/processed/env_onset/sub-035_mtrf_env_onset.npz,-0.5,0.0,0.05,hamming,1,,l2,1,True,mean,"1.0,1.0",results_env_onset\sub-035\sub-035_backward_mtrf_env_onset.summary.json,results_env_onset\sub-035\sub-035_backward_mtrf_env_onset.trial_results.csv,nh,NH,0,0.04269476423906457,0.023828462962640812,0.0863612983599683,0.10724155927021153,0.018866301276423757,-0.02088026091024324,-0.001006979816909741,0.018844887103661702,-0.0206850873698399,-0.0009201001330890989
sub-035,17,1,0.0510095854559786,0.0751384697800342,0.0387663864673528,0.0363720833126813,0.1222219663699185,0.0565748787706424,0.065647087599276,0.0510095854559786,0.75,32,2,"envelope,onset",data/processed/env_onset/sub-035_mtrf_env_onset.npz,-0.5,0.0,0.05,hamming,1,,l2,1,True,mean,"1.0,1.0",results_env_onset\sub-035\sub-035_backward_mtrf_env_onset.summary.json,results_env_onset\sub-035\sub-035_backward_mtrf_env_onset.trial_results.csv,nh,NH,0,0.07528035605854215,0.038785823794999556,0.12283607245487252,0.056635355010604786,0.036494532263542594,0.06620071744426773,0.05134762485390516,0.0363720833126814,0.0656470875992761,0.05100958545597875
sub-035,18,1,0.0859807074789989,0.1895917812761784,0.0593954303899825,0.1301963508861959,0.1023724444163231,0.0606073803445213,0.0417650640718018,0.0859807074789989,0.75,32,2,"envelope,onset",data/processed/env_onset/sub-035_mtrf_env_onset.npz,-0.5,0.0,0.05,hamming,1,,l2,1,True,mean,"1.0,1.0",results_env_onset\sub-035\sub-035_backward_mtrf_env_onset.summary.json,results_env_onset\sub-035\sub-035_backward_mtrf_env_onset.trial_results.csv,nh,NH,0,0.19191369593084767,0.059465424010651774,0.10273233523809512,0.060681753106096,0.1324482719201959,0.04205058213199912,0.0872494270260975,0.1301963508861959,0.04176506407180179,0.08598070747899886
sub-035,19,1,0.0410346145894282,0.0553431450909106,0.0075028065636519,0.0478403385272586,0.1184448049208777,0.0842159142692798,0.0342288906515979,0.0410346145894282,0.75,32,2,"envelope,onset",data/processed/env_onset/sub-035_mtrf_env_onset.npz,-0.5,0.0,0.05,hamming,1,,l2,1,True,mean,"1.0,1.0",results_env_onset\sub-035\sub-035_backward_mtrf_env_onset.summary.json,results_env_onset\sub-035\sub-035_backward_mtrf_env_onset.trial_results.csv,nh,NH,0,0.05539975199178715,0.00750294735133536,0.11900340873657579,0.08441586122458339,0.04789680464045179,0.0345875475119924,0.041242176076222097,0.047840338527258705,0.0342288906515979,0.0410346145894283
sub-035,20,1,0.0687660123812418,0.0545248607706063,-0.0059157868009681,0.0604406475715744,0.0782911771173266,0.0011997999264172,0.0770913771909093,0.0687660123812418,0.75,32,2,"envelope,onset",data/processed/env_onset/sub-035_mtrf_env_onset.npz,-0.5,0.0,0.05,hamming,1,,l2,1,True,mean,"1.0,1.0",results_env_onset\sub-035\sub-035_backward_mtrf_env_onset.summary.json,results_env_onset\sub-035\sub-035_backward_mtrf_env_onset.trial_results.csv,nh,NH,0,0.05457899077734381,-0.005915855813094153,0.07845173014189923,0.0011998005021296393,0.06049484659043796,0.07725192963976958,0.06887338811510377,0.0604406475715744,0.0770913771909094,0.0687660123812419
sub-035,21,0,-0.0326623298573179,0.027840562007483,0.0569133943810019,-0.0290728323735189,0.0100265400672152,0.0462783674083321,-0.0362518273411169,-0.0326623298573179,0.75,32,2,"envelope,onset",data/processed/env_onset/sub-035_mtrf_env_onset.npz,-0.5,0.0,0.05,hamming,1,,l2,1,True,mean,"1.0,1.0",results_env_onset\sub-035\sub-035_backward_mtrf_env_onset.summary.json,results_env_onset\sub-035\sub-035_backward_mtrf_env_onset.trial_results.csv,nh,NH,0,0.02784775839888941,0.056974964130648204,0.010026876081873505,0.046311447857961735,-0.029127205731758792,-0.03628457177608823,-0.03270588875392351,-0.029072832373518903,-0.0362518273411169,-0.0326623298573179
sub-035,22,1,0.053684990345246,0.0952611797704927,0.0257711186441895,0.0694900611263031,0.1150901848502806,0.0772102652860916,0.0378799195641889,0.053684990345246,0.75,32,2,"envelope,onset",data/processed/env_onset/sub-035_mtrf_env_onset.npz,-0.5,0.0,0.05,hamming,1,,l2,1,True,mean,"1.0,1.0",results_env_onset\sub-035\sub-035_backward_mtrf_env_onset.summary.json,results_env_onset\sub-035\sub-035_backward_mtrf_env_onset.trial_results.csv,nh,NH,0,0.09555091426550943,0.025776826219702776,0.11560241393368977,0.07736424415951604,0.06977408804580666,0.03823816977417373,0.054006128909990195,0.0694900611263032,0.037879919564189,0.0536849903452461
sub-035,23,1,0.0202515267183358,0.0069498897801719,-0.0098794928215069,0.0168293826016789,0.0781477673255928,0.0544740964906,0.0236736708349928,0.0202515267183358,0.75,32,2,"envelope,onset",data/processed/env_onset/sub-035_mtrf_env_onset.npz,-0.5,0.0,0.05,hamming,1,,l2,1,True,mean,"1.0,1.0",results_env_onset\sub-035\sub-035_backward_mtrf_env_onset.summary.json,results_env_onset\sub-035\sub-035_backward_mtrf_env_onset.trial_results.csv,nh,NH,0,0.006950001678882665,-0.009879814267583787,0.07830743752644688,0.054528075268429566,0.016829815946466452,0.023779362258017314,0.020304589102241883,0.0168293826016788,0.023673670834992798,0.0202515267183358
sub-035,24,1,0.0417682859382056,0.1567247101025382,0.1343434311545402,0.0223812789479979,0.1669431135518699,0.1057878206234565,0.0611552929284134,0.0417682859382056,0.75,32,2,"envelope,onset",data/processed/env_onset/sub-035_mtrf_env_onset.npz,-0.5,0.0,0.05,hamming,1,,l2,1,True,mean,"1.0,1.0",results_env_onset\sub-035\sub-035_backward_mtrf_env_onset.summary.json,results_env_onset\sub-035\sub-035_backward_mtrf_env_onset.trial_results.csv,nh,NH,0,0.15802715009115173,0.13516051482282604,0.16852047716192844,0.10618511781660524,0.02286663526832569,0.06233535934532321,0.04260099730682445,0.02238127894799799,0.06115529292841339,0.04176828593820569
sub-035,25,1,0.0504834224296053,0.056285753328302,0.0143408318851754,0.0419449214431266,0.1257920532759444,0.0667701298598603,0.0590219234160841,0.0504834224296053,0.75,32,2,"envelope,onset",data/processed/env_onset/sub-035_mtrf_env_onset.npz,-0.5,0.0,0.05,hamming,1,,l2,1,True,mean,"1.0,1.0",results_env_onset\sub-035\sub-035_backward_mtrf_env_onset.summary.json,results_env_onset\sub-035\sub-035_backward_mtrf_env_onset.trial_results.csv,nh,NH,0,0.05634530593959214,0.014341815115747785,0.1264619208002403,0.0668696221151176,0.04200349082384435,0.0595922986851227,0.05079789475448353,0.0419449214431266,0.05902192341608409,0.050483422429605344
sub-035,26,1,0.06913948270565,0.1124995015945922,0.0145686822670888,0.0979308193275034,0.1543869870615687,0.1140388409777722,0.0403481460837965,0.06913948270565,0.75,32,2,"envelope,onset",data/processed/env_onset/sub-035_mtrf_env_onset.npz,-0.5,0.0,0.05,hamming,1,,l2,1,True,mean,"1.0,1.0",results_env_onset\sub-035\sub-035_backward_mtrf_env_onset.summary.json,results_env_onset\sub-035\sub-035_backward_mtrf_env_onset.trial_results.csv,nh,NH,0,0.11297774155123136,0.014569713115656554,0.15563145574464118,0.11453708751922018,0.09840802843557481,0.04109436822542101,0.06975119833049791,0.0979308193275034,0.0403481460837965,0.06913948270564996
sub-035,27,0,-0.0362422757753636,-0.0088635613351969,0.016903116996874,-0.025766678332071,0.0356673631192914,0.0823852363379477,-0.0467178732186562,-0.0362422757753636,0.75,32,2,"envelope,onset",data/processed/env_onset/sub-035_mtrf_env_onset.npz,-0.5,0.0,0.05,hamming,1,,l2,1,True,mean,"1.0,1.0",results_env_onset\sub-035\sub-035_backward_mtrf_env_onset.summary.json,results_env_onset\sub-035\sub-035_backward_mtrf_env_onset.trial_results.csv,nh,NH,0,-0.008863793461299981,0.016904727099644686,0.03568249954819184,0.08257239094986993,-0.02576852056094467,-0.04688989140167809,-0.03632920598131138,-0.0257666783320709,-0.0467178732186563,-0.0362422757753636
sub-035,28,1,0.084120625559976,0.0861784549069667,-0.0062331976064386,0.0924116525134053,0.1539810899883124,0.0781514913817656,0.0758295986065468,0.084120625559976,0.75,32,2,"envelope,onset",data/processed/env_onset/sub-035_mtrf_env_onset.npz,-0.5,0.0,0.05,hamming,1,,l2,1,True,mean,"1.0,1.0",results_env_onset\sub-035\sub-035_backward_mtrf_env_onset.summary.json,results_env_onset\sub-035\sub-035_backward_mtrf_env_onset.trial_results.csv,nh,NH,0,0.08639275189540309,-0.006233278333948256,0.15521567441288062,0.07831118446654889,0.09262603022935134,0.07690448994633173,0.08476526008784153,0.0924116525134053,0.0758295986065468,0.08412062555997604
sub-035,29,0,-0.0134185410609033,0.0387214988432398,0.0166774381426697,0.0220440607005701,-0.011691271884145,0.0371898709382316,-0.0488811428223767,-0.0134185410609033,0.75,32,2,"envelope,onset",data/processed/env_onset/sub-035_mtrf_env_onset.npz,-0.5,0.0,0.05,hamming,1,,l2,1,True,mean,"1.0,1.0",results_env_onset\sub-035\sub-035_backward_mtrf_env_onset.summary.json,results_env_onset\sub-035\sub-035_backward_mtrf_env_onset.trial_results.csv,nh,NH,0,0.03874086868908,0.016678984604642205,-0.011691804604934219,0.03720703078342969,0.022061884084437794,-0.04889883538836391,-0.013418475651963059,0.022044060700570096,-0.0488811428223766,-0.013418541060903252
sub-035,30,0,-0.0325552649351159,0.1184188207168437,0.0855364148818297,0.032882405835014,0.0383975147553808,0.1363904504606267,-0.0979929357052458,-0.0325552649351159,0.75,32,2,"envelope,onset",data/processed/env_onset/sub-035_mtrf_env_onset.npz,-0.5,0.0,0.05,hamming,1,,l2,1,True,mean,"1.0,1.0",results_env_onset\sub-035\sub-035_backward_mtrf_env_onset.summary.json,results_env_onset\sub-035\sub-035_backward_mtrf_env_onset.trial_results.csv,nh,NH,0,0.11897705489101759,0.08574594390283509,0.03841640217000586,0.13724574510624768,0.0332311109881825,-0.09882934293624182,-0.03279911597402966,0.032882405835014006,-0.09799293570524589,-0.03255526493511594
sub-035,31,1,0.1427496448396178,0.1603630486672334,0.0010909299617674,0.1592721187054659,0.148993609388516,0.0227664384147463,0.1262271709737697,0.1427496448396178,0.75,32,2,"envelope,onset",data/processed/env_onset/sub-035_mtrf_env_onset.npz,-0.5,0.0,0.05,hamming,1,,l2,1,True,mean,"1.0,1.0",results_env_onset\sub-035\sub-035_backward_mtrf_env_onset.summary.json,results_env_onset\sub-035\sub-035_backward_mtrf_env_onset.trial_results.csv,nh,NH,0,0.1617593052531123,0.0010909303945498725,0.15011103893325584,0.022770373001436257,0.16066837485856242,0.12734066593181959,0.14400452039519102,0.15927211870546598,0.1262271709737697,0.14274964483961783
sub-036,0,1,0.0034417617845347,0.0040048763496077,-0.0338749559569292,0.037879832306537,-0.0271902664377782,0.0038060422996892,-0.0309963087374675,0.0034417617845347,0.65625,32,2,"envelope,onset",data/processed/env_onset/sub-036_mtrf_env_onset.npz,-0.5,0.0,0.05,hamming,1,,l2,1,True,mean,"1.0,1.0",results_env_onset\sub-036\sub-036_backward_mtrf_env_onset.summary.json,results_env_onset\sub-036\sub-036_backward_mtrf_env_onset.trial_results.csv,nh,NH,0,0.004004897761263834,-0.03388792219884881,-0.02719697009564537,0.0038060606779052194,0.03789281996011265,-0.03100303077355059,0.0034448945932810306,0.0378798323065369,-0.0309963087374674,0.003441761784534751
sub-036,1,1,0.1313117442509691,0.1379384312125352,-0.0032571891799262,0.1411956203924614,0.0783247452950472,-0.0431031228144296,0.1214278681094768,0.1313117442509691,0.65625,32,2,"envelope,onset",data/processed/env_onset/sub-036_mtrf_env_onset.npz,-0.5,0.0,0.05,hamming,1,,l2,1,True,mean,"1.0,1.0",results_env_onset\sub-036\sub-036_backward_mtrf_env_onset.summary.json,results_env_onset\sub-036\sub-036_backward_mtrf_env_onset.trial_results.csv,nh,NH,0,0.13882340848848748,-0.0032572006988116687,0.07848550543433636,-0.04312984607497291,0.14208060918729915,0.12161535150930927,0.1318479803483042,0.14119562039246142,0.1214278681094768,0.13131174425096911
sub-036,2,1,0.0955762877853501,0.1030548626426919,-0.02291629919695,0.125971161839642,0.0832142201042685,0.0180328063732103,0.0651814137310582,0.0955762877853501,0.65625,32,2,"envelope,onset",data/processed/env_onset/sub-036_mtrf_env_onset.npz,-0.5,0.0,0.05,hamming,1,,l2,1,True,mean,"1.0,1.0",results_env_onset\sub-036\sub-036_backward_mtrf_env_onset.summary.json,results_env_onset\sub-036\sub-036_backward_mtrf_env_onset.trial_results.csv,nh,NH,0,0.10342202983563499,-0.022920312011320235,0.08340709734121127,0.018034761403318302,0.12634234184695523,0.06537233593789296,0.0958573388924241,0.1259711618396419,0.06518141373105821,0.09557628778535006
sub-036,3,0,-0.0090553617671463,-0.0428828222063657,-0.0309250886364317,-0.011957733569934,0.0066468045918295,0.0127997945561882,-0.0061529899643586,-0.0090553617671463,0.65625,32,2,"envelope,onset",data/processed/env_onset/sub-036_mtrf_env_onset.npz,-0.5,0.0,0.05,hamming,1,,l2,1,True,mean,"1.0,1.0",results_env_onset\sub-036\sub-036_backward_mtrf_env_onset.summary.json,results_env_onset\sub-036\sub-036_backward_mtrf_env_onset.trial_results.csv,nh,NH,0,-0.042909137509249184,-0.03093495281461638,0.006646902479724945,0.012800493641917496,-0.011974184694632805,-0.006153591162192551,-0.009063887928412678,-0.011957733569934004,-0.006152989964358699,-0.009055361767146351
sub-036,4,1,0.024284940632365,0.0116780551105484,0.0247921834994708,-0.0131141283889224,0.0363964620271422,-0.0252875476265103,0.0616840096536525,0.024284940632365,0.65625,32,2,"envelope,onset",data/processed/env_onset/sub-036_mtrf_env_onset.npz,-0.5,0.0,0.05,hamming,1,,l2,1,True,mean,"1.0,1.0",results_env_onset\sub-036\sub-036_backward_mtrf_env_onset.summary.json,results_env_onset\sub-036\sub-036_backward_mtrf_env_onset.trial_results.csv,nh,NH,0,0.011678586026586935,0.024797264898300007,0.03641254630732659,-0.02529293982113342,-0.013118678871713071,0.06170548612846001,0.02429340362837347,-0.0131141283889224,0.061684009653652505,0.024284940632365054
sub-036,5,1,0.0436523723948446,0.029519290497934,7.648933513431228e-05,0.0294428011627997,0.0687790731597606,0.0109171295328711,0.0578619436268895,0.0436523723948446,0.65625,32,2,"envelope,onset",data/processed/env_onset/sub-036_mtrf_env_onset.npz,-0.5,0.0,0.05,hamming,1,,l2,1,True,mean,"1.0,1.0",results_env_onset\sub-036\sub-036_backward_mtrf_env_onset.summary.json,results_env_onset\sub-036\sub-036_backward_mtrf_env_onset.trial_results.csv,nh,NH,0,0.02952786924050069,7.648933528348224e-05,0.06888783656573048,0.010917563278581875,0.02945137990521721,0.05797027328714861,0.04371082659618291,0.029442801162799688,0.057861943626889505,0.043652372394844596
sub-036,6,0,-0.0003311271528214,-0.0161704152049997,-0.0215153233587694,0.0053449081537697,-0.0616050898651852,-0.0555979274057725,-0.0060071624594127,-0.0003311271528214,0.65625,32,2,"envelope,onset",data/processed/env_onset/sub-036_mtrf_env_onset.npz,-0.5,0.0,0.05,hamming,1,,l2,1,True,mean,"1.0,1.0",results_env_onset\sub-036\sub-036_backward_mtrf_env_onset.summary.json,results_env_onset\sub-036\sub-036_backward_mtrf_env_onset.trial_results.csv,nh,NH,0,-0.016171824852101977,-0.021518644161094825,-0.06168320209352467,-0.055655320687915316,0.005346819308992848,-0.0060278814056093505,-0.0003405310483082513,0.005344908153769697,-0.006007162459412706,-0.0003311271528215042
sub-036,7,0,-0.0198090903604854,0.0833125930871192,0.1005335646478815,-0.0172209715607622,0.0744934974011328,0.0968907065613414,-0.0223972091602085,-0.0198090903604854,0.65625,32,2,"envelope,onset",data/processed/env_onset/sub-036_mtrf_env_onset.npz,-0.5,0.0,0.05,hamming,1,,l2,1,True,mean,"1.0,1.0",results_env_onset\sub-036\sub-036_backward_mtrf_env_onset.summary.json,results_env_onset\sub-036\sub-036_backward_mtrf_env_onset.trial_results.csv,nh,NH,0,0.08350615708502865,0.10087433102177443,0.07463175314634288,0.09719562306125241,-0.01736817393674578,-0.022563869914909537,-0.019966021925827658,-0.0172209715607623,-0.022397209160208598,-0.01980909036048545
sub-036,8,1,0.0138124965200212,0.0404237659671668,0.0168106911156,0.0236130748515668,0.0393390326699489,0.0353271144814732,0.0040119181884756,0.0138124965200212,0.65625,32,2,"envelope,onset",data/processed/env_onset/sub-036_mtrf_env_onset.npz,-0.5,0.0,0.05,hamming,1,,l2,1,True,mean,"1.0,1.0",results_env_onset\sub-036\sub-036_backward_mtrf_env_onset.summary.json,results_env_onset\sub-036\sub-036_backward_mtrf_env_onset.trial_results.csv,nh,NH,0,0.04044580614781898,0.016812274947543702,0.03935934469819426,0.03534182163451534,0.02363353120027528,0.004017523063678918,0.013825527131977098,0.023613074851566798,0.004011918188475697,0.013812496520021247
sub-036,9,1,0.0617609200609697,0.1225887608205667,0.019259633380724,0.1033291274398426,0.0477892232710771,0.0275965105889802,0.0201927126820968,0.0617609200609697,0.65625,32,2,"envelope,onset",data/processed/env_onset/sub-036_mtrf_env_onset.npz,-0.5,0.0,0.05,hamming,1,,l2,1,True,mean,"1.0,1.0",results_env_onset\sub-036\sub-036_backward_mtrf_env_onset.summary.json,results_env_onset\sub-036\sub-036_backward_mtrf_env_onset.trial_results.csv,nh,NH,0,0.12320844621316718,0.019262015258455438,0.04782565370401399,0.02760351932607675,0.10394643095471173,0.02022213437793724,0.062084282666324486,0.10332912743984271,0.020192712682096898,0.0617609200609698
sub-036,10,1,0.0097792511011313,0.037437873571508,-0.0036176392393354,0.0410555128108434,-0.0099230157545647,0.0115739948540159,-0.0214970106085806,0.0097792511011313,0.65625,32,2,"envelope,onset",data/processed/env_onset/sub-036_mtrf_env_onset.npz,-0.5,0.0,0.05,hamming,1,,l2,1,True,mean,"1.0,1.0",results_env_onset\sub-036\sub-036_backward_mtrf_env_onset.summary.json,results_env_onset\sub-036\sub-036_backward_mtrf_env_onset.trial_results.csv,nh,NH,0,0.037455379199710336,-0.003617655021185811,-0.009923341467830419,0.011574511702811019,0.04107303422089614,-0.021497853170641436,0.009787590525127354,0.041055512810843395,-0.0214970106085806,0.009779251101131398
sub-036,11,1,0.1174654285837773,0.0333003745994939,-0.0401247052069006,0.0734250798063946,0.1010227708381009,-0.0604830065230592,0.1615057773611601,0.1174654285837773,0.65625,32,2,"envelope,onset",data/processed/env_onset/sub-036_mtrf_env_onset.npz,-0.5,0.0,0.05,hamming,1,,l2,1,True,mean,"1.0,1.0",results_env_onset\sub-036\sub-036_backward_mtrf_env_onset.summary.json,results_env_onset\sub-036\sub-036_backward_mtrf_env_onset.trial_results.csv,nh,NH,0,0.033312691890224094,-0.04014625951646039,0.10136855669637239,-0.060556921687386495,0.07345895140668449,0.16192547838375887,0.11769221489522168,0.0734250798063945,0.16150577736116012,0.11746542858377731
sub-036,12,1,0.0108598071716113,0.0462539432845991,0.025522241532995,0.020731701751604,0.0104551382798614,0.0094672256882428,0.0009879125916185,0.0108598071716113,0.65625,32,2,"envelope,onset",data/processed/env_onset/sub-036_mtrf_env_onset.npz,-0.5,0.0,0.05,hamming,1,,l2,1,True,mean,"1.0,1.0",results_env_onset\sub-036\sub-036_backward_mtrf_env_onset.summary.json,results_env_onset\sub-036\sub-036_backward_mtrf_env_onset.trial_results.csv,nh,NH,0,0.04628697134084427,0.025527785300006718,0.010455519254945611,0.009467508547432054,0.020759186040837554,0.0009880107075135574,0.010873598374175557,0.0207317017516041,0.0009879125916186,0.01085980717161135
sub-036,13,0,-0.0735486412437125,0.0009231501834511,0.0737195017115738,-0.0727963515281227,0.0360544461110805,0.1103553770703829,-0.0743009309593023,-0.0735486412437125,0.65625,32,2,"envelope,onset",data/processed/env_onset/sub-036_mtrf_env_onset.npz,-0.5,0.0,0.05,hamming,1,,l2,1,True,mean,"1.0,1.0",results_env_onset\sub-036\sub-036_backward_mtrf_env_onset.summary.json,results_env_onset\sub-036\sub-036_backward_mtrf_env_onset.trial_results.csv,nh,NH,0,0.0009231504456893563,0.07385348333572468,0.03607008097629809,0.11080665984176225,-0.07293033289003532,-0.07473657886546416,-0.07383345587774974,-0.07279635152812271,-0.0743009309593024,-0.07354864124371255
sub-036,14,1,0.0391651841486377,0.0770471682487295,0.0341581040392871,0.0428890642094423,0.0221033206923858,-0.0133379833954472,0.0354413040878331,0.0391651841486377,0.65625,32,2,"envelope,onset",data/processed/env_onset/sub-036_mtrf_env_onset.npz,-0.5,0.0,0.05,hamming,1,,l2,1,True,mean,"1.0,1.0",results_env_onset\sub-036\sub-036_backward_mtrf_env_onset.summary.json,results_env_onset\sub-036\sub-036_backward_mtrf_env_onset.trial_results.csv,nh,NH,0,0.07720017107744019,0.03417139830019847,0.022106921323682204,-0.013338774430307674,0.04302877277724172,0.03544569575398988,0.0392372342656158,0.04288906420944239,0.035441304087833,0.03916518414863769
sub-036,15,0,-0.0375205862059363,0.0170300062795226,0.0678357541144574,-0.0508057478349347,0.069775226249569,0.094010650826507,-0.024235424576938,-0.0375205862059363,0.65625,32,2,"envelope,onset",data/processed/env_onset/sub-036_mtrf_env_onset.npz,-0.5,0.0,0.05,hamming,1,,l2,1,True,mean,"1.0,1.0",results_env_onset\sub-036\sub-036_backward_mtrf_env_onset.summary.json,results_env_onset\sub-036\sub-036_backward_mtrf_env_onset.trial_results.csv,nh,NH,0,0.017031652919865237,0.06794009538062117,0.0698887936567688,0.09428908425651374,-0.05090844246075593,-0.02440029059974494,-0.037654366530250435,-0.0508057478349348,-0.024235424576938003,-0.0375205862059364
sub-036,16,1,0.0722248661214485,0.0992199856066874,-0.0069161867423428,0.1061361723490302,0.0373843947931342,-0.0009291651007326,0.0383135598938669,0.0722248661214485,0.65625,32,2,"envelope,onset",data/processed/env_onset/sub-036_mtrf_env_onset.npz,-0.5,0.0,0.05,hamming,1,,l2,1,True,mean,"1.0,1.0",results_env_onset\sub-036\sub-036_backward_mtrf_env_onset.summary.json,results_env_onset\sub-036\sub-036_backward_mtrf_env_onset.trial_results.csv,nh,NH,0,0.09954751631419935,-0.0069162970209679245,0.03740182546789764,-0.0009291653681302823,0.10646381333516727,0.038330990836027916,0.0723974020855976,0.10613617234903021,0.0383135598938668,0.0722248661214485
sub-036,17,1,0.041400923817224,0.0628068860756703,-0.0355962243594248,0.0984031104350951,0.0292297818401515,0.0448310446407985,-0.0156012628006469,0.041400923817224,0.65625,32,2,"envelope,onset",data/processed/env_onset/sub-036_mtrf_env_onset.npz,-0.5,0.0,0.05,hamming,1,,l2,1,True,mean,"1.0,1.0",results_env_onset\sub-036\sub-036_backward_mtrf_env_onset.summary.json,results_env_onset\sub-036\sub-036_backward_mtrf_env_onset.trial_results.csv,nh,NH,0,0.06288966696979072,-0.035611270353948885,0.02923811055853305,0.04486111505921549,0.0985009373237396,-0.015623004500682436,0.04143896641152858,0.09840311043509509,-0.015601262800646998,0.041400923817224045
sub-036,18,0,-0.0384614436911441,-0.0445605043293141,0.0205999322414556,-0.0651604365707698,-0.0217436801318801,-0.0099812293203615,-0.0117624508115185,-0.0384614436911441,0.65625,32,2,"envelope,onset",data/processed/env_onset/sub-036_mtrf_env_onset.npz,-0.5,0.0,0.05,hamming,1,,l2,1,True,mean,"1.0,1.0",results_env_onset\sub-036\sub-036_backward_mtrf_env_onset.summary.json,results_env_onset\sub-036\sub-036_backward_mtrf_env_onset.trial_results.csv,nh,NH,0,-0.0445900332025167,0.020602846893516515,-0.021747107818574377,-0.009981560799962456,-0.06519288009603322,-0.01176554701861192,-0.03847921355732257,-0.0651604365707697,-0.011762450811518598,-0.03846144369114415
sub-036,19,1,0.0617166909256579,0.079853757013641,0.0127571950386727,0.0670965619749683,0.0623858601423218,0.0060490402659743,0.0563368198763475,0.0617166909256579,0.65625,32,2,"envelope,onset",data/processed/env_onset/sub-036_mtrf_env_onset.npz,-0.5,0.0,0.05,hamming,1,,l2,1,True,mean,"1.0,1.0",results_env_onset\sub-036\sub-036_backward_mtrf_env_onset.summary.json,results_env_onset\sub-036\sub-036_backward_mtrf_env_onset.trial_results.csv,nh,NH,0,0.08002414179941165,0.012757887167187303,0.06246698483217535,0.00604911404751272,0.06726625463222435,0.056417870784662635,0.061842062708443495,0.0670965619749683,0.056336819876347505,0.0617166909256579
sub-036,20,1,0.005168861318791,0.0234534757509623,0.0525948986670808,-0.0291414229161184,0.0695978844908062,0.0301187389371057,0.0394791455537005,0.005168861318791,0.65625,32,2,"envelope,onset",data/processed/env_onset/sub-036_mtrf_env_onset.npz,-0.5,0.0,0.05,hamming,1,,l2,1,True,mean,"1.0,1.0",results_env_onset\sub-036\sub-036_backward_mtrf_env_onset.summary.json,results_env_onset\sub-036\sub-036_backward_mtrf_env_onset.trial_results.csv,nh,NH,0,0.023457777486942694,0.052643475730148076,0.06971058648501113,0.030127851185832232,-0.029185698243205382,0.0395827352991789,0.005198518527986758,-0.0291414229161185,0.039479145553700495,0.005168861318790997
sub-036,21,1,0.0333381095379879,0.0593637063169873,0.0313526460694486,0.0280110602475386,0.0350845880922667,-0.0035805707361705,0.0386651588284372,0.0333381095379879,0.65625,32,2,"envelope,onset",data/processed/env_onset/sub-036_mtrf_env_onset.npz,-0.5,0.0,0.05,hamming,1,,l2,1,True,mean,"1.0,1.0",results_env_onset\sub-036\sub-036_backward_mtrf_env_onset.summary.json,results_env_onset\sub-036\sub-036_backward_mtrf_env_onset.trial_results.csv,nh,NH,0,0.0594335876848979,0.031362925228667786,0.03509899427126018,-0.003580586037841487,0.028070662456230112,0.038679580309101666,0.03337512138266589,0.028011060247538702,0.0386651588284372,0.03333810953798795
sub-036,22,1,0.0589633943967446,0.0284867543001496,0.0038273412347569,0.0246594130653927,0.0825512622912535,-0.0107161134368431,0.0932673757280966,0.0589633943967446,0.65625,32,2,"envelope,onset",data/processed/env_onset/sub-036_mtrf_env_onset.npz,-0.5,0.0,0.05,hamming,1,,l2,1,True,mean,"1.0,1.0",results_env_onset\sub-036\sub-036_backward_mtrf_env_onset.summary.json,results_env_onset\sub-036\sub-036_backward_mtrf_env_onset.trial_results.csv,nh,NH,0,0.02849446367535012,0.003827359923242729,0.08273955378000818,-0.010716523660381927,0.024667103752107393,0.0934560774403901,0.05906159059624874,0.0246594130653927,0.0932673757280966,0.058963394396744646
sub-036,23,0,-0.0091802526774286,0.0243418821513547,0.0446723469260183,-0.0203304647746636,0.0676739493395813,0.065703989919775,0.0019699594198063,-0.0091802526774286,0.65625,32,2,"envelope,onset",data/processed/env_onset/sub-036_mtrf_env_onset.npz,-0.5,0.0,0.05,hamming,1,,l2,1,True,mean,"1.0,1.0",results_env_onset\sub-036\sub-036_backward_mtrf_env_onset.summary.json,results_env_onset\sub-036\sub-036_backward_mtrf_env_onset.trial_results.csv,nh,NH,0,0.024346691603950508,0.044702098880126974,0.06777754437926188,0.0657987839319419,-0.020355407276176466,0.0019787604473199827,-0.009188323414428242,-0.0203304647746636,0.001969959419806308,-0.009180252677428646
sub-036,24,1,0.1087341614710899,0.0308657857830578,-0.0275000271761911,0.058365812959249,0.0956202206237756,-0.0634822893591551,0.1591025099829308,0.1087341614710899,0.65625,32,2,"envelope,onset",data/processed/env_onset/sub-036_mtrf_env_onset.npz,-0.5,0.0,0.05,hamming,1,,l2,1,True,mean,"1.0,1.0",results_env_onset\sub-036\sub-036_backward_mtrf_env_onset.summary.json,results_env_onset\sub-036\sub-036_backward_mtrf_env_onset.trial_results.csv,nh,NH,0,0.03087559330090471,-0.027506962635652825,0.09591325566427042,-0.0635677740544516,0.058382555936557536,0.15948102971872202,0.10893179282763978,0.0583658129592489,0.1591025099829307,0.1087341614710898
sub-036,25,0,-0.0088126262304389,0.049903452105609,0.0362824674363448,0.0136209846692642,0.0296672000927929,0.060913437222935,-0.0312462371301421,-0.0088126262304389,0.65625,32,2,"envelope,onset",data/processed/env_onset/sub-036_mtrf_env_onset.npz,-0.5,0.0,0.05,hamming,1,,l2,1,True,mean,"1.0,1.0",results_env_onset\sub-036\sub-036_backward_mtrf_env_onset.summary.json,results_env_onset\sub-036\sub-036_backward_mtrf_env_onset.trial_results.csv,nh,NH,0,0.04994493987753703,0.036298400981029856,0.029675908482501744,0.06098894408297037,0.013646538896507174,-0.03131303560046862,-0.008833248351980724,0.013620984669264202,-0.031246237130142098,-0.008812626230438948
sub-036,26,0,-0.0399828968017372,-0.0030915783517188,0.0557646756776345,-0.0588562540293533,0.0102528031635631,0.0313623427376843,-0.0211095395741211,-0.0399828968017372,0.65625,32,2,"envelope,onset",data/processed/env_onset/sub-036_mtrf_env_onset.npz,-0.5,0.0,0.05,hamming,1,,l2,1,True,mean,"1.0,1.0",results_env_onset\sub-036\sub-036_backward_mtrf_env_onset.summary.json,results_env_onset\sub-036\sub-036_backward_mtrf_env_onset.trial_results.csv,nh,NH,0,-0.0030915882013962444,0.05582258755559424,0.010253162444353512,0.03137263144094886,-0.05891417575699048,-0.021119468996595347,-0.04001682237679292,-0.058856254029353294,-0.0211095395741212,-0.03998289680173725
sub-036,27,1,0.0003390570399423,-0.041734062149006,-0.0097647358499478,-0.0319693262990581,-0.015108134691171,-0.0477555750701138,0.0326474403789427,0.0003390570399423,0.65625,32,2,"envelope,onset",data/processed/env_onset/sub-036_mtrf_env_onset.npz,-0.5,0.0,0.05,hamming,1,,l2,1,True,mean,"1.0,1.0",results_env_onset\sub-036\sub-036_backward_mtrf_env_onset.summary.json,results_env_onset\sub-036\sub-036_backward_mtrf_env_onset.trial_results.csv,nh,NH,0,-0.04175831735141762,-0.009765046223774458,-0.01510928435474915,-0.047791928535396086,-0.031993271127643164,0.03268264418064694,0.0003446865265018875,-0.0319693262990582,0.0326474403789428,0.0003390570399422997
sub-036,28,0,-0.0241397481247182,0.0434388495549317,0.0636331731232082,-0.0201943235682765,0.0380314885583194,0.0661166612394794,-0.0280851726811599,-0.0241397481247182,0.65625,32,2,"envelope,onset",data/processed/env_onset/sub-036_mtrf_env_onset.npz,-0.5,0.0,0.05,hamming,1,,l2,1,True,mean,"1.0,1.0",results_env_onset\sub-036\sub-036_backward_mtrf_env_onset.summary.json,results_env_onset\sub-036\sub-036_backward_mtrf_env_onset.trial_results.csv,nh,NH,0,0.043466202605308105,0.06371926979876344,0.03804984066141188,0.06621325579428308,-0.020253067193455335,-0.028163415132871204,-0.02420824116316327,-0.020194323568276495,-0.028085172681160002,-0.02413974812471825
sub-036,29,1,0.070875955255293,0.0793716551257333,-0.0025526783410516,0.0819243334667849,0.0710987477482609,0.0112711707044598,0.059827577043801,0.070875955255293,0.65625,32,2,"envelope,onset",data/processed/env_onset/sub-036_mtrf_env_onset.npz,-0.5,0.0,0.05,hamming,1,,l2,1,True,mean,"1.0,1.0",results_env_onset\sub-036\sub-036_backward_mtrf_env_onset.summary.json,results_env_onset\sub-036\sub-036_backward_mtrf_env_onset.trial_results.csv,nh,NH,0,0.07953896476102598,-0.0025526838856324893,0.07121891457436837,0.011271648034681826,0.08209164864665847,0.059947266539686545,0.0710194575931725,0.0819243334667849,0.0598275770438011,0.070875955255293
sub-036,30,1,0.0262896282293325,0.0616055994639897,0.0120994847594629,0.0495061147045268,0.053864946441381,0.0507918046872427,0.0030731417541383,0.0262896282293325,0.65625,32,2,"envelope,onset",data/processed/env_onset/sub-036_mtrf_env_onset.npz,-0.5,0.0,0.05,hamming,1,,l2,1,True,mean,"1.0,1.0",results_env_onset\sub-036\sub-036_backward_mtrf_env_onset.summary.json,results_env_onset\sub-036\sub-036_backward_mtrf_env_onset.trial_results.csv,nh,NH,0,0.06168371363373604,0.012100075256232306,0.053917132488057164,0.050835550111688756,0.04958363837750373,0.003081582376368408,0.02633261037693607,0.0495061147045268,0.003073141754138295,0.02628962822933255
sub-036,31,0,-0.0315699139165193,0.028766966266895,0.0552788842263607,-0.0265119179594656,0.0089517020009893,0.0455796118745623,-0.036627909873573,-0.0315699139165193,0.65625,32,2,"envelope,onset",data/processed/env_onset/sub-036_mtrf_env_onset.npz,-0.5,0.0,0.05,hamming,1,,l2,1,True,mean,"1.0,1.0",results_env_onset\sub-036\sub-036_backward_mtrf_env_onset.summary.json,results_env_onset\sub-036\sub-036_backward_mtrf_env_onset.trial_results.csv,nh,NH,0,0.028774905465178344,0.055335293930129016,0.008951941121305053,0.04561121517415713,-0.026560388464950672,-0.036659274052852076,-0.03160983125890138,-0.0265119179594657,-0.036627909873573,-0.03156991391651935
sub-037,0,1,0.1093640181080488,0.1560626505312288,0.023170141573013,0.1328925089582158,0.1587804301387039,0.072944902880822,0.0858355272578819,0.1093640181080488,0.96875,32,2,"envelope,onset",data/processed/env_onset/sub-037_mtrf_env_onset.npz,-0.5,0.0,0.05,hamming,1,,l2,1,True,mean,"1.0,1.0",results_env_onset\sub-037\sub-037_backward_mtrf_env_onset.summary.json,results_env_onset\sub-037\sub-037_backward_mtrf_env_onset.trial_results.csv,nh,NH,0,0.15734849118577254,0.023174289248124324,0.1601353349674297,0.07307469645158043,0.13417420193764823,0.08706063851584928,0.11061742022674875,0.1328925089582158,0.0858355272578819,0.10936401810804885
sub-037,1,1,0.1458907988867608,0.2148490674836377,0.0663263751439777,0.14852269233966,0.2197885733170415,0.0765296678831799,0.1432589054338615,0.1458907988867608,0.96875,32,2,"envelope,onset",data/processed/env_onset/sub-037_mtrf_env_onset.npz,-0.5,0.0,0.05,hamming,1,,l2,1,True,mean,"1.0,1.0",results_env_onset\sub-037\sub-037_backward_mtrf_env_onset.summary.json,results_env_onset\sub-037\sub-037_backward_mtrf_env_onset.trial_results.csv,nh,NH,0,0.21824957687131352,0.06642389340647001,0.22343393967286135,0.0766796011798206,0.1518256834648435,0.14675433849304076,0.14929001097894212,0.14852269233965998,0.1432589054338616,0.1458907988867608
sub-037,2,1,0.0786951878477547,0.1263167659999682,0.0264319894060932,0.099884776593875,0.1423621398409831,0.0848565407393486,0.0575055991016344,0.0786951878477547,0.96875,32,2,"envelope,onset",data/processed/env_onset/sub-037_mtrf_env_onset.npz,-0.5,0.0,0.05,hamming,1,,l2,1,True,mean,"1.0,1.0",results_env_onset\sub-037\sub-037_backward_mtrf_env_onset.summary.json,results_env_onset\sub-037\sub-037_backward_mtrf_env_onset.trial_results.csv,nh,NH,0,0.12699510569284078,0.02643814755809845,0.14333575707895116,0.08506109882642197,0.10055695813474233,0.058274658252529185,0.07941580819363575,0.09988477659387499,0.05750559910163448,0.07869518784775473
sub-037,3,1,0.0271172025393151,0.1237069395521426,0.0714637873278356,0.052243152224307,0.1326729253511016,0.1306816724967783,0.0019912528543232,0.0271172025393151,0.96875,32,2,"envelope,onset",data/processed/env_onset/sub-037_mtrf_env_onset.npz,-0.5,0.0,0.05,hamming,1,,l2,1,True,mean,"1.0,1.0",results_env_onset\sub-037\sub-037_backward_mtrf_env_onset.summary.json,results_env_onset\sub-037\sub-037_backward_mtrf_env_onset.trial_results.csv,nh,NH,0,0.12434384382127564,0.07158581840346474,0.13345969239868355,0.13143330344979345,0.0527580254178109,0.0020263889488900955,0.027392207183350496,0.05224315222430699,0.0019912528543232777,0.027117202539315134
sub-037,4,1,0.0806411708259053,0.1158495138332999,0.0340650230179042,0.0817844908153957,0.1164656488921842,0.0369677980557691,0.079497850836415,0.0806411708259053,0.96875,32,2,"envelope,onset",data/processed/env_onset/sub-037_mtrf_env_onset.npz,-0.5,0.0,0.05,hamming,1,,l2,1,True,mean,"1.0,1.0",results_env_onset\sub-037\sub-037_backward_mtrf_env_onset.summary.json,results_env_onset\sub-037\sub-037_backward_mtrf_env_onset.trial_results.csv,nh,NH,0,0.11637200412184931,0.03407820884361125,0.11699656615711437,0.036984652165035735,0.08229379527823806,0.08001191399207863,0.08115285463515834,0.08178449081539571,0.07949785083641511,0.08064117082590541
sub-037,5,1,0.2080574435444424,0.1958547422544488,-0.0204381228452844,0.2162928650997332,0.2206308276000229,0.0208088056108714,0.1998220219891515,0.2080574435444424,0.96875,32,2,"envelope,onset",data/processed/env_onset/sub-037_mtrf_env_onset.npz,-0.5,0.0,0.05,hamming,1,,l2,1,True,mean,"1.0,1.0",results_env_onset\sub-037\sub-037_backward_mtrf_env_onset.summary.json,results_env_onset\sub-037\sub-037_backward_mtrf_env_onset.trial_results.csv,nh,NH,0,0.1984182762359966,-0.02044096934160631,0.2243191183810893,0.02081180984002614,0.2188592455776029,0.20350730854106316,0.21118327705933304,0.2162928650997332,0.1998220219891515,0.20805744354444233
sub-037,6,1,0.0941371251039745,0.1554744214786509,0.0466508702963397,0.1088235511823112,0.1725781309404487,0.0931274319148109,0.0794506990256377,0.0941371251039745,0.96875,32,2,"envelope,onset",data/processed/env_onset/sub-037_mtrf_env_onset.npz,-0.5,0.0,0.05,hamming,1,,l2,1,True,mean,"1.0,1.0",results_env_onset\sub-037\sub-037_backward_mtrf_env_onset.summary.json,results_env_onset\sub-037\sub-037_backward_mtrf_env_onset.trial_results.csv,nh,NH,0,0.15674563449778592,0.046684756709502014,0.17432272477912825,0.09339806425728962,0.11006087778828391,0.08092466052183862,0.09549276915506127,0.1088235511823112,0.07945069902563778,0.09413712510397448
sub-037,7,1,0.0582680448602909,0.0569352501565491,-0.005431333386706,0.0623665835432551,0.1022381438482087,0.048068637670882,0.0541695061773266,0.0582680448602909,0.96875,32,2,"envelope,onset",data/processed/env_onset/sub-037_mtrf_env_onset.npz,-0.5,0.0,0.05,hamming,1,,l2,1,True,mean,"1.0,1.0",results_env_onset\sub-037\sub-037_backward_mtrf_env_onset.summary.json,results_env_onset\sub-037\sub-037_backward_mtrf_env_onset.trial_results.csv,nh,NH,0,0.05699689095741356,-0.005431386794644732,0.1025966141623371,0.04810571144937468,0.062428277752058295,0.054490902712962426,0.058459590232510364,0.0623665835432551,0.0541695061773267,0.0582680448602909
sub-037,8,1,0.1215844148483431,0.1442934545653194,0.0234990060662156,0.1207944484991037,0.1515689102640387,0.0291945290664561,0.1223743811975826,0.1215844148483431,0.96875,32,2,"envelope,onset",data/processed/env_onset/sub-037_mtrf_env_onset.npz,-0.5,0.0,0.05,hamming,1,,l2,1,True,mean,"1.0,1.0",results_env_onset\sub-037\sub-037_backward_mtrf_env_onset.summary.json,results_env_onset\sub-037\sub-037_backward_mtrf_env_onset.trial_results.csv,nh,NH,0,0.14530757933105531,0.023503332909340906,0.15274584711173378,0.02920282767618541,0.1218042464217144,0.12354301943554837,0.12267363292863138,0.12079444849910378,0.12237438119758261,0.1215844148483432
sub-037,9,1,0.0180631723630994,0.0899262614395507,0.0845856044326079,0.0053406570069427,0.1297716256919479,0.0989859379726917,0.0307856877192561,0.0180631723630994,0.96875,32,2,"envelope,onset",data/processed/env_onset/sub-037_mtrf_env_onset.npz,-0.5,0.0,0.05,hamming,1,,l2,1,True,mean,"1.0,1.0",results_env_onset\sub-037\sub-037_backward_mtrf_env_onset.summary.json,results_env_onset\sub-037\sub-037_backward_mtrf_env_onset.trial_results.csv,nh,NH,0,0.09016984763311181,0.08478820376999467,0.13050755685861412,0.09931114720420568,0.005381643863117139,0.03119640965440844,0.01828902675876279,0.005340657006942792,0.03078568771925619,0.01806317236309949
sub-037,10,1,0.0006643592444477,0.1241617387077976,0.1232988883728772,0.0008628503349204,0.1603202684211093,0.1598544002671343,0.000465868153975,0.0006643592444477,0.96875,32,2,"envelope,onset",data/processed/env_onset/sub-037_mtrf_env_onset.npz,-0.5,0.0,0.05,hamming,1,,l2,1,True,mean,"1.0,1.0",results_env_onset\sub-037\sub-037_backward_mtrf_env_onset.summary.json,results_env_onset\sub-037\sub-037_backward_mtrf_env_onset.trial_results.csv,nh,NH,0,0.12480573754382913,0.1239294722386869,0.16171539612762592,0.16123727468957788,0.000876265305142232,0.0004781214380480403,0.0006771933715951362,0.0008628503349204092,0.0004658681539750076,0.0006643592444477084
sub-037,11,1,0.0095718166082974,0.1374323447595099,0.1121045021892576,0.0253278425702522,0.119348411065964,0.1255326204196213,-0.0061842093536573,0.0095718166082974,0.96875,32,2,"envelope,onset",data/processed/env_onset/sub-037_mtrf_env_onset.npz,-0.5,0.0,0.05,hamming,1,,l2,1,True,mean,"1.0,1.0",results_env_onset\sub-037\sub-037_backward_mtrf_env_onset.summary.json,results_env_onset\sub-037\sub-037_backward_mtrf_env_onset.trial_results.csv,nh,NH,0,0.1383075426170215,0.11257769688121137,0.11991997185356015,0.12619832550296778,0.025729845735810122,-0.006278353649407625,0.009725746043201249,0.025327842570252307,-0.006184209353657294,0.009571816608297506
sub-037,12,1,0.0447175500487569,0.0685805784802574,0.0603132234720489,0.0082673550082085,0.1587970733365285,0.077629328247223,0.0811677450893054,0.0447175500487569,0.96875,32,2,"envelope,onset",data/processed/env_onset/sub-037_mtrf_env_onset.npz,-0.5,0.0,0.05,hamming,1,,l2,1,True,mean,"1.0,1.0",results_env_onset\sub-037\sub-037_backward_mtrf_env_onset.summary.json,results_env_onset\sub-037\sub-037_backward_mtrf_env_onset.trial_results.csv,nh,NH,0,0.06868840116503401,0.06038651701123948,0.1601524086590562,0.07778583406304058,0.008301884153794528,0.08236657459601561,0.04533422937490507,0.008267355008208507,0.0811677450893055,0.04471755004875701
sub-037,13,1,0.0546044562102131,0.1177791520042704,-0.0011372816654837,0.1189164336697542,0.0730582826785555,0.0827658039278834,-0.0097075212493279,0.0546044562102131,0.96875,32,2,"envelope,onset",data/processed/env_onset/sub-037_mtrf_env_onset.npz,-0.5,0.0,0.05,hamming,1,,l2,1,True,mean,"1.0,1.0",results_env_onset\sub-037\sub-037_backward_mtrf_env_onset.summary.json,results_env_onset\sub-037\sub-037_backward_mtrf_env_onset.trial_results.csv,nh,NH,0,0.11832833826387304,-0.0011372821558077498,0.073188683714068,0.08295557134303637,0.11946562041968078,-0.009766887628968365,0.05484936639535621,0.1189164336697541,-0.009707521249327888,0.054604456210213106
sub-037,14,0,-0.04298318297857,0.105234533193585,0.1507819722305996,-0.0455474390370145,0.1106378477616559,0.1510567746817813,-0.0404189269201254,-0.04298318297857,0.96875,32,2,"envelope,onset",data/processed/env_onset/sub-037_mtrf_env_onset.npz,-0.5,0.0,0.05,hamming,1,,l2,1,True,mean,"1.0,1.0",results_env_onset\sub-037\sub-037_backward_mtrf_env_onset.summary.json,results_env_onset\sub-037\sub-037_backward_mtrf_env_onset.trial_results.csv,nh,NH,0,0.10562560149569383,0.15194050370328527,0.11109262199027047,0.15222171112138957,-0.046314902207591435,-0.04112908913111911,-0.04372199566935527,-0.04554743903701461,-0.0404189269201254,-0.042983182978570005
sub-037,15,1,0.0882490031402466,0.1110683119452579,0.0326393588015338,0.078428953143724,0.1391329575812159,0.0410639044444468,0.0980690531367691,0.0882490031402466,0.96875,32,2,"envelope,onset",data/processed/env_onset/sub-037_mtrf_env_onset.npz,-0.5,0.0,0.05,hamming,1,,l2,1,True,mean,"1.0,1.0",results_env_onset\sub-037\sub-037_backward_mtrf_env_onset.summary.json,results_env_onset\sub-037\sub-037_backward_mtrf_env_onset.trial_results.csv,nh,NH,0,0.11152844171030027,0.03265095675395723,0.14004130913128546,0.041087009082553104,0.07887748495634303,0.09895430004873235,0.08891589250253769,0.07842895314372411,0.09806905313676911,0.08824900314024661
sub-037,16,1,0.0915272739552444,0.122958728321728,0.0278167553312869,0.0951419729904411,0.114908703068044,0.0269961281479963,0.0879125749200477,0.0915272739552444,0.96875,32,2,"envelope,onset",data/processed/env_onset/sub-037_mtrf_env_onset.npz,-0.5,0.0,0.05,hamming,1,,l2,1,True,mean,"1.0,1.0",results_env_onset\sub-037\sub-037_backward_mtrf_env_onset.summary.json,results_env_onset\sub-037\sub-037_backward_mtrf_env_onset.trial_results.csv,nh,NH,0,0.12358407572996247,0.027823933271697833,0.11541849991149848,0.027002689195038947,0.09576014245826464,0.08841581071645954,0.09208797658736209,0.0951419729904411,0.0879125749200477,0.0915272739552444
sub-037,17,1,0.1086029175838188,0.1724581265105191,0.0679358175028241,0.104522309007695,0.2065291764286563,0.0938456502687137,0.1126835261599425,0.1086029175838188,0.96875,32,2,"envelope,onset",data/processed/env_onset/sub-037_mtrf_env_onset.npz,-0.5,0.0,0.05,hamming,1,,l2,1,True,mean,"1.0,1.0",results_env_onset\sub-037\sub-037_backward_mtrf_env_onset.summary.json,results_env_onset\sub-037\sub-037_backward_mtrf_env_onset.trial_results.csv,nh,NH,0,0.1741990391550595,0.06804062204418324,0.20954314873471047,0.09412261502394695,0.10615841711087626,0.11542053371076352,0.11078947541081989,0.10452230900769499,0.1126835261599426,0.10860291758381879
sub-037,18,1,0.0786430283149934,0.1262470583386159,0.0482430488916581,0.0780040094469578,0.1680741974819961,0.0887921502989671,0.0792820471830289,0.0786430283149934,0.96875,32,2,"envelope,onset",data/processed/env_onset/sub-037_mtrf_env_onset.npz,-0.5,0.0,0.05,hamming,1,,l2,1,True,mean,"1.0,1.0",results_env_onset\sub-037\sub-037_backward_mtrf_env_onset.summary.json,results_env_onset\sub-037\sub-037_backward_mtrf_env_onset.trial_results.csv,nh,NH,0,0.12692426838023843,0.04828052806775615,0.1696842147166798,0.08902660751634622,0.07864374031248228,0.08065760720033358,0.07965067375640793,0.07800400944695782,0.07928204718302899,0.0786430283149934
sub-037,19,1,0.1293659251159964,0.1126375010403405,-0.0125722111058089,0.1252097121461494,0.1861747882763982,0.0526526501905547,0.1335221380858435,0.1293659251159964,0.96875,32,2,"envelope,onset",data/processed/env_onset/sub-037_mtrf_env_onset.npz,-0.5,0.0,0.05,hamming,1,,l2,1,True,mean,"1.0,1.0",results_env_onset\sub-037\sub-037_backward_mtrf_env_onset.summary.json,results_env_onset\sub-037\sub-037_backward_mtrf_env_onset.trial_results.csv,nh,NH,0,0.11311751212342848,-0.012572873558592611,0.18837166482644163,0.05270138762683195,0.1256903856820211,0.13567027719960967,0.13068033144081537,0.1252097121461494,0.13352213808584348,0.12936592511599643
sub-037,20,1,0.134895807087246,0.1417524658809526,-0.0014456491947086,0.1431981150756612,0.17612358845966,0.0495300893608291,0.1265934990988308,0.134895807087246,0.96875,32,2,"envelope,onset",data/processed/env_onset/sub-037_mtrf_env_onset.npz,-0.5,0.0,0.05,hamming,1,,l2,1,True,mean,"1.0,1.0",results_env_onset\sub-037\sub-037_backward_mtrf_env_onset.summary.json,results_env_onset\sub-037\sub-037_backward_mtrf_env_onset.trial_results.csv,nh,NH,0,0.14271352630857065,-0.0014456502017980485,0.1779793412493292,0.0495706519795248,0.1441591765103687,0.12840868926980442,0.13628393289008656,0.14319811507566121,0.1265934990988309,0.13489580708724605
sub-037,21,1,0.0336093349440335,0.1320143650172339,0.0854790995366251,0.0465352654806087,0.1284154855525651,0.1077320811451066,0.0206834044074584,0.0336093349440335,0.96875,32,2,"envelope,onset",data/processed/env_onset/sub-037_mtrf_env_onset.npz,-0.5,0.0,0.05,hamming,1,,l2,1,True,mean,"1.0,1.0",results_env_onset\sub-037\sub-037_backward_mtrf_env_onset.summary.json,results_env_onset\sub-037\sub-037_backward_mtrf_env_onset.trial_results.csv,nh,NH,0,0.13278939183139252,0.08568820640548291,0.12912843319621048,0.10815179455244057,0.0471011854259096,0.020976638643769904,0.034038912034839754,0.04653526548060881,0.0206834044074585,0.033609334944033654
sub-037,22,1,0.0816745946855148,0.1351309144791669,0.0254025015432279,0.109728412935939,0.1256662880062556,0.0720455115711648,0.0536207764350907,0.0816745946855148,0.96875,32,2,"envelope,onset",data/processed/env_onset/sub-037_mtrf_env_onset.npz,-0.5,0.0,0.05,hamming,1,,l2,1,True,mean,"1.0,1.0",results_env_onset\sub-037\sub-037_backward_mtrf_env_onset.summary.json,results_env_onset\sub-037\sub-037_backward_mtrf_env_onset.trial_results.csv,nh,NH,0,0.13596255857912468,0.02540796762842178,0.1263341355231576,0.0721705533055925,0.1105545909507029,0.05416358221756509,0.08235908658413399,0.10972841293593899,0.05362077643509079,0.08167459468551488
sub-037,23,1,0.0212431313403685,0.0557155097179246,0.0615934665150985,-0.0058779567971739,0.1358587504498148,0.0874945309719038,0.048364219477911,0.0212431313403685,0.96875,32,2,"envelope,onset",data/processed/env_onset/sub-037_mtrf_env_onset.npz,-0.5,0.0,0.05,hamming,1,,l2,1,True,mean,"1.0,1.0",results_env_onset\sub-037\sub-037_backward_mtrf_env_onset.summary.json,results_env_onset\sub-037\sub-037_backward_mtrf_env_onset.trial_results.csv,nh,NH,0,0.05577326836321823,0.06167153447098158,0.13670400671987318,0.08771882753235355,-0.005898266107763353,0.04898517918751963,0.021543456539878138,-0.0058779567971739,0.048364219477911,0.02124313134036855
sub-037,24,1,0.1392261657321545,0.1409486500695478,0.013231808113586,0.1277168419559617,0.1487051743570261,-0.0020303151513212,0.1507354895083473,0.1392261657321545,0.96875,32,2,"envelope,onset",data/processed/env_onset/sub-037_mtrf_env_onset.npz,-0.5,0.0,0.05,hamming,1,,l2,1,True,mean,"1.0,1.0",results_env_onset\sub-037\sub-037_backward_mtrf_env_onset.summary.json,results_env_onset\sub-037\sub-037_backward_mtrf_env_onset.trial_results.csv,nh,NH,0,0.14189332279949796,0.013232580406327396,0.14981606849272847,-0.0020303179411026756,0.12866074239317055,0.15184638643383114,0.14025356441350084,0.12771684195596178,0.1507354895083473,0.13922616573215454
sub-037,25,1,0.1189187977826779,0.1098417707537651,0.0007888326575568,0.1090529380962082,0.089487214281766,-0.0392974431873816,0.1287846574691477,0.1189187977826779,0.96875,32,2,"envelope,onset",data/processed/env_onset/sub-037_mtrf_env_onset.npz,-0.5,0.0,0.05,hamming,1,,l2,1,True,mean,"1.0,1.0",results_env_onset\sub-037\sub-037_backward_mtrf_env_onset.summary.json,results_env_onset\sub-037\sub-037_backward_mtrf_env_onset.trial_results.csv,nh,NH,0,0.1102867513403645,0.000788832821175732,0.08972723866133124,-0.03931769082190078,0.10949791851918877,0.129044929483232,0.1192714240012104,0.1090529380962083,0.12878465746914758,0.11891879778267794
sub-037,26,1,0.1668066629284804,0.2008861459852752,0.0058038030563549,0.1950823429289202,0.170208410926264,0.0316774279982233,0.1385309829280407,0.1668066629284804,0.96875,32,2,"envelope,onset",data/processed/env_onset/sub-037_mtrf_env_onset.npz,-0.5,0.0,0.05,hamming,1,,l2,1,True,mean,"1.0,1.0",results_env_onset\sub-037\sub-037_backward_mtrf_env_onset.summary.json,results_env_onset\sub-037\sub-037_backward_mtrf_env_onset.trial_results.csv,nh,NH,0,0.2036557934937018,0.005803868223024008,0.17188128458332888,0.03168803005363025,0.1978519252706778,0.14019325452969864,0.1690225899001882,0.19508234292892032,0.1385309829280407,0.1668066629284805
sub-037,27,1,0.1376302374719647,0.1691971389254274,0.0246960385894143,0.144501100336013,0.1281474451608817,-0.0026119294470346,0.1307593746079163,0.1376302374719647,0.96875,32,2,"envelope,onset",data/processed/env_onset/sub-037_mtrf_env_onset.npz,-0.5,0.0,0.05,hamming,1,,l2,1,True,mean,"1.0,1.0",results_env_onset\sub-037\sub-037_backward_mtrf_env_onset.summary.json,results_env_onset\sub-037\sub-037_backward_mtrf_env_onset.trial_results.csv,nh,NH,0,0.17084002522174338,0.024701061085361437,0.12885590809307418,-0.002611935386739218,0.14613896413638194,0.13146784347981338,0.13880340380809766,0.1445011003360131,0.13075937460791628,0.13763023747196468
sub-037,28,1,0.0773093640120017,0.1600262104106324,0.0529445383345784,0.1070816720760539,0.1130008156516661,0.0654637597037167,0.0475370559479494,0.0773093640120017,0.96875,32,2,"envelope,onset",data/processed/env_onset/sub-037_mtrf_env_onset.npz,-0.5,0.0,0.05,hamming,1,,l2,1,True,mean,"1.0,1.0",results_env_onset\sub-037\sub-037_backward_mtrf_env_onset.summary.json,results_env_onset\sub-037\sub-037_backward_mtrf_env_onset.trial_results.csv,nh,NH,0,0.16141359527299176,0.05299409174174664,0.11348551068449199,0.06555751596214247,0.10841950353124512,0.047927994722349515,0.07817374912679731,0.10708167207605399,0.047537055947949394,0.0773093640120017
sub-037,29,1,0.1984517235470134,0.175369418808687,-0.0527607697886339,0.228130188597321,0.1637941800236725,-0.0049790784730333,0.1687732584967058,0.1984517235470134,0.96875,32,2,"envelope,onset",data/processed/env_onset/sub-037_mtrf_env_onset.npz,-0.5,0.0,0.05,hamming,1,,l2,1,True,mean,"1.0,1.0",results_env_onset\sub-037\sub-037_backward_mtrf_env_onset.summary.json,results_env_onset\sub-037\sub-037_backward_mtrf_env_onset.trial_results.csv,nh,NH,0,0.17720113523721298,-0.0528098084176798,0.16528300622190759,-0.004979119619459334,0.23001094365489277,0.1702621258413669,0.20013653474812984,0.2281301885973209,0.1687732584967058,0.19845172354701335
sub-037,30,1,0.144414656414881,0.1508118725004986,0.0053659632657573,0.1454459092347413,0.1825210502535023,0.0391376466584815,0.1433834035950208,0.144414656414881,0.96875,32,2,"envelope,onset",data/processed/env_onset/sub-037_mtrf_env_onset.npz,-0.5,0.0,0.05,hamming,1,,l2,1,True,mean,"1.0,1.0",results_env_onset\sub-037\sub-037_backward_mtrf_env_onset.summary.json,results_env_onset\sub-037\sub-037_backward_mtrf_env_onset.trial_results.csv,nh,NH,0,0.15197109971773745,0.005366014768378651,0.18458938439810302,0.03915764814448672,0.1466050849493588,0.1454317362536163,0.14601841060148757,0.1454459092347413,0.1433834035950208,0.14441465641488105
sub-037,31,1,0.1404173627293427,0.1733419303248692,0.0419090614263477,0.1314328688985215,0.190822531296583,0.041420674736419,0.1494018565601639,0.1404173627293427,0.96875,32,2,"envelope,onset",data/processed/env_onset/sub-037_mtrf_env_onset.npz,-0.5,0.0,0.05,hamming,1,,l2,1,True,mean,"1.0,1.0",results_env_onset\sub-037\sub-037_backward_mtrf_env_onset.summary.json,results_env_onset\sub-037\sub-037_backward_mtrf_env_onset.trial_results.csv,nh,NH,0,0.17511007801415335,0.041933623246764286,0.19319064455747725,0.04144438725232373,0.13317645476738907,0.1517462573051535,0.1424613560362713,0.1314328688985215,0.149401856560164,0.14041736272934274
sub-038,0,1,0.1322237151719736,0.0854028788181395,-0.0548944911321971,0.1402973699503366,0.0610578261139905,-0.0630922342796199,0.1241500603936105,0.1322237151719736,0.78125,32,2,"envelope,onset",data/processed/env_onset/sub-038_mtrf_env_onset.npz,-0.5,0.0,0.05,hamming,1,,l2,1,True,mean,"1.0,1.0",results_env_onset\sub-038\sub-038_backward_mtrf_env_onset.summary.json,results_env_onset\sub-038\sub-038_backward_mtrf_env_onset.trial_results.csv,nh,NH,0,0.08561142517146367,-0.05494973082327164,0.06113387199703014,-0.0631761504084903,0.14056115599473532,0.12431002240552044,0.13243558920012788,0.1402973699503366,0.1241500603936104,0.1322237151719735
sub-038,1,1,0.0646179376167416,0.0800095150499699,-0.0043043959687254,0.0843139110186953,-0.0088434198831961,-0.0537653840979841,0.0449219642147879,0.0646179376167416,0.78125,32,2,"envelope,onset",data/processed/env_onset/sub-038_mtrf_env_onset.npz,-0.5,0.0,0.05,hamming,1,,l2,1,True,mean,"1.0,1.0",results_env_onset\sub-038\sub-038_backward_mtrf_env_onset.summary.json,results_env_onset\sub-038\sub-038_backward_mtrf_env_onset.trial_results.csv,nh,NH,0,0.08018090138346302,-0.004304422552718846,-0.008843650430401206,-0.05381728096738234,0.08448532393618187,0.04497363053698114,0.06472947723658151,0.0843139110186953,0.044921964214788,0.06461793761674164
sub-038,2,1,0.0606067937216671,0.0539046485942296,0.0058191245921528,0.0480855240020768,0.0308117524240176,-0.0423163110172399,0.0731280634412575,0.0606067937216671,0.78125,32,2,"envelope,onset",data/processed/env_onset/sub-038_mtrf_env_onset.npz,-0.5,0.0,0.05,hamming,1,,l2,1,True,mean,"1.0,1.0",results_env_onset\sub-038\sub-038_backward_mtrf_env_onset.summary.json,results_env_onset\sub-038\sub-038_backward_mtrf_env_onset.trial_results.csv,nh,NH,0,0.05395695025463946,0.005819190276295626,0.030821508505605753,-0.042341596374841445,0.04813775997834383,0.0731631048804472,0.06065043242939551,0.0480855240020768,0.0731280634412575,0.06060679372166715
sub-038,3,0,-0.0977042461710063,-0.0123200133739663,0.1147336676830429,-0.1270536810570093,-0.0139116395100387,0.0544431717749646,-0.0683548112850033,-0.0977042461710063,0.78125,32,2,"envelope,onset",data/processed/env_onset/sub-038_mtrf_env_onset.npz,-0.5,0.0,0.05,hamming,1,,l2,1,True,mean,"1.0,1.0",results_env_onset\sub-038\sub-038_backward_mtrf_env_onset.summary.json,results_env_onset\sub-038\sub-038_backward_mtrf_env_onset.trial_results.csv,nh,NH,0,-0.012320636752490741,0.1152411260458957,-0.013912537071352772,0.054497058565226485,-0.12756176279838644,-0.06840959563657925,-0.09798567921748284,-0.1270536810570092,-0.0683548112850033,-0.09770424617100626
sub-038,4,1,0.0436987335374831,0.0757675198937697,-0.0049942605969858,0.0807617804907556,0.016446867432964,0.0098111808487532,0.0066356865842107,0.0436987335374831,0.78125,32,2,"envelope,onset",data/processed/env_onset/sub-038_mtrf_env_onset.npz,-0.5,0.0,0.05,hamming,1,,l2,1,True,mean,"1.0,1.0",results_env_onset\sub-038\sub-038_backward_mtrf_env_onset.summary.json,results_env_onset\sub-038\sub-038_backward_mtrf_env_onset.trial_results.csv,nh,NH,0,0.07591300797869915,-0.004994302120953464,0.016448350629883084,0.00981149567263719,0.08090731009965262,0.006636854957245893,0.04377208252844925,0.0807617804907555,0.006635686584210798,0.043698733537483145
sub-038,5,1,0.1058992052694745,0.0725076464935656,-0.048697745417751,0.1212053919113166,0.0230376296585547,-0.0675553889690776,0.0905930186276323,0.1058992052694745,0.78125,32,2,"envelope,onset",data/processed/env_onset/sub-038_mtrf_env_onset.npz,-0.5,0.0,0.05,hamming,1,,l2,1,True,mean,"1.0,1.0",results_env_onset\sub-038\sub-038_backward_mtrf_env_onset.summary.json,results_env_onset\sub-038\sub-038_backward_mtrf_env_onset.trial_results.csv,nh,NH,0,0.07263511506239725,-0.04873629537209163,0.02304170656222194,-0.06765843949162204,0.12137141043448887,0.09070014605384398,0.10603577824416643,0.1212053919113166,0.0905930186276323,0.10589920526947445
sub-038,6,1,0.0721621323204214,0.0479156303439203,0.0077281664387484,0.0401874639051718,0.1337852691056764,0.0296484683700053,0.1041368007356711,0.0721621323204214,0.78125,32,2,"envelope,onset",data/processed/env_onset/sub-038_mtrf_env_onset.npz,-0.5,0.0,0.05,hamming,1,,l2,1,True,mean,"1.0,1.0",results_env_onset\sub-038\sub-038_backward_mtrf_env_onset.summary.json,results_env_onset\sub-038\sub-038_backward_mtrf_env_onset.trial_results.csv,nh,NH,0,0.04795235089519266,0.0077283202980329944,0.13459213716438997,0.02965716026902629,0.04022403059715966,0.10493497689536369,0.07257950374626168,0.0401874639051719,0.1041368007356711,0.0721621323204215
sub-038,7,1,0.1644083452812078,0.164872014307516,-0.0509129359239123,0.2157849502314283,0.0621358457761825,-0.0508958945548047,0.1130317403309873,0.1644083452812078,0.78125,32,2,"envelope,onset",data/processed/env_onset/sub-038_mtrf_env_onset.npz,-0.5,0.0,0.05,hamming,1,,l2,1,True,mean,"1.0,1.0",results_env_onset\sub-038\sub-038_backward_mtrf_env_onset.summary.json,results_env_onset\sub-038\sub-038_backward_mtrf_env_onset.trial_results.csv,nh,NH,0,0.16639075580884327,-0.05095699540160333,0.06221599753407955,-0.05093990975916218,0.2173477512104466,0.11315590729324174,0.16525182925184417,0.2157849502314283,0.1130317403309872,0.16440834528120774
sub-038,8,1,0.1531699090768652,0.1977481424460823,0.0367520215728972,0.1609961208731851,0.1624740003787413,0.0171303030981959,0.1453436972805453,0.1531699090768652,0.78125,32,2,"envelope,onset",data/processed/env_onset/sub-038_mtrf_env_onset.npz,-0.5,0.0,0.05,hamming,1,,l2,1,True,mean,"1.0,1.0",results_env_onset\sub-038\sub-038_backward_mtrf_env_onset.summary.json,results_env_onset\sub-038\sub-038_backward_mtrf_env_onset.trial_results.csv,nh,NH,0,0.20038796473750767,0.03676858211711257,0.1639267322022794,0.017131979006921084,0.1636193826203951,0.1467947531953583,0.1552070679078767,0.1609961208731851,0.1453436972805454,0.15316990907686523
sub-038,9,1,0.0116096921438763,0.0114679146893029,-0.007949178610141,0.019417093299444,0.0204025309859013,0.0166002399975927,0.0038022909883086,0.0116096921438763,0.78125,32,2,"envelope,onset",data/processed/env_onset/sub-038_mtrf_env_onset.npz,-0.5,0.0,0.05,hamming,1,,l2,1,True,mean,"1.0,1.0",results_env_onset\sub-038\sub-038_backward_mtrf_env_onset.summary.json,results_env_onset\sub-038\sub-038_backward_mtrf_env_onset.trial_results.csv,nh,NH,0,0.011468417455854574,-0.00794934605120582,0.020405362634587535,0.01660176508122719,0.019417763507060395,0.003803597553360346,0.01161068053021037,0.0194170932994439,0.0038022909883086015,0.01160969214387625
sub-038,10,1,0.0967532241031982,0.1293660272819779,0.0252454181872235,0.1041206090947544,0.0985804350633476,0.0091945959517055,0.089385839111642,0.0967532241031982,0.78125,32,2,"envelope,onset",data/processed/env_onset/sub-038_mtrf_env_onset.npz,-0.5,0.0,0.05,hamming,1,,l2,1,True,mean,"1.0,1.0",results_env_onset\sub-038\sub-038_backward_mtrf_env_onset.summary.json,results_env_onset\sub-038\sub-038_backward_mtrf_env_onset.trial_results.csv,nh,NH,0,0.13009503295802868,0.025250783469429543,0.09890164835092306,0.009194855070385897,0.10484424948859913,0.08970679328053717,0.09727552138456816,0.1041206090947544,0.08938583911164209,0.09675322410319825
sub-038,11,1,0.0860127179056171,-0.0067151628421266,-0.0711365065137751,0.0644213436716484,0.0422259590819383,-0.0653781330576473,0.1076040921395857,0.0860127179056171,0.78125,32,2,"envelope,onset",data/processed/env_onset/sub-038_mtrf_env_onset.npz,-0.5,0.0,0.05,hamming,1,,l2,1,True,mean,"1.0,1.0",results_env_onset\sub-038\sub-038_backward_mtrf_env_onset.summary.json,results_env_onset\sub-038\sub-038_backward_mtrf_env_onset.trial_results.csv,nh,NH,0,-0.006715263781392518,-0.07125686528383135,0.04225108270523061,-0.06547152126730581,0.06454160150243883,0.10772260397253641,0.08613210273748761,0.06442134367164849,0.10760409213958559,0.08601271790561704
sub-038,12,1,0.1097952878703773,0.1124914405819631,-0.0211634236194306,0.1336548642013938,0.0926342721379379,0.006698560598577,0.0859357115393609,0.1097952878703773,0.78125,32,2,"envelope,onset",data/processed/env_onset/sub-038_mtrf_env_onset.npz,-0.5,0.0,0.05,hamming,1,,l2,1,True,mean,"1.0,1.0",results_env_onset\sub-038\sub-038_backward_mtrf_env_onset.summary.json,results_env_onset\sub-038\sub-038_backward_mtrf_env_onset.trial_results.csv,nh,NH,0,0.11296957721706728,-0.021166584100927772,0.09290061303154717,0.006698660791006921,0.13413616131799505,0.08620195224054025,0.11016905677926765,0.1336548642013937,0.0859357115393609,0.10979528787037729
sub-038,13,1,0.0277195893333561,0.0567153436793628,0.0252692572256929,0.0314460864536698,0.0213175179775474,-0.002675574235495,0.0239930922130424,0.0277195893333561,0.78125,32,2,"envelope,onset",data/processed/env_onset/sub-038_mtrf_env_onset.npz,-0.5,0.0,0.05,hamming,1,,l2,1,True,mean,"1.0,1.0",results_env_onset\sub-038\sub-038_backward_mtrf_env_onset.summary.json,results_env_onset\sub-038\sub-038_backward_mtrf_env_onset.trial_results.csv,nh,NH,0,0.05677627207572555,0.02527463772531968,0.021320748011570065,-0.0026755806200646107,0.03150163435040587,0.023996328631634676,0.027748981491020272,0.03144608645366989,0.023993092213042397,0.027719589333356144
sub-038,14,1,0.0419294683129955,0.074678696967751,0.0264244830824749,0.0482542138852761,0.0569411624816762,0.0213364397409613,0.0356047227407149,0.0419294683129955,0.78125,32,2,"envelope,onset",data/processed/env_onset/sub-038_mtrf_env_onset.npz,-0.5,0.0,0.05,hamming,1,,l2,1,True,mean,"1.0,1.0",results_env_onset\sub-038\sub-038_backward_mtrf_env_onset.summary.json,results_env_onset\sub-038\sub-038_backward_mtrf_env_onset.trial_results.csv,nh,NH,0,0.07481798875821048,0.026430635988011437,0.05700282251240076,0.02133967838527623,0.048387352770199045,0.035663144127124534,0.04202524844866179,0.04825421388527609,0.0356047227407149,0.041929468312995495
sub-038,15,0,-0.0677174767691037,0.0078042658143056,0.0949399098639086,-0.087135644049603,-0.0024205229956872,0.045878786492917,-0.0482993094886043,-0.0677174767691037,0.78125,32,2,"envelope,onset",data/processed/env_onset/sub-038_mtrf_env_onset.npz,-0.5,0.0,0.05,hamming,1,,l2,1,True,mean,"1.0,1.0",results_env_onset\sub-038\sub-038_backward_mtrf_env_onset.summary.json,results_env_onset\sub-038\sub-038_backward_mtrf_env_onset.trial_results.csv,nh,NH,0,0.007804424263770113,0.09522671223604322,-0.0024205277229300184,0.04591101672768086,-0.08742228797227311,-0.04833154445061088,-0.067876916211442,-0.087135644049603,-0.0482993094886042,-0.0677174767691036
sub-038,16,1,0.0562815467432141,0.0621283405218801,0.0153160653980116,0.0468122751238685,0.0679176902930061,0.0021668719304463,0.0657508183625597,0.0562815467432141,0.78125,32,2,"envelope,onset",data/processed/env_onset/sub-038_mtrf_env_onset.npz,-0.5,0.0,0.05,hamming,1,,l2,1,True,mean,"1.0,1.0",results_env_onset\sub-038\sub-038_backward_mtrf_env_onset.summary.json,results_env_onset\sub-038\sub-038_backward_mtrf_env_onset.trial_results.csv,nh,NH,0,0.06220846319423418,0.015317263190303613,0.06802241080691658,0.002166875321851644,0.04689120000393057,0.06585553548506494,0.056373367744497756,0.0468122751238685,0.06575081836255979,0.056281546743214145
sub-038,17,1,0.0969370524553121,0.0548329900920936,-0.0579156664482486,0.1127486565403422,0.0469861053995115,-0.0341393429707705,0.0811254483702821,0.0969370524553121,0.78125,32,2,"envelope,onset",data/processed/env_onset/sub-038_mtrf_env_onset.npz,-0.5,0.0,0.05,hamming,1,,l2,1,True,mean,"1.0,1.0",results_env_onset\sub-038\sub-038_backward_mtrf_env_onset.summary.json,results_env_onset\sub-038\sub-038_backward_mtrf_env_onset.trial_results.csv,nh,NH,0,0.05488804410427158,-0.0579805511286297,0.04702072825566821,-0.0341526153281943,0.11286859523290128,0.08117334358386251,0.0970209694083819,0.1127486565403422,0.081125448370282,0.0969370524553121
sub-038,18,1,0.0973387769378814,0.0518921418804572,-0.0441725369208211,0.0960646788012784,0.0615803829635118,-0.0370324921109726,0.0986128750744844,0.0973387769378814,0.78125,32,2,"envelope,onset",data/processed/env_onset/sub-038_mtrf_env_onset.npz,-0.5,0.0,0.05,hamming,1,,l2,1,True,mean,"1.0,1.0",results_env_onset\sub-038\sub-038_backward_mtrf_env_onset.summary.json,results_env_onset\sub-038\sub-038_backward_mtrf_env_onset.trial_results.csv,nh,NH,0,0.05193879557045847,-0.04420130061248461,0.06165840110520419,-0.03704943490853332,0.09614009618294309,0.0987078360137375,0.0974239660983403,0.09606467880127831,0.09861287507448441,0.09733877693788136
sub-038,19,1,0.1196789425658498,0.0891521879254904,-0.0293476293995654,0.1184998173250558,0.108359837266153,-0.0124982305404907,0.1208580678066437,0.1196789425658498,0.78125,32,2,"envelope,onset",data/processed/env_onset/sub-038_mtrf_env_onset.npz,-0.5,0.0,0.05,hamming,1,,l2,1,True,mean,"1.0,1.0",results_env_onset\sub-038\sub-038_backward_mtrf_env_onset.summary.json,results_env_onset\sub-038\sub-038_backward_mtrf_env_onset.trial_results.csv,nh,NH,0,0.08938951796302279,-0.029356059297847733,0.10878696563767425,-0.01249888136671723,0.11874557726087052,0.12128584700439148,0.120015712132631,0.1184998173250558,0.12085806780664371,0.11967894256584975
sub-038,20,1,0.0307886228351291,0.0043894745111587,0.0055181803413281,-0.0011287058301694,0.0570450684954541,-0.0056608830049735,0.0627059515004276,0.0307886228351291,0.78125,32,2,"envelope,onset",data/processed/env_onset/sub-038_mtrf_env_onset.npz,-0.5,0.0,0.05,hamming,1,,l2,1,True,mean,"1.0,1.0",results_env_onset\sub-038\sub-038_backward_mtrf_env_onset.summary.json,results_env_onset\sub-038\sub-038_backward_mtrf_env_onset.trial_results.csv,nh,NH,0,0.0043895027028648835,0.005518236352459985,0.057107067135243474,-0.0056609434749268555,-0.0011287336495951015,0.06276801061017033,0.030819638480287615,-0.0011287058301693992,0.0627059515004276,0.0307886228351291
sub-038,21,0,-0.0017678394347071,0.0156691399355209,0.0010941023019273,0.0145750376335935,0.0480609541175277,0.0661716706205357,-0.0181107165030079,-0.0017678394347071,0.78125,32,2,"envelope,onset",data/processed/env_onset/sub-038_mtrf_env_onset.npz,-0.5,0.0,0.05,hamming,1,,l2,1,True,mean,"1.0,1.0",results_env_onset\sub-038\sub-038_backward_mtrf_env_onset.summary.json,results_env_onset\sub-038\sub-038_backward_mtrf_env_onset.trial_results.csv,nh,NH,0,0.01567042249704244,0.0010941027384962583,0.048098010104183186,0.06626850690174922,0.01457631975854618,-0.018170496797566035,-0.0017970885195099278,0.014575037633593598,-0.018110716503007995,-0.0017678394347071984
sub-038,22,0,-0.0302205213310798,0.0401737238286579,0.0448161514689052,-0.0046424276402472,-0.0035182452127965,0.0522803698091158,-0.0557986150219123,-0.0302205213310798,0.78125,32,2,"envelope,onset",data/processed/env_onset/sub-038_mtrf_env_onset.npz,-0.5,0.0,0.05,hamming,1,,l2,1,True,mean,"1.0,1.0",results_env_onset\sub-038\sub-038_backward_mtrf_env_onset.summary.json,results_env_onset\sub-038\sub-038_backward_mtrf_env_onset.trial_results.csv,nh,NH,0,0.040195357281833294,0.044846191904391625,-0.0035182597292419673,0.05232807962314906,-0.004650834622558331,-0.05584633935239103,-0.03024858698747468,-0.004642427640247297,-0.0557986150219123,-0.0302205213310798
sub-038,23,1,0.0025959585178466,0.0471249678016229,0.0349180375412714,0.0122069302603515,0.0502769500035272,0.0572919632281853,-0.0070150132246581,0.0025959585178466,0.78125,32,2,"envelope,onset",data/processed/env_onset/sub-038_mtrf_env_onset.npz,-0.5,0.0,0.05,hamming,1,,l2,1,True,mean,"1.0,1.0",results_env_onset\sub-038\sub-038_backward_mtrf_env_onset.summary.json,results_env_onset\sub-038\sub-038_backward_mtrf_env_onset.trial_results.csv,nh,NH,0,0.04715989881272661,0.034932239429872246,0.05031937725380367,0.05735477142612436,0.012227659382854361,-0.007035394172320686,0.0025961326052668376,0.012206930260351495,-0.007015013224658098,0.0025959585178466985
sub-038,24,1,0.087462983074453,0.0935059160642933,0.0306489631781522,0.0628569528861411,0.0853790885128174,-0.0266899247499475,0.112069013262765,0.087462983074453,0.78125,32,2,"envelope,onset",data/processed/env_onset/sub-038_mtrf_env_onset.npz,-0.5,0.0,0.05,hamming,1,,l2,1,True,mean,"1.0,1.0",results_env_onset\sub-038\sub-038_backward_mtrf_env_onset.summary.json,results_env_onset\sub-038\sub-038_backward_mtrf_env_onset.trial_results.csv,nh,NH,0,0.0937798732044296,0.030658565383244667,0.08558746012210501,-0.026696265001227903,0.06312130782118493,0.11228372512333291,0.08770251647225892,0.0628569528861411,0.1120690132627649,0.087462983074453
sub-038,25,1,0.0849320996895503,0.0927057702112421,-0.0131571668823077,0.1058629370935498,0.0747533556528164,0.0107520933672656,0.0640012622855507,0.0849320996895503,0.78125,32,2,"envelope,onset",data/processed/env_onset/sub-038_mtrf_env_onset.npz,-0.5,0.0,0.05,hamming,1,,l2,1,True,mean,"1.0,1.0",results_env_onset\sub-038\sub-038_backward_mtrf_env_onset.summary.json,results_env_onset\sub-038\sub-038_backward_mtrf_env_onset.trial_results.csv,nh,NH,0,0.09297273042983163,-0.013157926178123855,0.07489306656400525,0.010752507736928728,0.10613065660795548,0.06414055882707653,0.08513560771751601,0.1058629370935498,0.06400126228555081,0.0849320996895503
sub-038,26,0,-0.0102167851583468,0.0453633793770895,0.0207611505956392,0.0246022287814503,0.0232388265844778,0.0682746256826219,-0.045035799098144,-0.0102167851583468,0.78125,32,2,"envelope,onset",data/processed/env_onset/sub-038_mtrf_env_onset.npz,-0.5,0.0,0.05,hamming,1,,l2,1,True,mean,"1.0,1.0",results_env_onset\sub-038\sub-038_backward_mtrf_env_onset.summary.json,results_env_onset\sub-038\sub-038_backward_mtrf_env_onset.trial_results.csv,nh,NH,0,0.04539453465485912,0.020764134228190453,0.02324301126285318,0.0683810090515732,0.024630400426668666,-0.04513799778872002,-0.010253798681025677,0.0246022287814503,-0.04503579909814409,-0.010216785158346895
sub-038,27,1,0.0262362425139298,0.0473584777606342,0.0065820456290577,0.0407764321315764,0.025737338015813,0.0140412851195297,0.0116960528962832,0.0262362425139298,0.78125,32,2,"envelope,onset",data/processed/env_onset/sub-038_mtrf_env_onset.npz,-0.5,0.0,0.05,hamming,1,,l2,1,True,mean,"1.0,1.0",results_env_onset\sub-038\sub-038_backward_mtrf_env_onset.summary.json,results_env_onset\sub-038\sub-038_backward_mtrf_env_onset.trial_results.csv,nh,NH,0,0.04739393108143441,0.006582140683561804,0.02574302317042717,0.01404220801114127,0.040811790397872603,0.011700815159285899,0.026256302778579252,0.0407764321315765,0.0116960528962833,0.0262362425139299
sub-038,28,1,0.0323981658370014,0.0841273806973054,0.0636260076147005,0.0205013730826048,0.0656808779780321,0.0213859193866341,0.0442949585913979,0.0323981658370014,0.78125,32,2,"envelope,onset",data/processed/env_onset/sub-038_mtrf_env_onset.npz,-0.5,0.0,0.05,hamming,1,,l2,1,True,mean,"1.0,1.0",results_env_onset\sub-038\sub-038_backward_mtrf_env_onset.summary.json,results_env_onset\sub-038\sub-038_backward_mtrf_env_onset.trial_results.csv,nh,NH,0,0.08432669592835203,0.06371207516114819,0.06577557181841771,0.021389180618827934,0.020614620767203842,0.04438639119958978,0.03250050598339681,0.0205013730826049,0.044294958591397995,0.03239816583700145
sub-038,29,0,-0.0217920467931663,0.1103471750394334,0.1031259153484435,0.0072212596909898,0.0480941723862632,0.0988995256635859,-0.0508053532773226,-0.0217920467931663,0.78125,32,2,"envelope,onset",data/processed/env_onset/sub-038_mtrf_env_onset.npz,-0.5,0.0,0.05,hamming,1,,l2,1,True,mean,"1.0,1.0",results_env_onset\sub-038\sub-038_backward_mtrf_env_onset.summary.json,results_env_onset\sub-038\sub-038_backward_mtrf_env_onset.trial_results.csv,nh,NH,0,0.11079835670010117,0.10349384577452285,0.04813130533324854,0.09922388058413886,0.0073045109255783225,-0.051092575250890324,-0.021894032162656,0.007221259690989912,-0.0508053532773227,-0.021792046793166393
sub-038,30,0,-0.0023276930189497,0.0139241264425339,0.0078375927950914,0.0060865336474425,0.016174666752824,0.0269165864381661,-0.010741919685342,-0.0023276930189497,0.78125,32,2,"envelope,onset",data/processed/env_onset/sub-038_mtrf_env_onset.npz,-0.5,0.0,0.05,hamming,1,,l2,1,True,mean,"1.0,1.0",results_env_onset\sub-038\sub-038_backward_mtrf_env_onset.summary.json,results_env_onset\sub-038\sub-038_backward_mtrf_env_onset.trial_results.csv,nh,NH,0,0.013925026423128824,0.007837753283192972,0.016176077512214133,0.02692308964453548,0.006087273139935852,-0.010747012132321349,-0.0023298694961927484,0.0060865336474425005,-0.010741919685342102,-0.0023276930189498005
sub-038,31,1,0.1861531644967908,0.1188693650851021,-0.0509350042304489,0.1698043693155511,0.1431431232289682,-0.0593588364490623,0.2025019596780305,0.1861531644967908,0.78125,32,2,"envelope,onset",data/processed/env_onset/sub-038_mtrf_env_onset.npz,-0.5,0.0,0.05,hamming,1,,l2,1,True,mean,"1.0,1.0",results_env_onset\sub-038\sub-038_backward_mtrf_env_onset.summary.json,results_env_onset\sub-038\sub-038_backward_mtrf_env_onset.trial_results.csv,nh,NH,0,0.11943403186765769,-0.050979121085586956,0.14413298670635555,-0.059428700596042036,0.17041315295324466,0.2035616873023976,0.18698742012782113,0.16980436931555098,0.20250195967803047,0.18615316449679073
sub-039,0,1,0.0789796261036679,0.0976491214161054,0.0005558755479594,0.097093245868146,0.1063682183589058,0.045502212019716,0.0608660063391898,0.0789796261036679,0.96875,32,2,"envelope,onset",data/processed/env_onset/sub-039_mtrf_env_onset.npz,-0.5,0.0,0.05,hamming,1,,l2,1,True,mean,"1.0,1.0",results_env_onset\sub-039\sub-039_backward_mtrf_env_onset.summary.json,results_env_onset\sub-039\sub-039_backward_mtrf_env_onset.trial_results.csv,nh,NH,0,0.09796128218908273,0.000555875605214152,0.10677212084802472,0.0455336544603166,0.09740540658386858,0.06123846638770812,0.07932193648578835,0.09709324586814601,0.060866006339189795,0.0789796261036679
sub-039,1,0,-0.0057638541622964,0.0275933385837391,0.022991916309929,0.00460142227381,0.0421542677397355,0.0582833983381384,-0.0161291305984029,-0.0057638541622964,0.96875,32,2,"envelope,onset",data/processed/env_onset/sub-039_mtrf_env_onset.npz,-0.5,0.0,0.05,hamming,1,,l2,1,True,mean,"1.0,1.0",results_env_onset\sub-039\sub-039_backward_mtrf_env_onset.summary.json,results_env_onset\sub-039\sub-039_backward_mtrf_env_onset.trial_results.csv,nh,NH,0,0.027600344903576844,0.022995968987319853,0.042179263524447855,0.058349528526479115,0.004604375916256991,-0.01617026500203126,-0.0057829445428871345,0.0046014222738101004,-0.016129130598402902,-0.005763854162296401
sub-039,2,1,0.0253197067008317,0.0615576701537444,0.041502340850983,0.0200553293027614,0.0772594969583001,0.0466754128593981,0.0305840840989019,0.0253197067008317,0.96875,32,2,"envelope,onset",data/processed/env_onset/sub-039_mtrf_env_onset.npz,-0.5,0.0,0.05,hamming,1,,l2,1,True,mean,"1.0,1.0",results_env_onset\sub-039\sub-039_backward_mtrf_env_onset.summary.json,results_env_onset\sub-039\sub-039_backward_mtrf_env_onset.trial_results.csv,nh,NH,0,0.06163560186934574,0.041526193997360836,0.07741377127219776,0.046709352829352874,0.020109407871984904,0.030704418442844883,0.025406913157414893,0.020055329302761403,0.030584084098902002,0.025319706700831703
sub-039,3,1,0.1598588277286114,0.0935756939774511,-0.0927799081199976,0.1863556020974487,0.1066636057342653,-0.0266984476255088,0.1333620533597741,0.1598588277286114,0.96875,32,2,"envelope,onset",data/processed/env_onset/sub-039_mtrf_env_onset.npz,-0.5,0.0,0.05,hamming,1,,l2,1,True,mean,"1.0,1.0",results_env_onset\sub-039\sub-039_backward_mtrf_env_onset.summary.json,results_env_onset\sub-039\sub-039_backward_mtrf_env_onset.trial_results.csv,nh,NH,0,0.0938502670555219,-0.09304751154853956,0.10707089804401868,-0.02670479395434706,0.18689777860406145,0.13377569199836573,0.1603367353012136,0.1863556020974487,0.1333620533597741,0.1598588277286114
sub-039,4,1,0.0577648572036518,0.0594612821035127,-0.0142105097286895,0.0736717918322023,0.0740385851429751,0.0321806625678737,0.0418579225751013,0.0577648572036518,0.96875,32,2,"envelope,onset",data/processed/env_onset/sub-039_mtrf_env_onset.npz,-0.5,0.0,0.05,hamming,1,,l2,1,True,mean,"1.0,1.0",results_env_onset\sub-039\sub-039_backward_mtrf_env_onset.summary.json,results_env_onset\sub-039\sub-039_backward_mtrf_env_onset.trial_results.csv,nh,NH,0,0.05953150911893436,-0.014211466394688711,0.07417431792134903,0.03219177818700816,0.07374297551362308,0.041982539734340865,0.05786275762398197,0.07367179183220221,0.041857922575101396,0.05776485720365181
sub-039,5,1,0.0769463432437809,0.0604926674877056,-0.0115141941129277,0.0720068616006333,0.0715191106977901,-0.0103667141891384,0.0818858248869285,0.0769463432437809,0.96875,32,2,"envelope,onset",data/processed/env_onset/sub-039_mtrf_env_onset.npz,-0.5,0.0,0.05,hamming,1,,l2,1,True,mean,"1.0,1.0",results_env_onset\sub-039\sub-039_backward_mtrf_env_onset.summary.json,results_env_onset\sub-039\sub-039_backward_mtrf_env_onset.trial_results.csv,nh,NH,0,0.06056661812916496,-0.011514702991230207,0.07164142598530157,-0.010367085579070085,0.07208132112039517,0.08200851156437165,0.07704491634238342,0.0720068616006333,0.0818858248869285,0.0769463432437809
sub-039,6,1,0.0938832058815977,0.1440715513544868,0.029500635734842,0.1145709156196447,0.1255100505289571,0.0523145543854063,0.0731954961435508,0.0938832058815977,0.96875,32,2,"envelope,onset",data/processed/env_onset/sub-039_mtrf_env_onset.npz,-0.5,0.0,0.05,hamming,1,,l2,1,True,mean,"1.0,1.0",results_env_onset\sub-039\sub-039_backward_mtrf_env_onset.summary.json,results_env_onset\sub-039\sub-039_backward_mtrf_env_onset.trial_results.csv,nh,NH,0,0.14508096512852667,0.02950919821797367,0.1261753943175884,0.05236235795151226,0.115571766910553,0.07381303636607614,0.09469240163831458,0.11457091561964479,0.07319549614355081,0.09388320588159779
sub-039,7,1,0.1580734589307912,0.0678662790148536,-0.1094762225213285,0.1773425015361821,0.1364484600998644,-0.0023559562255358,0.1388044163254002,0.1580734589307912,0.96875,32,2,"envelope,onset",data/processed/env_onset/sub-039_mtrf_env_onset.npz,-0.5,0.0,0.05,hamming,1,,l2,1,True,mean,"1.0,1.0",results_env_onset\sub-039\sub-039_backward_mtrf_env_onset.summary.json,results_env_onset\sub-039\sub-039_backward_mtrf_env_onset.trial_results.csv,nh,NH,0,0.06797076146030456,-0.10991675384841566,0.1373048547925944,-0.002355960584485346,0.1778875153087202,0.13966081537707975,0.15877416534289998,0.1773425015361821,0.1388044163254002,0.15807345893079117
sub-039,8,1,0.1293377469939686,0.1669203624083802,0.0081903653118515,0.1587299970965286,0.1589123453255612,0.0589668484341525,0.0999454968914086,0.1293377469939686,0.96875,32,2,"envelope,onset",data/processed/env_onset/sub-039_mtrf_env_onset.npz,-0.5,0.0,0.05,hamming,1,,l2,1,True,mean,"1.0,1.0",results_env_onset\sub-039\sub-039_backward_mtrf_env_onset.summary.json,results_env_onset\sub-039\sub-039_backward_mtrf_env_onset.trial_results.csv,nh,NH,0,0.16849707385714552,0.008190548461480977,0.16027066482103838,0.05903533570373641,0.16030652539566453,0.10123532911730197,0.13077092725648326,0.1587299970965287,0.09994549689140869,0.12933774699396872
sub-039,9,1,0.2398155216318599,0.2318482756497681,-0.0711533064568709,0.3030015821066391,0.1878273937714087,0.011197932614328,0.1766294611570807,0.2398155216318599,0.96875,32,2,"envelope,onset",data/processed/env_onset/sub-039_mtrf_env_onset.npz,-0.5,0.0,0.05,hamming,1,,l2,1,True,mean,"1.0,1.0",results_env_onset\sub-039\sub-039_backward_mtrf_env_onset.summary.json,results_env_onset\sub-039\sub-039_backward_mtrf_env_onset.trial_results.csv,nh,NH,0,0.2361418561222183,-0.07127375069408157,0.19008415555474412,0.011198400699593812,0.30741560681629987,0.1788857548551503,0.24315068083572508,0.30300158210663897,0.1766294611570807,0.23981552163185982
sub-039,10,1,0.0460905141400907,0.0649175547092561,0.0228406373056837,0.0420769174035723,0.0614214689510134,0.0113173580744044,0.050104110876609,0.0460905141400907,0.96875,32,2,"envelope,onset",data/processed/env_onset/sub-039_mtrf_env_onset.npz,-0.5,0.0,0.05,hamming,1,,l2,1,True,mean,"1.0,1.0",results_env_onset\sub-039\sub-039_backward_mtrf_env_onset.summary.json,results_env_onset\sub-039\sub-039_backward_mtrf_env_onset.trial_results.csv,nh,NH,0,0.06500897977276295,0.022844610496004364,0.061498883739641075,0.011317841297066042,0.04216436927675858,0.050181042442575034,0.046172705859666804,0.0420769174035724,0.050104110876609,0.0460905141400907
sub-039,11,1,0.0720419863460281,0.1248598202953112,0.0361257071950791,0.0887341131002321,0.1327848434882179,0.0774349838963937,0.0553498595918241,0.0720419863460281,0.96875,32,2,"envelope,onset",data/processed/env_onset/sub-039_mtrf_env_onset.npz,-0.5,0.0,0.05,hamming,1,,l2,1,True,mean,"1.0,1.0",results_env_onset\sub-039\sub-039_backward_mtrf_env_onset.summary.json,results_env_onset\sub-039\sub-039_backward_mtrf_env_onset.trial_results.csv,nh,NH,0,0.12551481189496913,0.03614143499848661,0.13357361755039887,0.07759031439687654,0.08937337689648252,0.05598330315352233,0.07267834002500242,0.0887341131002321,0.0553498595918242,0.07204198634602815
sub-039,12,1,0.0144536842135059,0.0308114603063502,0.034695651625451,-0.0038841913191007,0.0903886872438158,0.057597127497703,0.0327915597461127,0.0144536842135059,0.96875,32,2,"envelope,onset",data/processed/env_onset/sub-039_mtrf_env_onset.npz,-0.5,0.0,0.05,hamming,1,,l2,1,True,mean,"1.0,1.0",results_env_onset\sub-039\sub-039_backward_mtrf_env_onset.summary.json,results_env_onset\sub-039\sub-039_backward_mtrf_env_onset.trial_results.csv,nh,NH,0,0.03082121611035143,0.03470958376213008,0.09063606301718229,0.05766094603623359,-0.003888367651778652,0.032975116980948696,0.014543374664585022,-0.0038841913191007965,0.032791559746112794,0.014453684213505999
sub-039,13,1,0.1480875376979881,0.157667081970427,-0.0356562134576078,0.1933232954280348,0.0533782473593089,-0.0494735326086325,0.1028517799679414,0.1480875376979881,0.96875,32,2,"envelope,onset",data/processed/env_onset/sub-039_mtrf_env_onset.npz,-0.5,0.0,0.05,hamming,1,,l2,1,True,mean,"1.0,1.0",results_env_onset\sub-039\sub-039_backward_mtrf_env_onset.summary.json,results_env_onset\sub-039\sub-039_backward_mtrf_env_onset.trial_results.csv,nh,NH,0,0.15899339856885578,-0.035671335688723105,0.053429029966943264,-0.04951395629855563,0.19466473425757888,0.10294298626549889,0.14880386026153888,0.1933232954280348,0.1028517799679414,0.1480875376979881
sub-039,14,1,0.0951597291351356,0.1340245139335407,0.0045750774638034,0.1294494364697373,0.1106762656156227,0.0498062438150888,0.0608700218005338,0.0951597291351356,0.96875,32,2,"envelope,onset",data/processed/env_onset/sub-039_mtrf_env_onset.npz,-0.5,0.0,0.05,hamming,1,,l2,1,True,mean,"1.0,1.0",results_env_onset\sub-039\sub-039_backward_mtrf_env_onset.summary.json,results_env_onset\sub-039\sub-039_backward_mtrf_env_onset.trial_results.csv,nh,NH,0,0.13483575010011073,0.004575109385028812,0.11113151610202601,0.0498474893731391,0.13026064071508192,0.061284026728886914,0.09577233372198442,0.1294494364697373,0.0608700218005339,0.0951597291351356
sub-039,15,1,0.0483310130417024,0.0634723956109312,0.0086046877982865,0.0548677078126446,0.1085246533147577,0.0667303350439974,0.0417943182707602,0.0483310130417024,0.96875,32,2,"envelope,onset",data/processed/env_onset/sub-039_mtrf_env_onset.npz,-0.5,0.0,0.05,hamming,1,,l2,1,True,mean,"1.0,1.0",results_env_onset\sub-039\sub-039_backward_mtrf_env_onset.summary.json,results_env_onset\sub-039\sub-039_backward_mtrf_env_onset.trial_results.csv,nh,NH,0,0.06355784027934232,0.008604900173286458,0.10895374294115981,0.0668296491961702,0.05495294010605586,0.04212409374498961,0.04853851692552273,0.054867707812644696,0.0417943182707603,0.048331013041702495
sub-039,16,1,0.2352699932216272,0.1069687074241683,-0.1278372141959984,0.2348059216201667,0.1440547651364279,-0.0916792996866597,0.2357340648230876,0.2352699932216272,0.96875,32,2,"envelope,onset",data/processed/env_onset/sub-039_mtrf_env_onset.npz,-0.5,0.0,0.05,hamming,1,,l2,1,True,mean,"1.0,1.0",results_env_onset\sub-039\sub-039_backward_mtrf_env_onset.summary.json,results_env_onset\sub-039\sub-039_backward_mtrf_env_onset.trial_results.csv,nh,NH,0,0.10737952102941975,-0.1285405102668045,0.14506382314236854,-0.09193746057286979,0.23592003129622424,0.23700128371523832,0.23646065750573128,0.23480592162016667,0.2357340648230876,0.23526999322162712
sub-039,17,1,0.0887587457067536,0.1330808655642802,0.0214055864679961,0.1116752790962841,0.1315164044993234,0.0656741921821003,0.0658422123172231,0.0887587457067536,0.96875,32,2,"envelope,onset",data/processed/env_onset/sub-039_mtrf_env_onset.npz,-0.5,0.0,0.05,hamming,1,,l2,1,True,mean,"1.0,1.0",results_env_onset\sub-039\sub-039_backward_mtrf_env_onset.summary.json,results_env_onset\sub-039\sub-039_backward_mtrf_env_onset.trial_results.csv,nh,NH,0,0.1338749647790348,0.021408856707475863,0.13228263289450976,0.065768857058108,0.11246610807155893,0.06651377583640175,0.08948994195398034,0.1116752790962841,0.06584221231722309,0.0887587457067536
sub-039,18,1,0.1045868432651548,0.1164204350002084,0.0416708514119062,0.0747495835883022,0.2070161407805643,0.0725920378385568,0.1344241029420074,0.1045868432651548,0.96875,32,2,"envelope,onset",data/processed/env_onset/sub-039_mtrf_env_onset.npz,-0.5,0.0,0.05,hamming,1,,l2,1,True,mean,"1.0,1.0",results_env_onset\sub-039\sub-039_backward_mtrf_env_onset.summary.json,results_env_onset\sub-039\sub-039_backward_mtrf_env_onset.trial_results.csv,nh,NH,0,0.11695073078413229,0.0416949964933151,0.21005186314882646,0.07271995294993008,0.0752557342908172,0.13733191019889637,0.10629382224485678,0.07474958358830221,0.1344241029420075,0.10458684326515486
sub-039,19,1,0.0764996016031156,0.1128627212820052,0.0136708422496938,0.0991918790323113,0.0929903704820683,0.0391830463081483,0.0538073241739199,0.0764996016031156,0.96875,32,2,"envelope,onset",data/processed/env_onset/sub-039_mtrf_env_onset.npz,-0.5,0.0,0.05,hamming,1,,l2,1,True,mean,"1.0,1.0",results_env_onset\sub-039\sub-039_backward_mtrf_env_onset.summary.json,results_env_onset\sub-039\sub-039_backward_mtrf_env_onset.trial_results.csv,nh,NH,0,0.11334563236464941,0.013671694001894845,0.0932598055092206,0.039203117522941755,0.09967393836275457,0.05405668798627884,0.0768653131745167,0.0991918790323114,0.05380732417392001,0.0764996016031157
sub-039,20,1,0.0474237363592137,0.0493603602399952,0.0633176004833401,-0.0139572402433448,0.1525215234677165,0.0437168105059442,0.1088047129617722,0.0474237363592137,0.96875,32,2,"envelope,onset",data/processed/env_onset/sub-039_mtrf_env_onset.npz,-0.5,0.0,0.05,hamming,1,,l2,1,True,mean,"1.0,1.0",results_env_onset\sub-039\sub-039_backward_mtrf_env_onset.summary.json,results_env_onset\sub-039\sub-039_backward_mtrf_env_onset.trial_results.csv,nh,NH,0,0.049400506882397145,0.06340242053100296,0.15372100382322534,0.04374469241787584,-0.01400191364860582,0.1099763114053495,0.04798719887837184,-0.013957240243344902,0.1088047129617723,0.047423736359213695
sub-039,21,1,0.1688574544466465,0.0247306657396831,-0.167636699978973,0.1923673657186561,0.0772073696796298,-0.068140173495007,0.1453475431746368,0.1688574544466465,0.96875,32,2,"envelope,onset",data/processed/env_onset/sub-039_mtrf_env_onset.npz,-0.5,0.0,0.05,hamming,1,,l2,1,True,mean,"1.0,1.0",results_env_onset\sub-039\sub-039_backward_mtrf_env_onset.summary.json,results_env_onset\sub-039\sub-039_backward_mtrf_env_onset.trial_results.csv,nh,NH,0,0.024735709397082306,-0.16923403313628288,0.07736133118824554,-0.06824592843503939,0.19396974253336519,0.1456072596232849,0.16978850107832505,0.1923673657186561,0.1453475431746368,0.16885745444664646
sub-039,22,1,0.0337948370303437,0.1246010393589094,0.0707909488597812,0.0538100904991282,0.1058577095121685,0.0920781259506092,0.0137795835615593,0.0337948370303437,0.96875,32,2,"envelope,onset",data/processed/env_onset/sub-039_mtrf_env_onset.npz,-0.5,0.0,0.05,hamming,1,,l2,1,True,mean,"1.0,1.0",results_env_onset\sub-039\sub-039_backward_mtrf_env_onset.summary.json,results_env_onset\sub-039\sub-039_backward_mtrf_env_onset.trial_results.csv,nh,NH,0,0.12525194130038278,0.0709095586419341,0.10625579821681265,0.09233968227643029,0.05434238265844868,0.013916115940382362,0.03412924929941552,0.0538100904991282,0.013779583561559297,0.03379483703034375
sub-039,23,1,0.176287156239113,0.1532964531908416,-0.0542862068567194,0.2075826600475611,0.130284310266603,-0.0147073421640619,0.144991652430665,0.176287156239113,0.96875,32,2,"envelope,onset",data/processed/env_onset/sub-039_mtrf_env_onset.npz,-0.5,0.0,0.05,hamming,1,,l2,1,True,mean,"1.0,1.0",results_env_onset\sub-039\sub-039_backward_mtrf_env_onset.summary.json,results_env_onset\sub-039\sub-039_backward_mtrf_env_onset.trial_results.csv,nh,NH,0,0.154514486125506,-0.05433962835861745,0.13102905861780728,-0.014708402730070125,0.20885411448412344,0.1457374613478774,0.17729578791600042,0.20758266004756099,0.1449916524306649,0.17628715623911295
sub-039,24,1,0.0575861532810186,0.0827915391691155,0.0100962405240764,0.0726952986450391,0.0742770212651347,0.0318000133481365,0.0424770079169982,0.0575861532810186,0.96875,32,2,"envelope,onset",data/processed/env_onset/sub-039_mtrf_env_onset.npz,-0.5,0.0,0.05,hamming,1,,l2,1,True,mean,"1.0,1.0",results_env_onset\sub-039\sub-039_backward_mtrf_env_onset.summary.json,results_env_onset\sub-039\sub-039_backward_mtrf_env_onset.trial_results.csv,nh,NH,0,0.08298148414679445,0.010096583595364297,0.0744140725464059,0.031810739014126115,0.07288490055143015,0.04260333353227979,0.057744117041854975,0.0726952986450391,0.042477007916998204,0.057586153281018654
sub-039,25,1,0.1412506334194579,0.1289818827305979,-0.0407119000806596,0.1696937828112576,0.1208269605747108,0.0080194765470524,0.1128074840276583,0.1412506334194579,0.96875,32,2,"envelope,onset",data/processed/env_onset/sub-039_mtrf_env_onset.npz,-0.5,0.0,0.05,hamming,1,,l2,1,True,mean,"1.0,1.0",results_env_onset\sub-039\sub-039_backward_mtrf_env_onset.summary.json,results_env_onset\sub-039\sub-039_backward_mtrf_env_onset.trial_results.csv,nh,NH,0,0.12970436983149417,-0.04073441524147096,0.12142015588393996,0.008019648469889297,0.17043878507296512,0.11340050741405067,0.1419196462435079,0.16969378281125752,0.1128074840276584,0.14125063341945795
sub-039,26,1,0.0872599985950733,0.1418298160764402,0.005896133200055,0.1359336828763852,0.0732870283131854,0.034700713999424,0.0385863143137614,0.0872599985950733,0.96875,32,2,"envelope,onset",data/processed/env_onset/sub-039_mtrf_env_onset.npz,-0.5,0.0,0.05,hamming,1,,l2,1,True,mean,"1.0,1.0",results_env_onset\sub-039\sub-039_backward_mtrf_env_onset.summary.json,results_env_onset\sub-039\sub-039_backward_mtrf_env_onset.trial_results.csv,nh,NH,0,0.14279246351514122,0.005896201526631764,0.07341866070113338,0.034714652238365465,0.13689626198850946,0.03870400846276792,0.08780013522563869,0.13593368287638521,0.038586314313761395,0.0872599985950733
sub-039,27,1,0.1576058694655734,0.0878651407614023,-0.0599646902323935,0.1478298309937959,0.15252630048505,-0.0148556074523008,0.1673819079373509,0.1576058694655734,0.96875,32,2,"envelope,onset",data/processed/env_onset/sub-039_mtrf_env_onset.npz,-0.5,0.0,0.05,hamming,1,,l2,1,True,mean,"1.0,1.0",results_env_onset\sub-039\sub-039_backward_mtrf_env_onset.summary.json,results_env_onset\sub-039\sub-039_backward_mtrf_env_onset.trial_results.csv,nh,NH,0,0.08809230855635275,-0.0600367186543271,0.15372589461777164,-0.01485670042043952,0.14812902721067986,0.16858259503821116,0.15835581112444552,0.1478298309937958,0.1673819079373508,0.1576058694655733
sub-039,28,1,0.0727063177153688,0.0771676151512377,0.0167985325902998,0.0603690825609379,0.1270157650455464,0.0419722121757466,0.0850435528697997,0.0727063177153688,0.96875,32,2,"envelope,onset",data/processed/env_onset/sub-039_mtrf_env_onset.npz,-0.5,0.0,0.05,hamming,1,,l2,1,True,mean,"1.0,1.0",results_env_onset\sub-039\sub-039_backward_mtrf_env_onset.summary.json,results_env_onset\sub-039\sub-039_backward_mtrf_env_onset.trial_results.csv,nh,NH,0,0.07732133838637442,0.01680011298776697,0.12770550262108668,0.04199688527516875,0.06052122539860745,0.08570861734591793,0.07311492137226269,0.0603690825609379,0.08504355286979981,0.07270631771536885
sub-039,29,1,0.1668920470742601,0.1811272233441292,0.0354925324714682,0.1456346908726609,0.2181700664458986,0.0300206631700393,0.1881494032758593,0.1668920470742601,0.96875,32,2,"envelope,onset",data/processed/env_onset/sub-039_mtrf_env_onset.npz,-0.5,0.0,0.05,hamming,1,,l2,1,True,mean,"1.0,1.0",results_env_onset\sub-039\sub-039_backward_mtrf_env_onset.summary.json,results_env_onset\sub-039\sub-039_backward_mtrf_env_onset.trial_results.csv,nh,NH,0,0.18314790178411972,0.03550744729555227,0.2217339127631569,0.0300296866596061,0.14764045448856744,0.1917042261035508,0.16967234029605913,0.145634690872661,0.1881494032758593,0.16689204707426014
sub-039,30,1,0.0243137495148731,0.1060991993454346,0.0478085191314071,0.0582906802140275,0.0681614420920262,0.0778246232763073,-0.0096631811842811,0.0243137495148731,0.96875,32,2,"envelope,onset",data/processed/env_onset/sub-039_mtrf_env_onset.npz,-0.5,0.0,0.05,hamming,1,,l2,1,True,mean,"1.0,1.0",results_env_onset\sub-039\sub-039_backward_mtrf_env_onset.summary.json,results_env_onset\sub-039\sub-039_backward_mtrf_env_onset.trial_results.csv,nh,NH,0,0.10650003113695042,0.047844993751170926,0.06826729627569196,0.07798231613582012,0.05865503738577949,-0.009715019860128155,0.02447000876282567,0.0582906802140275,-0.009663181184281111,0.024313749514873195
sub-039,31,1,0.0029868106673973,0.0755132590805819,0.0218507131171927,0.0536625459633892,0.0779853635568163,0.1256742881854108,-0.0476889246285944,0.0029868106673973,0.96875,32,2,"envelope,onset",data/processed/env_onset/sub-039_mtrf_env_onset.npz,-0.5,0.0,0.05,hamming,1,,l2,1,True,mean,"1.0,1.0",results_env_onset\sub-039\sub-039_backward_mtrf_env_onset.summary.json,results_env_onset\sub-039\sub-039_backward_mtrf_env_onset.trial_results.csv,nh,NH,0,0.07565728404768036,0.021854191681436673,0.07814403793669893,0.12634226407673266,0.05380309236624369,-0.04819822614003373,0.0028024331131049803,0.0536625459633892,-0.04768892462859449,0.0029868106673973556
sub-040,0,1,0.0532735133874072,0.1151251187675741,0.075104061455272,0.0400210573123021,0.0926201541800939,0.0260941847175815,0.0665259694625124,0.0532735133874072,0.9375,32,2,"envelope,onset",data/processed/env_onset/sub-040_mtrf_env_onset.npz,-0.5,0.0,0.05,hamming,1,,l2,1,True,mean,"1.0,1.0",results_env_onset\sub-040\sub-040_backward_mtrf_env_onset.summary.json,results_env_onset\sub-040\sub-040_backward_mtrf_env_onset.trial_results.csv,nh,NH,0,0.1156378169326337,0.07524575245858378,0.09288637289618072,0.026100109704841286,0.040392064474049916,0.06678626319133943,0.05358916383269467,0.0400210573123021,0.0665259694625124,0.05327351338740725
sub-040,1,1,0.1109358670561329,0.0912967593850378,-0.0238393948205694,0.1151361542056073,0.0936241658269269,-0.0131114140797315,0.1067355799066584,0.1109358670561329,0.9375,32,2,"envelope,onset",data/processed/env_onset/sub-040_mtrf_env_onset.npz,-0.5,0.0,0.05,hamming,1,,l2,1,True,mean,"1.0,1.0",results_env_onset\sub-040\sub-040_backward_mtrf_env_onset.summary.json,results_env_onset\sub-040\sub-040_backward_mtrf_env_onset.trial_results.csv,nh,NH,0,0.09155169135505971,-0.023843912470235387,0.09389916731760603,-0.013112165481380797,0.1153956038252951,0.10701133279898682,0.11120346831214095,0.1151361542056072,0.1067355799066584,0.1109358670561328
sub-040,2,1,0.0716186053115905,0.0931669895580748,0.0007059592146517,0.092461030343423,0.0912575751533326,0.0404813948735746,0.0507761802797579,0.0716186053115905,0.9375,32,2,"envelope,onset",data/processed/env_onset/sub-040_mtrf_env_onset.npz,-0.5,0.0,0.05,hamming,1,,l2,1,True,mean,"1.0,1.0",results_env_onset\sub-040\sub-040_backward_mtrf_env_onset.summary.json,results_env_onset\sub-040\sub-040_backward_mtrf_env_onset.trial_results.csv,nh,NH,0,0.09343796812257006,0.0007059593319300127,0.09151217791629399,0.04050352951340844,0.09273200879064004,0.05100864840288555,0.07187032859676279,0.0924610303434231,0.050776180279758006,0.07161860531159055
sub-040,3,1,0.0432876044845076,0.0951205354152115,0.0148163736823468,0.0803041617328646,0.0686638435754664,0.0623927963393159,0.0062710472361505,0.0432876044845076,0.9375,32,2,"envelope,onset",data/processed/env_onset/sub-040_mtrf_env_onset.npz,-0.5,0.0,0.05,hamming,1,,l2,1,True,mean,"1.0,1.0",results_env_onset\sub-040\sub-040_backward_mtrf_env_onset.summary.json,results_env_onset\sub-040\sub-040_backward_mtrf_env_onset.trial_results.csv,nh,NH,0,0.09540898383587317,0.014817458012966965,0.06877206021139799,0.062473948133319766,0.0805915258229062,0.006298112078078226,0.04344481895049221,0.0803041617328647,0.006271047236150497,0.043287604484507594
sub-040,4,0,-0.0267384261502245,0.0454666269291271,0.0792746838825865,-0.0338080569534593,0.0563105350604132,0.075979330407403,-0.0196687953469897,-0.0267384261502245,0.9375,32,2,"envelope,onset",data/processed/env_onset/sub-040_mtrf_env_onset.npz,-0.5,0.0,0.05,hamming,1,,l2,1,True,mean,"1.0,1.0",results_env_onset\sub-040\sub-040_backward_mtrf_env_onset.summary.json,results_env_onset\sub-040\sub-040_backward_mtrf_env_onset.trial_results.csv,nh,NH,0,0.04549799559751266,0.07944137949518505,0.056370166466673845,0.07612604489911515,-0.033943383897672395,-0.019755878432441303,-0.02684963116505685,-0.033808056953459405,-0.0196687953469898,-0.026738426150224603
sub-040,5,1,0.116823217953885,0.1395245447704375,-0.0390882658974677,0.1786128106679052,0.1236601867058946,0.0686265614660299,0.0550336252398647,0.116823217953885,0.9375,32,2,"envelope,onset",data/processed/env_onset/sub-040_mtrf_env_onset.npz,-0.5,0.0,0.05,hamming,1,,l2,1,True,mean,"1.0,1.0",results_env_onset\sub-040\sub-040_backward_mtrf_env_onset.summary.json,results_env_onset\sub-040\sub-040_backward_mtrf_env_onset.trial_results.csv,nh,NH,0,0.14044064850190732,-0.039108191723875814,0.12429636465661975,0.0687346015908,0.17954884022578313,0.05556176306581975,0.11755530164580144,0.1786128106679052,0.0550336252398647,0.11682321795388495
sub-040,6,1,0.1353867557296799,0.062309557698948,-0.0439463389998514,0.1062558966987994,0.0552944648287228,-0.1092231499318375,0.1645176147605603,0.1353867557296799,0.9375,32,2,"envelope,onset",data/processed/env_onset/sub-040_mtrf_env_onset.npz,-0.5,0.0,0.05,hamming,1,,l2,1,True,mean,"1.0,1.0",results_env_onset\sub-040\sub-040_backward_mtrf_env_onset.summary.json,results_env_onset\sub-040\sub-040_backward_mtrf_env_onset.trial_results.csv,nh,NH,0,0.062390384625621416,-0.04397466273336779,0.0553509223024302,-0.10966061855717346,0.1063650473589892,0.16501154085960368,0.13568829410929645,0.1062558966987994,0.16451761476056032,0.13538675572967984
sub-040,7,1,0.0829002746704694,0.0792664132984446,-0.0188844406443365,0.0981508539427811,0.0958142973517184,0.0281646019535608,0.0676496953981576,0.0829002746704694,0.9375,32,2,"envelope,onset",data/processed/env_onset/sub-040_mtrf_env_onset.npz,-0.5,0.0,0.05,hamming,1,,l2,1,True,mean,"1.0,1.0",results_env_onset\sub-040\sub-040_backward_mtrf_env_onset.summary.json,results_env_onset\sub-040\sub-040_backward_mtrf_env_onset.trial_results.csv,nh,NH,0,0.07943305661154146,-0.018886685994417833,0.09610912692492637,0.02817205264139203,0.0983197426059593,0.06793707428353435,0.08312840844474682,0.0981508539427811,0.0676496953981576,0.08290027467046934
sub-040,8,1,0.1022657677257083,0.1163108664669802,0.0033276139702438,0.1129832524967364,0.1223547969177209,0.0308065139630406,0.0915482829546803,0.1022657677257083,0.9375,32,2,"envelope,onset",data/processed/env_onset/sub-040_mtrf_env_onset.npz,-0.5,0.0,0.05,hamming,1,,l2,1,True,mean,"1.0,1.0",results_env_onset\sub-040\sub-040_backward_mtrf_env_onset.summary.json,results_env_onset\sub-040\sub-040_backward_mtrf_env_onset.trial_results.csv,nh,NH,0,0.11683965822113547,0.00332762625256491,0.12297091956705071,0.03081626506754323,0.11351203196857056,0.09215465449950748,0.10283334323403902,0.11298325249673641,0.0915482829546803,0.10226576772570836
sub-040,9,1,0.0137021916325542,0.0365082940180929,0.0206785082381599,0.0158297857799329,0.0790784247261295,0.0675038272409539,0.0115745974851755,0.0137021916325542,0.9375,32,2,"envelope,onset",data/processed/env_onset/sub-040_mtrf_env_onset.npz,-0.5,0.0,0.05,hamming,1,,l2,1,True,mean,"1.0,1.0",results_env_onset\sub-040\sub-040_backward_mtrf_env_onset.summary.json,results_env_onset\sub-040\sub-040_backward_mtrf_env_onset.trial_results.csv,nh,NH,0,0.03652452709576347,0.02068145637612529,0.07924388224226595,0.06760664155203777,0.015843070719638176,0.011637240690228173,0.013740155704933175,0.015829785779933,0.0115745974851756,0.0137021916325543
sub-040,10,1,0.0153508126932253,0.0080614581371931,0.0142451064176183,-0.0061836482804251,0.0715407931851081,0.0346555195182323,0.0368852736668757,0.0153508126932253,0.9375,32,2,"envelope,onset",data/processed/env_onset/sub-040_mtrf_env_onset.npz,-0.5,0.0,0.05,hamming,1,,l2,1,True,mean,"1.0,1.0",results_env_onset\sub-040\sub-040_backward_mtrf_env_onset.summary.json,results_env_onset\sub-040\sub-040_backward_mtrf_env_onset.trial_results.csv,nh,NH,0,0.00806163277428429,0.014246070088464777,0.07166321998234786,0.034669403342120236,-0.006184437314180486,0.03699381664022762,0.015404689663023566,-0.0061836482804252,0.0368852736668758,0.0153508126932253
sub-040,11,1,0.009675955427466,0.0260567187347547,0.0103271774109814,0.0157295413237733,0.0793318179489442,0.0757094484177855,0.0036223695311587,0.009675955427466,0.9375,32,2,"envelope,onset",data/processed/env_onset/sub-040_mtrf_env_onset.npz,-0.5,0.0,0.05,hamming,1,,l2,1,True,mean,"1.0,1.0",results_env_onset\sub-040\sub-040_backward_mtrf_env_onset.summary.json,results_env_onset\sub-040\sub-040_backward_mtrf_env_onset.trial_results.csv,nh,NH,0,0.02606261823046255,0.01032754456767543,0.07949887515206722,0.07585460146435967,0.01573507366278712,0.003644273687707547,0.009689673675247333,0.0157295413237733,0.0036223695311587006,0.009675955427466
sub-040,12,1,0.1142091445816,0.0839307776826127,0.0036007176061615,0.0803300600764512,0.1468307436128341,-0.0012574854739148,0.1480882290867489,0.1142091445816,0.9375,32,2,"envelope,onset",data/processed/env_onset/sub-040_mtrf_env_onset.npz,-0.5,0.0,0.05,hamming,1,,l2,1,True,mean,"1.0,1.0",results_env_onset\sub-040\sub-040_backward_mtrf_env_onset.summary.json,results_env_onset\sub-040\sub-040_backward_mtrf_env_onset.trial_results.csv,nh,NH,0,0.08412869484993121,0.0036007331675845843,0.14789979458821392,-0.0012574861367233288,0.08052796168234663,0.14915728072493725,0.11484262120364194,0.0803300600764512,0.1480882290867489,0.11420914458160006
sub-040,13,1,0.0418258904461864,0.0453101800148752,0.0231508533334922,0.0221593266813829,0.0822764283411573,0.0207839741301674,0.0614924542109899,0.0418258904461864,0.9375,32,2,"envelope,onset",data/processed/env_onset/sub-040_mtrf_env_onset.npz,-0.5,0.0,0.05,hamming,1,,l2,1,True,mean,"1.0,1.0",results_env_onset\sub-040\sub-040_backward_mtrf_env_onset.summary.json,results_env_onset\sub-040\sub-040_backward_mtrf_env_onset.trial_results.csv,nh,NH,0,0.04534122572019009,0.02315499065667169,0.08246284037910943,0.020786967615311285,0.022186235063518397,0.06167587276379815,0.04193105391365827,0.022159326681382995,0.061492454210989894,0.041825890446186446
sub-040,14,0,-0.0225349210318537,0.0320976697587285,0.0656346380988137,-0.0335369683400851,0.0920854518286444,0.1036183255522667,-0.0115328737236222,-0.0225349210318537,0.9375,32,2,"envelope,onset",data/processed/env_onset/sub-040_mtrf_env_onset.npz,-0.5,0.0,0.05,hamming,1,,l2,1,True,mean,"1.0,1.0",results_env_onset\sub-040\sub-040_backward_mtrf_env_onset.summary.json,results_env_onset\sub-040\sub-040_backward_mtrf_env_onset.trial_results.csv,nh,NH,0,0.03210869956374494,0.06572913173873852,0.09234707080218804,0.10399157461736021,-0.03362043217499359,-0.011644503815172166,-0.022632467995082877,-0.0335369683400852,-0.0115328737236223,-0.02253492103185375
sub-040,15,1,0.1640177250876202,0.1257184820738024,-0.0289449584485006,0.154663440522303,0.1695509396451626,-0.0038210700077747,0.1733720096529373,0.1640177250876202,0.9375,32,2,"envelope,onset",data/processed/env_onset/sub-040_mtrf_env_onset.npz,-0.5,0.0,0.05,hamming,1,,l2,1,True,mean,"1.0,1.0",results_env_onset\sub-040\sub-040_backward_mtrf_env_onset.summary.json,results_env_onset\sub-040\sub-040_backward_mtrf_env_onset.trial_results.csv,nh,NH,0,0.1263871674191381,-0.028953045978905228,0.1712042753963544,-0.0038210886045453034,0.15534021339804333,0.1750253640008997,0.1651827886994715,0.154663440522303,0.1733720096529373,0.16401772508762014
sub-040,16,1,0.0988946827740768,0.1064683120363262,0.0183115414787045,0.0881567705576217,0.0960360987974239,-0.013596496193108,0.1096325949905319,0.0988946827740768,0.9375,32,2,"envelope,onset",data/processed/env_onset/sub-040_mtrf_env_onset.npz,-0.5,0.0,0.05,hamming,1,,l2,1,True,mean,"1.0,1.0",results_env_onset\sub-040\sub-040_backward_mtrf_env_onset.summary.json,results_env_onset\sub-040\sub-040_backward_mtrf_env_onset.trial_results.csv,nh,NH,0,0.10687336105540939,0.018313588587136956,0.09633298826384604,-0.013597334123488377,0.08855977246827243,0.10993032238733441,0.09924504742780342,0.0881567705576217,0.1096325949905319,0.0988946827740768
sub-040,17,1,0.0805425971475516,0.0834258840935903,-0.0116217963580013,0.0950476804515917,0.062953998030591,-0.0030835158129204,0.0660375138435114,0.0805425971475516,0.9375,32,2,"envelope,onset",data/processed/env_onset/sub-040_mtrf_env_onset.npz,-0.5,0.0,0.05,hamming,1,,l2,1,True,mean,"1.0,1.0",results_env_onset\sub-040\sub-040_backward_mtrf_env_onset.summary.json,results_env_onset\sub-040\sub-040_backward_mtrf_env_onset.trial_results.csv,nh,NH,0,0.083620241024051,-0.011622319637507358,0.0630373629073332,-0.003083525585737313,0.09524256066155835,0.0661208884930705,0.08068172457731443,0.09504768045159159,0.0660375138435114,0.08054259714755149
sub-040,18,1,0.1353895100861443,0.1043302059964021,-0.0479639671265919,0.1522941731229941,0.1182050837693801,-0.0002797632799144,0.1184848470492946,0.1353895100861443,0.9375,32,2,"envelope,onset",data/processed/env_onset/sub-040_mtrf_env_onset.npz,-0.5,0.0,0.05,hamming,1,,l2,1,True,mean,"1.0,1.0",results_env_onset\sub-040\sub-040_backward_mtrf_env_onset.summary.json,results_env_onset\sub-040\sub-040_backward_mtrf_env_onset.trial_results.csv,nh,NH,0,0.10471123508921622,-0.04800079902253747,0.11876028363982778,-0.0002797632872131905,0.1527120341117537,0.11904004692704097,0.13587604051939733,0.15229417312299398,0.1184848470492945,0.13538951008614425
sub-040,19,1,0.0792252584468336,0.1285768841673364,0.0135757699239597,0.1150011142433767,0.087795602975279,0.0443462003249884,0.0434494026502905,0.0792252584468336,0.9375,32,2,"envelope,onset",data/processed/env_onset/sub-040_mtrf_env_onset.npz,-0.5,0.0,0.05,hamming,1,,l2,1,True,mean,"1.0,1.0",results_env_onset\sub-040\sub-040_backward_mtrf_env_onset.summary.json,results_env_onset\sub-040\sub-040_backward_mtrf_env_onset.trial_results.csv,nh,NH,0,0.12929254144692043,0.013576604027915865,0.08802223017334457,0.044375304872595445,0.11571593741900456,0.04364692530074912,0.07968143135987685,0.1150011142433767,0.0434494026502906,0.07922525844683365
sub-040,20,1,0.1674815060362268,0.1866597906292829,-0.00256512673004,0.1892249173593229,0.1666070323267452,0.0208689376136144,0.1457380947131308,0.1674815060362268,0.9375,32,2,"envelope,onset",data/processed/env_onset/sub-040_mtrf_env_onset.npz,-0.5,0.0,0.05,hamming,1,,l2,1,True,mean,"1.0,1.0",results_env_onset\sub-040\sub-040_backward_mtrf_env_onset.summary.json,results_env_onset\sub-040\sub-040_backward_mtrf_env_onset.trial_results.csv,nh,NH,0,0.1888741285099635,-0.0025651323561334126,0.16817478075938022,0.020871967966969485,0.19143926086609692,0.14730281279241073,0.1693710368292538,0.1892249173593229,0.14573809471313082,0.16748150603622686
sub-040,21,1,0.039902937607489,0.1227591933028664,0.0709657034459945,0.0517934898568718,0.0794698337280727,0.0514574483699665,0.0280123853581061,0.039902937607489,0.9375,32,2,"envelope,onset",data/processed/env_onset/sub-040_mtrf_env_onset.npz,-0.5,0.0,0.05,hamming,1,,l2,1,True,mean,"1.0,1.0",results_env_onset\sub-040\sub-040_backward_mtrf_env_onset.summary.json,results_env_onset\sub-040\sub-040_backward_mtrf_env_onset.trial_results.csv,nh,NH,0,0.1233814827055864,0.07108519558242068,0.07963776657114331,0.0515029381898446,0.05229628712316571,0.02813482838129871,0.040215557752232206,0.051793489856871905,0.028012385358106205,0.03990293760748906
sub-040,22,1,0.1034603345745347,0.1143008077867738,-0.0390202427355744,0.1533210505223483,0.090032799485892,0.0364331808591709,0.0535996186267211,0.1034603345745347,0.9375,32,2,"envelope,onset",data/processed/env_onset/sub-040_mtrf_env_onset.npz,-0.5,0.0,0.05,hamming,1,,l2,1,True,mean,"1.0,1.0",results_env_onset\sub-040\sub-040_backward_mtrf_env_onset.summary.json,results_env_onset\sub-040\sub-040_backward_mtrf_env_onset.trial_results.csv,nh,NH,0,0.11480251409860694,-0.03904006465217685,0.09027725528584488,0.03644931389462224,0.15384257875078378,0.053827941391222635,0.1038352600710032,0.1533210505223482,0.05359961862672111,0.10346033457453466
sub-040,23,1,0.0559982248303174,0.1223778234341382,0.0304030927113383,0.0919747307227999,0.1288220333474668,0.1088003144096319,0.0200217189378349,0.0559982248303174,0.9375,32,2,"envelope,onset",data/processed/env_onset/sub-040_mtrf_env_onset.npz,-0.5,0.0,0.05,hamming,1,,l2,1,True,mean,"1.0,1.0",results_env_onset\sub-040\sub-040_backward_mtrf_env_onset.summary.json,results_env_onset\sub-040\sub-040_backward_mtrf_env_onset.trial_results.csv,nh,NH,0,0.12299429611249647,0.030412465589953155,0.1295418195590278,0.10923269780734209,0.09258183052254332,0.020309121751685713,0.056445476137114516,0.0919747307227999,0.0200217189378349,0.0559982248303174
sub-040,24,1,0.1618240049066094,0.0789496558556859,-0.040717172489002,0.1196668283446879,0.1231633504642506,-0.0808178310042802,0.2039811814685308,0.1618240049066094,0.9375,32,2,"envelope,onset",data/processed/env_onset/sub-040_mtrf_env_onset.npz,-0.5,0.0,0.05,hamming,1,,l2,1,True,mean,"1.0,1.0",results_env_onset\sub-040\sub-040_backward_mtrf_env_onset.summary.json,results_env_onset\sub-040\sub-040_backward_mtrf_env_onset.trial_results.csv,nh,NH,0,0.07911430438877855,-0.04073969640425678,0.12379184432489033,-0.08099447826324807,0.11985400079303532,0.2047863225881384,0.16232016169058686,0.1196668283446879,0.20398118146853078,0.16182400490660934
sub-040,25,1,0.0485442939771857,0.0966599979679716,0.0587102546431425,0.0379497433248291,0.1683369559759363,0.1091981113463939,0.0591388446295424,0.0485442939771857,0.9375,32,2,"envelope,onset",data/processed/env_onset/sub-040_mtrf_env_onset.npz,-0.5,0.0,0.05,hamming,1,,l2,1,True,mean,"1.0,1.0",results_env_onset\sub-040\sub-040_backward_mtrf_env_onset.summary.json,results_env_onset\sub-040\sub-040_backward_mtrf_env_onset.trial_results.csv,nh,NH,0,0.09696273334544192,0.05877785050393156,0.1699546239316553,0.10963527773268164,0.03818488284151036,0.06031934619897367,0.049252114520242016,0.0379497433248291,0.059138844629542386,0.048544293977185744
sub-040,26,1,0.1374059408417896,0.0768320185668057,-0.0442455569175119,0.1210775754843176,0.1232613082472837,-0.0304729979519778,0.1537343061992616,0.1374059408417896,0.9375,32,2,"envelope,onset",data/processed/env_onset/sub-040_mtrf_env_onset.npz,-0.5,0.0,0.05,hamming,1,,l2,1,True,mean,"1.0,1.0",results_env_onset\sub-040\sub-040_backward_mtrf_env_onset.summary.json,results_env_onset\sub-040\sub-040_backward_mtrf_env_onset.trial_results.csv,nh,NH,0,0.07698374018850468,-0.044274463601868666,0.12389131215682701,-0.03048243565611056,0.12125820379037335,0.15437374781293758,0.13781597580165547,0.1210775754843176,0.15373430619926148,0.13740594084178953
sub-040,27,1,0.0765525085462315,0.1630963211730369,0.0871366619991118,0.075959659173925,0.1578903818639025,0.0807450239453645,0.0771453579185379,0.0765525085462315,0.9375,32,2,"envelope,onset",data/processed/env_onset/sub-040_mtrf_env_onset.npz,-0.5,0.0,0.05,hamming,1,,l2,1,True,mean,"1.0,1.0",results_env_onset\sub-040\sub-040_backward_mtrf_env_onset.summary.json,results_env_onset\sub-040\sub-040_backward_mtrf_env_onset.trial_results.csv,nh,NH,0,0.16456599279127818,0.08735820919657408,0.1592223992353397,0.0809211929709357,0.0772077835947041,0.07830120626440401,0.07775449492955405,0.07595965917392511,0.07714535791853801,0.07655250854623155
sub-040,28,1,0.0859265919177388,0.1103716755226592,0.0313441348293258,0.0790275406933334,0.1510697817830437,0.0582441386408994,0.0928256431421443,0.0859265919177388,0.9375,32,2,"envelope,onset",data/processed/env_onset/sub-040_mtrf_env_onset.npz,-0.5,0.0,0.05,hamming,1,,l2,1,True,mean,"1.0,1.0",results_env_onset\sub-040\sub-040_backward_mtrf_env_onset.summary.json,results_env_onset\sub-040\sub-040_backward_mtrf_env_onset.trial_results.csv,nh,NH,0,0.11082315925871834,0.03135440561613781,0.15223502197791597,0.05831013510168691,0.07946875364258053,0.09392488687622906,0.0866968202594048,0.0790275406933334,0.09282564314214431,0.08592659191773885
sub-040,29,1,0.1818729071065901,0.1940591573222637,-0.0323471315434179,0.2264062888656817,0.1317790595367966,-0.0055604658107018,0.1373395253474984,0.1818729071065901,0.9375,32,2,"envelope,onset",data/processed/env_onset/sub-040_mtrf_env_onset.npz,-0.5,0.0,0.05,hamming,1,,l2,1,True,mean,"1.0,1.0",results_env_onset\sub-040\sub-040_backward_mtrf_env_onset.summary.json,results_env_onset\sub-040\sub-040_backward_mtrf_env_onset.trial_results.csv,nh,NH,0,0.19655174729485747,-0.03235842063089942,0.13254992032559948,-0.005560523119371377,0.22891016792575689,0.13811044344497087,0.18351030568536386,0.2264062888656816,0.1373395253474984,0.18187290710659
sub-040,30,1,0.0916576626452119,0.1410724710468542,0.0397938683592081,0.1012786026876461,0.1623849546013283,0.0803482319985506,0.0820367226027777,0.0916576626452119,0.9375,32,2,"envelope,onset",data/processed/env_onset/sub-040_mtrf_env_onset.npz,-0.5,0.0,0.05,hamming,1,,l2,1,True,mean,"1.0,1.0",results_env_onset\sub-040\sub-040_backward_mtrf_env_onset.summary.json,results_env_onset\sub-040\sub-040_backward_mtrf_env_onset.trial_results.csv,nh,NH,0,0.14201965577919162,0.03981489355892274,0.1638352734375566,0.08052180991763551,0.10220476222026889,0.0833134635199211,0.092759112870095,0.1012786026876461,0.0820367226027777,0.0916576626452119
sub-040,31,1,0.0631731288635246,0.0889882678828932,-0.0077776347188766,0.0967659026017698,0.0878395337871364,0.058259178661857,0.0295803551252794,0.0631731288635246,0.9375,32,2,"envelope,onset",data/processed/env_onset/sub-040_mtrf_env_onset.npz,-0.5,0.0,0.05,hamming,1,,l2,1,True,mean,"1.0,1.0",results_env_onset\sub-040\sub-040_backward_mtrf_env_onset.summary.json,results_env_onset\sub-040\sub-040_backward_mtrf_env_onset.trial_results.csv,nh,NH,0,0.08922428705976418,-0.007777791551763055,0.08806650240938727,0.058325226331045386,0.09700207861152724,0.02974127607834188,0.06337167734493455,0.0967659026017698,0.029580355125279394,0.0631731288635246
sub-041,0,1,0.1375246417423364,0.1214333813685201,0.0052608330495188,0.1161725483190013,0.1635929753204865,0.0047162401548149,0.1588767351656715,0.1375246417423364,1.0,32,2,"envelope,onset",data/processed/env_onset/sub-041_mtrf_env_onset.npz,-0.5,0.0,0.05,hamming,1,,l2,1,True,mean,"1.0,1.0",results_env_onset\sub-041\sub-041_backward_mtrf_env_onset.summary.json,results_env_onset\sub-041\sub-041_backward_mtrf_env_onset.trial_results.csv,hi,HI,1,0.12203560691425054,0.005260881583902221,0.16507626167641506,0.0047162751229342815,0.11677472533034831,0.16035998655348077,0.13856735594191455,0.1161725483190013,0.1588767351656716,0.13752464174233645
sub-041,1,1,0.1990069260444307,0.2134501304850297,0.0531160026483648,0.1603341278366648,0.2335973450484138,-0.0040823792037827,0.2376797242521965,0.1990069260444307,1.0,32,2,"envelope,onset",data/processed/env_onset/sub-041_mtrf_env_onset.npz,-0.5,0.0,0.05,hamming,1,,l2,1,True,mean,"1.0,1.0",results_env_onset\sub-041\sub-041_backward_mtrf_env_onset.summary.json,results_env_onset\sub-041\sub-041_backward_mtrf_env_onset.trial_results.csv,hi,HI,1,0.21678340067275537,0.05316603960940119,0.2379910798863633,-0.004082401882741757,0.16361736106335417,0.24207348176910506,0.20284542141622963,0.1603341278366649,0.23767972425219652,0.1990069260444307
sub-041,2,1,0.0673090800723125,0.071450519520312,-0.0246202601867786,0.0960707797070906,0.0663420402987366,0.0277946598612021,0.0385473804375344,0.0673090800723125,1.0,32,2,"envelope,onset",data/processed/env_onset/sub-041_mtrf_env_onset.npz,-0.5,0.0,0.05,hamming,1,,l2,1,True,mean,"1.0,1.0",results_env_onset\sub-041\sub-041_backward_mtrf_env_onset.summary.json,results_env_onset\sub-041\sub-041_backward_mtrf_env_onset.trial_results.csv,hi,HI,1,0.07157248250115979,-0.02462523657954493,0.06643962779611719,0.0278018207051182,0.09619771908070472,0.03863780709099898,0.06741776308585185,0.0960707797070906,0.0385473804375345,0.06730908007231255
sub-041,3,1,0.143375689948149,0.1590901029907529,0.0179900812004742,0.1411000217902787,0.1483740873320362,0.0027227292260168,0.1456513581060193,0.143375689948149,1.0,32,2,"envelope,onset",data/processed/env_onset/sub-041_mtrf_env_onset.npz,-0.5,0.0,0.05,hamming,1,,l2,1,True,mean,"1.0,1.0",results_env_onset\sub-041\sub-041_backward_mtrf_env_onset.summary.json,results_env_onset\sub-041\sub-041_backward_mtrf_env_onset.trial_results.csv,hi,HI,1,0.16045303300788477,0.017992022365514372,0.1494775115362541,0.0027227359541415657,0.1424610106423704,0.14675477558211253,0.14460789311224148,0.1411000217902787,0.1456513581060194,0.14337568994814903
sub-041,4,1,0.1122093785952055,0.150023363262078,0.0410122022871388,0.1090111609749391,0.1543045184832981,0.0388969222678263,0.1154075962154718,0.1122093785952055,1.0,32,2,"envelope,onset",data/processed/env_onset/sub-041_mtrf_env_onset.npz,-0.5,0.0,0.05,hamming,1,,l2,1,True,mean,"1.0,1.0",results_env_onset\sub-041\sub-041_backward_mtrf_env_onset.summary.json,results_env_onset\sub-041\sub-041_backward_mtrf_env_onset.trial_results.csv,hi,HI,1,0.1511643370575345,0.04103521970561353,0.15554697460495678,0.03891655672750635,0.11012911735192096,0.11663041787745043,0.1133797676146857,0.10901116097493918,0.1154075962154718,0.1122093785952055
sub-041,5,1,0.0688426140145506,0.2072409266684827,0.1265859707606995,0.0806549559077831,0.1441424338207571,0.0871121616994389,0.0570302721213181,0.0688426140145506,1.0,32,2,"envelope,onset",data/processed/env_onset/sub-041_mtrf_env_onset.npz,-0.5,0.0,0.05,hamming,1,,l2,1,True,mean,"1.0,1.0",results_env_onset\sub-041\sub-041_backward_mtrf_env_onset.summary.json,results_env_onset\sub-041\sub-041_backward_mtrf_env_onset.trial_results.csv,hi,HI,1,0.21028672514099597,0.1272686849739654,0.1451533508157516,0.08733352150091847,0.08301804016703057,0.05781982931483312,0.07041893474093185,0.08065495590778321,0.057030272121318185,0.06884261401455069
sub-041,6,1,0.0563070761635359,0.0604407168840329,0.0481637077198896,0.0122770091641433,0.100019343695777,-0.0003177994671515,0.1003371431629286,0.0563070761635359,1.0,32,2,"envelope,onset",data/processed/env_onset/sub-041_mtrf_env_onset.npz,-0.5,0.0,0.05,hamming,1,,l2,1,True,mean,"1.0,1.0",results_env_onset\sub-041\sub-041_backward_mtrf_env_onset.summary.json,results_env_onset\sub-041\sub-041_backward_mtrf_env_onset.trial_results.csv,hi,HI,1,0.060514476885577685,0.04820100211216446,0.10035488685589918,-0.00031779947785037874,0.012313474773413227,0.10067268633374955,0.05649308055358139,0.012277009164143302,0.10033714316292851,0.056307076163535905
sub-041,7,1,0.1517961242595672,0.1517519427798637,-0.0033216175936984,0.1550735603735621,0.1220261442638189,-0.0264925438817534,0.1485186881455723,0.1517961242595672,1.0,32,2,"envelope,onset",data/processed/env_onset/sub-041_mtrf_env_onset.npz,-0.5,0.0,0.05,hamming,1,,l2,1,True,mean,"1.0,1.0",results_env_onset\sub-041\sub-041_backward_mtrf_env_onset.summary.json,results_env_onset\sub-041\sub-041_backward_mtrf_env_onset.trial_results.csv,hi,HI,1,0.15293318864928693,-0.003321629809740389,0.12263728558407637,-0.026498744466856863,0.1562548184590273,0.14913603005093323,0.15269542425498028,0.1550735603735621,0.1485186881455723,0.15179612425956718
sub-041,8,1,0.1129361033052237,0.1990792104124585,0.0647253038026354,0.1343539066098231,0.1738662202668985,0.0823479202662741,0.0915183000006243,0.1129361033052237,1.0,32,2,"envelope,onset",data/processed/env_onset/sub-041_mtrf_env_onset.npz,-0.5,0.0,0.05,hamming,1,,l2,1,True,mean,"1.0,1.0",results_env_onset\sub-041\sub-041_backward_mtrf_env_onset.summary.json,results_env_onset\sub-041\sub-041_backward_mtrf_env_onset.trial_results.csv,hi,HI,1,0.20177358190044897,0.06481591765371032,0.17565066023992135,0.08253481998726779,0.13695766424673866,0.09311584025265356,0.11503675224969612,0.1343539066098231,0.09151830000062439,0.11293610330522375
sub-041,9,1,0.1413419938165984,0.1488094354453037,0.0511183130435488,0.0976911224017549,0.1782364746758116,-0.0067563905556302,0.1849928652314418,0.1413419938165984,1.0,32,2,"envelope,onset",data/processed/env_onset/sub-041_mtrf_env_onset.npz,-0.5,0.0,0.05,hamming,1,,l2,1,True,mean,"1.0,1.0",results_env_onset\sub-041\sub-041_backward_mtrf_env_onset.summary.json,results_env_onset\sub-041\sub-041_backward_mtrf_env_onset.trial_results.csv,hi,HI,1,0.14992268895719635,0.051162908429971274,0.18016070749712015,-0.006756493365516546,0.09875978052722507,0.1869172008626367,0.14283849069493088,0.0976911224017549,0.18499286523144182,0.14134199381659834
sub-041,10,1,0.147958392688693,0.1550702836329823,0.0047485291055381,0.1503217545274442,0.2041362824013505,0.0585412515514087,0.1455950308499418,0.147958392688693,1.0,32,2,"envelope,onset",data/processed/env_onset/sub-041_mtrf_env_onset.npz,-0.5,0.0,0.05,hamming,1,,l2,1,True,mean,"1.0,1.0",results_env_onset\sub-041\sub-041_backward_mtrf_env_onset.summary.json,results_env_onset\sub-041\sub-041_backward_mtrf_env_onset.trial_results.csv,hi,HI,1,0.15633151236697482,0.004748564796802525,0.20704492434341848,0.05860826454843331,0.1515829475701723,0.14843665979498516,0.1500098036825787,0.1503217545274442,0.1455950308499418,0.14795839268869299
sub-041,11,1,0.0819091165559304,0.0273825598979929,-0.0270586799371226,0.0544412398351155,0.0736638699511298,-0.0357131233256155,0.1093769932767453,0.0819091165559304,1.0,32,2,"envelope,onset",data/processed/env_onset/sub-041_mtrf_env_onset.npz,-0.5,0.0,0.05,hamming,1,,l2,1,True,mean,"1.0,1.0",results_env_onset\sub-041\sub-041_backward_mtrf_env_onset.summary.json,results_env_onset\sub-041\sub-041_backward_mtrf_env_onset.trial_results.csv,hi,HI,1,0.02738940683491027,-0.027065286710454415,0.073797547819427,-0.035728318117918496,0.05445469354536468,0.1095258659373455,0.08199027974135509,0.0544412398351155,0.1093769932767453,0.0819091165559304
sub-041,12,1,0.1831132864185142,0.1789690523688143,-0.0267003241168821,0.2056693764856965,0.110292289048453,-0.0502649073028789,0.1605571963513319,0.1831132864185142,1.0,32,2,"envelope,onset",data/processed/env_onset/sub-041_mtrf_env_onset.npz,-0.5,0.0,0.05,hamming,1,,l2,1,True,mean,"1.0,1.0",results_env_onset\sub-041\sub-041_backward_mtrf_env_onset.summary.json,results_env_onset\sub-041\sub-041_backward_mtrf_env_onset.trial_results.csv,hi,HI,1,0.18091742367787372,-0.026706671784345,0.11074279449240901,-0.05030730404214198,0.20762409546221872,0.161050098534551,0.18433709699838485,0.2056693764856964,0.1605571963513319,0.18311328641851415
sub-041,13,1,0.1427286158146535,0.1958633395720808,0.0616236025341565,0.1342397370379243,0.1669386686020831,0.0157211740107003,0.1512174945913827,0.1427286158146535,1.0,32,2,"envelope,onset",data/processed/env_onset/sub-041_mtrf_env_onset.npz,-0.5,0.0,0.05,hamming,1,,l2,1,True,mean,"1.0,1.0",results_env_onset\sub-041\sub-041_backward_mtrf_env_onset.summary.json,results_env_onset\sub-041\sub-041_backward_mtrf_env_onset.trial_results.csv,hi,HI,1,0.1984272165093438,0.061701785310476986,0.16851590478332854,0.015722469393359462,0.13672543119886682,0.15279343538996906,0.14475943329441793,0.1342397370379243,0.15121749459138278,0.14272861581465354
sub-041,14,1,0.1343480374429304,0.1199458516114167,0.0213782286436997,0.098567622967717,0.1042155469516622,-0.0659129049664815,0.1701284519181438,0.1343480374429304,1.0,32,2,"envelope,onset",data/processed/env_onset/sub-041_mtrf_env_onset.npz,-0.5,0.0,0.05,hamming,1,,l2,1,True,mean,"1.0,1.0",results_env_onset\sub-041\sub-041_backward_mtrf_env_onset.summary.json,results_env_onset\sub-041\sub-041_backward_mtrf_env_onset.trial_results.csv,hi,HI,1,0.12052608925295118,0.021381486358130676,0.10459531567190473,-0.06600860767396381,0.0991446028948205,0.17060392334586855,0.1348742631203445,0.098567622967717,0.17012845191814369,0.13434803744293033
sub-041,15,1,0.0595454364375308,0.0645129592119424,0.018342923879137,0.0461700353328053,0.0913359856027933,0.018415148060537,0.0729208375422562,0.0595454364375308,1.0,32,2,"envelope,onset",data/processed/env_onset/sub-041_mtrf_env_onset.npz,-0.5,0.0,0.05,hamming,1,,l2,1,True,mean,"1.0,1.0",results_env_onset\sub-041\sub-041_backward_mtrf_env_onset.summary.json,results_env_onset\sub-041\sub-041_backward_mtrf_env_onset.trial_results.csv,hi,HI,1,0.06460268267135338,0.0183449815320685,0.09159124741816825,0.018417230118274973,0.04625770113928489,0.07317401729989328,0.059715859219589086,0.046170035332805406,0.0729208375422563,0.05954543643753085
sub-041,16,1,0.0543714785977016,0.1079690739465605,0.0187688820532981,0.0892001918932624,0.0824344604601284,0.0628916951579876,0.0195427653021408,0.0543714785977016,1.0,32,2,"envelope,onset",data/processed/env_onset/sub-041_mtrf_env_onset.npz,-0.5,0.0,0.05,hamming,1,,l2,1,True,mean,"1.0,1.0",results_env_onset\sub-041\sub-041_backward_mtrf_env_onset.summary.json,results_env_onset\sub-041\sub-041_backward_mtrf_env_onset.trial_results.csv,hi,HI,1,0.108391576437308,0.018771086429773595,0.08262195165781591,0.06297481237936568,0.0896204900075344,0.01964713927845023,0.054633814642992315,0.08920019189326239,0.019542765302140788,0.05437147859770159
sub-041,17,1,0.0417702067888119,0.0882864273169211,0.0897473423152994,-0.0014609149983782,0.1208833978656364,0.0358820692896342,0.0850013285760021,0.0417702067888119,1.0,32,2,"envelope,onset",data/processed/env_onset/sub-041_mtrf_env_onset.npz,-0.5,0.0,0.05,hamming,1,,l2,1,True,mean,"1.0,1.0",results_env_onset\sub-041\sub-041_backward_mtrf_env_onset.summary.json,results_env_onset\sub-041\sub-041_backward_mtrf_env_onset.trial_results.csv,hi,HI,1,0.0885168887327183,0.08998947276576527,0.12147742971498858,0.03589748085896439,-0.001472584033046967,0.08557994885602418,0.04205368241148861,-0.0014609149983783043,0.0850013285760022,0.04177020678881195
sub-041,18,1,0.0585570176766165,0.1385348222496651,0.0684714321482353,0.0700633901014297,0.0943380981740365,0.0472874529222332,0.0470506452518032,0.0585570176766165,1.0,32,2,"envelope,onset",data/processed/env_onset/sub-041_mtrf_env_onset.npz,-0.5,0.0,0.05,hamming,1,,l2,1,True,mean,"1.0,1.0",results_env_onset\sub-041\sub-041_backward_mtrf_env_onset.summary.json,results_env_onset\sub-041\sub-041_backward_mtrf_env_onset.trial_results.csv,hi,HI,1,0.1394314182250036,0.0685787398839875,0.09461946166247179,0.04732274682849912,0.0708526783410161,0.047296714833972665,0.05907469658749438,0.0700633901014298,0.0470506452518033,0.05855701767661655
sub-041,19,1,0.1225699828809035,0.1579883151853404,0.0597998171790588,0.0981884980062816,0.1755737683522216,0.0286223005966961,0.1469514677555254,0.1225699828809035,1.0,32,2,"envelope,onset",data/processed/env_onset/sub-041_mtrf_env_onset.npz,-0.5,0.0,0.05,hamming,1,,l2,1,True,mean,"1.0,1.0",results_env_onset\sub-041\sub-041_backward_mtrf_env_onset.summary.json,results_env_onset\sub-041\sub-041_backward_mtrf_env_onset.trial_results.csv,hi,HI,1,0.15932283798519123,0.059871252257255286,0.1774119766476705,0.02863012058146075,0.09945158572793594,0.14878185606620975,0.12411672089707285,0.0981884980062816,0.1469514677555255,0.12256998288090355
sub-041,20,1,0.0793229598355615,0.1410005382747448,0.0474266057856807,0.093573932489064,0.1239592408241577,0.0588872536420986,0.065071987182059,0.0793229598355615,1.0,32,2,"envelope,onset",data/processed/env_onset/sub-041_mtrf_env_onset.npz,-0.5,0.0,0.05,hamming,1,,l2,1,True,mean,"1.0,1.0",results_env_onset\sub-041\sub-041_backward_mtrf_env_onset.summary.json,results_env_onset\sub-041\sub-041_backward_mtrf_env_onset.trial_results.csv,hi,HI,1,0.14194626313220857,0.04746221247012654,0.12460007429533172,0.05895546356383329,0.09448405066208203,0.06564461073149844,0.08006433069679023,0.0935739324890641,0.0650719871820591,0.07932295983556159
sub-041,21,1,0.0995831492082693,0.0957964170475574,0.0037594523123684,0.092036964735189,0.1005101814897845,-0.006619152191565,0.1071293336813495,0.0995831492082693,1.0,32,2,"envelope,onset",data/processed/env_onset/sub-041_mtrf_env_onset.npz,-0.5,0.0,0.05,hamming,1,,l2,1,True,mean,"1.0,1.0",results_env_onset\sub-041\sub-041_backward_mtrf_env_onset.summary.json,results_env_onset\sub-041\sub-041_backward_mtrf_env_onset.trial_results.csv,hi,HI,1,0.09609108098308361,0.0037594700239020683,0.10085070917323616,-0.006619248862799025,0.09233161095918155,0.10746995803603518,0.09990078449760836,0.09203696473518899,0.1071293336813495,0.09958314920826924
sub-041,22,1,0.0513599812067421,0.1607098403687256,0.1279182889128696,0.0327915514558559,0.1531333786001687,0.0832049676425404,0.0699284109576282,0.0513599812067421,1.0,32,2,"envelope,onset",data/processed/env_onset/sub-041_mtrf_env_onset.npz,-0.5,0.0,0.05,hamming,1,,l2,1,True,mean,"1.0,1.0",results_env_onset\sub-041\sub-041_backward_mtrf_env_onset.summary.json,results_env_onset\sub-041\sub-041_backward_mtrf_env_onset.trial_results.csv,hi,HI,1,0.16211527088707633,0.1286229328165473,0.15434749136405576,0.08339778037029973,0.03349233807052904,0.07094971099375603,0.052221024532142536,0.032791551455855994,0.0699284109576283,0.05135998120674215
sub-041,23,1,0.0720464549831293,0.0908908387632142,0.0304117279248259,0.0604791108383882,0.1255296016283748,0.0419158025005043,0.0836137991278704,0.0720464549831293,1.0,32,2,"envelope,onset",data/processed/env_onset/sub-041_mtrf_env_onset.npz,-0.5,0.0,0.05,hamming,1,,l2,1,True,mean,"1.0,1.0",results_env_onset\sub-041\sub-041_backward_mtrf_env_onset.summary.json,results_env_onset\sub-041\sub-041_backward_mtrf_env_onset.trial_results.csv,hi,HI,1,0.09114237418067524,0.030421108795039866,0.12619525837981102,0.041940376183480385,0.06072126538563537,0.08425488219633064,0.072488073790983,0.060479110838388306,0.08361379912787048,0.0720464549831294
sub-041,24,1,0.2028933266863525,0.2037871022547622,-0.016900503530958,0.2206876057857202,0.1380423375893361,-0.0470567099976486,0.1850990475869848,0.2028933266863525,1.0,32,2,"envelope,onset",data/processed/env_onset/sub-041_mtrf_env_onset.npz,-0.5,0.0,0.05,hamming,1,,l2,1,True,mean,"1.0,1.0",results_env_onset\sub-041\sub-041_backward_mtrf_env_onset.summary.json,results_env_onset\sub-041\sub-041_backward_mtrf_env_onset.trial_results.csv,hi,HI,1,0.2066805876505519,-0.01690211288692343,0.1389293317875987,-0.04709148930742485,0.2235827005374753,0.18602082109502355,0.20480176081624943,0.22068760578572022,0.1850990475869847,0.20289332668635246
sub-041,25,1,0.1856705973531235,0.1968104142135723,-0.0399702374685457,0.2367806516821181,0.1400812522702944,0.0055207092461655,0.1345605430241289,0.1856705973531235,1.0,32,2,"envelope,onset",data/processed/env_onset/sub-041_mtrf_env_onset.npz,-0.5,0.0,0.05,hamming,1,,l2,1,True,mean,"1.0,1.0",results_env_onset\sub-041\sub-041_backward_mtrf_env_onset.summary.json,results_env_onset\sub-041\sub-041_backward_mtrf_env_onset.trial_results.csv,hi,HI,1,0.19941226297409212,-0.03999154364448651,0.1410084536849774,0.0055207653343409754,0.23940380661857863,0.1354876883506364,0.18744574748460752,0.23678065168211798,0.1345605430241289,0.18567059735312344
sub-041,26,1,0.0783788095531129,0.0812501633583509,0.010746420232954,0.0705037431253969,0.1268716203037664,0.0406177443229375,0.0862538759808289,0.0783788095531129,1.0,32,2,"envelope,onset",data/processed/env_onset/sub-041_mtrf_env_onset.npz,-0.5,0.0,0.05,hamming,1,,l2,1,True,mean,"1.0,1.0",results_env_onset\sub-041\sub-041_backward_mtrf_env_onset.summary.json,results_env_onset\sub-041\sub-041_backward_mtrf_env_onset.trial_results.csv,hi,HI,1,0.08142966830346136,0.010746833947030424,0.12755899698449175,0.040640103527209474,0.07068283435643094,0.08691889345728226,0.0788008639068566,0.07050374312539691,0.0862538759808289,0.07837880955311291
sub-041,27,1,0.1945792603051916,0.2167248968021,-0.0045681482302598,0.2212930450323598,0.1449946131945224,-0.0228708623835011,0.1678654755780236,0.1945792603051916,1.0,32,2,"envelope,onset",data/processed/env_onset/sub-041_mtrf_env_onset.npz,-0.5,0.0,0.05,hamming,1,,l2,1,True,mean,"1.0,1.0",results_env_onset\sub-041\sub-041_backward_mtrf_env_onset.summary.json,results_env_onset\sub-041\sub-041_backward_mtrf_env_onset.trial_results.csv,hi,HI,1,0.2202170188922689,-0.004568180006663642,0.14602372103473574,-0.022874851371212764,0.22478519889893256,0.1688985724059485,0.19684188565244054,0.2212930450323598,0.1678654755780235,0.19457926030519165
sub-041,28,1,0.1479633009176215,0.199649664168026,0.0200228919768027,0.1796267721912233,0.176629593663283,0.0603297640192634,0.1162998296440196,0.1479633009176215,1.0,32,2,"envelope,onset",data/processed/env_onset/sub-041_mtrf_env_onset.npz,-0.5,0.0,0.05,hamming,1,,l2,1,True,mean,"1.0,1.0",results_env_onset\sub-041\sub-041_backward_mtrf_env_onset.summary.json,results_env_onset\sub-041\sub-041_backward_mtrf_env_onset.trial_results.csv,hi,HI,1,0.20236764751287747,0.020025568454600434,0.17850159304081112,0.060403117964052636,0.18234207905827704,0.11809847507675848,0.15022027706751775,0.17962677219122328,0.11629982964401961,0.14796330091762144
sub-041,29,1,0.0401758070694117,0.0991758975941184,0.0800422683732601,0.0191336292208583,0.1107536917547029,0.0495357068367378,0.061217984917965,0.0401758070694117,1.0,32,2,"envelope,onset",data/processed/env_onset/sub-041_mtrf_env_onset.npz,-0.5,0.0,0.05,hamming,1,,l2,1,True,mean,"1.0,1.0",results_env_onset\sub-041\sub-041_backward_mtrf_env_onset.summary.json,results_env_onset\sub-041\sub-041_backward_mtrf_env_onset.trial_results.csv,hi,HI,1,0.09950299015389237,0.0802138658157056,0.1112099030937241,0.04957628327185426,0.019289124338186775,0.06163361982186984,0.040461372080028306,0.019133629220858303,0.061217984917965096,0.0401758070694117
sub-041,30,1,0.0502121289661058,0.1307248094427299,0.0470845397917496,0.0836402696509803,0.0805269528523003,0.0637429645710689,0.0167839882812314,0.0502121289661058,1.0,32,2,"envelope,onset",data/processed/env_onset/sub-041_mtrf_env_onset.npz,-0.5,0.0,0.05,hamming,1,,l2,1,True,mean,"1.0,1.0",results_env_onset\sub-041\sub-041_backward_mtrf_env_onset.summary.json,results_env_onset\sub-041\sub-041_backward_mtrf_env_onset.trial_results.csv,hi,HI,1,0.13147719012665168,0.0471193808993584,0.08070169466328661,0.0638295083932289,0.08435780922729327,0.01687218627005771,0.05061499774867549,0.08364026965098031,0.0167839882812314,0.05021212896610586
sub-041,31,1,0.0872097256463643,0.1728905136599988,0.0615350214100859,0.1113554922499128,0.1343775032993542,0.0713135442565384,0.0630639590428158,0.0872097256463643,1.0,32,2,"envelope,onset",data/processed/env_onset/sub-041_mtrf_env_onset.npz,-0.5,0.0,0.05,hamming,1,,l2,1,True,mean,"1.0,1.0",results_env_onset\sub-041\sub-041_backward_mtrf_env_onset.summary.json,results_env_onset\sub-041\sub-041_backward_mtrf_env_onset.trial_results.csv,hi,HI,1,0.17464471476383545,0.061612867007103916,0.13519521337135038,0.07143480571965447,0.11303184775673153,0.06376040765169591,0.08839612770421372,0.1113554922499129,0.0630639590428158,0.08720972564636434
sub-042,0,1,0.0043406206216199,0.0922451638626521,0.057372489034792,0.03487267482786,0.0590512657539007,0.0852426993385209,-0.0261914335846201,0.0043406206216199,0.8125,32,2,"envelope,onset",data/processed/env_onset/sub-042_mtrf_env_onset.npz,-0.5,0.0,0.05,hamming,1,,l2,1,True,mean,"1.0,1.0",results_env_onset\sub-042\sub-042_backward_mtrf_env_onset.summary.json,results_env_onset\sub-042\sub-042_backward_mtrf_env_onset.trial_results.csv,hi,HI,1,0.09250815112432094,0.057435562792717006,0.059120047997572596,0.08545007103688577,0.035072588331603934,-0.02633002303931318,0.004371282646145377,0.03487267482786009,-0.0261914335846202,0.004340620621619946
sub-042,1,0,-0.0306588867178221,0.0256555389720325,0.0565418970080755,-0.0308863580360429,0.0331170342518552,0.0635484496514567,-0.0304314153996014,-0.0306588867178221,0.8125,32,2,"envelope,onset",data/processed/env_onset/sub-042_mtrf_env_onset.npz,-0.5,0.0,0.05,hamming,1,,l2,1,True,mean,"1.0,1.0",results_env_onset\sub-042\sub-042_backward_mtrf_env_onset.summary.json,results_env_onset\sub-042\sub-042_backward_mtrf_env_onset.trial_results.csv,hi,HI,1,0.025661170078435287,0.05660226740570889,0.033129149127797713,0.06363420233187833,-0.0309410973272736,-0.030505053204080618,-0.030723075265677108,-0.030886358036042998,-0.0304314153996015,-0.03065888671782225
sub-042,2,0,-0.0053613623008922,0.099712967163838,0.0552775385616066,0.0444354286022314,0.0464524870207254,0.1016106402247412,-0.0551581532040158,-0.0053613623008922,0.8125,32,2,"envelope,onset",data/processed/env_onset/sub-042_mtrf_env_onset.npz,-0.5,0.0,0.05,hamming,1,,l2,1,True,mean,"1.0,1.0",results_env_onset\sub-042\sub-042_backward_mtrf_env_onset.summary.json,results_env_onset\sub-042\sub-042_backward_mtrf_env_onset.trial_results.csv,hi,HI,1,0.10004542397103483,0.05533394414084992,0.046485942591348486,0.10196252321154681,0.04471147983018491,-0.05547658062019832,-0.005382550395006704,0.044435428602231396,-0.0551581532040158,-0.0053613623008922015
sub-042,3,1,0.1075356635236678,0.1263477279860898,-0.035292254741533,0.1616399827276228,0.0952297329959312,0.0417983886762184,0.0534313443197127,0.1075356635236678,0.8125,32,2,"envelope,onset",data/processed/env_onset/sub-042_mtrf_env_onset.npz,-0.5,0.0,0.05,hamming,1,,l2,1,True,mean,"1.0,1.0",results_env_onset\sub-042\sub-042_backward_mtrf_env_onset.summary.json,results_env_onset\sub-042\sub-042_backward_mtrf_env_onset.trial_results.csv,hi,HI,1,0.12702656984163957,-0.035306918378105,0.09551917960371019,0.041822756287064916,0.16233348821974458,0.05369642331664527,0.10801495576819492,0.16163998272762278,0.0534313443197128,0.1075356635236678
sub-042,4,1,0.0866446075656092,0.1588292322303092,0.0647364078176038,0.0940928244127053,0.1337747002118934,0.0545783094933803,0.0791963907185131,0.0866446075656092,0.8125,32,2,"envelope,onset",data/processed/env_onset/sub-042_mtrf_env_onset.npz,-0.5,0.0,0.05,hamming,1,,l2,1,True,mean,"1.0,1.0",results_env_onset\sub-042\sub-042_backward_mtrf_env_onset.summary.json,results_env_onset\sub-042\sub-042_backward_mtrf_env_onset.trial_results.csv,hi,HI,1,0.16018539963870967,0.06482706839120217,0.1345813756712571,0.054632599031618025,0.0953583312475075,0.07994877663963909,0.0876535539435733,0.0940928244127054,0.07919639071851309,0.08664460756560924
sub-042,5,1,0.0718040017239434,0.0619333331625547,0.0316566338421511,0.0302766993204035,0.1220068484767457,0.0086755443492623,0.1133313041274833,0.0718040017239434,0.8125,32,2,"envelope,onset",data/processed/env_onset/sub-042_mtrf_env_onset.npz,-0.5,0.0,0.05,hamming,1,,l2,1,True,mean,"1.0,1.0",results_env_onset\sub-042\sub-042_backward_mtrf_env_onset.summary.json,results_env_onset\sub-042\sub-042_backward_mtrf_env_onset.trial_results.csv,hi,HI,1,0.06201270258175506,0.03166721502422819,0.1226176981792218,0.008675762014242132,0.03034548755752687,0.11394193616497966,0.07214371186125326,0.030276699320403597,0.1133313041274834,0.0718040017239435
sub-042,6,1,0.069811146573986,0.0620980291497106,-0.0300303624705756,0.0921283916202862,0.0345661256362364,-0.0129277758914494,0.0474939015276858,0.069811146573986,0.8125,32,2,"envelope,onset",data/processed/env_onset/sub-042_mtrf_env_onset.npz,-0.5,0.0,0.05,hamming,1,,l2,1,True,mean,"1.0,1.0",results_env_onset\sub-042\sub-042_backward_mtrf_env_onset.summary.json,results_env_onset\sub-042\sub-042_backward_mtrf_env_onset.trial_results.csv,hi,HI,1,0.06217803442642373,-0.030039394712256966,0.03457990224589224,-0.012928496158822213,0.0922174291386807,0.04750839840471445,0.06986291377169757,0.0921283916202862,0.0474939015276858,0.069811146573986
sub-042,7,1,0.2254423599436602,0.2126595029061424,-0.0232857534638801,0.2359452563700226,0.2135508509932095,-0.0013886125240883,0.2149394635172978,0.2254423599436602,0.8125,32,2,"envelope,onset",data/processed/env_onset/sub-042_mtrf_env_onset.npz,-0.5,0.0,0.05,hamming,1,,l2,1,True,mean,"1.0,1.0",results_env_onset\sub-042\sub-042_backward_mtrf_env_onset.summary.json,results_env_onset\sub-042\sub-042_backward_mtrf_env_onset.trial_results.csv,hi,HI,1,0.2159551780680982,-0.023289963549749375,0.21688893153741043,-0.0013886134166175986,0.23924514161784757,0.21827754495402804,0.2287613432859378,0.2359452563700225,0.2149394635172978,0.22544235994366016
sub-042,8,1,0.0945455057007802,0.145791772410096,0.0153007997235582,0.1304909726865378,0.1129213623789647,0.054321323663942,0.0586000387150226,0.0945455057007802,0.8125,32,2,"envelope,onset",data/processed/env_onset/sub-042_mtrf_env_onset.npz,-0.5,0.0,0.05,hamming,1,,l2,1,True,mean,"1.0,1.0",results_env_onset\sub-042\sub-042_backward_mtrf_env_onset.summary.json,results_env_onset\sub-042\sub-042_backward_mtrf_env_onset.trial_results.csv,hi,HI,1,0.14683809550611593,0.015301993937529427,0.1134050304674666,0.05437484902803779,0.1315361015685865,0.05903018143942881,0.09528314150400766,0.1304909726865378,0.0586000387150227,0.09454550570078026
sub-042,9,1,0.0798693447319521,0.1070421677261828,0.0359995024302899,0.0710426652958929,0.1227011389008583,0.0340051147328469,0.0886960241680113,0.0798693447319521,0.8125,32,2,"envelope,onset",data/processed/env_onset/sub-042_mtrf_env_onset.npz,-0.5,0.0,0.05,hamming,1,,l2,1,True,mean,"1.0,1.0",results_env_onset\sub-042\sub-042_backward_mtrf_env_onset.summary.json,results_env_onset\sub-042\sub-042_backward_mtrf_env_onset.trial_results.csv,hi,HI,1,0.10745383220661062,0.03601506588905306,0.12332254047479398,0.03401823108114076,0.07143876631755755,0.08930430939365322,0.08037153785560538,0.0710426652958929,0.08869602416801141,0.07986934473195215
sub-042,10,1,0.0128081516085159,0.086671973399636,0.0821378488494658,0.0045341245501701,0.0692524166153982,0.0481702379485365,0.0210821786668616,0.0128081516085159,0.8125,32,2,"envelope,onset",data/processed/env_onset/sub-042_mtrf_env_onset.npz,-0.5,0.0,0.05,hamming,1,,l2,1,True,mean,"1.0,1.0",results_env_onset\sub-042\sub-042_backward_mtrf_env_onset.summary.json,results_env_onset\sub-042\sub-042_backward_mtrf_env_onset.trial_results.csv,hi,HI,1,0.0868899843858814,0.08232331799300072,0.0693634454377763,0.048207547526547614,0.004566666392880683,0.021155897911228683,0.012861282152054683,0.0045341245501702016,0.021082178666861705,0.012808151608515953
sub-042,11,0,-0.0551605411579092,0.0106319613221796,0.0771857304411924,-0.0665537691190127,0.0135766233242321,0.0573439365210378,-0.0437673131968057,-0.0551605411579092,0.8125,32,2,"envelope,onset",data/processed/env_onset/sub-042_mtrf_env_onset.npz,-0.5,0.0,0.05,hamming,1,,l2,1,True,mean,"1.0,1.0",results_env_onset\sub-042\sub-042_backward_mtrf_env_onset.summary.json,results_env_onset\sub-042\sub-042_backward_mtrf_env_onset.trial_results.csv,hi,HI,1,0.010632361956698803,0.07733956222184599,0.013577457585510126,0.057406916032133375,-0.06670720026514718,-0.04382945844662325,-0.055268329355885215,-0.0665537691190128,-0.0437673131968057,-0.05516054115790925
sub-042,12,0,-0.0239169587542188,0.1117571731363007,0.0892589781215616,0.022498195014739,0.0254055163652768,0.0957376288884537,-0.0703321125231768,-0.0239169587542188,0.8125,32,2,"envelope,onset",data/processed/env_onset/sub-042_mtrf_env_onset.npz,-0.5,0.0,0.05,hamming,1,,l2,1,True,mean,"1.0,1.0",results_env_onset\sub-042\sub-042_backward_mtrf_env_onset.summary.json,results_env_onset\sub-042\sub-042_backward_mtrf_env_onset.trial_results.csv,hi,HI,1,0.1122259610984157,0.08949716477333719,0.025410984397383773,0.09603174866815616,0.022728796325078515,-0.07062076427077238,-0.023945983972846932,0.022498195014739097,-0.0703321125231769,-0.023916958754218905
sub-042,13,1,0.0844790820497635,0.1153603045875187,-0.0128609123807536,0.1282212169682723,0.0629047447388775,0.0221677976076227,0.0407369471312547,0.0844790820497635,0.8125,32,2,"envelope,onset",data/processed/env_onset/sub-042_mtrf_env_onset.npz,-0.5,0.0,0.05,hamming,1,,l2,1,True,mean,"1.0,1.0",results_env_onset\sub-042\sub-042_backward_mtrf_env_onset.summary.json,results_env_onset\sub-042\sub-042_backward_mtrf_env_onset.trial_results.csv,hi,HI,1,0.11587616826986213,-0.012861621529250666,0.06298791379188148,0.022171429847019926,0.1287377897991128,0.04081648394486156,0.08477713687198718,0.1282212169682723,0.040736947131254794,0.08447908204976354
sub-042,14,1,0.0136911822875372,0.0994126415104522,0.0608915903421964,0.0385210511682557,0.0616982950356176,0.0728369816287989,-0.0111386865931813,0.0136911822875372,0.8125,32,2,"envelope,onset",data/processed/env_onset/sub-042_mtrf_env_onset.npz,-0.5,0.0,0.05,hamming,1,,l2,1,True,mean,"1.0,1.0",results_env_onset\sub-042\sub-042_backward_mtrf_env_onset.summary.json,results_env_onset\sub-042\sub-042_backward_mtrf_env_onset.trial_results.csv,hi,HI,1,0.09974209145527324,0.06096701586793358,0.0617767628821447,0.07296619874140912,0.03877507558733966,-0.011189435859264421,0.01379281986403762,0.038521051168255806,-0.011138686593181298,0.013691182287537254
sub-042,15,1,0.0625666201661569,0.1319108279280801,0.0717952664919465,0.0601155614361336,0.0774399739431586,0.0124222950469784,0.0650176788961801,0.0625666201661569,0.8125,32,2,"envelope,onset",data/processed/env_onset/sub-042_mtrf_env_onset.npz,-0.5,0.0,0.05,hamming,1,,l2,1,True,mean,"1.0,1.0",results_env_onset\sub-042\sub-042_backward_mtrf_env_onset.summary.json,results_env_onset\sub-042\sub-042_backward_mtrf_env_onset.trial_results.csv,hi,HI,1,0.13268401977986427,0.07191900709158713,0.07759533454729038,0.012422934081733533,0.06076501268827714,0.06517240046555685,0.062968706576917,0.0601155614361336,0.06501767889618021,0.06256662016615691
sub-042,16,1,0.0695796440973245,0.1209403548550324,0.0346829657440162,0.0862573891110161,0.1020816360566181,0.0491797369729852,0.0529018990836328,0.0695796440973245,0.8125,32,2,"envelope,onset",data/processed/env_onset/sub-042_mtrf_env_onset.npz,-0.5,0.0,0.05,hamming,1,,l2,1,True,mean,"1.0,1.0",results_env_onset\sub-042\sub-042_backward_mtrf_env_onset.summary.json,results_env_onset\sub-042\sub-042_backward_mtrf_env_onset.trial_results.csv,hi,HI,1,0.12153523175178915,0.03469688259677144,0.1024384557272676,0.04921944407810847,0.0868383491550177,0.05321901164915913,0.07002868040208841,0.08625738911101621,0.0529018990836329,0.06957964409732456
sub-042,17,1,0.0373760153078976,0.2034351834107698,0.1391766144972108,0.064258568913559,0.1563952535131338,0.1459017918108976,0.0104934617022362,0.0373760153078976,0.8125,32,2,"envelope,onset",data/processed/env_onset/sub-042_mtrf_env_onset.npz,-0.5,0.0,0.05,hamming,1,,l2,1,True,mean,"1.0,1.0",results_env_onset\sub-042\sub-042_backward_mtrf_env_onset.summary.json,results_env_onset\sub-042\sub-042_backward_mtrf_env_onset.trial_results.csv,hi,HI,1,0.20631344811577498,0.1400858281153201,0.1576894152707793,0.14695050602305454,0.06622762000045487,0.010738909247724748,0.03848326462408981,0.064258568913559,0.010493461702236195,0.037376015307897595
sub-042,18,1,0.1377114374332628,0.0914736213900029,-0.0406896521066754,0.1321632734966784,0.0759993120264767,-0.0672602893433705,0.1432596013698472,0.1377114374332628,0.8125,32,2,"envelope,onset",data/processed/env_onset/sub-042_mtrf_env_onset.npz,-0.5,0.0,0.05,hamming,1,,l2,1,True,mean,"1.0,1.0",results_env_onset\sub-042\sub-042_backward_mtrf_env_onset.summary.json,results_env_onset\sub-042\sub-042_backward_mtrf_env_onset.trial_results.csv,hi,HI,1,0.09173004281870516,-0.040712130351380396,0.07614614256971516,-0.06736199286456603,0.13244217317008555,0.1435081354342812,0.13797515430218338,0.13216327349667828,0.1432596013698472,0.13771143743326275
sub-042,19,1,0.0671769056945479,0.0589934542253927,-0.0013306842344476,0.0603241384598403,0.095712322296117,0.0216826493668614,0.0740296729292556,0.0671769056945479,0.8125,32,2,"envelope,onset",data/processed/env_onset/sub-042_mtrf_env_onset.npz,-0.5,0.0,0.05,hamming,1,,l2,1,True,mean,"1.0,1.0",results_env_onset\sub-042\sub-042_backward_mtrf_env_onset.summary.json,results_env_onset\sub-042\sub-042_backward_mtrf_env_onset.trial_results.csv,hi,HI,1,0.05906203437051571,-0.001330685019871733,0.0960062080401231,0.021686048266307156,0.06039271939038744,0.07432015977381594,0.06735643958210169,0.0603241384598403,0.0740296729292556,0.06717690569454794
sub-042,20,1,0.1486880974844078,0.1350128996001485,-0.0364050326127707,0.1714179322129193,0.0839795300511623,-0.041978732704734,0.1259582627558963,0.1486880974844078,0.8125,32,2,"envelope,onset",data/processed/env_onset/sub-042_mtrf_env_onset.npz,-0.5,0.0,0.05,hamming,1,,l2,1,True,mean,"1.0,1.0",results_env_onset\sub-042\sub-042_backward_mtrf_env_onset.summary.json,results_env_onset\sub-042\sub-042_backward_mtrf_env_onset.trial_results.csv,hi,HI,1,0.13584235057462643,-0.0364211282641716,0.08417779328724827,-0.042003417313217155,0.17226347883879803,0.12618121060046542,0.14922234471963172,0.1714179322129192,0.12595826275589628,0.14868809748440776
sub-042,21,1,0.0810436459863507,0.1006630567311461,0.0053907793691579,0.0952722773619882,0.0565923430684757,-0.0102226715422374,0.0668150146107131,0.0810436459863507,0.8125,32,2,"envelope,onset",data/processed/env_onset/sub-042_mtrf_env_onset.npz,-0.5,0.0,0.05,hamming,1,,l2,1,True,mean,"1.0,1.0",results_env_onset\sub-042\sub-042_backward_mtrf_env_onset.summary.json,results_env_onset\sub-042\sub-042_backward_mtrf_env_onset.trial_results.csv,hi,HI,1,0.10100514696520801,0.0053908315896536866,0.05665287540356874,-0.010223027664561108,0.09561431537555433,0.06687590306812985,0.08124510922184208,0.0952722773619882,0.0668150146107131,0.08104364598635065
sub-042,22,1,0.1333931901570408,0.173430338839205,-0.0094950290336804,0.1829253678728855,0.0855660325866924,0.0017050201454962,0.0838610124411961,0.1333931901570408,0.8125,32,2,"envelope,onset",data/processed/env_onset/sub-042_mtrf_env_onset.npz,-0.5,0.0,0.05,hamming,1,,l2,1,True,mean,"1.0,1.0",results_env_onset\sub-042\sub-042_backward_mtrf_env_onset.summary.json,results_env_onset\sub-042\sub-042_backward_mtrf_env_onset.trial_results.csv,hi,HI,1,0.17520122670913782,-0.009495314392388233,0.0857757799782908,0.0017050217977168543,0.18469654110152606,0.08407075818057395,0.13438364964105,0.1829253678728854,0.0838610124411962,0.13339319015704082
sub-042,23,1,0.0040731854214431,0.1562151924615635,0.1342243400524456,0.0219908524091179,0.0639575299435388,0.0778020115097705,-0.0138444815662316,0.0040731854214431,0.8125,32,2,"envelope,onset",data/processed/env_onset/sub-042_mtrf_env_onset.npz,-0.5,0.0,0.05,hamming,1,,l2,1,True,mean,"1.0,1.0",results_env_onset\sub-042\sub-042_backward_mtrf_env_onset.summary.json,results_env_onset\sub-042\sub-042_backward_mtrf_env_onset.trial_results.csv,hi,HI,1,0.15750484492087488,0.13503923681591815,0.06404495209908902,0.0779595666229757,0.022465608104956736,-0.01391461452388669,0.004275496790535023,0.02199085240911791,-0.013844481566231692,0.00407318542144311
sub-042,24,1,0.0276133797713623,0.1353210010868816,0.0863739396755357,0.0489470614113458,0.1218828585318947,0.1156031604005159,0.0062796981313787,0.0276133797713623,0.8125,32,2,"envelope,onset",data/processed/env_onset/sub-042_mtrf_env_onset.npz,-0.5,0.0,0.05,hamming,1,,l2,1,True,mean,"1.0,1.0",results_env_onset\sub-042\sub-042_backward_mtrf_env_onset.summary.json,results_env_onset\sub-042\sub-042_backward_mtrf_env_onset.trial_results.csv,hi,HI,1,0.1361561858676147,0.08658970268400616,0.12249183660368808,0.11612230659231977,0.049566483183608526,0.006369530011368307,0.027968006597488416,0.048947061411345916,0.006279698131378811,0.027613379771362363
sub-042,25,1,0.1934005060994038,0.2333983806890713,-0.0240012532670436,0.2573996339561149,0.1475051419872711,0.0181037637445784,0.1294013782426927,0.1934005060994038,0.8125,32,2,"envelope,onset",data/processed/env_onset/sub-042_mtrf_env_onset.npz,-0.5,0.0,0.05,hamming,1,,l2,1,True,mean,"1.0,1.0",results_env_onset\sub-042\sub-042_backward_mtrf_env_onset.summary.json,results_env_onset\sub-042\sub-042_backward_mtrf_env_onset.trial_results.csv,hi,HI,1,0.23778064220004805,-0.024005863582559503,0.1485891227382305,0.0181057419472322,0.26178650578260754,0.1304833807909983,0.19613494328680292,0.25739963395611487,0.1294013782426927,0.1934005060994038
sub-042,26,0,-0.0679465541861203,0.023768791053038,0.126301559069056,-0.1025327680160179,0.0820217594091421,0.1153820997653649,-0.0333603403562228,-0.0679465541861203,0.8125,32,2,"envelope,onset",data/processed/env_onset/sub-042_mtrf_env_onset.npz,-0.5,0.0,0.05,hamming,1,,l2,1,True,mean,"1.0,1.0",results_env_onset\sub-042\sub-042_backward_mtrf_env_onset.summary.json,results_env_onset\sub-042\sub-042_backward_mtrf_env_onset.trial_results.csv,hi,HI,1,0.02377326867343804,0.12697965221710622,0.08220644114218308,0.11589825746627377,-0.10320638354366818,-0.0336918163240907,-0.06844909993387943,-0.10253276801601799,-0.033360340356222803,-0.06794655418612039
sub-042,27,1,0.1775530133944668,0.1819763719785619,0.0076892167966367,0.1742871551819251,0.1558857021986726,-0.0249331694083358,0.1808188716070085,0.1775530133944668,0.8125,32,2,"envelope,onset",data/processed/env_onset/sub-042_mtrf_env_onset.npz,-0.5,0.0,0.05,hamming,1,,l2,1,True,mean,"1.0,1.0",results_env_onset\sub-042\sub-042_backward_mtrf_env_onset.summary.json,results_env_onset\sub-042\sub-042_backward_mtrf_env_onset.trial_results.csv,hi,HI,1,0.18402599330151392,0.0076893683412381526,0.15716713072563357,-0.024938338012122706,0.17633662496027577,0.18210546873775627,0.17922104684901602,0.1742871551819252,0.18081887160700838,0.17755301339446677
sub-042,28,1,0.1101941033233298,0.1800543960084046,0.019604145952273,0.1604502500561316,0.1359475614038085,0.0760096048132804,0.059937956590528,0.1101941033233298,0.8125,32,2,"envelope,onset",data/processed/env_onset/sub-042_mtrf_env_onset.npz,-0.5,0.0,0.05,hamming,1,,l2,1,True,mean,"1.0,1.0",results_env_onset\sub-042\sub-042_backward_mtrf_env_onset.summary.json,results_env_onset\sub-042\sub-042_backward_mtrf_env_onset.trial_results.csv,hi,HI,1,0.18203890662355451,0.019606657969932734,0.136794488848793,0.07615649516009695,0.16243224865362177,0.060637993688696046,0.11153512117115891,0.1604502500561316,0.05993795659052811,0.11019410332332985
sub-042,29,1,0.0249874444632091,0.151563020280605,0.1075103608967214,0.0440526593838836,0.1118808785034191,0.1059586489608843,0.0059222295425347,0.0249874444632091,0.8125,32,2,"envelope,onset",data/processed/env_onset/sub-042_mtrf_env_onset.npz,-0.5,0.0,0.05,hamming,1,,l2,1,True,mean,"1.0,1.0",results_env_onset\sub-042\sub-042_backward_mtrf_env_onset.summary.json,results_env_onset\sub-042\sub-042_backward_mtrf_env_onset.trial_results.csv,hi,HI,1,0.15273981864080807,0.10792747617423687,0.11235123279973483,0.1063578827005624,0.0448123424665712,0.005993350099172429,0.025402846282871816,0.0440526593838836,0.005922229542534796,0.024987444463209198
sub-042,30,1,0.1427696169952254,0.1834603556473194,0.0027711659241349,0.1806891897231844,0.1867882478856514,0.081938203618385,0.1048500442672664,0.1427696169952254,0.8125,32,2,"envelope,onset",data/processed/env_onset/sub-042_mtrf_env_onset.npz,-0.5,0.0,0.05,hamming,1,,l2,1,True,mean,"1.0,1.0",results_env_onset\sub-042\sub-042_backward_mtrf_env_onset.summary.json,results_env_onset\sub-042\sub-042_backward_mtrf_env_onset.trial_results.csv,hi,HI,1,0.18556123279747988,0.0027711730177617036,0.18900722633664885,0.08212231999693374,0.18279005977971818,0.1068849063397151,0.14483748305971664,0.1806891897231845,0.1048500442672664,0.14276961699522545
sub-042,31,0,-0.0163750097480493,0.1283184209999374,0.0915632326091766,0.0367551883907608,0.0665981358998909,0.1361033437867504,-0.0695052078868595,-0.0163750097480493,0.8125,32,2,"envelope,onset",data/processed/env_onset/sub-042_mtrf_env_onset.npz,-0.5,0.0,0.05,hamming,1,,l2,1,True,mean,"1.0,1.0",results_env_onset\sub-042\sub-042_backward_mtrf_env_onset.summary.json,results_env_onset\sub-042\sub-042_backward_mtrf_env_onset.trial_results.csv,hi,HI,1,0.12902974240934253,0.09182041092710158,0.06669685992035176,0.13695320800044128,0.037209331482240954,-0.07025634808008951,-0.01652350829892428,0.03675518839076079,-0.0695052078868595,-0.016375009748049354
sub-043,0,1,0.0561162080693684,0.094130540184781,-0.0158466669055072,0.1099772070902882,0.0555570479453438,0.0533018388968951,0.0022552090484486,0.0561162080693684,0.84375,32,2,"envelope,onset",data/processed/env_onset/sub-043_mtrf_env_onset.npz,-0.5,0.0,0.05,hamming,1,,l2,1,True,mean,"1.0,1.0",results_env_onset\sub-043\sub-043_backward_mtrf_env_onset.summary.json,results_env_onset\sub-043\sub-043_backward_mtrf_env_onset.trial_results.csv,nh,NH,0,0.09441004402139568,-0.015847993560436258,0.05561431456542676,0.05335240348988891,0.11025803758183193,0.002261911075537852,0.05625997432868489,0.10997720709028819,0.0022552090484487045,0.05611620806936844
sub-043,1,1,0.065328985985202,0.0614459816016473,-0.0117041493798984,0.0731501309815458,0.1256563932103216,0.0681485522214633,0.0575078409888583,0.065328985985202,0.84375,32,2,"envelope,onset",data/processed/env_onset/sub-043_mtrf_env_onset.npz,-0.5,0.0,0.05,hamming,1,,l2,1,True,mean,"1.0,1.0",results_env_onset\sub-043\sub-043_backward_mtrf_env_onset.summary.json,results_env_onset\sub-043\sub-043_backward_mtrf_env_onset.trial_results.csv,nh,NH,0,0.06152348925401201,-0.01170468386303955,0.12632408197391437,0.06825434625092171,0.07322817311705157,0.05806973572299266,0.06564895442002211,0.0731501309815457,0.057507840988858305,0.06532898598520201
sub-043,2,1,0.0255996376811943,0.1013386087334957,0.0581638873569498,0.0431747213765458,0.0707462591483384,0.0627217051624957,0.0080245539858427,0.0255996376811943,0.84375,32,2,"envelope,onset",data/processed/env_onset/sub-043_mtrf_env_onset.npz,-0.5,0.0,0.05,hamming,1,,l2,1,True,mean,"1.0,1.0",results_env_onset\sub-043\sub-043_backward_mtrf_env_onset.summary.json,results_env_onset\sub-043\sub-043_backward_mtrf_env_onset.trial_results.csv,nh,NH,0,0.10168766143954457,0.05822961102570724,0.07086464398913005,0.06280414917144275,0.043458050413837324,0.008060494817687294,0.02575927261576231,0.043174721376545905,0.008024553985842703,0.025599637681194304
sub-043,3,1,0.0968223144797461,0.1375930477902807,-0.0063644042642443,0.143957452054525,0.0625993629084802,0.012912186003513,0.0496871769049672,0.0968223144797461,0.84375,32,2,"envelope,onset",data/processed/env_onset/sub-043_mtrf_env_onset.npz,-0.5,0.0,0.05,hamming,1,,l2,1,True,mean,"1.0,1.0",results_env_onset\sub-043\sub-043_backward_mtrf_env_onset.summary.json,results_env_onset\sub-043\sub-043_backward_mtrf_env_onset.trial_results.csv,nh,NH,0,0.13847134307246442,-0.006364490197758908,0.06268132466619349,0.01291290366809483,0.14483583327022334,0.04976842099809865,0.097302127134161,0.143957452054525,0.0496871769049672,0.0968223144797461
sub-043,4,1,0.1189044692332535,0.1267237722997031,-0.0100866869859553,0.1368104592856585,0.1040832641079358,0.0030847849270873,0.1009984791808484,0.1189044692332535,0.84375,32,2,"envelope,onset",data/processed/env_onset/sub-043_mtrf_env_onset.npz,-0.5,0.0,0.05,hamming,1,,l2,1,True,mean,"1.0,1.0",results_env_onset\sub-043\sub-043_backward_mtrf_env_onset.summary.json,results_env_onset\sub-043\sub-043_backward_mtrf_env_onset.trial_results.csv,nh,NH,0,0.127408733088947,-0.010087029084234252,0.10446158220789488,0.0030847947119761205,0.13749576217318127,0.10137678749591876,0.11943627483455002,0.1368104592856584,0.10099847918084849,0.11890446923325346
sub-043,5,1,0.0149691313654467,0.0371867341733358,-0.0278351650242841,0.0650218991976199,0.0057753941265973,0.0408590305933237,-0.0350836364667264,0.0149691313654467,0.84375,32,2,"envelope,onset",data/processed/env_onset/sub-043_mtrf_env_onset.npz,-0.5,0.0,0.05,hamming,1,,l2,1,True,mean,"1.0,1.0",results_env_onset\sub-043\sub-043_backward_mtrf_env_onset.summary.json,results_env_onset\sub-043\sub-043_backward_mtrf_env_onset.trial_results.csv,nh,NH,0,0.037203889674474924,-0.027842357230072844,0.005775458340980826,0.04088179090707006,0.06504624690454777,-0.035106332566089235,0.014969957169229269,0.0650218991976199,-0.0350836364667264,0.01496913136544675
sub-043,6,1,0.0753761140777287,0.1308516275146082,0.0347733329580075,0.0960782945566006,0.133237147988543,0.0785632143896862,0.0546739335988567,0.0753761140777287,0.84375,32,2,"envelope,onset",data/processed/env_onset/sub-043_mtrf_env_onset.npz,-0.5,0.0,0.05,hamming,1,,l2,1,True,mean,"1.0,1.0",results_env_onset\sub-043\sub-043_backward_mtrf_env_onset.summary.json,results_env_onset\sub-043\sub-043_backward_mtrf_env_onset.trial_results.csv,nh,NH,0,0.13160621524537874,0.03478735892929492,0.1340340683196086,0.07872545102525022,0.09681885631608382,0.055308617294358375,0.0760637368052211,0.09607829455660069,0.05467393359885679,0.07537611407772873
sub-043,7,1,0.1003854604184471,0.0585211483282921,-0.0350631171740054,0.0935842655022975,0.1418159602259096,0.0346293048913129,0.1071866553345967,0.1003854604184471,0.84375,32,2,"envelope,onset",data/processed/env_onset/sub-043_mtrf_env_onset.npz,-0.5,0.0,0.05,hamming,1,,l2,1,True,mean,"1.0,1.0",results_env_onset\sub-043\sub-043_backward_mtrf_env_onset.summary.json,results_env_onset\sub-043\sub-043_backward_mtrf_env_onset.trial_results.csv,nh,NH,0,0.058588092216897855,-0.03507749690747559,0.14277832325113532,0.03464315721731094,0.09366558912437345,0.10813516603382438,0.10090037757909892,0.0935842655022975,0.10718665533459669,0.10038546041844709
sub-043,8,1,0.103634674478262,0.1177604897740711,-0.0136782994826977,0.1314387892567689,0.1230293646745166,0.0471988049747615,0.0758305596997551,0.103634674478262,0.84375,32,2,"envelope,onset",data/processed/env_onset/sub-043_mtrf_env_onset.npz,-0.5,0.0,0.05,hamming,1,,l2,1,True,mean,"1.0,1.0",results_env_onset\sub-043\sub-043_backward_mtrf_env_onset.summary.json,results_env_onset\sub-043\sub-043_backward_mtrf_env_onset.trial_results.csv,nh,NH,0,0.11830941355302996,-0.01367915262961658,0.12365579704958962,0.04723390058385961,0.13198856618264654,0.07642189646573001,0.10420523132418827,0.1314387892567688,0.0758305596997551,0.10363467447826195
sub-043,9,1,0.0676398279072703,0.0935971114188425,0.0220206061837686,0.0715765052350739,0.1297696215223553,0.0660664709428886,0.0637031505794667,0.0676398279072703,0.84375,32,2,"envelope,onset",data/processed/env_onset/sub-043_mtrf_env_onset.npz,-0.5,0.0,0.05,hamming,1,,l2,1,True,mean,"1.0,1.0",results_env_onset\sub-043\sub-043_backward_mtrf_env_onset.summary.json,results_env_onset\sub-043\sub-043_backward_mtrf_env_onset.trial_results.csv,nh,NH,0,0.09387187373719405,0.022024166535760704,0.13050551835985696,0.06616284529984738,0.07184770720143335,0.06434267306000958,0.06809519013072146,0.0715765052350739,0.0637031505794667,0.0676398279072703
sub-043,10,1,0.0179999841183637,0.0989321086455347,0.0259032521001178,0.0730288565454169,0.0586781159006165,0.095707004209306,-0.0370288883086894,0.0179999841183637,0.84375,32,2,"envelope,onset",data/processed/env_onset/sub-043_mtrf_env_onset.npz,-0.5,0.0,0.05,hamming,1,,l2,1,True,mean,"1.0,1.0",results_env_onset\sub-043\sub-043_backward_mtrf_env_onset.summary.json,results_env_onset\sub-043\sub-043_backward_mtrf_env_onset.trial_results.csv,nh,NH,0,0.09925678551912555,0.025909047941776314,0.058745600660453805,0.09600084078745469,0.07334773757734923,-0.037255240127000884,0.018046248725174175,0.0730288565454169,-0.0370288883086895,0.017999984118363697
sub-043,11,1,0.0670482050354891,0.0906946427711988,0.0266245318121708,0.064070110959028,0.094581107367494,0.0245548082555437,0.0700262991119502,0.0670482050354891,0.84375,32,2,"envelope,onset",data/processed/env_onset/sub-043_mtrf_env_onset.npz,-0.5,0.0,0.05,hamming,1,,l2,1,True,mean,"1.0,1.0",results_env_onset\sub-043\sub-043_backward_mtrf_env_onset.summary.json,results_env_onset\sub-043\sub-043_backward_mtrf_env_onset.trial_results.csv,nh,NH,0,0.0909445474385126,0.026630825561650345,0.09486465865593263,0.024559745055592802,0.06431372187686225,0.07030491360033983,0.06730931773860105,0.06407011095902801,0.0700262991119503,0.06704820503548915
sub-043,12,0,-0.0191422652519126,0.0359590253714385,0.0210755295084989,0.0148834958629396,0.0186067020333954,0.0717747284001604,-0.053168026366765,-0.0191422652519126,0.84375,32,2,"envelope,onset",data/processed/env_onset/sub-043_mtrf_env_onset.npz,-0.5,0.0,0.05,hamming,1,,l2,1,True,mean,"1.0,1.0",results_env_onset\sub-043\sub-043_backward_mtrf_env_onset.summary.json,results_env_onset\sub-043\sub-043_backward_mtrf_env_onset.trial_results.csv,nh,NH,0,0.0359745363644253,0.021078650768833848,0.01860884975102006,0.07189836261705052,0.014895885595591449,-0.05328951286603045,-0.019196813635219502,0.014883495862939598,-0.053168026366765,-0.0191422652519127
sub-043,13,0,-0.0298396985998093,0.0649502478173163,0.0791499443903192,-0.0141996965730029,0.0404982392467971,0.0859779398734128,-0.0454797006266157,-0.0298396985998093,0.84375,32,2,"envelope,onset",data/processed/env_onset/sub-043_mtrf_env_onset.npz,-0.5,0.0,0.05,hamming,1,,l2,1,True,mean,"1.0,1.0",results_env_onset\sub-043\sub-043_backward_mtrf_env_onset.summary.json,results_env_onset\sub-043\sub-043_backward_mtrf_env_onset.trial_results.csv,nh,NH,0,0.06504181131210726,0.07931585237142617,0.04052040154706994,0.0861907400633578,-0.014274041059318912,-0.045670338516287864,-0.02997218978780339,-0.014199696573002893,-0.0454797006266157,-0.029839698599809297
sub-043,14,1,0.0005307093162906,0.0236046808829507,0.035705185359913,-0.0121005044769623,0.0901274588854486,0.076965535775905,0.0131619231095435,0.0005307093162906,0.84375,32,2,"envelope,onset",data/processed/env_onset/sub-043_mtrf_env_onset.npz,-0.5,0.0,0.05,hamming,1,,l2,1,True,mean,"1.0,1.0",results_env_onset\sub-043\sub-043_backward_mtrf_env_onset.summary.json,results_env_onset\sub-043\sub-043_backward_mtrf_env_onset.trial_results.csv,nh,NH,0,0.02360906637540018,0.035720370017245415,0.09037268907625587,0.07711805163807968,-0.012111303641845234,0.01325463743817619,0.0005716668981654779,-0.012100504476962301,0.013161923109543602,0.0005307093162906507
sub-043,15,1,0.0514556988609612,0.0976391339345852,0.052888426625587,0.0447507073089981,0.0980339804233849,0.0398732900104606,0.0581606904129243,0.0514556988609612,0.84375,32,2,"envelope,onset",data/processed/env_onset/sub-043_mtrf_env_onset.npz,-0.5,0.0,0.05,hamming,1,,l2,1,True,mean,"1.0,1.0",results_env_onset\sub-043\sub-043_backward_mtrf_env_onset.summary.json,results_env_onset\sub-043\sub-043_backward_mtrf_env_onset.trial_results.csv,nh,NH,0,0.0979511985665168,0.05293782247010762,0.09834986105481316,0.03989444142994039,0.04501337609640917,0.05845541962487277,0.05173439786064098,0.0447507073089982,0.0581606904129243,0.051455698860961255
sub-043,16,0,-0.0418042693919999,0.0100199641116697,0.1149021997174109,-0.1048822356057411,0.0835874854940818,0.0623137886723405,0.0212736968217412,-0.0418042693919999,0.84375,32,2,"envelope,onset",data/processed/env_onset/sub-043_mtrf_env_onset.npz,-0.5,0.0,0.05,hamming,1,,l2,1,True,mean,"1.0,1.0",results_env_onset\sub-043\sub-043_backward_mtrf_env_onset.summary.json,results_env_onset\sub-043\sub-043_backward_mtrf_env_onset.trial_results.csv,nh,NH,0,0.0100202994656044,0.11541190954654519,0.08378297724419709,0.062394632090836614,-0.10539161008094079,0.021388345153360473,-0.042001632463790156,-0.1048822356057412,0.02127369682174131,-0.041804269391999944
sub-043,17,1,0.1165943955771281,0.1041334851413429,-0.0265304314630013,0.1306639166043442,0.1435076458316155,0.0409827712817035,0.102524874549912,0.1165943955771281,0.84375,32,2,"envelope,onset",data/processed/env_onset/sub-043_mtrf_env_onset.npz,-0.5,0.0,0.05,hamming,1,,l2,1,True,mean,"1.0,1.0",results_env_onset\sub-043\sub-043_backward_mtrf_env_onset.summary.json,results_env_onset\sub-043\sub-043_backward_mtrf_env_onset.trial_results.csv,nh,NH,0,0.10451235352900168,-0.026536658696466008,0.14450515444487866,0.041005739149436435,0.1310490122254677,0.10349941529544222,0.11727421376045497,0.1306639166043442,0.10252487454991199,0.1165943955771281
sub-043,18,1,0.1349294130451341,0.1758855997008303,0.0211660188852906,0.1547195808155396,0.1668136102664265,0.0516743649916978,0.1151392452747287,0.1349294130451341,0.84375,32,2,"envelope,onset",data/processed/env_onset/sub-043_mtrf_env_onset.npz,-0.5,0.0,0.05,hamming,1,,l2,1,True,mean,"1.0,1.0",results_env_onset\sub-043\sub-043_backward_mtrf_env_onset.summary.json,results_env_onset\sub-043\sub-043_backward_mtrf_env_onset.trial_results.csv,nh,NH,0,0.17773374448670948,0.021169180529846225,0.16838726410749452,0.05172043314080637,0.15656456395686325,0.11666683096668815,0.1366156974617757,0.1547195808155397,0.11513924527472869,0.13492941304513417
sub-043,19,1,0.0673329796460478,0.0798661184488614,0.0038527358835584,0.0760133825653029,0.0716510863582918,0.012998509631499,0.0586525767267927,0.0673329796460478,0.84375,32,2,"envelope,onset",data/processed/env_onset/sub-043_mtrf_env_onset.npz,-0.5,0.0,0.05,hamming,1,,l2,1,True,mean,"1.0,1.0",results_env_onset\sub-043\sub-043_backward_mtrf_env_onset.summary.json,results_env_onset\sub-043\sub-043_backward_mtrf_env_onset.trial_results.csv,nh,NH,0,0.08003658257705581,0.00385275494651797,0.0717740814290487,0.012999241787213933,0.07618382763053784,0.05877483964183477,0.0674793336361863,0.076013382565303,0.058652576726792804,0.0673329796460479
sub-043,20,1,0.0688327332388531,0.1298951251244269,0.0029279087803942,0.1269672163440327,0.0840468884816345,0.073348638347961,0.0106982501336734,0.0688327332388531,0.84375,32,2,"envelope,onset",data/processed/env_onset/sub-043_mtrf_env_onset.npz,-0.5,0.0,0.05,hamming,1,,l2,1,True,mean,"1.0,1.0",results_env_onset\sub-043\sub-043_backward_mtrf_env_onset.summary.json,results_env_onset\sub-043\sub-043_backward_mtrf_env_onset.trial_results.csv,nh,NH,0,0.13063317377867467,0.0029279171470828007,0.08424563052786999,0.073480603710868,0.12770525663159188,0.01076502681700199,0.06923514172429693,0.1269672163440327,0.010698250133673495,0.06883273323885311
sub-043,21,1,0.1757931965287821,0.1804463710760264,-0.0307451365388741,0.2111915076149005,0.1655432028349662,0.0251483173923025,0.1403948854426637,0.1757931965287821,0.84375,32,2,"envelope,onset",data/processed/env_onset/sub-043_mtrf_env_onset.npz,-0.5,0.0,0.05,hamming,1,,l2,1,True,mean,"1.0,1.0",results_env_onset\sub-043\sub-043_backward_mtrf_env_onset.summary.json,results_env_onset\sub-043\sub-043_backward_mtrf_env_onset.trial_results.csv,nh,NH,0,0.1824440447149895,-0.030754829454529276,0.1670807775096077,0.025153620987707057,0.2131988741695188,0.14192715652190063,0.17756301534570973,0.2111915076149005,0.1403948854426637,0.17579319652878211
sub-043,22,1,0.0707159391132563,0.1178707069797312,0.0307585589232455,0.0871121480564857,0.1283016638404675,0.0739819336704405,0.054319730170027,0.0707159391132563,0.84375,32,2,"envelope,onset",data/processed/env_onset/sub-043_mtrf_env_onset.npz,-0.5,0.0,0.05,hamming,1,,l2,1,True,mean,"1.0,1.0",results_env_onset\sub-043\sub-043_backward_mtrf_env_onset.summary.json,results_env_onset\sub-043\sub-043_backward_mtrf_env_onset.trial_results.csv,nh,NH,0,0.11842118216472544,0.030768264544144552,0.12901270475094567,0.07411735443022253,0.08765291762058089,0.05489535032072314,0.07127413397065202,0.0871121480564857,0.05431973017002702,0.07071593911325635
sub-043,23,1,0.0907991957924172,0.0837229184583038,-0.0389905493286973,0.1227134677870011,0.1110520617391639,0.0521671379413307,0.0588849237978332,0.0907991957924172,0.84375,32,2,"envelope,onset",data/processed/env_onset/sub-043_mtrf_env_onset.npz,-0.5,0.0,0.05,hamming,1,,l2,1,True,mean,"1.0,1.0",results_env_onset\sub-043\sub-043_backward_mtrf_env_onset.summary.json,results_env_onset\sub-043\sub-043_backward_mtrf_env_onset.trial_results.csv,nh,NH,0,0.08391936467416626,-0.03901032600029045,0.111511988565106,0.05221453809109689,0.12292969067445672,0.059297450474009104,0.09111357057423292,0.1227134677870011,0.0588849237978332,0.09079919579241715
sub-043,24,1,0.0381476889869125,0.0868731780451712,0.0065399654886565,0.0803332125565146,0.0711956933909043,0.0752335279735939,-0.0040378345826896,0.0381476889869125,0.84375,32,2,"envelope,onset",data/processed/env_onset/sub-043_mtrf_env_onset.npz,-0.5,0.0,0.05,hamming,1,,l2,1,True,mean,"1.0,1.0",results_env_onset\sub-043\sub-043_backward_mtrf_env_onset.summary.json,results_env_onset\sub-043\sub-043_backward_mtrf_env_onset.trial_results.csv,nh,NH,0,0.08709271549190872,0.006540058731661281,0.07131635344554196,0.0753759546648281,0.08055265676024745,-0.004059601219286141,0.038246527770480654,0.0803332125565147,-0.004037834582689595,0.03814768898691255
sub-043,25,0,-0.0085570171182551,0.0361137416230217,0.086580668009409,-0.0504669263863873,0.0892065050801148,0.0558536129302377,0.033352892149877,-0.0085570171182551,0.84375,32,2,"envelope,onset",data/processed/env_onset/sub-043_mtrf_env_onset.npz,-0.5,0.0,0.05,hamming,1,,l2,1,True,mean,"1.0,1.0",results_env_onset\sub-043\sub-043_backward_mtrf_env_onset.summary.json,results_env_onset\sub-043\sub-043_backward_mtrf_env_onset.trial_results.csv,nh,NH,0,0.03612945379533819,0.08679798864858805,0.08944427056266832,0.05591180268309847,-0.05066853485324986,0.03353246787956985,-0.008568033486840005,-0.0504669263863873,0.03335289214987709,-0.008557017118255104
sub-043,26,1,0.0921222795708284,0.074203562983477,-0.0703266094723902,0.1445301724558673,0.08200697005597,0.0422925833701805,0.0397143866857895,0.0921222795708284,0.84375,32,2,"envelope,onset",data/processed/env_onset/sub-043_mtrf_env_onset.npz,-0.5,0.0,0.05,hamming,1,,l2,1,True,mean,"1.0,1.0",results_env_onset\sub-043\sub-043_backward_mtrf_env_onset.summary.json,results_env_onset\sub-043\sub-043_backward_mtrf_env_onset.trial_results.csv,nh,NH,0,0.07434020714662751,-0.07044289594647989,0.08219155163689716,0.042317826187078064,0.14478310309310738,0.0398737254498191,0.09232841427146324,0.1445301724558672,0.039714386685789506,0.09212227957082834
sub-043,27,1,0.0985429992268095,0.1143602636841086,-0.009432982444772,0.1237932461288806,0.0649460309643975,-0.0083467213603408,0.0732927523247383,0.0985429992268095,0.84375,32,2,"envelope,onset",data/processed/env_onset/sub-043_mtrf_env_onset.npz,-0.5,0.0,0.05,hamming,1,,l2,1,True,mean,"1.0,1.0",results_env_onset\sub-043\sub-043_backward_mtrf_env_onset.summary.json,results_env_onset\sub-043\sub-043_backward_mtrf_env_onset.trial_results.csv,nh,NH,0,0.11486275746540667,-0.00943326224561018,0.06503757659605167,-0.008346915200896652,0.12429601971101685,0.07338449179694832,0.09884025575398259,0.12379324612888061,0.0732927523247383,0.09854299922680945
sub-043,28,1,0.0609837796357204,0.1283878151474961,0.0448241549171098,0.0835636602303862,0.0839365619622202,0.0455326629211656,0.0384038990410546,0.0609837796357204,0.84375,32,2,"envelope,onset",data/processed/env_onset/sub-043_mtrf_env_onset.npz,-0.5,0.0,0.05,hamming,1,,l2,1,True,mean,"1.0,1.0",results_env_onset\sub-043\sub-043_backward_mtrf_env_onset.summary.json,results_env_onset\sub-043\sub-043_backward_mtrf_env_onset.trial_results.csv,nh,NH,0,0.12910029894214825,0.04485421146265488,0.08413452016809507,0.045564168582058494,0.08424608747949337,0.038570351586036576,0.06140821953276497,0.08356366023038628,0.0384038990410546,0.060983779635720436
sub-043,29,1,0.0808651077561003,0.1547542157203074,0.0278207695443997,0.1269334461759077,0.1111367880076428,0.0763400186713499,0.0347967693362929,0.0808651077561003,0.84375,32,2,"envelope,onset",data/processed/env_onset/sub-043_mtrf_env_onset.npz,-0.5,0.0,0.05,hamming,1,,l2,1,True,mean,"1.0,1.0",results_env_onset\sub-043\sub-043_backward_mtrf_env_onset.summary.json,results_env_onset\sub-043\sub-043_backward_mtrf_env_onset.trial_results.csv,nh,NH,0,0.15600767301775256,0.027827950593750067,0.11159777358994802,0.07648883747140225,0.1281797224240025,0.035108936118545764,0.08164432927127413,0.12693344617590768,0.0347967693362929,0.08086510775610029
sub-043,30,0,-0.0024276563521906,0.1346941102130133,0.0621757935797217,0.0725183166332915,0.0909099584973149,0.1682835878349877,-0.0773736293376727,-0.0024276563521906,0.84375,32,2,"envelope,onset",data/processed/env_onset/sub-043_mtrf_env_onset.npz,-0.5,0.0,0.05,hamming,1,,l2,1,True,mean,"1.0,1.0",results_env_onset\sub-043\sub-043_backward_mtrf_env_onset.summary.json,results_env_onset\sub-043\sub-043_backward_mtrf_env_onset.trial_results.csv,nh,NH,0,0.13551765647036446,0.06225610026835901,0.09116165321517275,0.16989969988315304,0.07326155620200545,-0.07873804666798029,-0.0027382452329874213,0.07251831663329161,-0.0773736293376728,-0.0024276563521905964
sub-043,31,1,0.0268360227854082,0.0901848896132742,0.0696755520097317,0.0205093376035424,0.0874465548035787,0.0542838468363047,0.0331627079672739,0.0268360227854082,0.84375,32,2,"envelope,onset",data/processed/env_onset/sub-043_mtrf_env_onset.npz,-0.5,0.0,0.05,hamming,1,,l2,1,True,mean,"1.0,1.0",results_env_onset\sub-043\sub-043_backward_mtrf_env_onset.summary.json,results_env_onset\sub-043\sub-043_backward_mtrf_env_onset.trial_results.csv,nh,NH,0,0.09043059043419566,0.06978863247022875,0.08767048146361188,0.05433726136298821,0.02064195796396691,0.03333322010062367,0.02698758903229529,0.020509337603542496,0.033162707967274,0.026836022785408246
sub-044,0,1,0.2844481115052119,0.2077805261362887,-0.047245019738604,0.2550255458748928,0.2236094536302045,-0.0902612235053264,0.313870677135531,0.2844481115052119,1.0,32,2,"envelope,onset",data/processed/env_onset/sub-044_mtrf_env_onset.npz,-0.5,0.0,0.05,hamming,1,,l2,1,True,mean,"1.0,1.0",results_env_onset\sub-044\sub-044_backward_mtrf_env_onset.summary.json,results_env_onset\sub-044\sub-044_backward_mtrf_env_onset.trial_results.csv,nh,NH,0,0.21085060571820408,-0.04728021863274481,0.22745233167093434,-0.09050755079904338,0.25813082435094886,0.31795988246997775,0.28804535341046333,0.2550255458748927,0.3138706771355309,0.28444811150521176
sub-044,1,1,0.1672958474532465,0.140836730784884,-0.0190116112752035,0.1598483420600875,0.1631344051046324,-0.011608947741773,0.1747433528464055,0.1672958474532465,1.0,32,2,"envelope,onset",data/processed/env_onset/sub-044_mtrf_env_onset.npz,-0.5,0.0,0.05,hamming,1,,l2,1,True,mean,"1.0,1.0",results_env_onset\sub-044\sub-044_backward_mtrf_env_onset.summary.json,results_env_onset\sub-044\sub-044_backward_mtrf_env_onset.trial_results.csv,nh,NH,0,0.14177913683769952,-0.01901390229963244,0.16460511770464767,-0.011609469287549913,0.16079303913733195,0.17621458699219758,0.16850381306476475,0.15984834206008752,0.1747433528464054,0.16729584745324647
sub-044,2,1,0.1242133849884261,0.1386565921893017,0.0005123454345445,0.1381442467547571,0.1306994428241652,0.0204169196020701,0.110282523222095,0.1242133849884261,1.0,32,2,"envelope,onset",data/processed/env_onset/sub-044_mtrf_env_onset.npz,-0.5,0.0,0.05,hamming,1,,l2,1,True,mean,"1.0,1.0",results_env_onset\sub-044\sub-044_backward_mtrf_env_onset.summary.json,results_env_onset\sub-044\sub-044_backward_mtrf_env_onset.trial_results.csv,nh,NH,0,0.13955557302582647,0.0005123454793743644,0.13145138256893094,0.020419757246931486,0.1390432275464521,0.11103162532199945,0.12503742643422577,0.1381442467547572,0.11028252322209511,0.12421338498842616
sub-044,3,1,0.2255092479810375,0.1182577682170296,-0.1351784846091831,0.2534362528262128,0.1175914193910091,-0.0799908237448529,0.1975822431358621,0.2255092479810375,1.0,32,2,"envelope,onset",data/processed/env_onset/sub-044_mtrf_env_onset.npz,-0.5,0.0,0.05,hamming,1,,l2,1,True,mean,"1.0,1.0",results_env_onset\sub-044\sub-044_backward_mtrf_env_onset.summary.json,results_env_onset\sub-044\sub-044_backward_mtrf_env_onset.trial_results.csv,nh,NH,0,0.11881371498666032,-0.1360110138312009,0.11813796906971699,-0.08016208968295233,0.2548247288178612,0.19830005875266932,0.22656239378526527,0.25343625282621274,0.197582243135862,0.2255092479810374
sub-044,4,1,0.1747394156770772,0.1062730717133162,-0.0704610507455426,0.1767341224588588,0.1641949413823434,-0.0085497675129521,0.1727447088952956,0.1747394156770772,1.0,32,2,"envelope,onset",data/processed/env_onset/sub-044_mtrf_env_onset.npz,-0.5,0.0,0.05,hamming,1,,l2,1,True,mean,"1.0,1.0",results_env_onset\sub-044\sub-044_backward_mtrf_env_onset.summary.json,results_env_onset\sub-044\sub-044_backward_mtrf_env_onset.trial_results.csv,nh,NH,0,0.10667588636005065,-0.0705780067331479,0.16569484363090986,-0.008549975847219612,0.17725389309319856,0.17424481947812948,0.17574935628566402,0.17673412245885878,0.1727447088952955,0.17473941567707713
sub-044,5,1,0.0928742476170163,0.1002561826740834,-0.0176603096795938,0.1179164923536772,0.1103808672134857,0.0425488643331304,0.0678320028803553,0.0928742476170163,1.0,32,2,"envelope,onset",data/processed/env_onset/sub-044_mtrf_env_onset.npz,-0.5,0.0,0.05,hamming,1,,l2,1,True,mean,"1.0,1.0",results_env_onset\sub-044\sub-044_backward_mtrf_env_onset.summary.json,results_env_onset\sub-044\sub-044_backward_mtrf_env_onset.trial_results.csv,nh,NH,0,0.10059412481109813,-0.017662146027527238,0.11083246431227997,0.042574569165005245,0.11825627083862536,0.06825789514727473,0.09325708299295005,0.1179164923536772,0.06783200288035529,0.09287424761701624
sub-044,6,1,0.2278702538698336,0.2560792520862229,-0.006929152610542,0.263008404696765,0.2095499896969272,0.0168178866540249,0.1927321030429023,0.2278702538698336,1.0,32,2,"envelope,onset",data/processed/env_onset/sub-044_mtrf_env_onset.npz,-0.5,0.0,0.05,hamming,1,,l2,1,True,mean,"1.0,1.0",results_env_onset\sub-044\sub-044_backward_mtrf_env_onset.summary.json,results_env_onset\sub-044\sub-044_backward_mtrf_env_onset.trial_results.csv,nh,NH,0,0.2619079681471343,-0.0069292635105649945,0.21270062174866852,0.016819472520868798,0.2688372316576993,0.19588114922779973,0.2323591904427495,0.2630084046967649,0.1927321030429023,0.22787025386983362
sub-044,7,1,0.1930500793473134,0.1345740800370672,-0.0275587761714499,0.1621328562085172,0.1717277481539102,-0.0522395543321995,0.2239673024861097,0.1930500793473134,1.0,32,2,"envelope,onset",data/processed/env_onset/sub-044_mtrf_env_onset.npz,-0.5,0.0,0.05,hamming,1,,l2,1,True,mean,"1.0,1.0",results_env_onset\sub-044\sub-044_backward_mtrf_env_onset.summary.json,results_env_onset\sub-044\sub-044_backward_mtrf_env_onset.trial_results.csv,nh,NH,0,0.13539541042085623,-0.027565756188678476,0.1734463697186231,-0.052287152369656205,0.16296116660953472,0.2257335220882793,0.194347344348907,0.16213285620851708,0.2239673024861097,0.19305007934731339
sub-044,8,1,0.1481543033745868,0.2246091870466641,0.0458820056711562,0.1787271813755078,0.2256296568462401,0.1080482314725743,0.1175814253736657,0.1481543033745868,1.0,32,2,"envelope,onset",data/processed/env_onset/sub-044_mtrf_env_onset.npz,-0.5,0.0,0.05,hamming,1,,l2,1,True,mean,"1.0,1.0",results_env_onset\sub-044\sub-044_backward_mtrf_env_onset.summary.json,results_env_onset\sub-044\sub-044_backward_mtrf_env_onset.trial_results.csv,nh,NH,0,0.22850493203362748,0.04591424269661934,0.2295798789151251,0.10847166830460224,0.18259068933700814,0.12110821061052286,0.1518494499737655,0.17872718137550792,0.1175814253736658,0.14815430337458685
sub-044,9,1,0.1804577814819718,0.1961286097156122,0.0386578284457891,0.157470781269823,0.2760634456660097,0.0726186639718891,0.2034447816941206,0.1804577814819718,1.0,32,2,"envelope,onset",data/processed/env_onset/sub-044_mtrf_env_onset.npz,-0.5,0.0,0.05,hamming,1,,l2,1,True,mean,"1.0,1.0",results_env_onset\sub-044\sub-044_backward_mtrf_env_onset.summary.json,results_env_onset\sub-044\sub-044_backward_mtrf_env_onset.trial_results.csv,nh,NH,0,0.19870308394277644,0.038677102841142855,0.2834157142834916,0.072746720187748,0.16002598110163357,0.2106689940957436,0.18534748759868858,0.15747078126982308,0.2034447816941206,0.18045778148197184
sub-044,10,1,0.19041429424818,0.2018227710263743,-0.0353729747097393,0.2371957457361136,0.1348968616690262,-0.0087359810912203,0.1436328427602465,0.19041429424818,1.0,32,2,"envelope,onset",data/processed/env_onset/sub-044_mtrf_env_onset.npz,-0.5,0.0,0.05,hamming,1,,l2,1,True,mean,"1.0,1.0",results_env_onset\sub-044\sub-044_backward_mtrf_env_onset.summary.json,results_env_onset\sub-044\sub-044_backward_mtrf_env_onset.trial_results.csv,nh,NH,0,0.20463199745884353,-0.035387739242610516,0.13572416006083102,-0.008736203337084802,0.24001973670145405,0.14446036339791582,0.19224005004968492,0.2371957457361136,0.14363284276024652,0.19041429424818007
sub-044,11,1,0.1663491278422581,0.1928339286009341,0.0185166948801649,0.1743172337207691,0.1989775032609396,0.0405964812971924,0.1583810219637471,0.1663491278422581,1.0,32,2,"envelope,onset",data/processed/env_onset/sub-044_mtrf_env_onset.npz,-0.5,0.0,0.05,hamming,1,,l2,1,True,mean,"1.0,1.0",results_env_onset\sub-044\sub-044_backward_mtrf_env_onset.summary.json,results_env_onset\sub-044\sub-044_backward_mtrf_env_onset.trial_results.csv,nh,NH,0,0.1952788859250678,0.018518811576277626,0.201667679721329,0.04061880538215114,0.17676007434879018,0.16104887433917786,0.16890447434398403,0.17431723372076918,0.1583810219637472,0.1663491278422582
sub-044,12,1,0.228109973012854,0.2123742051189806,-0.0448510545908798,0.2572252597098605,0.2195673335068223,0.0205726471909747,0.1989946863158476,0.228109973012854,1.0,32,2,"envelope,onset",data/processed/env_onset/sub-044_mtrf_env_onset.npz,-0.5,0.0,0.05,hamming,1,,l2,1,True,mean,"1.0,1.0",results_env_onset\sub-044\sub-044_backward_mtrf_env_onset.summary.json,results_env_onset\sub-044\sub-044_backward_mtrf_env_onset.trial_results.csv,nh,NH,0,0.2156563857998423,-0.04488116532476199,0.22320148181654081,0.02057555027485456,0.2605375511246043,0.20262593154168626,0.2315817413331453,0.25722525970986043,0.1989946863158476,0.22810997301285402
sub-044,13,1,0.0811625440344462,0.0988949318195856,0.0258108455017371,0.0730840863178484,0.1256343536779551,0.0363933519269112,0.0892410017510439,0.0811625440344462,1.0,32,2,"envelope,onset",data/processed/env_onset/sub-044_mtrf_env_onset.npz,-0.5,0.0,0.05,hamming,1,,l2,1,True,mean,"1.0,1.0",results_env_onset\sub-044\sub-044_backward_mtrf_env_onset.summary.json,results_env_onset\sub-044\sub-044_backward_mtrf_env_onset.trial_results.csv,nh,NH,0,0.09921924136550989,0.025816579520147553,0.12630168892790689,0.03640943208202622,0.07340266184536233,0.08989225684588067,0.08164745934562151,0.0730840863178485,0.08924100175104391,0.0811625440344462
sub-044,14,1,0.1683102579959941,0.1514946077591905,-0.0482435285800718,0.1997381363392624,0.1420022511907891,0.0051198715380633,0.1368823796527258,0.1683102579959941,1.0,32,2,"envelope,onset",data/processed/env_onset/sub-044_mtrf_env_onset.npz,-0.5,0.0,0.05,hamming,1,,l2,1,True,mean,"1.0,1.0",results_env_onset\sub-044\sub-044_backward_mtrf_env_onset.summary.json,results_env_onset\sub-044\sub-044_backward_mtrf_env_onset.trial_results.csv,nh,NH,0,0.15266979838558034,-0.04828100887520828,0.14296844288268704,0.0051199162746421115,0.20095080726078862,0.13784852660804492,0.16939966693441677,0.1997381363392623,0.13688237965272582,0.16831025799599406
sub-044,15,1,0.0516739408765457,0.1045929274171801,0.0575798386205332,0.0470130887966468,0.1644640124290702,0.1081292194726255,0.0563347929564446,0.0516739408765457,1.0,32,2,"envelope,onset",data/processed/env_onset/sub-044_mtrf_env_onset.npz,-0.5,0.0,0.05,hamming,1,,l2,1,True,mean,"1.0,1.0",results_env_onset\sub-044\sub-044_backward_mtrf_env_onset.summary.json,results_env_onset\sub-044\sub-044_backward_mtrf_env_onset.trial_results.csv,nh,NH,0,0.10497685501436185,0.05764359963086555,0.16597138238083517,0.10855361368674157,0.0473332553834963,0.057417768694093596,0.05237551203879495,0.047013088796646896,0.05633479295644468,0.05167394087654579
sub-044,16,1,0.0995744017343615,0.1638985617119955,0.0528574462930567,0.1110411154189388,0.1622513694402655,0.0741436813904812,0.0881076880497843,0.0995744017343615,1.0,32,2,"envelope,onset",data/processed/env_onset/sub-044_mtrf_env_onset.npz,-0.5,0.0,0.05,hamming,1,,l2,1,True,mean,"1.0,1.0",results_env_onset\sub-044\sub-044_backward_mtrf_env_onset.summary.json,results_env_onset\sub-044\sub-044_backward_mtrf_env_onset.trial_results.csv,nh,NH,0,0.1653902674047139,0.052906755287793754,0.16369807344251738,0.07427999427889967,0.11248351211692015,0.08941807916361771,0.10095079564026893,0.1110411154189388,0.08810768804978429,0.09957440173436155
sub-044,17,1,0.0629256312755216,0.1439636075735849,0.0978180673304143,0.0461455402431705,0.1693781832537338,0.0896724609458611,0.0797057223078726,0.0629256312755216,1.0,32,2,"envelope,onset",data/processed/env_onset/sub-044_mtrf_env_onset.npz,-0.5,0.0,0.05,hamming,1,,l2,1,True,mean,"1.0,1.0",results_env_onset\sub-044\sub-044_backward_mtrf_env_onset.summary.json,results_env_onset\sub-044\sub-044_backward_mtrf_env_onset.trial_results.csv,nh,NH,0,0.14497073505866367,0.0981318574137052,0.17102641105398858,0.08991398387175303,0.046838877644958476,0.08111242718223555,0.06397565241359701,0.046145540243170594,0.0797057223078727,0.06292563127552164
sub-044,18,1,0.1011818203654651,0.1065735665147051,0.0285799496185109,0.0779936168961941,0.1352265034731306,0.0108564796383945,0.124370023834736,0.1011818203654651,1.0,32,2,"envelope,onset",data/processed/env_onset/sub-044_mtrf_env_onset.npz,-0.5,0.0,0.05,hamming,1,,l2,1,True,mean,"1.0,1.0",results_env_onset\sub-044\sub-044_backward_mtrf_env_onset.summary.json,results_env_onset\sub-044\sub-044_backward_mtrf_env_onset.trial_results.csv,nh,NH,0,0.10697982353280161,0.028587734930774527,0.13605992681044934,0.010856906194856613,0.07839208860202708,0.12520302061559274,0.1017975546088099,0.0779936168961942,0.12437002383473608,0.10118182036546514
sub-044,19,1,0.2017186726792096,0.240918812884523,-0.0043078727448288,0.2452266856293518,0.1892878488865549,0.0310771891574875,0.1582106597290674,0.2017186726792096,1.0,32,2,"envelope,onset",data/processed/env_onset/sub-044_mtrf_env_onset.npz,-0.5,0.0,0.05,hamming,1,,l2,1,True,mean,"1.0,1.0",results_env_onset\sub-044\sub-044_backward_mtrf_env_onset.summary.json,results_env_onset\sub-044\sub-044_backward_mtrf_env_onset.trial_results.csv,nh,NH,0,0.24574931238563552,-0.004307899393292585,0.19159845017414168,0.03108719965593192,0.2500572117789281,0.16051125051820975,0.20528423114856892,0.2452266856293518,0.1582106597290674,0.2017186726792096
sub-044,20,1,0.1919283759549735,0.1729743615641173,-0.0109543963727541,0.1839287579368714,0.2020616204901611,0.0021336265170854,0.1999279939730757,0.1919283759549735,1.0,32,2,"envelope,onset",data/processed/env_onset/sub-044_mtrf_env_onset.npz,-0.5,0.0,0.05,hamming,1,,l2,1,True,mean,"1.0,1.0",results_env_onset\sub-044\sub-044_backward_mtrf_env_onset.summary.json,results_env_onset\sub-044\sub-044_backward_mtrf_env_onset.trial_results.csv,nh,NH,0,0.1747311474930561,-0.010954834575777589,0.2048810014695303,0.0021336297547744176,0.1856859820688337,0.2027473717147559,0.19421667689179478,0.1839287579368714,0.1999279939730757,0.19192837595497356
sub-044,21,1,0.1904478636028478,0.2487272239886092,0.0679372373166623,0.1807899866719468,0.2807830848615808,0.0806773443278319,0.2001057405337489,0.1904478636028478,1.0,32,2,"envelope,onset",data/processed/env_onset/sub-044_mtrf_env_onset.npz,-0.5,0.0,0.05,hamming,1,,l2,1,True,mean,"1.0,1.0",results_env_onset\sub-044\sub-044_backward_mtrf_env_onset.summary.json,results_env_onset\sub-044\sub-044_backward_mtrf_env_onset.trial_results.csv,nh,NH,0,0.25405564393618646,0.06804204844137475,0.28853197631815414,0.08085306957747836,0.18601359549481172,0.2076789067406758,0.19684625111774376,0.1807899866719469,0.2001057405337489,0.1904478636028479
sub-044,22,1,0.1815514617557354,0.0979363184529711,-0.0607019112132537,0.1586382296662248,0.1992132781151732,-0.0052514157300726,0.2044646938452458,0.1815514617557354,1.0,32,2,"envelope,onset",data/processed/env_onset/sub-044_mtrf_env_onset.npz,-0.5,0.0,0.05,hamming,1,,l2,1,True,mean,"1.0,1.0",results_env_onset\sub-044\sub-044_backward_mtrf_env_onset.summary.json,results_env_onset\sub-044\sub-044_backward_mtrf_env_onset.trial_results.csv,nh,NH,0,0.09825125233315479,-0.06077663303684217,0.20191318620203902,-0.005251464004277952,0.15902788536999696,0.20716465020631697,0.18309626778815696,0.1586382296662248,0.2044646938452458,0.18155146175573528
sub-044,23,1,0.2532091271881563,0.2612589791326289,-0.0294740636886915,0.2907330428213205,0.2387767874780895,0.0230915759230973,0.2156852115549922,0.2532091271881563,1.0,32,2,"envelope,onset",data/processed/env_onset/sub-044_mtrf_env_onset.npz,-0.5,0.0,0.05,hamming,1,,l2,1,True,mean,"1.0,1.0",results_env_onset\sub-044\sub-044_backward_mtrf_env_onset.summary.json,results_env_onset\sub-044\sub-044_backward_mtrf_env_onset.trial_results.csv,nh,NH,0,0.26745913836164703,-0.029482603047219755,0.243476540207351,0.023095681540165232,0.2969417414088668,0.22038085866718576,0.2586613000380263,0.2907330428213204,0.2156852115549922,0.2532091271881563
sub-044,24,1,0.1387794875860467,0.1100114479896858,-0.0117905307339081,0.121801978723594,0.1754435901157855,0.019686593667286,0.1557569964484995,0.1387794875860467,1.0,32,2,"envelope,onset",data/processed/env_onset/sub-044_mtrf_env_onset.npz,-0.5,0.0,0.05,hamming,1,,l2,1,True,mean,"1.0,1.0",results_env_onset\sub-044\sub-044_backward_mtrf_env_onset.summary.json,results_env_onset\sub-044\sub-044_backward_mtrf_env_onset.trial_results.csv,nh,NH,0,0.1104585040118596,-0.011791077139374996,0.17727766104777423,0.01968913751719477,0.12224958115123459,0.15758852353057945,0.139919052340907,0.1218019787235939,0.1557569964484995,0.1387794875860467
sub-044,25,1,0.2634971471548017,0.2354618341890957,-0.0354741980263172,0.2709360322154129,0.2357393751826595,-0.0203188869115309,0.2560582620941904,0.2634971471548017,1.0,32,2,"envelope,onset",data/processed/env_onset/sub-044_mtrf_env_onset.npz,-0.5,0.0,0.05,hamming,1,,l2,1,True,mean,"1.0,1.0",results_env_onset\sub-044\sub-044_backward_mtrf_env_onset.summary.json,results_env_onset\sub-044\sub-044_backward_mtrf_env_onset.trial_results.csv,nh,NH,0,0.23996409363316598,-0.03548908973696398,0.24025794566320433,-0.02032168387042792,0.27545318337013,0.26057962953363223,0.2680164064518811,0.2709360322154129,0.2560582620941904,0.26349714715480166
sub-044,26,1,0.1248320557717602,0.1613032729742115,-0.0050317990246179,0.1663350719988295,0.1226529514780998,0.0393239119334089,0.0833290395446909,0.1248320557717602,1.0,32,2,"envelope,onset",data/processed/env_onset/sub-044_mtrf_env_onset.npz,-0.5,0.0,0.05,hamming,1,,l2,1,True,mean,"1.0,1.0",results_env_onset\sub-044\sub-044_backward_mtrf_env_onset.summary.json,results_env_onset\sub-044\sub-044_backward_mtrf_env_onset.trial_results.csv,nh,NH,0,0.16272449653665993,-0.005031841491971931,0.12327361676698335,0.0393442005341666,0.16775633802863188,0.08392941623281674,0.1258428771307243,0.16633507199882938,0.0833290395446909,0.12483205577176014
sub-044,27,1,0.1564487255319207,0.1590012440028277,0.0189434367801796,0.1400578072226481,0.1841956893961003,0.0113560455549069,0.1728396438411933,0.1564487255319207,1.0,32,2,"envelope,onset",data/processed/env_onset/sub-044_mtrf_env_onset.npz,-0.5,0.0,0.05,hamming,1,,l2,1,True,mean,"1.0,1.0",results_env_onset\sub-044\sub-044_backward_mtrf_env_onset.summary.json,results_env_onset\sub-044\sub-044_backward_mtrf_env_onset.trial_results.csv,nh,NH,0,0.16036186795182394,0.018945703242936093,0.1863222846128946,0.011356533750358734,0.14141616470888785,0.17496575086253588,0.15819095778571185,0.1400578072226481,0.17283964384119338,0.15644872553192074
sub-044,28,1,0.0688199002629868,0.1171126166253878,0.0257119386456979,0.0914006779796899,0.136131588996509,0.0898924664502253,0.0462391225462837,0.0688199002629868,1.0,32,2,"envelope,onset",data/processed/env_onset/sub-044_mtrf_env_onset.npz,-0.5,0.0,0.05,hamming,1,,l2,1,True,mean,"1.0,1.0",results_env_onset\sub-044\sub-044_backward_mtrf_env_onset.summary.json,results_env_onset\sub-044\sub-044_backward_mtrf_env_onset.trial_results.csv,nh,NH,0,0.11765248038881214,0.025717606980968977,0.13698198641566206,0.09013577722907172,0.09193487340784316,0.04684620918659034,0.06939054129721675,0.0914006779796899,0.046239122546283706,0.0688199002629868
sub-044,29,1,0.1031853151900839,0.1240397744449245,0.0014714685794144,0.12256830586551,0.1290211556017617,0.0452188310871038,0.0838023245146579,0.1031853151900839,1.0,32,2,"envelope,onset",data/processed/env_onset/sub-044_mtrf_env_onset.npz,-0.5,0.0,0.05,hamming,1,,l2,1,True,mean,"1.0,1.0",results_env_onset\sub-044\sub-044_backward_mtrf_env_onset.summary.json,results_env_onset\sub-044\sub-044_backward_mtrf_env_onset.trial_results.csv,nh,NH,0,0.12468186552815413,0.0014714696414334042,0.1297443073180303,0.04524968924551761,0.12321039588672072,0.08449461807251268,0.1038525069796167,0.12256830586551011,0.0838023245146579,0.103185315190084
sub-044,30,1,0.0322370795803351,0.1342613533612914,0.0622740418916733,0.0719873114696181,0.13325701609256,0.1407701684015079,-0.0075131523089479,0.0322370795803351,1.0,32,2,"envelope,onset",data/processed/env_onset/sub-044_mtrf_env_onset.npz,-0.5,0.0,0.05,hamming,1,,l2,1,True,mean,"1.0,1.0",results_env_onset\sub-044\sub-044_backward_mtrf_env_onset.summary.json,results_env_onset\sub-044\sub-044_backward_mtrf_env_onset.trial_results.csv,nh,NH,0,0.13507692938795757,0.06235473047065486,0.13405429555381826,0.14171122812249684,0.07272219891730271,-0.007656932568678582,0.03253263317431206,0.07198731146961812,-0.007513152308947918,0.0322370795803351
sub-044,31,1,0.1180857284156854,0.128703636010022,0.0171361343055922,0.1115675017044298,0.1705632355821273,0.0459592804551861,0.1246039551269411,0.1180857284156854,1.0,32,2,"envelope,onset",data/processed/env_onset/sub-044_mtrf_env_onset.npz,-0.5,0.0,0.05,hamming,1,,l2,1,True,mean,"1.0,1.0",results_env_onset\sub-044\sub-044_backward_mtrf_env_onset.summary.json,results_env_onset\sub-044\sub-044_backward_mtrf_env_onset.trial_results.csv,nh,NH,0,0.129421426114056,0.01713781192655453,0.17224671826895432,0.0459916807747863,0.11228361418750146,0.12625503749416803,0.11926932584083474,0.11156750170442979,0.1246039551269412,0.11808572841568549
