subject,hearing_status,group_HI,trial_index,r_att,r_ign,r_diff,correct,subject_decoding_accuracy
sub-001,hi,1,0,-0.01982033192820366,0.022225418461172954,-0.042045750389376614,0,0.40625
sub-001,hi,1,1,-0.01717422022418742,0.034404892072283665,-0.05157911229647108,0,0.40625
sub-001,hi,1,2,-0.0010336206835600296,0.005868939333962412,-0.006902560017522441,0,0.40625
sub-001,hi,1,3,-0.0275337321079991,-0.008137206671326225,-0.019396525436672876,0,0.40625
sub-001,hi,1,4,-0.0012219820279098287,-0.020596964260802812,0.019374982232892985,1,0.40625
sub-001,hi,1,5,-0.006622959251487202,-0.017926608465652007,0.011303649214164805,1,0.40625
sub-001,hi,1,6,-0.04708440704684504,-0.04433176308577376,-0.002752643961071284,0,0.40625
sub-001,hi,1,7,0.005450004970082924,-0.015134071030965405,0.020584076001048328,1,0.40625
sub-001,hi,1,8,-0.06247199627791785,0.0033339563961051473,-0.06580595267402299,0,0.40625
sub-001,hi,1,9,-0.047423284428043666,-0.0041924601987514305,-0.04323082422929224,0,0.40625
sub-001,hi,1,10,-0.03311093582196664,-0.09070442785612598,0.05759349203415934,1,0.40625
sub-001,hi,1,11,-0.056040299759773746,-0.07085983946879752,0.014819539709023777,1,0.40625
sub-001,hi,1,12,-0.008686847167528192,-0.12162110125014627,0.11293425408261808,1,0.40625
sub-001,hi,1,13,0.011360896888617359,0.023170532271962523,-0.011809635383345164,0,0.40625
sub-001,hi,1,14,0.03987834077644811,-0.01449495128389227,0.05437329206034038,1,0.40625
sub-001,hi,1,15,-0.11204465204952561,-0.06442306909941208,-0.04762158295011354,0,0.40625
sub-001,hi,1,16,-0.037016922415449065,0.09734637807444663,-0.1343633004898957,0,0.40625
sub-001,hi,1,17,0.08817477100371775,9.388502478254364e-05,0.08808088597893521,1,0.40625
sub-001,hi,1,18,0.034188412918567807,-0.009989663286610662,0.04417807620517847,1,0.40625
sub-001,hi,1,19,0.02534991872755257,-0.03251207223390933,0.0578619909614619,1,0.40625
sub-001,hi,1,20,-0.05423562779273502,-0.011897562358182727,-0.04233806543455229,0,0.40625
sub-001,hi,1,21,0.062915373457406,0.016919915850396244,0.04599545760700975,1,0.40625
sub-001,hi,1,22,-0.019078573365525504,-0.007467912727717539,-0.011610660637807965,0,0.40625
sub-001,hi,1,23,-0.04357366963792128,0.04463866912748516,-0.08821233876540643,0,0.40625
sub-001,hi,1,24,0.008798808480852377,0.06646600787023693,-0.057667199389384555,0,0.40625
sub-001,hi,1,25,-0.018965241798727116,-0.047673966993278964,0.028708725194551848,1,0.40625
sub-001,hi,1,26,0.01414165971002936,-0.028750448041765072,0.04289210775179443,1,0.40625
sub-001,hi,1,27,-0.013840679492478683,-0.010401577841242252,-0.003439101651236431,0,0.40625
sub-001,hi,1,28,-0.0348904538795978,0.027776689129967978,-0.06266714300956577,0,0.40625
sub-001,hi,1,29,-0.06194327200340828,0.0012125307421269953,-0.06315580274553528,0,0.40625
sub-001,hi,1,30,-0.04388063298844431,-0.006949673173018147,-0.03693095981542616,0,0.40625
sub-001,hi,1,31,-0.04278862630971873,0.008582494667441471,-0.051371120977160206,0,0.40625
sub-002,hi,1,0,-0.012633053770968312,0.0037144877401263177,-0.01634754151109463,0,0.6875
sub-002,hi,1,1,0.07041065645200932,-0.034558632109882664,0.10496928856189199,1,0.6875
sub-002,hi,1,2,-0.01867517956232523,0.012630619366050505,-0.03130579892837573,0,0.6875
sub-002,hi,1,3,0.0790669211069446,-0.03144319367475995,0.11051011478170455,1,0.6875
sub-002,hi,1,4,0.013640659310459423,-0.0036763938942558625,0.017317053204715285,1,0.6875
sub-002,hi,1,5,0.09541412620647675,0.0036236323273902676,0.09179049387908648,1,0.6875
sub-002,hi,1,6,0.020645444152141566,-0.10026663628797765,0.12091208044011921,1,0.6875
sub-002,hi,1,7,0.033453369268714124,0.015540922166888882,0.01791244710182524,1,0.6875
sub-002,hi,1,8,0.02918127490693813,-0.025641583424759383,0.05482285833169751,1,0.6875
sub-002,hi,1,9,-0.003053196094473444,-0.027358371875979722,0.024305175781506278,1,0.6875
sub-002,hi,1,10,-0.00937177364870649,-0.08356018679420675,0.07418841314550026,1,0.6875
sub-002,hi,1,11,0.04687315024194966,-0.058850746123788635,0.10572389636573828,1,0.6875
sub-002,hi,1,12,-0.020696201445610518,0.0009593789567779818,-0.021655580402388498,0,0.6875
sub-002,hi,1,13,0.06970488207087591,0.01431470448178473,0.055390177589091184,1,0.6875
sub-002,hi,1,14,-0.015934975663943838,-0.037270568275074765,0.021335592611130928,1,0.6875
sub-002,hi,1,15,-0.015653047028575416,-0.11287045932876497,0.09721741230018954,1,0.6875
sub-002,hi,1,16,0.1329646170426141,-0.030098250614961,0.1630628676575751,1,0.6875
sub-002,hi,1,17,0.059436170710264184,0.08422510595897445,-0.024788935248710266,0,0.6875
sub-002,hi,1,18,-0.003879771900653942,0.0629941096752188,-0.06687388157587275,0,0.6875
sub-002,hi,1,19,0.013293233175520938,-0.012507729296509356,0.025800962472030294,1,0.6875
sub-002,hi,1,20,0.005462072931509971,-0.010539919874026216,0.016001992805536186,1,0.6875
sub-002,hi,1,21,0.033043476312993536,-0.05724537104469235,0.09028884735768589,1,0.6875
sub-002,hi,1,22,0.016929820047380275,-0.014066604306896713,0.030996424354276988,1,0.6875
sub-002,hi,1,23,-0.003663993890511534,0.0011950609230158467,-0.004859054813527381,0,0.6875
sub-002,hi,1,24,-0.031680935973549006,-0.028151418175018258,-0.003529517798530748,0,0.6875
sub-002,hi,1,25,-0.03809698764248905,0.051500340036170766,-0.08959732767865981,0,0.6875
sub-002,hi,1,26,0.0319915757620923,-0.005074362124994451,0.03706593788708675,1,0.6875
sub-002,hi,1,27,0.044886178407015656,-0.03188970590261412,0.07677588430962978,1,0.6875
sub-002,hi,1,28,0.04134410938295062,-0.03069357339994387,0.07203768278289449,1,0.6875
sub-002,hi,1,29,-0.03232209155149648,0.013693304499468154,-0.046015396050964635,0,0.6875
sub-002,hi,1,30,0.015102902204880798,-0.033226741988060346,0.04832964419294114,1,0.6875
sub-002,hi,1,31,-0.04227073143046116,-0.005041802202853492,-0.03722892922760766,0,0.6875
sub-003,hi,1,0,0.038378286180191866,0.03409852691570519,0.004279759264486677,1,0.59375
sub-003,hi,1,1,0.025478008582780414,0.031632977119280994,-0.00615496853650058,0,0.59375
sub-003,hi,1,2,0.02119934712927135,0.013184517556300283,0.008014829572971068,1,0.59375
sub-003,hi,1,3,0.030328981351723683,-0.06643426184128706,0.09676324319301075,1,0.59375
sub-003,hi,1,4,0.03756423240635476,-0.03002077209098983,0.06758500449734459,1,0.59375
sub-003,hi,1,5,0.02327228118692148,0.04673626688381309,-0.02346398569689161,0,0.59375
sub-003,hi,1,6,-0.01682849212587895,0.03540353912241278,-0.05223203124829173,0,0.59375
sub-003,hi,1,7,0.01974656657498956,0.019697690296938505,4.8876278051054184e-05,1,0.59375
sub-003,hi,1,8,-0.06689578612110918,0.01619348346370351,-0.08308926958481269,0,0.59375
sub-003,hi,1,9,-0.047753732789228356,0.029114547323669138,-0.0768682801128975,0,0.59375
sub-003,hi,1,10,0.019277532117541383,-0.042493599482587956,0.06177113160012934,1,0.59375
sub-003,hi,1,11,-0.014002942799654776,0.02139872814758891,-0.03540167094724368,0,0.59375
sub-003,hi,1,12,0.007888114244559916,-0.03425748120056537,0.042145595445125285,1,0.59375
sub-003,hi,1,13,-0.040915411606165096,-0.001611509919920904,-0.03930390168624419,0,0.59375
sub-003,hi,1,14,0.006749912121904146,-0.024214159853720118,0.030964071975624265,1,0.59375
sub-003,hi,1,15,0.023473170512491263,-0.0075336932742934345,0.031006863786784696,1,0.59375
sub-003,hi,1,16,-0.021692553342131687,-0.03564651372799383,0.013953960385862142,1,0.59375
sub-003,hi,1,17,-0.018608727947976866,-0.047569681696878176,0.02896095374890131,1,0.59375
sub-003,hi,1,18,0.02494824885512974,-0.043321454959240835,0.06826970381437057,1,0.59375
sub-003,hi,1,19,0.01278245222624652,0.032956840581288886,-0.020174388355042365,0,0.59375
sub-003,hi,1,20,0.020657215337934,0.011795512047887043,0.008861703290046957,1,0.59375
sub-003,hi,1,21,0.03814073649239398,-0.015176550593618,0.05331728708601198,1,0.59375
sub-003,hi,1,22,-0.0683310625420117,-0.08473794752905439,0.016406884987042694,1,0.59375
sub-003,hi,1,23,-0.0017761708781887152,-0.01267238827185855,0.010896217393669834,1,0.59375
sub-003,hi,1,24,-0.04976349516870688,0.015296808319713692,-0.06506030348842057,0,0.59375
sub-003,hi,1,25,-0.024785758882686137,-0.01522669916246931,-0.009559059720216827,0,0.59375
sub-003,hi,1,26,0.024638264335488574,0.06006159430229425,-0.035423329966805674,0,0.59375
sub-003,hi,1,27,0.013346773885261076,-0.0032208022842151666,0.016567576169476243,1,0.59375
sub-003,hi,1,28,-0.02763567550072661,-0.018014571078622997,-0.009621104422103614,0,0.59375
sub-003,hi,1,29,-0.019638756165613256,-0.08620565283604462,0.06656689667043136,1,0.59375
sub-003,hi,1,30,0.05190300730906887,-0.02022215450986595,0.07212516181893482,1,0.59375
sub-003,hi,1,31,0.014894529693490822,0.01896165733107268,-0.004067127637581857,0,0.59375
sub-004,hi,1,0,-0.02553420882814742,0.0624418658965339,-0.08797607472468133,0,0.4375
sub-004,hi,1,1,0.004332166530808529,-0.021861947893350015,0.026194114424158546,1,0.4375
sub-004,hi,1,2,-0.04254237313488243,-0.010302649541450775,-0.032239723593431656,0,0.4375
sub-004,hi,1,3,0.022748781632865582,0.034233298219948305,-0.011484516587082723,0,0.4375
sub-004,hi,1,4,0.05315854038749618,-0.021943971924810308,0.07510251231230648,1,0.4375
sub-004,hi,1,5,0.0040632621950821,0.05837705618382102,-0.054313793988738916,0,0.4375
sub-004,hi,1,6,-0.03489993892967435,0.036262487937193714,-0.07116242686686806,0,0.4375
sub-004,hi,1,7,0.020690266416246838,-0.004141305562716166,0.024831571978963005,1,0.4375
sub-004,hi,1,8,0.0631816058366694,0.09829067543065942,-0.03510906959399002,0,0.4375
sub-004,hi,1,9,-0.011352080360859454,-0.022831903159187466,0.011479822798328012,1,0.4375
sub-004,hi,1,10,0.04386390405183199,-0.019601559519624813,0.0634654635714568,1,0.4375
sub-004,hi,1,11,-0.029113162629989107,-0.026025657840760025,-0.0030875047892290827,0,0.4375
sub-004,hi,1,12,0.0068349445163903315,0.05274091582381661,-0.04590597130742628,0,0.4375
sub-004,hi,1,13,-0.0053905459207592285,-0.017090339046717848,0.011699793125958619,1,0.4375
sub-004,hi,1,14,0.011334626258800417,-0.021490012006127882,0.0328246382649283,1,0.4375
sub-004,hi,1,15,0.07744501054448755,0.04712470692011639,0.03032030362437116,1,0.4375
sub-004,hi,1,16,-0.008701010651151152,0.11299000715808759,-0.12169101780923874,0,0.4375
sub-004,hi,1,17,-0.017721814708545967,-0.025764857134048136,0.008043042425502168,1,0.4375
sub-004,hi,1,18,-0.003612492991049614,0.01591944782832679,-0.019531940819376405,0,0.4375
sub-004,hi,1,19,-0.022593018522570767,0.00523401126332135,-0.02782702978589212,0,0.4375
sub-004,hi,1,20,0.008182095135607057,-0.06439425728615839,0.07257635242176544,1,0.4375
sub-004,hi,1,21,0.052430297938664834,-0.07615228453049327,0.1285825824691581,1,0.4375
sub-004,hi,1,22,-0.06296474825454794,0.0033903302171398556,-0.0663550784716878,0,0.4375
sub-004,hi,1,23,-0.053038211085495994,-0.04725461330421121,-0.005783597781284781,0,0.4375
sub-004,hi,1,24,0.0987079062557232,-0.13336452073208893,0.23207242698781214,1,0.4375
sub-004,hi,1,25,-0.025177381972414804,0.03868230664661809,-0.06385968861903289,0,0.4375
sub-004,hi,1,26,-0.0418671135629217,0.04797671431976511,-0.0898438278826868,0,0.4375
sub-004,hi,1,27,0.04368620600519631,-0.058735158352967685,0.10242136435816399,1,0.4375
sub-004,hi,1,28,-0.016037674190103185,-0.0012578461238221162,-0.01477982806628107,0,0.4375
sub-004,hi,1,29,0.01207959960308258,0.0748601102934083,-0.06278051069032572,0,0.4375
sub-004,hi,1,30,-0.024465303295114444,-0.02158853025433037,-0.002876773040784073,0,0.4375
sub-004,hi,1,31,0.08764128367364724,0.07237640862689011,0.015264875046757123,1,0.4375
sub-005,hi,1,0,0.00990233896372449,0.008110779027664761,0.0017915599360597279,1,0.375
sub-005,hi,1,1,-0.05526169985387861,0.055632738801877926,-0.11089443865575654,0,0.375
sub-005,hi,1,2,0.011372510601349358,-0.04321709197800586,0.05458960257935522,1,0.375
sub-005,hi,1,3,-0.017304938262482247,0.062465200973507155,-0.0797701392359894,0,0.375
sub-005,hi,1,4,-0.0005776215508884755,-0.0021745703690326215,0.0015969488181441461,1,0.375
sub-005,hi,1,5,-0.0055712969490940255,-0.011550709609676904,0.005979412660582878,1,0.375
sub-005,hi,1,6,-0.022843758926164158,0.004277139988412551,-0.02712089891457671,0,0.375
sub-005,hi,1,7,-0.03434895179906803,-0.04237269124422707,0.008023739445159044,1,0.375
sub-005,hi,1,8,0.01645088049893424,0.05810616252414288,-0.04165528202520864,0,0.375
sub-005,hi,1,9,-0.038863124419673725,-0.015172662687425384,-0.02369046173224834,0,0.375
sub-005,hi,1,10,0.04830122928907968,0.015363350824382444,0.032937878464697236,1,0.375
sub-005,hi,1,11,-0.04128932982773662,0.014135652715314046,-0.05542498254305067,0,0.375
sub-005,hi,1,12,-0.03229395227505831,-0.06264255576367483,0.030348603488616524,1,0.375
sub-005,hi,1,13,0.0169207195702219,-0.017787388387788258,0.03470810795801016,1,0.375
sub-005,hi,1,14,-0.020841511923985572,0.02508453228812146,-0.04592604421210703,0,0.375
sub-005,hi,1,15,-0.015834894429583544,0.007608730805208906,-0.023443625234792452,0,0.375
sub-005,hi,1,16,-0.037173852762061546,0.0233547866160014,-0.06052863937806295,0,0.375
sub-005,hi,1,17,-0.023755175106484578,-0.00879635755509745,-0.014958817551387128,0,0.375
sub-005,hi,1,18,-0.03543465293704899,0.023899443730698456,-0.059334096667747444,0,0.375
sub-005,hi,1,19,0.00044704950330119,0.015247647963509558,-0.014800598460208368,0,0.375
sub-005,hi,1,20,-0.005732538248481148,0.03589516697158713,-0.04162770522006828,0,0.375
sub-005,hi,1,21,-0.02407380217319326,0.0010350478043392197,-0.02510884997753248,0,0.375
sub-005,hi,1,22,-0.047429499767103034,-0.044762343981556804,-0.0026671557855462297,0,0.375
sub-005,hi,1,23,-0.011565995428409295,-0.07910936592763718,0.06754337049922789,1,0.375
sub-005,hi,1,24,0.026365189053758065,0.005279785066500436,0.02108540398725763,1,0.375
sub-005,hi,1,25,-0.00903915824893028,0.008121397967846562,-0.01716055621677684,0,0.375
sub-005,hi,1,26,0.0023596230204096288,0.017518726715037687,-0.015159103694628058,0,0.375
sub-005,hi,1,27,-0.031692285799549955,0.04550891153784469,-0.07720119733739464,0,0.375
sub-005,hi,1,28,0.020776350768722533,0.057234551060431,-0.03645820029170847,0,0.375
sub-005,hi,1,29,-0.018687210970043923,-0.031632631244295356,0.012945420274251433,1,0.375
sub-005,hi,1,30,-0.07313516364800964,-0.01085506478924185,-0.062280098858767785,0,0.375
sub-005,hi,1,31,0.039277769845520165,-0.010815764609977444,0.05009353445549761,1,0.375
sub-006,hi,1,0,0.025628674793732924,0.04111510677692543,-0.015486431983192508,0,0.4375
sub-006,hi,1,1,-0.0347307152328576,-0.049470311616802876,0.014739596383945279,1,0.4375
sub-006,hi,1,2,-0.050464373897801854,0.004534829528488726,-0.05499920342629058,0,0.4375
sub-006,hi,1,3,0.038341879878373945,0.02147865382321883,0.016863226055155115,1,0.4375
sub-006,hi,1,4,0.03538512839503301,0.03577495798861322,-0.000389829593580214,0,0.4375
sub-006,hi,1,5,-0.08831325509570094,-0.06667808184972024,-0.0216351732459807,0,0.4375
sub-006,hi,1,6,-0.08535512620222904,-0.01931810781105894,-0.0660370183911701,0,0.4375
sub-006,hi,1,7,0.06047902707493691,-0.06051655026992195,0.12099557734485886,1,0.4375
sub-006,hi,1,8,0.009160792425780625,0.12132518523259592,-0.1121643928068153,0,0.4375
sub-006,hi,1,9,-0.053736731787915534,-0.06252149143783901,0.00878475964992348,1,0.4375
sub-006,hi,1,10,-0.08073865305227632,-0.024980533019465085,-0.055758120032811234,0,0.4375
sub-006,hi,1,11,-0.06107903661401673,0.01651165328904645,-0.07759068990306318,0,0.4375
sub-006,hi,1,12,-0.08098308782430659,-0.03286781534691095,-0.04811527247739564,0,0.4375
sub-006,hi,1,13,0.021136916038369164,-0.053639648339762314,0.07477656437813147,1,0.4375
sub-006,hi,1,14,-0.04042304785192802,0.027536439088161283,-0.0679594869400893,0,0.4375
sub-006,hi,1,15,0.007169104673199652,0.08609096187291793,-0.07892185719971827,0,0.4375
sub-006,hi,1,16,0.07377687340717491,-0.042512871159582064,0.11628974456675698,1,0.4375
sub-006,hi,1,17,-0.07718770051873848,0.010231754987708024,-0.0874194555064465,0,0.4375
sub-006,hi,1,18,0.021569194581346388,-0.04711063670042529,0.06867983128177169,1,0.4375
sub-006,hi,1,19,0.07092665781636188,0.004003612787586318,0.06692304502877557,1,0.4375
sub-006,hi,1,20,0.023170864759677116,0.04351722506839284,-0.020346360308715724,0,0.4375
sub-006,hi,1,21,-0.023583893616326942,0.033473380573534266,-0.05705727418986121,0,0.4375
sub-006,hi,1,22,0.024200810201418434,-0.09900883995716885,0.12320965015858729,1,0.4375
sub-006,hi,1,23,-0.005340072435677717,-0.067742600683084,0.06240252824740629,1,0.4375
sub-006,hi,1,24,0.008965699806050574,-0.06485086821209853,0.07381656801814909,1,0.4375
sub-006,hi,1,25,-0.03283398849052725,-0.05418003633309247,0.02134604784256522,1,0.4375
sub-006,hi,1,26,-0.015095688552015539,0.02706078446263932,-0.04215647301465486,0,0.4375
sub-006,hi,1,27,-0.034303797039593034,0.020895000177390054,-0.05519879721698309,0,0.4375
sub-006,hi,1,28,0.033917471409650964,-0.023556871320475077,0.05747434273012604,1,0.4375
sub-006,hi,1,29,0.011682912372201289,-0.019495179851629598,0.03117809222383089,1,0.4375
sub-006,hi,1,30,0.006684637739302379,0.040976130121861236,-0.03429149238255886,0,0.4375
sub-006,hi,1,31,-0.0694355897797819,0.03889772780491716,-0.10833331758469905,0,0.4375
sub-007,hi,1,0,0.03571496614236455,-0.006470213787360118,0.04218517992972467,1,0.5625
sub-007,hi,1,1,-0.035428732002166306,-0.004234152675786967,-0.03119457932637934,0,0.5625
sub-007,hi,1,2,0.0100904508655724,0.06087187340649488,-0.05078142254092248,0,0.5625
sub-007,hi,1,3,0.0071657908586970935,0.02398854322705091,-0.016822752368353816,0,0.5625
sub-007,hi,1,4,0.03996634732282026,-0.03252241265816036,0.07248875998098062,1,0.5625
sub-007,hi,1,5,-0.06471822063516,0.11584242939637535,-0.18056065003153535,0,0.5625
sub-007,hi,1,6,-0.09838549686077142,-0.04533183810786205,-0.05305365875290936,0,0.5625
sub-007,hi,1,7,0.01776798178176073,-0.0557367569255028,0.07350473870726353,1,0.5625
sub-007,hi,1,8,-0.07225982157428902,-0.11264404038058895,0.04038421880629993,1,0.5625
sub-007,hi,1,9,-0.020394080442927228,0.024970042100386773,-0.045364122543314,0,0.5625
sub-007,hi,1,10,-0.01581094863896233,-0.07581506540991445,0.06000411677095212,1,0.5625
sub-007,hi,1,11,0.016589987258507743,-0.032900993916557694,0.04949098117506544,1,0.5625
sub-007,hi,1,12,-0.04137339239698063,0.009855439086665661,-0.05122883148364629,0,0.5625
sub-007,hi,1,13,0.007129089008473185,-0.04278090793256864,0.049909996941041826,1,0.5625
sub-007,hi,1,14,0.029293899831968492,-0.0155691225078379,0.044863022339806394,1,0.5625
sub-007,hi,1,15,-0.051558817383314824,-0.01564004806908113,-0.0359187693142337,0,0.5625
sub-007,hi,1,16,-0.0015334281749590185,0.008046238574313004,-0.009579666749272023,0,0.5625
sub-007,hi,1,17,-0.03782817994487306,-0.015683741966814237,-0.02214443797805882,0,0.5625
sub-007,hi,1,18,0.0366915610705259,0.05001347804850974,-0.013321916977983836,0,0.5625
sub-007,hi,1,19,-0.0004460073985514511,-0.017609302913316305,0.017163295514764854,1,0.5625
sub-007,hi,1,20,0.012056707653420661,0.007686452762963838,0.004370254890456823,1,0.5625
sub-007,hi,1,21,-0.015621277059263894,-0.041322995210746775,0.02570171815148288,1,0.5625
sub-007,hi,1,22,0.051592831634690174,-0.028499338189913525,0.0800921698246037,1,0.5625
sub-007,hi,1,23,-0.09572183144267328,0.03690379698298126,-0.13262562842565453,0,0.5625
sub-007,hi,1,24,0.024348533861325957,-0.008386514892004877,0.03273504875333083,1,0.5625
sub-007,hi,1,25,-0.006129325631993113,0.04728813735199887,-0.053417462983991984,0,0.5625
sub-007,hi,1,26,9.6222074640545e-06,-0.006265977073242322,0.006275599280706376,1,0.5625
sub-007,hi,1,27,0.025634307905712677,-0.024650978298622592,0.05028528620433527,1,0.5625
sub-007,hi,1,28,0.006969480465760806,-0.0950645385516177,0.1020340190173785,1,0.5625
sub-007,hi,1,29,0.015286196338179731,-0.027322780953084873,0.0426089772912646,1,0.5625
sub-007,hi,1,30,-0.05186079428165719,0.044008173957159696,-0.09586896823881688,0,0.5625
sub-007,hi,1,31,0.026950536842011753,-0.08458066998683858,0.11153120682885033,1,0.5625
sub-008,hi,1,0,-0.007460493273305356,-0.01835002617917965,0.010889532905874293,1,0.53125
sub-008,hi,1,1,0.007564364617077906,-0.006266423661951158,0.013830788279029064,1,0.53125
sub-008,hi,1,2,-0.05214095567947601,0.013559411141843308,-0.06570036682131933,0,0.53125
sub-008,hi,1,3,0.06057766440180716,-0.02915209853359035,0.08972976293539751,1,0.53125
sub-008,hi,1,4,0.045873400849088336,-0.03073601450793446,0.0766094153570228,1,0.53125
sub-008,hi,1,5,-0.12679711210415168,0.03780844499430395,-0.16460555709845562,0,0.53125
sub-008,hi,1,6,-0.021699655721703272,-0.05284444894526036,0.031144793223557087,1,0.53125
sub-008,hi,1,7,-0.04599930369913158,-0.027679212605081754,-0.018320091094049824,0,0.53125
sub-008,hi,1,8,-0.07239422735932169,0.04654511690575446,-0.11893934426507616,0,0.53125
sub-008,hi,1,9,0.06327703397668533,-0.07008562588116496,0.13336265985785029,1,0.53125
sub-008,hi,1,10,0.015778570698075083,-0.017216001786502462,0.032994572484577545,1,0.53125
sub-008,hi,1,11,-0.01769169640305311,0.039685461444900705,-0.057377157847953816,0,0.53125
sub-008,hi,1,12,-0.017896687591176866,-0.010670373131212184,-0.007226314459964682,0,0.53125
sub-008,hi,1,13,-0.044588967247766696,-0.008486569564221176,-0.03610239768354552,0,0.53125
sub-008,hi,1,14,0.00424772908735337,-0.03231460142537465,0.03656233051272802,1,0.53125
sub-008,hi,1,15,-0.01977716813637901,-0.022676488300624957,0.002899320164245947,1,0.53125
sub-008,hi,1,16,-0.0006896401048412527,-0.018537340389377994,0.017847700284536742,1,0.53125
sub-008,hi,1,17,-0.03749538196271234,-0.010156208810162224,-0.02733917315255012,0,0.53125
sub-008,hi,1,18,0.03259451619390594,-0.056757881988839465,0.0893523981827454,1,0.53125
sub-008,hi,1,19,-0.029938745451965395,-0.06436588015294158,0.03442713470097618,1,0.53125
sub-008,hi,1,20,-0.033415827551853336,-0.015256515066029859,-0.018159312485823476,0,0.53125
sub-008,hi,1,21,0.039115673708480354,-0.06279691376877373,0.1019125874772541,1,0.53125
sub-008,hi,1,22,-0.0130486065470669,-0.07777735690354161,0.06472875035647471,1,0.53125
sub-008,hi,1,23,-0.027362283025466887,0.02787278305481161,-0.05523506608027849,0,0.53125
sub-008,hi,1,24,-0.013287434323535498,0.05282536518173203,-0.06611279950526752,0,0.53125
sub-008,hi,1,25,0.01843745525724641,0.03360835741654945,-0.015170902159303043,0,0.53125
sub-008,hi,1,26,-0.013980838660733422,0.11098309075392102,-0.12496392941465444,0,0.53125
sub-008,hi,1,27,0.017558778696048005,0.005126591583741021,0.012432187112306984,1,0.53125
sub-008,hi,1,28,-0.06379484179206664,-0.04912998819281737,-0.014664853599249267,0,0.53125
sub-008,hi,1,29,0.07448645689867658,-0.02186418462111937,0.09635064151979596,1,0.53125
sub-008,hi,1,30,0.07111502856925261,0.08042090530890597,-0.009305876739653357,0,0.53125
sub-008,hi,1,31,0.08042847706262297,0.013521322902304919,0.06690715416031806,1,0.53125
sub-009,hi,1,0,-0.01925493006894456,0.021513852574170756,-0.040768782643115314,0,0.625
sub-009,hi,1,1,-0.03698307951055953,-0.06849820973208648,0.03151513022152695,1,0.625
sub-009,hi,1,2,-0.015508695693282623,-0.016657383487873642,0.0011486877945910186,1,0.625
sub-009,hi,1,3,0.022556885705993762,0.06749701863697088,-0.04494013293097712,0,0.625
sub-009,hi,1,4,0.010025346019503433,-0.005496278350322584,0.015521624369826017,1,0.625
sub-009,hi,1,5,0.019788239911058016,0.013584557030124823,0.006203682880933193,1,0.625
sub-009,hi,1,6,-0.06508276552457268,0.030416556889807603,-0.09549932241438028,0,0.625
sub-009,hi,1,7,0.05191338634419835,0.037927234103998377,0.013986152240199973,1,0.625
sub-009,hi,1,8,0.06415645481893023,0.07192816286601002,-0.007771708047079787,0,0.625
sub-009,hi,1,9,0.0024330212705482245,0.0197184838122732,-0.017285462541724975,0,0.625
sub-009,hi,1,10,0.03092603490627868,-0.00560626675078561,0.03653230165706429,1,0.625
sub-009,hi,1,11,0.006479032597644228,-0.07600005511444397,0.0824790877120882,1,0.625
sub-009,hi,1,12,-0.05883641929641204,-0.02222887621923298,-0.03660754307717906,0,0.625
sub-009,hi,1,13,-0.02764658846523117,-0.11222031951845907,0.0845737310532279,1,0.625
sub-009,hi,1,14,0.03678509033246282,-0.03028565328877728,0.0670707436212401,1,0.625
sub-009,hi,1,15,-0.01247881061894155,0.038643645648346776,-0.05112245626728833,0,0.625
sub-009,hi,1,16,-0.015230382164050671,0.04790171291050847,-0.06313209507455915,0,0.625
sub-009,hi,1,17,0.02232583034914037,-0.12176796483496254,0.1440937951841029,1,0.625
sub-009,hi,1,18,0.029327315069324626,-0.06387733237688441,0.09320464744620903,1,0.625
sub-009,hi,1,19,-0.008541783318286731,-0.026924671670126587,0.018382888351839856,1,0.625
sub-009,hi,1,20,0.10945980378189438,-0.019615717344075925,0.12907552112597032,1,0.625
sub-009,hi,1,21,-0.04230160620985006,0.08316349087683711,-0.12546509708668718,0,0.625
sub-009,hi,1,22,-0.021550937172308507,0.037858950107689665,-0.05940988727999817,0,0.625
sub-009,hi,1,23,0.03249231408735768,0.0030272723256946923,0.029465041761662987,1,0.625
sub-009,hi,1,24,-0.0035484832587151867,-0.1293103481986441,0.1257618649399289,1,0.625
sub-009,hi,1,25,0.013920567650919122,-0.011665056506202124,0.025585624157121248,1,0.625
sub-009,hi,1,26,0.005049111533588537,-0.019960336562818003,0.02500944809640654,1,0.625
sub-009,hi,1,27,-0.00014634575249395482,0.00180524155552345,-0.0019515873080174048,0,0.625
sub-009,hi,1,28,0.07699851847338203,0.13149621695861657,-0.054497698485234544,0,0.625
sub-009,hi,1,29,-0.0005863745999511186,-0.009653897372041429,0.00906752277209031,1,0.625
sub-009,hi,1,30,0.06223729459341794,0.04431099883812644,0.017926295755291498,1,0.625
sub-009,hi,1,31,0.12355843796799187,0.02211222469210984,0.10144621327588203,1,0.625
sub-010,hi,1,0,0.06667079458423575,0.02729114980517972,0.03937964477905603,1,0.59375
sub-010,hi,1,1,-0.06341121535985006,0.02088668146585106,-0.08429789682570112,0,0.59375
sub-010,hi,1,2,0.029559786997053222,0.0418832490663725,-0.01232346206931928,0,0.59375
sub-010,hi,1,3,-0.0600282984410783,-0.01649481092719832,-0.043533487513879976,0,0.59375
sub-010,hi,1,4,0.06016573461823854,0.024384801781649257,0.035780932836589285,1,0.59375
sub-010,hi,1,5,-0.056253560972338724,-0.10589228616094311,0.049638725188604384,1,0.59375
sub-010,hi,1,6,0.07666678060881027,-0.04804098350261132,0.12470776411142159,1,0.59375
sub-010,hi,1,7,0.07680368865137129,0.07156119803860399,0.005242490612767298,1,0.59375
sub-010,hi,1,8,-0.046857056028997875,-0.023001678151883254,-0.02385537787711462,0,0.59375
sub-010,hi,1,9,-0.050335272997440755,0.008102645567732788,-0.058437918565173545,0,0.59375
sub-010,hi,1,10,-0.05317679835396573,0.1202131764686988,-0.17338997482266455,0,0.59375
sub-010,hi,1,11,-0.06578463965177202,0.00516641452952706,-0.07095105418129907,0,0.59375
sub-010,hi,1,12,-0.05670555701271058,-0.002530822950653761,-0.05417473406205682,0,0.59375
sub-010,hi,1,13,0.1270676422191963,-0.10794256452841434,0.23501020674761064,1,0.59375
sub-010,hi,1,14,0.005999813124156932,-0.03337378262007137,0.0393735957442283,1,0.59375
sub-010,hi,1,15,0.06682003197918467,-0.08920908902477093,0.1560291210039556,1,0.59375
sub-010,hi,1,16,-0.06926816031237115,0.02894906906138822,-0.09821722937375937,0,0.59375
sub-010,hi,1,17,0.03020545814040032,-0.024185095025337815,0.05439055316573814,1,0.59375
sub-010,hi,1,18,0.022062310497655387,0.041793336480279684,-0.019731025982624297,0,0.59375
sub-010,hi,1,19,0.006752972197869799,-0.05859304223020302,0.06534601442807282,1,0.59375
sub-010,hi,1,20,0.0003914563133220887,-0.05173502796808569,0.05212648428140778,1,0.59375
sub-010,hi,1,21,0.14695226824621388,0.030454086411621933,0.11649818183459194,1,0.59375
sub-010,hi,1,22,0.030319517167535427,-0.09037701072458215,0.12069652789211757,1,0.59375
sub-010,hi,1,23,-0.028871304796588785,0.05413771155580212,-0.0830090163523909,0,0.59375
sub-010,hi,1,24,0.03668438058774265,-0.026400519154112533,0.06308489974185519,1,0.59375
sub-010,hi,1,25,0.029958995382266266,0.016944798373759673,0.013014197008506593,1,0.59375
sub-010,hi,1,26,-0.02129778633533207,-8.428262399110936e-05,-0.02121350371134096,0,0.59375
sub-010,hi,1,27,0.05020930640988894,0.02942521744223407,0.02078408896765487,1,0.59375
sub-010,hi,1,28,0.028547520603801998,-0.008726506228185478,0.037274026831987474,1,0.59375
sub-010,hi,1,29,0.06897200441313286,-0.06249305762814364,0.1314650620412765,1,0.59375
sub-010,hi,1,30,0.03530777660944562,-0.0816432951960423,0.11695107180548792,1,0.59375
sub-010,hi,1,31,-0.010200944940254184,0.0812792319674582,-0.09148017690771239,0,0.59375
sub-011,hi,1,0,-0.046839747756426735,0.09030909647800972,-0.13714884423443646,0,0.4375
sub-011,hi,1,1,-0.004554276191244995,0.02535467137631968,-0.029908947567564674,0,0.4375
sub-011,hi,1,2,0.06424501008368722,-0.02005846113963707,0.08430347122332428,1,0.4375
sub-011,hi,1,3,0.014473761199175884,-0.04676300854717915,0.06123676974635504,1,0.4375
sub-011,hi,1,4,-0.05501016624922003,-0.019803708267784624,-0.03520645798143541,0,0.4375
sub-011,hi,1,5,-0.04498902304646766,-0.022290497828545322,-0.022698525217922337,0,0.4375
sub-011,hi,1,6,-0.001040348522684936,-0.006312388558684476,0.00527204003599954,1,0.4375
sub-011,hi,1,7,-0.0654377133394755,0.05082839943331794,-0.11626611277279345,0,0.4375
sub-011,hi,1,8,0.07879683743519346,-0.012438875760363793,0.09123571319555725,1,0.4375
sub-011,hi,1,9,0.03880365721409195,0.050134457170246734,-0.011330799956154783,0,0.4375
sub-011,hi,1,10,-0.016331791056051457,0.11185396594465617,-0.12818575700070764,0,0.4375
sub-011,hi,1,11,0.012916856563939321,-0.012937708668713315,0.025854565232652636,1,0.4375
sub-011,hi,1,12,0.08489999959467256,0.0015062130317817508,0.08339378656289081,1,0.4375
sub-011,hi,1,13,0.006905022269647036,-0.002889137946937806,0.009794160216584842,1,0.4375
sub-011,hi,1,14,-0.05776030774944907,0.020269974257503005,-0.07803028200695207,0,0.4375
sub-011,hi,1,15,-0.01030950239303618,-0.0036440477450357415,-0.006665454648000438,0,0.4375
sub-011,hi,1,16,-0.018544146546799787,-0.03899559353958582,0.020451446992786036,1,0.4375
sub-011,hi,1,17,0.032707269998679046,-0.006527816065655073,0.03923508606433412,1,0.4375
sub-011,hi,1,18,0.0547669957269998,0.04821317766879859,0.006553818058201211,1,0.4375
sub-011,hi,1,19,-0.06695326215082148,-0.004995122030650043,-0.06195814012017144,0,0.4375
sub-011,hi,1,20,-0.02817918549955203,0.0647815963482045,-0.09296078184775654,0,0.4375
sub-011,hi,1,21,0.01853522667386107,-0.043112426451709325,0.0616476531255704,1,0.4375
sub-011,hi,1,22,-0.023561933532230017,0.05376138320550237,-0.07732331673773238,0,0.4375
sub-011,hi,1,23,-0.0020208255047843484,0.04874393321433663,-0.05076475871912098,0,0.4375
sub-011,hi,1,24,0.05524802842279158,-0.07435633217590584,0.12960436059869743,1,0.4375
sub-011,hi,1,25,-0.06128321270688714,0.03570354942346759,-0.09698676213035473,0,0.4375
sub-011,hi,1,26,0.011930559684180149,-0.06434165348164103,0.07627221316582118,1,0.4375
sub-011,hi,1,27,-0.0075214238220047075,0.001741530499832499,-0.009262954321837207,0,0.4375
sub-011,hi,1,28,0.00039089540712477654,0.04429157774221028,-0.043900682335085504,0,0.4375
sub-011,hi,1,29,-0.00873474814797439,0.002587109475835173,-0.011321857623809564,0,0.4375
sub-011,hi,1,30,0.03737543827037886,0.013537890211389913,0.02383754805898895,1,0.4375
sub-011,hi,1,31,-0.0529530334415168,-0.009497339023038252,-0.043455694418478547,0,0.4375
sub-012,hi,1,0,-0.007527544116277599,0.08900390916888969,-0.09653145328516728,0,0.4375
sub-012,hi,1,1,-0.008389434772926668,0.024509726798016915,-0.03289916157094358,0,0.4375
sub-012,hi,1,2,0.03447946962618786,0.019224846619152403,0.015254623007035454,1,0.4375
sub-012,hi,1,3,-0.04507989485090867,0.03194892527722046,-0.07702882012812913,0,0.4375
sub-012,hi,1,4,-0.029192952398497778,-0.07036397090028619,0.04117101850178841,1,0.4375
sub-012,hi,1,5,0.028989282695540138,-0.004711997924669049,0.03370128062020919,1,0.4375
sub-012,hi,1,6,-0.0047680366297861146,-0.01297378865868764,0.008205752028901524,1,0.4375
sub-012,hi,1,7,0.015923476277421533,-0.02869934996639278,0.04462282624381431,1,0.4375
sub-012,hi,1,8,0.07416229230653992,0.06974190946178227,0.004420382844757653,1,0.4375
sub-012,hi,1,9,0.03947830069136836,0.052289731924364875,-0.012811431232996516,0,0.4375
sub-012,hi,1,10,0.059530492444036145,-0.021154141605957872,0.08068463404999401,1,0.4375
sub-012,hi,1,11,0.024433144086398857,-0.03874389297700619,0.06317703706340505,1,0.4375
sub-012,hi,1,12,-0.052488348913388744,0.0006787586259420387,-0.05316710753933078,0,0.4375
sub-012,hi,1,13,-0.025344206785285775,0.010799809338308888,-0.03614401612359466,0,0.4375
sub-012,hi,1,14,-0.0545987830387477,-0.0066010648749019445,-0.04799771816384575,0,0.4375
sub-012,hi,1,15,-0.04014128143051285,0.0732364156573336,-0.11337769708784645,0,0.4375
sub-012,hi,1,16,-0.05143588174563152,-0.05017179078171333,-0.0012640909639181908,0,0.4375
sub-012,hi,1,17,-0.04653056306794335,0.04264376392035577,-0.08917432698829912,0,0.4375
sub-012,hi,1,18,-0.04009867285814247,-0.07984610307397376,0.03974743021583129,1,0.4375
sub-012,hi,1,19,-0.004464703926616647,0.04565949768616727,-0.050124201612783914,0,0.4375
sub-012,hi,1,20,0.012433522414162738,0.04059180187064573,-0.028158279456482995,0,0.4375
sub-012,hi,1,21,0.04790938113550361,0.05239945235517977,-0.0044900712196761575,0,0.4375
sub-012,hi,1,22,0.03713617856849583,-0.06808429533547941,0.10522047390397524,1,0.4375
sub-012,hi,1,23,0.0084017013877458,-0.04845575549282061,0.056857456880566405,1,0.4375
sub-012,hi,1,24,0.003799379003014672,0.03519589032536393,-0.03139651132234926,0,0.4375
sub-012,hi,1,25,-0.05281775997891921,0.013183610811586763,-0.06600137079050597,0,0.4375
sub-012,hi,1,26,0.022074819238416442,0.025272466517853746,-0.0031976472794373045,0,0.4375
sub-012,hi,1,27,-0.05026101714853145,0.02744536454152336,-0.07770638169005481,0,0.4375
sub-012,hi,1,28,-0.022095302654818277,-0.030920658197297272,0.008825355542478996,1,0.4375
sub-012,hi,1,29,0.06611656230706847,-0.027253366700849376,0.09336992900791785,1,0.4375
sub-012,hi,1,30,-0.08746425665160812,-0.04993438241850957,-0.03752987423309855,0,0.4375
sub-012,hi,1,31,0.047027690560888194,-0.00909783548643964,0.05612552604732783,1,0.4375
sub-013,hi,1,0,0.020260498237549017,-0.014676445125320377,0.03493694336286939,1,0.5
sub-013,hi,1,1,0.03211408581617912,0.002077933301688353,0.030036152514490766,1,0.5
sub-013,hi,1,2,-0.009764642385856554,-0.056775952890085496,0.047011310504228944,1,0.5
sub-013,hi,1,3,0.044971345101604485,0.096928025199545,-0.05195668009794052,0,0.5
sub-013,hi,1,4,-0.06936550504450602,0.07185888251728006,-0.14122438756178607,0,0.5
sub-013,hi,1,5,0.018976713943285053,0.05693953402307519,-0.037962820079790134,0,0.5
sub-013,hi,1,6,-0.09078846954323233,-0.08805011664229996,-0.00273835290093237,0,0.5
sub-013,hi,1,7,-0.03116615594692955,-0.04537237439050979,0.014206218443580242,1,0.5
sub-013,hi,1,8,0.044881668759878736,0.008892280730559135,0.0359893880293196,1,0.5
sub-013,hi,1,9,-0.006447186116624748,0.045018499176207115,-0.05146568529283186,0,0.5
sub-013,hi,1,10,0.0022367504687743137,-0.022647609258017468,0.02488435972679178,1,0.5
sub-013,hi,1,11,0.03785736320411024,-0.017977760744941097,0.05583512394905134,1,0.5
sub-013,hi,1,12,-0.021634638549531095,-0.052882548537617355,0.03124790998808626,1,0.5
sub-013,hi,1,13,-0.026161946236242066,0.014063659793672224,-0.04022560602991429,0,0.5
sub-013,hi,1,14,-0.08182237778025536,0.0024844543556516233,-0.08430683213590698,0,0.5
sub-013,hi,1,15,-0.0430319579598072,-0.004646432855522826,-0.038385525104284376,0,0.5
sub-013,hi,1,16,-0.03545056694948719,0.03350057459981276,-0.06895114154929996,0,0.5
sub-013,hi,1,17,0.04252484176450899,-0.017353396191454127,0.059878237955963115,1,0.5
sub-013,hi,1,18,0.010806282351665048,0.05195781745589744,-0.04115153510423239,0,0.5
sub-013,hi,1,19,-0.0485693711137011,-0.05927284521017705,0.01070347409647595,1,0.5
sub-013,hi,1,20,0.023911443700194365,0.006691532013629496,0.01721991168656487,1,0.5
sub-013,hi,1,21,0.09692496419768139,0.0273749378899636,0.06955002630771778,1,0.5
sub-013,hi,1,22,0.05427345164837907,0.006844806057082168,0.047428645591296906,1,0.5
sub-013,hi,1,23,0.023233376983289977,-0.011136647209977982,0.034370024193267956,1,0.5
sub-013,hi,1,24,-0.0955951027264247,-0.023857107451264927,-0.07173799527515977,0,0.5
sub-013,hi,1,25,-0.036946939626575095,0.008972943487159388,-0.04591988311373448,0,0.5
sub-013,hi,1,26,-0.07118482276718281,0.0005103913739240075,-0.07169521414110681,0,0.5
sub-013,hi,1,27,-0.1107991847032803,0.03762616586172518,-0.1484253505650055,0,0.5
sub-013,hi,1,28,-0.06998198142649062,-0.008422422573255145,-0.061559558853235476,0,0.5
sub-013,hi,1,29,0.001496507861807626,-0.06396701292451636,0.06546352078632398,1,0.5
sub-013,hi,1,30,-0.031074346729991747,0.007503431627216431,-0.03857777835720818,0,0.5
sub-013,hi,1,31,0.08949876891644244,0.07467546447598244,0.014823304440459997,1,0.5
sub-014,hi,1,0,-0.0066190888622868205,-0.060884492761923835,0.054265403899637014,1,0.71875
sub-014,hi,1,1,0.07385029653391165,-0.05870247944443052,0.13255277597834217,1,0.71875
sub-014,hi,1,2,-0.07951618610431825,0.05033120504878512,-0.12984739115310337,0,0.71875
sub-014,hi,1,3,-0.12046020792600436,0.0373361378244885,-0.15779634575049284,0,0.71875
sub-014,hi,1,4,-0.00042606927982740414,-0.05699862747936177,0.05657255819953436,1,0.71875
sub-014,hi,1,5,-0.028581601796420997,-0.06069785255318267,0.03211625075676167,1,0.71875
sub-014,hi,1,6,-0.021629672887998094,0.04576177554164519,-0.06739144842964329,0,0.71875
sub-014,hi,1,7,0.0798342381650122,0.00469155484615446,0.07514268331885773,1,0.71875
sub-014,hi,1,8,0.09431877456339957,0.022355008775982586,0.07196376578741698,1,0.71875
sub-014,hi,1,9,0.014195919485610069,-0.017740435616792772,0.03193635510240284,1,0.71875
sub-014,hi,1,10,-0.02204433799533518,-0.015082040232228294,-0.006962297763106886,0,0.71875
sub-014,hi,1,11,-0.01972270201672668,-0.047818893606273054,0.028096191589546373,1,0.71875
sub-014,hi,1,12,-0.004488929452196347,-0.04439632263033422,0.03990739317813787,1,0.71875
sub-014,hi,1,13,0.028675405476880123,-0.035139638989798154,0.06381504446667828,1,0.71875
sub-014,hi,1,14,0.06712722720547538,-0.06329488395690852,0.1304221111623839,1,0.71875
sub-014,hi,1,15,0.08739181930011715,0.04553461497608069,0.04185720432403646,1,0.71875
sub-014,hi,1,16,0.022966669124415067,-0.01785533672716094,0.040822005851576006,1,0.71875
sub-014,hi,1,17,-0.07916131493359072,0.032936992558497726,-0.11209830749208843,0,0.71875
sub-014,hi,1,18,-0.006685223132640196,-0.06979407978584604,0.06310885665320584,1,0.71875
sub-014,hi,1,19,0.056780704275182836,0.016377273013107308,0.04040343126207553,1,0.71875
sub-014,hi,1,20,0.02859684962915777,-0.06092096609490861,0.08951781572406638,1,0.71875
sub-014,hi,1,21,0.06687053748599409,-0.006813827727021531,0.07368436521301562,1,0.71875
sub-014,hi,1,22,-0.029462788081861663,-0.061852554001777145,0.03238976591991548,1,0.71875
sub-014,hi,1,23,0.0036374573480273814,0.027676466416553382,-0.024039009068526,0,0.71875
sub-014,hi,1,24,0.044397423400376355,0.00939227171607217,0.03500515168430419,1,0.71875
sub-014,hi,1,25,0.048228012819832605,-0.015102818193648358,0.06333083101348097,1,0.71875
sub-014,hi,1,26,0.02217545313647696,0.021816802888338073,0.00035865024813888646,1,0.71875
sub-014,hi,1,27,0.044123188924792806,0.0532949535457566,-0.009171764620963793,0,0.71875
sub-014,hi,1,28,-0.013628154151262548,-0.014921542216680942,0.0012933880654183941,1,0.71875
sub-014,hi,1,29,0.02907109302302475,-0.027006957838580294,0.05607805086160504,1,0.71875
sub-014,hi,1,30,-0.04840356521459796,0.04634297586762186,-0.09474654108221982,0,0.71875
sub-014,hi,1,31,-0.06798887634266428,0.019047867454902792,-0.08703674379756707,0,0.71875
sub-015,hi,1,0,-0.016831048803051096,0.06111032469695512,-0.07794137350000621,0,0.28125
sub-015,hi,1,1,-0.03056645046009383,-0.005384051353564698,-0.02518239910652913,0,0.28125
sub-015,hi,1,2,-0.012731127020605972,0.05414076343261404,-0.06687189045322002,0,0.28125
sub-015,hi,1,3,-0.09677881874570815,-0.05384916717205117,-0.04292965157365698,0,0.28125
sub-015,hi,1,4,-0.029750200682134974,0.038626255094629726,-0.0683764557767647,0,0.28125
sub-015,hi,1,5,0.060194487782753325,0.031595302414733566,0.02859918536801976,1,0.28125
sub-015,hi,1,6,-0.0477414586862782,0.03385708487349816,-0.08159854355977636,0,0.28125
sub-015,hi,1,7,0.006530995433141983,0.009670822494641884,-0.003139827061499901,0,0.28125
sub-015,hi,1,8,-0.02719789083509994,-0.020581664107925685,-0.006616226727174254,0,0.28125
sub-015,hi,1,9,-0.010555484114204847,0.06415944201194947,-0.07471492612615431,0,0.28125
sub-015,hi,1,10,-0.06961916098967419,-0.01647626965107336,-0.053142891338600826,0,0.28125
sub-015,hi,1,11,-0.10811726475578376,-0.009116946211127387,-0.09900031854465638,0,0.28125
sub-015,hi,1,12,-0.08502245756893298,-0.031245198591281918,-0.053777258977651066,0,0.28125
sub-015,hi,1,13,0.005041702047635133,-0.0049333627761905825,0.009975064823825715,1,0.28125
sub-015,hi,1,14,0.003679156263305378,-0.060694637262066246,0.06437379352537162,1,0.28125
sub-015,hi,1,15,-0.05826926277881324,0.020677063750930407,-0.07894632652974365,0,0.28125
sub-015,hi,1,16,-0.02062758145003429,0.024002052474156307,-0.0446296339241906,0,0.28125
sub-015,hi,1,17,0.007569830230746412,-0.01631139208703732,0.02388122231778373,1,0.28125
sub-015,hi,1,18,0.07014220482169531,-0.02720441142974827,0.09734661625144359,1,0.28125
sub-015,hi,1,19,-0.004992723283317182,0.002415983011680996,-0.007408706294998178,0,0.28125
sub-015,hi,1,20,0.012756770717492925,0.04040956325239386,-0.02765279253490093,0,0.28125
sub-015,hi,1,21,-0.0553596411595963,0.078951473443806,-0.1343111146034023,0,0.28125
sub-015,hi,1,22,-0.11066653413309263,0.02969798515536446,-0.14036451928845708,0,0.28125
sub-015,hi,1,23,-0.05021310435826039,0.013184090428292237,-0.06339719478655262,0,0.28125
sub-015,hi,1,24,0.017953943889647047,-0.08091788383673744,0.09887182772638449,1,0.28125
sub-015,hi,1,25,-0.09960744701997108,0.04430201315610091,-0.14390946017607198,0,0.28125
sub-015,hi,1,26,0.05631014684865927,-0.058748964835706685,0.11505911168436596,1,0.28125
sub-015,hi,1,27,-0.011219353856586445,0.06500686321529237,-0.07622621707187881,0,0.28125
sub-015,hi,1,28,-0.057918829776592906,0.007613395628319813,-0.06553222540491271,0,0.28125
sub-015,hi,1,29,0.008860805860284548,-0.03476065023708244,0.04362145609736699,1,0.28125
sub-015,hi,1,30,0.015269588032326812,-0.05990255234441669,0.0751721403767435,1,0.28125
sub-015,hi,1,31,-0.005466178929833333,0.06013437553284638,-0.06560055446267972,0,0.28125
sub-016,hi,1,0,-0.006470421985347341,0.008899113569266436,-0.015369535554613777,0,0.625
sub-016,hi,1,1,0.07145038172839649,-0.024871019958384557,0.09632140168678105,1,0.625
sub-016,hi,1,2,-0.023411737810706938,0.03885902202738155,-0.06227075983808848,0,0.625
sub-016,hi,1,3,-0.010652150271576458,-0.06835430265190717,0.05770215238033072,1,0.625
sub-016,hi,1,4,-0.05130560383835438,-0.03961989923386592,-0.011685704604488457,0,0.625
sub-016,hi,1,5,0.0015891169450577207,-0.0008894347555324333,0.002478551700590154,1,0.625
sub-016,hi,1,6,0.053563617038450216,0.0008851110708707418,0.052678505967579475,1,0.625
sub-016,hi,1,7,0.022591111484148232,-0.00789269280956385,0.030483804293712082,1,0.625
sub-016,hi,1,8,-0.035428877672747876,0.04357839263145216,-0.07900727030420004,0,0.625
sub-016,hi,1,9,-0.029472915748781612,-0.10025250247859839,0.07077958672981678,1,0.625
sub-016,hi,1,10,-0.015958304755510626,-0.0459115805152597,0.029953275759749078,1,0.625
sub-016,hi,1,11,0.054268768879953584,-0.006251826973024814,0.0605205958529784,1,0.625
sub-016,hi,1,12,-0.023232142199304206,0.013570399348730788,-0.036802541548034994,0,0.625
sub-016,hi,1,13,0.017237894810235802,-0.002438535253267611,0.019676430063503413,1,0.625
sub-016,hi,1,14,-0.0625786960254104,-0.08358075535253488,0.021002059327124484,1,0.625
sub-016,hi,1,15,0.031109007342234218,0.03760159776700887,-0.006492590424774649,0,0.625
sub-016,hi,1,16,0.010661202751169056,-0.02548438687348545,0.0361455896246545,1,0.625
sub-016,hi,1,17,-0.014451784051938199,-0.08353335825500306,0.06908157420306486,1,0.625
sub-016,hi,1,18,0.02248690054780111,-0.008054148264109785,0.030541048811910894,1,0.625
sub-016,hi,1,19,-0.0011905991497566668,0.08552098095693456,-0.08671158010669122,0,0.625
sub-016,hi,1,20,0.04557459856669787,0.0471023518262418,-0.0015277532595439278,0,0.625
sub-016,hi,1,21,-0.008873104943310294,0.09852689256864151,-0.10739999751195181,0,0.625
sub-016,hi,1,22,0.0026497734464196662,0.020631397659047354,-0.017981624212627688,0,0.625
sub-016,hi,1,23,0.10529020751461714,0.02791840130646772,0.07737180620814942,1,0.625
sub-016,hi,1,24,-0.003282423268468755,-0.03314238688218338,0.029859963613714624,1,0.625
sub-016,hi,1,25,0.020354126659312587,-0.055025770714658806,0.0753798973739714,1,0.625
sub-016,hi,1,26,0.017476810862295033,-0.024361734355201278,0.04183854521749631,1,0.625
sub-016,hi,1,27,-0.07358832842452709,-0.047354589405165584,-0.026233739019361504,0,0.625
sub-016,hi,1,28,-0.06876953661651439,0.0004920799746541331,-0.06926161659116851,0,0.625
sub-016,hi,1,29,0.0414070834208506,0.03147504280913108,0.009932040611719518,1,0.625
sub-016,hi,1,30,-0.020844222277182623,-0.07802454574380499,0.05718032346662237,1,0.625
sub-016,hi,1,31,0.00022804617485164754,-0.005186877948355091,0.005414924123206739,1,0.625
sub-017,hi,1,0,-0.029604829061964495,0.06123833478316663,-0.09084316384513112,0,0.3125
sub-017,hi,1,1,-0.002378697992793875,0.018350498600902515,-0.02072919659369639,0,0.3125
sub-017,hi,1,2,-0.018819434189924097,0.019320563178042732,-0.03813999736796683,0,0.3125
sub-017,hi,1,3,-0.03663559526595135,0.04214477772691779,-0.07878037299286914,0,0.3125
sub-017,hi,1,4,-0.02174818064456702,0.009798482525984887,-0.03154666317055191,0,0.3125
sub-017,hi,1,5,0.011290134706721477,-0.047636610671901364,0.058926745378622844,1,0.3125
sub-017,hi,1,6,0.018397842001532567,0.020896260713562324,-0.002498418712029757,0,0.3125
sub-017,hi,1,7,-0.04022221192309485,0.007073948352845887,-0.04729616027594074,0,0.3125
sub-017,hi,1,8,-0.0040066798427817515,0.028811627590212156,-0.03281830743299391,0,0.3125
sub-017,hi,1,9,0.019899353239528884,0.02270459454250751,-0.002805241302978625,0,0.3125
sub-017,hi,1,10,-0.045542502156460656,0.024562816902333508,-0.07010531905879416,0,0.3125
sub-017,hi,1,11,0.11810035701907365,0.014444109116658749,0.1036562479024149,1,0.3125
sub-017,hi,1,12,-0.0026151590145361133,-0.014826133800127572,0.01221097478559146,1,0.3125
sub-017,hi,1,13,0.04351911644188283,-0.08614589915212675,0.12966501559400959,1,0.3125
sub-017,hi,1,14,-0.020476056971817713,-0.0038054256402474495,-0.016670631331570263,0,0.3125
sub-017,hi,1,15,-0.0378897912754854,0.07777589082625877,-0.11566568210174416,0,0.3125
sub-017,hi,1,16,-0.06052236902900404,-0.018385419622860676,-0.04213694940614336,0,0.3125
sub-017,hi,1,17,0.026730896081329412,-0.005596684491548779,0.03232758057287819,1,0.3125
sub-017,hi,1,18,-0.023139240235385973,-0.02753178695437017,0.004392546718984196,1,0.3125
sub-017,hi,1,19,0.00651291869602707,0.027077938130627546,-0.020565019434600477,0,0.3125
sub-017,hi,1,20,-0.04262826449748626,0.00016718209590552228,-0.04279544659339178,0,0.3125
sub-017,hi,1,21,-0.05655413049359702,-0.011150807477120437,-0.04540332301647658,0,0.3125
sub-017,hi,1,22,-0.07793538435067464,-0.02791923955431147,-0.05001614479636317,0,0.3125
sub-017,hi,1,23,0.01828140681201383,-0.03437504724368724,0.052656454055701074,1,0.3125
sub-017,hi,1,24,-0.041269500147248527,-0.013943273937752415,-0.02732622620949611,0,0.3125
sub-017,hi,1,25,-0.0634504613808929,0.06784666092596355,-0.13129712230685645,0,0.3125
sub-017,hi,1,26,-0.06622129231918616,0.034785828335986944,-0.10100712065517312,0,0.3125
sub-017,hi,1,27,0.06411293568864225,-0.009517340453860407,0.07363027614250266,1,0.3125
sub-017,hi,1,28,0.021598327796674276,0.010424053975921931,0.011174273820752345,1,0.3125
sub-017,hi,1,29,0.04840436359995057,0.06112730284803702,-0.01272293924808645,0,0.3125
sub-017,hi,1,30,0.0007173679577874523,-0.00039720975882147537,0.0011145777166089276,1,0.3125
sub-017,hi,1,31,-0.06735454259696963,0.006926077688070872,-0.0742806202850405,0,0.3125
sub-018,hi,1,0,0.0026690749555362656,0.007108808457312712,-0.004439733501776446,0,0.46875
sub-018,hi,1,1,0.03164716996294837,0.00010526487973281272,0.031541905083215555,1,0.46875
sub-018,hi,1,2,0.005572739022153273,0.08530435076762426,-0.07973161174547098,0,0.46875
sub-018,hi,1,3,-0.04101338903978383,-0.07554787758795006,0.03453448854816623,1,0.46875
sub-018,hi,1,4,-0.014439954299026826,0.047384129292515224,-0.06182408359154205,0,0.46875
sub-018,hi,1,5,-0.006104177817273019,-0.04167714398962572,0.0355729661723527,1,0.46875
sub-018,hi,1,6,0.0840566016268691,0.08706766779451344,-0.0030110661676443357,0,0.46875
sub-018,hi,1,7,-0.01018710838765437,0.025080190071117454,-0.03526729845877183,0,0.46875
sub-018,hi,1,8,0.07377546391184218,0.029181791058216396,0.04459367285362579,1,0.46875
sub-018,hi,1,9,0.015404835857868858,-0.02780357668496587,0.04320841254283472,1,0.46875
sub-018,hi,1,10,-0.04672144196960784,0.002732901101403075,-0.04945434307101092,0,0.46875
sub-018,hi,1,11,0.04289138540062427,-0.017494356499128345,0.06038574189975261,1,0.46875
sub-018,hi,1,12,0.007441095243672654,0.035324456691230736,-0.027883361447558083,0,0.46875
sub-018,hi,1,13,-0.005225607571145955,-0.07748011434722005,0.07225450677607409,1,0.46875
sub-018,hi,1,14,-0.017224698963717467,0.05350706676517962,-0.07073176572889708,0,0.46875
sub-018,hi,1,15,-0.07650091034241621,-0.038321091928296185,-0.03817981841412003,0,0.46875
sub-018,hi,1,16,-0.015980680567031377,-0.005557528884430375,-0.010423151682601002,0,0.46875
sub-018,hi,1,17,-0.07558217656226653,-0.007312998358766331,-0.06826917820350019,0,0.46875
sub-018,hi,1,18,-0.033679870324519794,0.06968725734251908,-0.10336712766703887,0,0.46875
sub-018,hi,1,19,-0.006412324985749426,-0.006007232473059272,-0.00040509251269015435,0,0.46875
sub-018,hi,1,20,-0.026263476398331355,0.08770151438327906,-0.1139649907816104,0,0.46875
sub-018,hi,1,21,0.029807002586534515,0.01920077117928085,0.010606231407253666,1,0.46875
sub-018,hi,1,22,0.007126087231275568,-0.03660167877374125,0.04372776600501682,1,0.46875
sub-018,hi,1,23,0.045699648217861995,-0.0687976692215357,0.1144973174393977,1,0.46875
sub-018,hi,1,24,-0.06694671947678818,-0.03457528121462278,-0.0323714382621654,0,0.46875
sub-018,hi,1,25,-0.015013063810081518,0.02386490058492766,-0.03887796439500918,0,0.46875
sub-018,hi,1,26,0.02162933399332415,-0.034778124417006694,0.056407458410330846,1,0.46875
sub-018,hi,1,27,0.0895495591611063,-0.04872047559068087,0.13827003475178717,1,0.46875
sub-018,hi,1,28,-0.04174691692672165,0.05981810533955694,-0.10156502226627859,0,0.46875
sub-018,hi,1,29,0.09042057386509451,-0.03221272783654113,0.12263330170163564,1,0.46875
sub-018,hi,1,30,0.058865919116941855,-0.004680375295754611,0.06354629441269646,1,0.46875
sub-018,hi,1,31,0.041859446956368146,0.009286919114812385,0.03257252784155576,1,0.46875
sub-019,hi,1,0,-0.06011549281499912,0.00396445244500618,-0.06407994526000531,0,0.46875
sub-019,hi,1,1,-0.006113129574130397,0.09881869204201367,-0.10493182161614406,0,0.46875
sub-019,hi,1,2,-0.10559811936361971,0.04986083265898677,-0.15545895202260648,0,0.46875
sub-019,hi,1,3,0.008642312629554536,0.0030149346344874777,0.0056273779950670585,1,0.46875
sub-019,hi,1,4,0.04093594140329339,0.015222874179081464,0.025713067224211926,1,0.46875
sub-019,hi,1,5,-0.0010193270791987604,0.07699416616990364,-0.0780134932491024,0,0.46875
sub-019,hi,1,6,0.041304494744878996,0.006689356885500875,0.03461513785937812,1,0.46875
sub-019,hi,1,7,-0.03243038056357323,0.0572138288503443,-0.08964420941391754,0,0.46875
sub-019,hi,1,8,0.07640988163527987,-0.03596508261810059,0.11237496425338045,1,0.46875
sub-019,hi,1,9,0.06805835399399021,0.07463315793570652,-0.006574803941716306,0,0.46875
sub-019,hi,1,10,0.0369697646846692,-0.003564995334881007,0.040534760019550205,1,0.46875
sub-019,hi,1,11,-0.07115824484163732,-0.04197952388649387,-0.029178720955143456,0,0.46875
sub-019,hi,1,12,0.039074502833937,0.001124238756407621,0.037950264077529376,1,0.46875
sub-019,hi,1,13,0.0028022706412908814,0.058121355805829444,-0.05531908516453856,0,0.46875
sub-019,hi,1,14,-0.020254367513850735,0.07151976644712794,-0.09177413396097868,0,0.46875
sub-019,hi,1,15,-0.0516192561720863,-0.10145110531196744,0.04983184913988114,1,0.46875
sub-019,hi,1,16,0.004340187655187765,0.05228027026038006,-0.047940082605192294,0,0.46875
sub-019,hi,1,17,-0.004223962003490296,0.05813708085334185,-0.062361042856832145,0,0.46875
sub-019,hi,1,18,-0.07261701977046084,-0.07479349397710768,0.0021764742066468362,1,0.46875
sub-019,hi,1,19,0.06471826507033886,0.06856586440302961,-0.003847599332690757,0,0.46875
sub-019,hi,1,20,-0.03613745470476398,-0.023001155888629013,-0.01313629881613497,0,0.46875
sub-019,hi,1,21,0.018922108553347246,-0.0756178561807672,0.09453996473411445,1,0.46875
sub-019,hi,1,22,0.05062617096673279,0.06976085256921566,-0.01913468160248287,0,0.46875
sub-019,hi,1,23,0.020172181453262498,0.018017702940474632,0.0021544785127878656,1,0.46875
sub-019,hi,1,24,-0.0016284157804481475,0.03529632477964575,-0.03692474056009389,0,0.46875
sub-019,hi,1,25,-0.044876667664981135,0.039816471493848156,-0.08469313915882928,0,0.46875
sub-019,hi,1,26,-0.03131426287873078,0.07220379915777342,-0.1035180620365042,0,0.46875
sub-019,hi,1,27,0.02887021315073691,-0.01391243461256134,0.04278264776329825,1,0.46875
sub-019,hi,1,28,0.07606654632928331,0.020346783946196656,0.05571976238308665,1,0.46875
sub-019,hi,1,29,0.09022749589081254,-0.01024810236500656,0.1004755982558191,1,0.46875
sub-019,hi,1,30,0.025475335535957395,0.021989098410923492,0.003486237125033903,1,0.46875
sub-019,hi,1,31,0.05936503306632017,-0.017086313672209617,0.07645134673852978,1,0.46875
sub-020,hi,1,0,0.03958230210259836,0.10174070507470613,-0.06215840297210777,0,0.5
sub-020,hi,1,1,0.032447046645820925,-0.04230511775146432,0.07475216439728524,1,0.5
sub-020,hi,1,2,0.02416716456519127,-0.08595585380122144,0.11012301836641271,1,0.5
sub-020,hi,1,3,0.04808121806166442,-0.00021531106353994884,0.048296529125204365,1,0.5
sub-020,hi,1,4,-0.0674718037283251,-0.04595559655070857,-0.021516207177616535,0,0.5
sub-020,hi,1,5,-0.04253994904820186,0.025758511578478242,-0.0682984606266801,0,0.5
sub-020,hi,1,6,0.037914522346475896,0.04743142827326597,-0.009516905926790074,0,0.5
sub-020,hi,1,7,-0.022993617660203976,-0.037114718902912916,0.01412110124270894,1,0.5
sub-020,hi,1,8,0.021728531767818107,0.11050693397430551,-0.0887784022064874,0,0.5
sub-020,hi,1,9,-0.013449876397318374,0.04935686416009957,-0.06280674055741794,0,0.5
sub-020,hi,1,10,0.036590698207719305,0.028125542282985,0.008465155924734305,1,0.5
sub-020,hi,1,11,-0.001581857603965512,-0.029285449086762744,0.027703591482797232,1,0.5
sub-020,hi,1,12,-0.10107810410422645,-0.00949384741197642,-0.09158425669225002,0,0.5
sub-020,hi,1,13,-0.09089214985137645,-0.0016578976795471744,-0.08923425217182927,0,0.5
sub-020,hi,1,14,-0.01792077615492591,-0.002663991227024875,-0.015256784927901033,0,0.5
sub-020,hi,1,15,0.0696838084883659,-0.010870011618323646,0.08055382010668954,1,0.5
sub-020,hi,1,16,0.060113227960908414,0.030879982611456448,0.029233245349451965,1,0.5
sub-020,hi,1,17,-0.013511163583930006,0.02260727739429625,-0.03611844097822626,0,0.5
sub-020,hi,1,18,-0.05693979471893265,-0.04376452785835048,-0.013175266860582173,0,0.5
sub-020,hi,1,19,-0.009285541191509886,-0.1066693276350955,0.09738378644358561,1,0.5
sub-020,hi,1,20,0.009929145038227416,-0.010919555691968811,0.020848700730196228,1,0.5
sub-020,hi,1,21,-0.03723407039155005,-0.0034714193399152425,-0.033762651051634805,0,0.5
sub-020,hi,1,22,-0.031171365369813013,0.0054371279977587705,-0.036608493367571784,0,0.5
sub-020,hi,1,23,0.049322384558017414,0.011245178160434369,0.038077206397583045,1,0.5
sub-020,hi,1,24,0.04356227630455621,0.009397565795546115,0.0341647105090101,1,0.5
sub-020,hi,1,25,0.1042386072099828,-0.049467972801062327,0.15370658001104515,1,0.5
sub-020,hi,1,26,-0.014388898279996013,0.05057961734551217,-0.06496851562550818,0,0.5
sub-020,hi,1,27,-0.011574473885780274,-0.045818366824371966,0.03424389293859169,1,0.5
sub-020,hi,1,28,0.024845431440553796,-0.008208556755275202,0.033053988195829,1,0.5
sub-020,hi,1,29,-0.06435448617891584,0.05104329009273676,-0.1153977762716526,0,0.5
sub-020,hi,1,30,-0.0066428264427019715,0.004094344681178672,-0.010737171123880644,0,0.5
sub-020,hi,1,31,0.04955948115888133,-0.04234228985707136,0.09190177101595268,1,0.5
sub-021,nh,0,0,0.018662439280511995,-0.0443685647714562,0.0630310040519682,1,0.5625
sub-021,nh,0,1,-0.017238316894615274,0.01634285217219577,-0.033581169066811044,0,0.5625
sub-021,nh,0,2,0.08991852409218837,0.07305205343997659,0.01686647065221178,1,0.5625
sub-021,nh,0,3,-0.004929410815065171,0.08182613643476278,-0.08675554724982795,0,0.5625
sub-021,nh,0,4,0.005832834755617143,-0.023448434175496687,0.02928126893111383,1,0.5625
sub-021,nh,0,5,0.029290901411579858,-0.060052861643423945,0.0893437630550038,1,0.5625
sub-021,nh,0,6,-0.07726805890167665,-0.024712124578874995,-0.05255593432280166,0,0.5625
sub-021,nh,0,7,0.03917931084917743,0.012230140553104698,0.026949170296072734,1,0.5625
sub-021,nh,0,8,0.02673305776900774,0.026847924134148708,-0.00011486636514096774,0,0.5625
sub-021,nh,0,9,-0.04812884342506063,-0.0759227039005033,0.027793860475442675,1,0.5625
sub-021,nh,0,10,0.012862829950799393,0.0006796280974462188,0.012183201853353174,1,0.5625
sub-021,nh,0,11,-0.036340672467024535,0.054849491075386544,-0.09119016354241108,0,0.5625
sub-021,nh,0,12,-0.008465797275861596,-0.010021992229088221,0.0015561949532266247,1,0.5625
sub-021,nh,0,13,0.039374410315787284,-0.030982246638131063,0.07035665695391835,1,0.5625
sub-021,nh,0,14,-0.055672509129355986,-0.030609769544478558,-0.02506273958487743,0,0.5625
sub-021,nh,0,15,-0.02626683715774854,0.06747486531990367,-0.0937417024776522,0,0.5625
sub-021,nh,0,16,-0.04698415720725268,0.06558455252383999,-0.11256870973109268,0,0.5625
sub-021,nh,0,17,0.006930539967641404,-0.02990463154760317,0.03683517151524457,1,0.5625
sub-021,nh,0,18,-0.03031106313786231,-0.013541474003120047,-0.016769589134742264,0,0.5625
sub-021,nh,0,19,-0.07933001581537537,-0.03058451275345755,-0.048745503061917814,0,0.5625
sub-021,nh,0,20,0.01129080840339386,-0.013452479625114814,0.024743288028508673,1,0.5625
sub-021,nh,0,21,0.029972830509485786,0.0012056030896189119,0.028767227419866873,1,0.5625
sub-021,nh,0,22,0.014916750980755044,0.009179566245015067,0.005737184735739977,1,0.5625
sub-021,nh,0,23,0.05617305252526888,0.07091411451270112,-0.01474106198743224,0,0.5625
sub-021,nh,0,24,-0.037464694384479816,-0.04492059486801111,0.007455900483531293,1,0.5625
sub-021,nh,0,25,0.0017027579784988436,-0.019264600861730985,0.02096735884022983,1,0.5625
sub-021,nh,0,26,0.05764815339592913,0.001258426671704928,0.0563897267242242,1,0.5625
sub-021,nh,0,27,-0.047969342325588346,0.0444613130868735,-0.09243065541246184,0,0.5625
sub-021,nh,0,28,-0.009878588077171147,0.061941967626138655,-0.07182055570330981,0,0.5625
sub-021,nh,0,29,0.013989668997861693,-0.022417371489479622,0.036407040487341315,1,0.5625
sub-021,nh,0,30,0.07175021738936631,-0.08128209002830948,0.1530323074176758,1,0.5625
sub-021,nh,0,31,-0.006723919883523491,0.058160012313274854,-0.06488393219679835,0,0.5625
sub-022,nh,0,0,0.009762588779701275,-0.0300090114889302,0.039771600268631475,1,0.6875
sub-022,nh,0,1,0.009586977034026648,-0.03934311137754715,0.0489300884115738,1,0.6875
sub-022,nh,0,2,0.004898406164721279,0.009941008706211781,-0.005042602541490502,0,0.6875
sub-022,nh,0,3,-0.03345143102973258,-0.03560813932196206,0.002156708292229477,1,0.6875
sub-022,nh,0,4,0.06015472968715875,-0.01623167059355645,0.0763864002807152,1,0.6875
sub-022,nh,0,5,0.014221677069576073,-0.026614396812014062,0.040836073881590135,1,0.6875
sub-022,nh,0,6,-0.026496574521463548,0.06993832198501022,-0.09643489650647377,0,0.6875
sub-022,nh,0,7,0.027358149028387315,0.03630745824454775,-0.008949309216160436,0,0.6875
sub-022,nh,0,8,-0.08143415104703733,0.04360889801174828,-0.1250430490587856,0,0.6875
sub-022,nh,0,9,0.036408541438314,-0.04614786223721274,0.08255640367552675,1,0.6875
sub-022,nh,0,10,0.016238570193014393,-0.03423404212219785,0.050472612315212245,1,0.6875
sub-022,nh,0,11,-0.01657255026055766,-0.006869251527180386,-0.009703298733377275,0,0.6875
sub-022,nh,0,12,-0.00603466688525698,-0.057803637328249405,0.051768970442992425,1,0.6875
sub-022,nh,0,13,0.04237399880570783,-0.03137101154992937,0.0737450103556372,1,0.6875
sub-022,nh,0,14,-0.02784689260424762,-0.014554809083418826,-0.013292083520828793,0,0.6875
sub-022,nh,0,15,0.02323754555018216,-0.07645436789508657,0.09969191344526873,1,0.6875
sub-022,nh,0,16,-0.019148555249665525,0.03544583000344414,-0.05459438525310967,0,0.6875
sub-022,nh,0,17,0.018033412456007872,0.013396365523989612,0.00463704693201826,1,0.6875
sub-022,nh,0,18,0.03468340199525146,0.021906203486053526,0.012777198509197934,1,0.6875
sub-022,nh,0,19,-0.06168053568701673,-0.024436039691388634,-0.037244495995628096,0,0.6875
sub-022,nh,0,20,-0.020341935129324293,-0.09500538374257426,0.07466344861324997,1,0.6875
sub-022,nh,0,21,0.009327102995674769,0.0785720129124965,-0.06924490991682174,0,0.6875
sub-022,nh,0,22,0.028073939245068003,-0.04359076740979307,0.07166470665486108,1,0.6875
sub-022,nh,0,23,-0.010955741238780582,-0.013436626252639526,0.002480885013858944,1,0.6875
sub-022,nh,0,24,0.0254617563133965,0.016222563376250616,0.009239192937145882,1,0.6875
sub-022,nh,0,25,-0.0033825753650180623,-0.022654120377537668,0.019271545012519604,1,0.6875
sub-022,nh,0,26,0.010082445104758123,-0.0552276776137842,0.06531012271854232,1,0.6875
sub-022,nh,0,27,0.00982767121407397,-0.08179969459487535,0.09162736580894931,1,0.6875
sub-022,nh,0,28,0.06103485668849965,-0.07007735497026321,0.13111221165876286,1,0.6875
sub-022,nh,0,29,0.11406937269315784,-0.08231264797936332,0.19638202067252114,1,0.6875
sub-022,nh,0,30,0.07281468991684292,0.041411024447093714,0.03140366546974921,1,0.6875
sub-022,nh,0,31,0.03846115344587267,0.041928916893792585,-0.003467763447919915,0,0.6875
sub-023,nh,0,0,-0.02140624489887847,0.08370907335691713,-0.10511531825579559,0,0.46875
sub-023,nh,0,1,0.04717083709954945,0.064123947286252,-0.016953110186702543,0,0.46875
sub-023,nh,0,2,-0.014972352556578366,-0.03930635966853581,0.02433400711195744,1,0.46875
sub-023,nh,0,3,0.045404762262180584,0.07019021038594286,-0.02478544812376228,0,0.46875
sub-023,nh,0,4,0.00531778473832009,-0.0530078961624486,0.058325680900768694,1,0.46875
sub-023,nh,0,5,0.03661890666557199,0.09837133060175719,-0.0617524239361852,0,0.46875
sub-023,nh,0,6,0.07382230681687628,-0.07509908584910022,0.14892139266597648,1,0.46875
sub-023,nh,0,7,-0.04971251883133681,-0.0444799382205541,-0.00523258061078271,0,0.46875
sub-023,nh,0,8,0.006451169194156057,0.018786290087899837,-0.01233512089374378,0,0.46875
sub-023,nh,0,9,0.049595240003797565,-0.0046900977242300195,0.054285337728027586,1,0.46875
sub-023,nh,0,10,0.10200069188375528,-0.017779594494180893,0.11978028637793617,1,0.46875
sub-023,nh,0,11,-0.017785452995618966,0.004420451424591695,-0.02220590442021066,0,0.46875
sub-023,nh,0,12,0.010647149195050647,-0.08604008067189303,0.09668722986694368,1,0.46875
sub-023,nh,0,13,-0.026056477133869924,-0.009620745124490503,-0.016435732009379422,0,0.46875
sub-023,nh,0,14,0.01796576901166983,-0.00767434167347999,0.02564011068514982,1,0.46875
sub-023,nh,0,15,0.09498297510005826,0.018658756426573133,0.07632421867348513,1,0.46875
sub-023,nh,0,16,-0.03172559477599037,-0.03621243519100574,0.004486840415015368,1,0.46875
sub-023,nh,0,17,0.09260580175704261,-0.053993498675490345,0.14659930043253294,1,0.46875
sub-023,nh,0,18,-0.014264145810328147,0.07123606157674914,-0.08550020738707728,0,0.46875
sub-023,nh,0,19,-0.056483124634052334,0.053787344442880636,-0.11027046907693297,0,0.46875
sub-023,nh,0,20,0.008110921244747861,-0.001321377988602479,0.00943229923335034,1,0.46875
sub-023,nh,0,21,-0.004379653984168825,0.08752037194138926,-0.09190002592555808,0,0.46875
sub-023,nh,0,22,-0.0945034432334893,-0.04922818477875204,-0.04527525845473726,0,0.46875
sub-023,nh,0,23,-0.0002901603546924897,-0.0746054709085804,0.0743153105538879,1,0.46875
sub-023,nh,0,24,0.07430532532317903,0.07372975246571155,0.0005755728574674823,1,0.46875
sub-023,nh,0,25,-0.0379007507336134,-0.03496537470167677,-0.0029353760319366304,0,0.46875
sub-023,nh,0,26,0.005156008848835512,0.025537365230029446,-0.020381356381193934,0,0.46875
sub-023,nh,0,27,-0.04224767045682608,0.09340269231851353,-0.1356503627753396,0,0.46875
sub-023,nh,0,28,-0.06282635074053103,-0.08135977420645131,0.018533423465920282,1,0.46875
sub-023,nh,0,29,-0.01309310473091303,-0.008025616919030467,-0.005067487811882562,0,0.46875
sub-023,nh,0,30,0.05316518673525798,0.117382863479777,-0.06421767674451902,0,0.46875
sub-023,nh,0,31,0.008903937177328252,-0.029609234492549655,0.03851317166987791,1,0.46875
sub-024,nh,0,0,-0.026243467287120386,-0.016060279387051117,-0.010183187900069269,0,0.46875
sub-024,nh,0,1,-0.0796200535028791,-0.07419413642048367,-0.005425917082395426,0,0.46875
sub-024,nh,0,2,0.08997523988499695,0.03934831820937253,0.050626921675624416,1,0.46875
sub-024,nh,0,3,0.015449360964318851,0.004916000454466787,0.010533360509852064,1,0.46875
sub-024,nh,0,4,-0.08780350562067683,-0.007677814297813212,-0.08012569132286362,0,0.46875
sub-024,nh,0,5,0.037720816844869116,0.09294604010963091,-0.05522522326476179,0,0.46875
sub-024,nh,0,6,-0.015514218897870326,0.005387566921210094,-0.02090178581908042,0,0.46875
sub-024,nh,0,7,0.05888316970644826,0.028565697860064434,0.030317471846383826,1,0.46875
sub-024,nh,0,8,0.02931930730359024,-0.014687923346066716,0.044007230649656955,1,0.46875
sub-024,nh,0,9,0.04784339735516886,-0.001184869252348891,0.04902826660751775,1,0.46875
sub-024,nh,0,10,0.11652694909426531,0.03465128741575316,0.08187566167851215,1,0.46875
sub-024,nh,0,11,0.1449789197175966,0.04679242149451599,0.09818649822308062,1,0.46875
sub-024,nh,0,12,-0.025253203357435503,0.016288027927824404,-0.04154123128525991,0,0.46875
sub-024,nh,0,13,-0.06144132004007907,-0.006078539929765911,-0.05536278011031316,0,0.46875
sub-024,nh,0,14,-0.028630396402164075,-0.026380107469169894,-0.0022502889329941815,0,0.46875
sub-024,nh,0,15,-0.023688198359520345,0.09896796970325437,-0.12265616806277471,0,0.46875
sub-024,nh,0,16,0.03857973879494189,0.08117524831225306,-0.04259550951731117,0,0.46875
sub-024,nh,0,17,0.041383129600985294,-0.11199228013545182,0.1533754097364371,1,0.46875
sub-024,nh,0,18,0.006898792579965748,0.042295214215667336,-0.035396421635701586,0,0.46875
sub-024,nh,0,19,0.007357792851479705,0.07080412683679602,-0.06344633398531631,0,0.46875
sub-024,nh,0,20,0.006611780277530372,0.013957597491355398,-0.0073458172138250255,0,0.46875
sub-024,nh,0,21,0.012619318103369135,0.03828743153579024,-0.025668113432421105,0,0.46875
sub-024,nh,0,22,0.028992491241008146,-0.0414469248068712,0.07043941604787934,1,0.46875
sub-024,nh,0,23,0.012220315132859769,-0.0024009434444875453,0.014621258577347314,1,0.46875
sub-024,nh,0,24,-0.027571773046496724,-0.04647094804994579,0.018899175003449065,1,0.46875
sub-024,nh,0,25,-0.07297471071973047,-0.024169437889086775,-0.04880527283064369,0,0.46875
sub-024,nh,0,26,-0.01750018578745547,-0.006890823734734385,-0.010609362052721085,0,0.46875
sub-024,nh,0,27,-0.005036783116080036,-0.10677385325423322,0.10173707013815318,1,0.46875
sub-024,nh,0,28,-0.10099134993169502,-0.0015216954038861643,-0.09946965452780886,0,0.46875
sub-024,nh,0,29,0.06296963188374555,0.02255940129040491,0.04041023059334063,1,0.46875
sub-024,nh,0,30,0.03529773321256185,0.009315012021933404,0.025982721190628444,1,0.46875
sub-024,nh,0,31,-0.0032505191351325183,-0.0072431588528287915,0.003992639717696273,1,0.46875
sub-025,nh,0,0,0.0953227186859599,-0.04942339026848882,0.14474610895444873,1,0.53125
sub-025,nh,0,1,0.0022898973965908235,0.06348991475214968,-0.06120001735555886,0,0.53125
sub-025,nh,0,2,-0.02813826521996145,-0.0014861337080152792,-0.026652131511946172,0,0.53125
sub-025,nh,0,3,0.002187561042431667,-0.07891579802011399,0.08110335906254565,1,0.53125
sub-025,nh,0,4,-0.001344044334799142,-0.0564193013421052,0.05507525700730606,1,0.53125
sub-025,nh,0,5,-0.05152362234904044,-0.07332691751180666,0.021803295162766217,1,0.53125
sub-025,nh,0,6,0.03187576638790816,-0.012305857301519847,0.044181623689428004,1,0.53125
sub-025,nh,0,7,-0.016835721526491928,0.0216571281556012,-0.03849284968209313,0,0.53125
sub-025,nh,0,8,-0.04263610604240375,0.01092936034564747,-0.053565466388051215,0,0.53125
sub-025,nh,0,9,-0.03976586739449958,-0.01627798872704151,-0.02348787866745807,0,0.53125
sub-025,nh,0,10,-0.06788161792494883,-0.01853322980631969,-0.04934838811862914,0,0.53125
sub-025,nh,0,11,0.02603163237827483,0.04164353875597199,-0.015611906377697157,0,0.53125
sub-025,nh,0,12,0.012945524951037917,-0.04024329255194012,0.053188817502978034,1,0.53125
sub-025,nh,0,13,-0.046444211296676995,-0.013647114308729226,-0.03279709698794777,0,0.53125
sub-025,nh,0,14,0.002288866051053064,-0.037392565668131275,0.03968143171918434,1,0.53125
sub-025,nh,0,15,-0.045597982457650454,0.038179907153301954,-0.08377788961095241,0,0.53125
sub-025,nh,0,16,0.04811465548648598,-0.05472469879528813,0.10283935428177411,1,0.53125
sub-025,nh,0,17,0.06018706513258017,-0.042516611540749094,0.10270367667332926,1,0.53125
sub-025,nh,0,18,0.03631361485897185,-0.05981287690316422,0.09612649176213607,1,0.53125
sub-025,nh,0,19,0.07190286668806724,-0.022830258352845665,0.0947331250409129,1,0.53125
sub-025,nh,0,20,0.06687272086408311,0.04717185086230421,0.0197008700017789,1,0.53125
sub-025,nh,0,21,-0.040060204073066145,-0.05580462799672173,0.015744423923655583,1,0.53125
sub-025,nh,0,22,0.00032406710030984684,0.04305672060902244,-0.042732653508712595,0,0.53125
sub-025,nh,0,23,-0.08061405141834102,0.012660316867241176,-0.0932743682855822,0,0.53125
sub-025,nh,0,24,-0.09681595132860221,0.037921647824742506,-0.1347375991533447,0,0.53125
sub-025,nh,0,25,0.04749246589845271,0.07900621760425587,-0.03151375170580316,0,0.53125
sub-025,nh,0,26,-0.0440882546138761,-0.05226547905878988,0.008177224444913776,1,0.53125
sub-025,nh,0,27,-0.00652277969638245,0.035679198917950024,-0.042201978614332475,0,0.53125
sub-025,nh,0,28,-0.0470433187294329,-0.01140632987090364,-0.035636988858529256,0,0.53125
sub-025,nh,0,29,-0.02396582518114145,-0.07587981752153591,0.05191399234039447,1,0.53125
sub-025,nh,0,30,0.040527382432477936,-0.017273264069170458,0.057800646501648394,1,0.53125
sub-025,nh,0,31,-0.0384832750947259,-0.04993261218541432,0.011449337090688419,1,0.53125
sub-026,nh,0,0,-0.024274398378523947,-0.03217397929221444,0.007899580913690491,1,0.65625
sub-026,nh,0,1,0.03855517720708834,-0.046902385640753365,0.0854575628478417,1,0.65625
sub-026,nh,0,2,0.04009762812957297,-0.03662750320477047,0.07672513133434344,1,0.65625
sub-026,nh,0,3,-0.04023432074175759,-0.01965970864371888,-0.020574612098038708,0,0.65625
sub-026,nh,0,4,-0.056678626393336345,0.02227904534405176,-0.0789576717373881,0,0.65625
sub-026,nh,0,5,-0.011506077176490909,-0.012808968045760184,0.0013028908692692756,1,0.65625
sub-026,nh,0,6,-0.06391807684902105,-0.07779940259188531,0.013881325742864256,1,0.65625
sub-026,nh,0,7,-0.01570055493416069,-0.012627472517464093,-0.003073082416696595,0,0.65625
sub-026,nh,0,8,0.0005644689699252332,0.006124776493786815,-0.005560307523861581,0,0.65625
sub-026,nh,0,9,0.047733817774340576,-0.025741633546665667,0.07347545132100625,1,0.65625
sub-026,nh,0,10,0.00891445463080673,0.00039117292210856617,0.008523281708698163,1,0.65625
sub-026,nh,0,11,0.030033907793457156,-0.003429203640900387,0.03346311143435754,1,0.65625
sub-026,nh,0,12,-0.012107013925721413,-0.018408542240866823,0.0063015283151454105,1,0.65625
sub-026,nh,0,13,-0.07676962870977003,0.022351515390077598,-0.09912114409984762,0,0.65625
sub-026,nh,0,14,-0.0042440661332470275,-0.04072820981042087,0.03648414367717384,1,0.65625
sub-026,nh,0,15,0.043982551529228996,0.028538972013131183,0.015443579516097813,1,0.65625
sub-026,nh,0,16,0.0504101216769492,-0.09999131926415264,0.15040144094110183,1,0.65625
sub-026,nh,0,17,-0.0445963374671123,0.03100832900911726,-0.07560466647622956,0,0.65625
sub-026,nh,0,18,0.09625582286423451,0.06889199102969949,0.027363831834535016,1,0.65625
sub-026,nh,0,19,0.04838926878719763,-0.04005387999909405,0.08844314878629168,1,0.65625
sub-026,nh,0,20,0.010386215641928011,0.007536593352470107,0.0028496222894579043,1,0.65625
sub-026,nh,0,21,-0.013707028549691398,-0.06252750583222322,0.04882047728253182,1,0.65625
sub-026,nh,0,22,-0.02613379203292527,0.022171928207682275,-0.048305720240607544,0,0.65625
sub-026,nh,0,23,0.04203125543640868,0.07548096720012928,-0.03344971176372061,0,0.65625
sub-026,nh,0,24,-0.0009201947358428135,-0.014803932448887619,0.013883737713044806,1,0.65625
sub-026,nh,0,25,-0.05904838510072993,-0.011132751146671891,-0.04791563395405804,0,0.65625
sub-026,nh,0,26,0.0013856323870165407,0.02090450644174938,-0.01951887405473284,0,0.65625
sub-026,nh,0,27,-0.023818364306986847,0.04773173893285925,-0.07155010323984609,0,0.65625
sub-026,nh,0,28,0.03359211906864391,-0.02606529970262316,0.05965741877126707,1,0.65625
sub-026,nh,0,29,0.07151435499045987,0.01378283886463183,0.05773151612582804,1,0.65625
sub-026,nh,0,30,-0.027750857251680725,-0.061436451072654115,0.033685593820973386,1,0.65625
sub-026,nh,0,31,0.0010386921153990101,-0.0107623623116663,0.01180105442706531,1,0.65625
sub-027,nh,0,0,-0.0202905198175952,-0.04764951150096646,0.02735899168337126,1,0.5
sub-027,nh,0,1,-0.0035870893477059286,-0.012344624906184407,0.008757535558478479,1,0.5
sub-027,nh,0,2,-0.008817340557245716,-0.041847049128490986,0.03302970857124527,1,0.5
sub-027,nh,0,3,0.050934198278047994,0.055853597685183554,-0.004919399407135559,0,0.5
sub-027,nh,0,4,0.048046401380559794,0.04614877488800711,0.0018976264925526856,1,0.5
sub-027,nh,0,5,-0.0990444497398668,-0.022534096133983404,-0.0765103536058834,0,0.5
sub-027,nh,0,6,-0.10622547572523974,-0.07047603212147088,-0.03574944360376886,0,0.5
sub-027,nh,0,7,0.0004419099656285863,0.030085893857290512,-0.029643983891661927,0,0.5
sub-027,nh,0,8,-0.05952685499655379,0.042876538935023585,-0.10240339393157738,0,0.5
sub-027,nh,0,9,-0.05650616862483578,-0.08169610238966739,0.025189933764831605,1,0.5
sub-027,nh,0,10,-0.041214009020685866,0.05315350993761997,-0.09436751895830583,0,0.5
sub-027,nh,0,11,-0.01611590780097844,0.0201489910776016,-0.03626489887858004,0,0.5
sub-027,nh,0,12,0.0035732844990840483,0.0012296091854097973,0.002343675313674251,1,0.5
sub-027,nh,0,13,-0.024374052648578965,-0.10553444684361599,0.08116039419503703,1,0.5
sub-027,nh,0,14,-0.037467954568780173,0.027624123924297125,-0.0650920784930773,0,0.5
sub-027,nh,0,15,-0.018572799172293823,-0.02938605540163445,0.010813256229340627,1,0.5
sub-027,nh,0,16,-0.027917692835546182,0.0055146220830159425,-0.03343231491856213,0,0.5
sub-027,nh,0,17,0.015079856121976654,0.004506758245817353,0.010573097876159301,1,0.5
sub-027,nh,0,18,-0.013854861351656093,0.0703893161857869,-0.08424417753744298,0,0.5
sub-027,nh,0,19,0.021198878348224186,0.057892557298052885,-0.036693678949828695,0,0.5
sub-027,nh,0,20,-0.07313717257188904,0.013489754005441534,-0.08662692657733057,0,0.5
sub-027,nh,0,21,0.002028732960649954,-0.023581551933000853,0.025610284893650807,1,0.5
sub-027,nh,0,22,0.05760240525439648,-0.019597810645586782,0.07720021589998326,1,0.5
sub-027,nh,0,23,0.020053439917958816,0.050739476115654276,-0.03068603619769546,0,0.5
sub-027,nh,0,24,0.05309769723310094,-0.038566285564517994,0.09166398279761893,1,0.5
sub-027,nh,0,25,0.03418944657912512,0.0021301403975398144,0.032059306181585305,1,0.5
sub-027,nh,0,26,0.12706942374964225,0.08508970499645602,0.041979718753186235,1,0.5
sub-027,nh,0,27,-0.08457261372581316,-0.029376987394853133,-0.055195626330960035,0,0.5
sub-027,nh,0,28,0.05082754069140612,-0.09918722385543255,0.15001476454683865,1,0.5
sub-027,nh,0,29,-0.014508229982635526,0.056088401902698065,-0.07059663188533359,0,0.5
sub-027,nh,0,30,-0.003634028084350551,-0.013662736361892226,0.010028708277541674,1,0.5
sub-027,nh,0,31,-0.019949589450172802,0.04701261140079219,-0.06696220085096499,0,0.5
sub-028,nh,0,0,0.04686988256988875,-0.014419655335016603,0.06128953790490535,1,0.1875
sub-028,nh,0,1,-0.06770078681783963,0.04763301706499198,-0.1153338038828316,0,0.1875
sub-028,nh,0,2,-0.11449624386276533,-0.01275331525782563,-0.10174292860493969,0,0.1875
sub-028,nh,0,3,-0.047908777757151966,0.010659825254311065,-0.05856860301146303,0,0.1875
sub-028,nh,0,4,-0.030854048820465198,-0.006295453647768016,-0.024558595172697182,0,0.1875
sub-028,nh,0,5,-0.0646953012035768,-0.05112097027396444,-0.013574330929612362,0,0.1875
sub-028,nh,0,6,-0.03398166383811076,-0.06684752743596244,0.03286586359785168,1,0.1875
sub-028,nh,0,7,-0.01887901976720329,0.003322817623102925,-0.022201837390306216,0,0.1875
sub-028,nh,0,8,-0.008003310255217572,0.04405413223417898,-0.052057442489396547,0,0.1875
sub-028,nh,0,9,-0.017299622504617182,-0.03560128234034207,0.01830165983572489,1,0.1875
sub-028,nh,0,10,-0.019862155673841572,-0.01817078739659843,-0.0016913682772431438,0,0.1875
sub-028,nh,0,11,-0.06785045573088702,-0.006038271086116045,-0.06181218464477098,0,0.1875
sub-028,nh,0,12,0.052448110155356345,-0.009658825432774047,0.062106935588130394,1,0.1875
sub-028,nh,0,13,-0.01880261859698479,0.012819424849411587,-0.03162204344639638,0,0.1875
sub-028,nh,0,14,-0.000593272439619535,0.030064108483509072,-0.030657380923128606,0,0.1875
sub-028,nh,0,15,-0.009814328876674043,0.04185930527287223,-0.051673634149546274,0,0.1875
sub-028,nh,0,16,-0.015478139863918487,-0.012196836852026813,-0.0032813030118916744,0,0.1875
sub-028,nh,0,17,-0.07407777972909674,0.018627145296606057,-0.0927049250257028,0,0.1875
sub-028,nh,0,18,-0.038232229655832915,0.049944448256927815,-0.08817667791276074,0,0.1875
sub-028,nh,0,19,-0.030589584985760834,-0.012939865618334588,-0.017649719367426243,0,0.1875
sub-028,nh,0,20,-0.03402646268824629,0.006820323436028734,-0.04084678612427502,0,0.1875
sub-028,nh,0,21,-0.032564837050342514,-0.018577166709323654,-0.01398767034101886,0,0.1875
sub-028,nh,0,22,-0.03292813223430252,-0.028208464298922098,-0.004719667935380423,0,0.1875
sub-028,nh,0,23,0.012796009158428994,-0.002271937057635406,0.015067946216064401,1,0.1875
sub-028,nh,0,24,-0.0500771252650052,0.07066044614723048,-0.12073757141223568,0,0.1875
sub-028,nh,0,25,-0.0606037124960376,-0.057759175368184465,-0.002844537127853132,0,0.1875
sub-028,nh,0,26,-0.03208422297291241,0.059567709218707944,-0.09165193219162035,0,0.1875
sub-028,nh,0,27,-0.05223971917940481,-0.01909736857559517,-0.03314235060380964,0,0.1875
sub-028,nh,0,28,-0.07342345937059562,0.0021652133641806457,-0.07558867273477626,0,0.1875
sub-028,nh,0,29,0.0152338776594839,-0.023251154897464668,0.038485032556948566,1,0.1875
sub-028,nh,0,30,-0.11942480280560909,-0.03214032670946109,-0.087284476096148,0,0.1875
sub-028,nh,0,31,-0.03313994487120485,-0.025553715298855716,-0.007586229572349133,0,0.1875
sub-029,nh,0,0,0.016781869086774162,-0.036733101276803584,0.053514970363577746,1,0.65625
sub-029,nh,0,1,0.04740082339593226,-0.023403944478505766,0.07080476787443803,1,0.65625
sub-029,nh,0,2,-0.020484078499342116,-0.0646099926457127,0.044125914146370585,1,0.65625
sub-029,nh,0,3,0.038821306365016815,0.027659335547307127,0.011161970817709688,1,0.65625
sub-029,nh,0,4,0.06109086650163232,-0.04069093862219611,0.10178180512382842,1,0.65625
sub-029,nh,0,5,0.02132567438890662,-0.04281917133101627,0.06414484571992289,1,0.65625
sub-029,nh,0,6,0.026033212009677786,0.06326221150526927,-0.03722899949559148,0,0.65625
sub-029,nh,0,7,0.003319773117434948,-0.0550938091707174,0.05841358228815235,1,0.65625
sub-029,nh,0,8,0.03677473442597929,-0.02119936927774255,0.057974103703721844,1,0.65625
sub-029,nh,0,9,-0.01280932272176943,-0.04963899226981447,0.036829669548045035,1,0.65625
sub-029,nh,0,10,-0.0068131748115844975,-0.03239123550576294,0.025578060694178444,1,0.65625
sub-029,nh,0,11,0.019819940625764608,-0.021989437654896544,0.041809378280661155,1,0.65625
sub-029,nh,0,12,-0.016347585206398504,0.03090161830726289,-0.047249203513661395,0,0.65625
sub-029,nh,0,13,-0.04219827415401301,0.08304877047226009,-0.1252470446262731,0,0.65625
sub-029,nh,0,14,-0.026614835631863478,-0.0391829754222613,0.012568139790397819,1,0.65625
sub-029,nh,0,15,0.022208573899868234,0.06690405311628622,-0.04469547921641799,0,0.65625
sub-029,nh,0,16,-0.12629482474155623,0.0077331531435045914,-0.13402797788506082,0,0.65625
sub-029,nh,0,17,0.019685362932164437,-0.043055221423069896,0.06274058435523433,1,0.65625
sub-029,nh,0,18,0.011193259443925655,-0.03783316783950826,0.04902642728343392,1,0.65625
sub-029,nh,0,19,0.010030284055423354,0.004013370279674014,0.00601691377574934,1,0.65625
sub-029,nh,0,20,0.014798517505839928,0.08495765512171133,-0.0701591376158714,0,0.65625
sub-029,nh,0,21,-0.012258812134226343,0.024557443775161985,-0.03681625590938833,0,0.65625
sub-029,nh,0,22,-0.012590674352552143,-0.0343346105164855,0.02174393616393336,1,0.65625
sub-029,nh,0,23,0.0442521088583141,-0.023462290358360848,0.06771439921667495,1,0.65625
sub-029,nh,0,24,-0.04104596687888571,0.0024118976558082468,-0.043457864534693955,0,0.65625
sub-029,nh,0,25,0.02194717583044891,0.0006437626514431205,0.02130341317900579,1,0.65625
sub-029,nh,0,26,0.034639457036255664,-0.002757232391812098,0.03739668942806776,1,0.65625
sub-029,nh,0,27,-0.05857408092921256,-0.09439356079863394,0.035819479869421376,1,0.65625
sub-029,nh,0,28,0.01729425717166975,-0.06896908430526708,0.08626334147693683,1,0.65625
sub-029,nh,0,29,-0.0188073318808927,-0.01030836220523179,-0.00849896967566091,0,0.65625
sub-029,nh,0,30,0.016273526094639074,0.031834362426558606,-0.015560836331919532,0,0.65625
sub-029,nh,0,31,-0.0001835027337917716,0.019353074787284246,-0.01953657752107602,0,0.65625
sub-030,nh,0,0,-0.024303565544334473,-0.05488607646041605,0.03058251091608158,1,0.4375
sub-030,nh,0,1,-0.04422898739050641,0.005210088417575776,-0.049439075808082183,0,0.4375
sub-030,nh,0,2,-0.0038154808235528956,0.058437457235992474,-0.06225293805954537,0,0.4375
sub-030,nh,0,3,-0.0079808427498919,0.02237039363936104,-0.03035123638925294,0,0.4375
sub-030,nh,0,4,0.023802168006882656,0.053446017829179675,-0.02964384982229702,0,0.4375
sub-030,nh,0,5,-0.020285118409136056,-0.0076052619039972714,-0.012679856505138785,0,0.4375
sub-030,nh,0,6,0.00662974712822131,-0.021204035146991387,0.027833782275212698,1,0.4375
sub-030,nh,0,7,0.018062027530947013,-0.014482592200534102,0.032544619731481116,1,0.4375
sub-030,nh,0,8,-0.06345917657235302,-0.0011247291697709986,-0.06233444740258202,0,0.4375
sub-030,nh,0,9,0.006731989821691257,-0.002227533612550817,0.008959523434242073,1,0.4375
sub-030,nh,0,10,-0.06454631377881763,0.01899974658108397,-0.0835460603599016,0,0.4375
sub-030,nh,0,11,0.02962358108317357,0.023794063128188936,0.005829517954984636,1,0.4375
sub-030,nh,0,12,-0.004160637410486587,-0.020430426166319012,0.016269788755832425,1,0.4375
sub-030,nh,0,13,-0.015008018551157363,0.03315139456178581,-0.048159413112943174,0,0.4375
sub-030,nh,0,14,0.0033935242515179234,0.05827976726789751,-0.054886243016379586,0,0.4375
sub-030,nh,0,15,-0.05611495860589105,-0.006460094603834506,-0.04965486400205654,0,0.4375
sub-030,nh,0,16,-0.023966927238681515,-0.049021772407548354,0.02505484516886684,1,0.4375
sub-030,nh,0,17,0.02264291983565939,-0.07026468363725752,0.0929076034729169,1,0.4375
sub-030,nh,0,18,-0.05059193138275859,-0.02455049938579867,-0.026041431996959918,0,0.4375
sub-030,nh,0,19,-0.0414587982959605,-0.017560017552327764,-0.023898780743632733,0,0.4375
sub-030,nh,0,20,-0.005188717719548975,0.020841467041698602,-0.026030184761247577,0,0.4375
sub-030,nh,0,21,0.03582883737775751,0.03255430410111151,0.003274533276646001,1,0.4375
sub-030,nh,0,22,-0.012271641553185384,0.08309559450560335,-0.09536723605878873,0,0.4375
sub-030,nh,0,23,0.0006045516919216356,0.025380344264990664,-0.024775792573069028,0,0.4375
sub-030,nh,0,24,-0.06527093114200343,-0.006918664871784882,-0.05835226627021854,0,0.4375
sub-030,nh,0,25,0.049108154903259316,-0.02612799034030784,0.07523614524356716,1,0.4375
sub-030,nh,0,26,0.01020617596779245,0.004642581425498937,0.005563594542293513,1,0.4375
sub-030,nh,0,27,0.04391102931513619,-0.00044368312945187446,0.044354712444588065,1,0.4375
sub-030,nh,0,28,-0.0576140112167017,-0.01180347782282521,-0.04581053339387649,0,0.4375
sub-030,nh,0,29,0.07013632625903074,-0.03433758346144228,0.10447390972047302,1,0.4375
sub-030,nh,0,30,-0.034826866326772656,-0.008668149241719535,-0.026158717085053122,0,0.4375
sub-030,nh,0,31,0.0004710715384285727,-0.01271901658920208,0.013190088127630652,1,0.4375
sub-031,nh,0,0,0.025664404884395076,0.03710195305042018,-0.011437548166025106,0,0.4375
sub-031,nh,0,1,0.03440107079706666,-0.01672772961812885,0.05112880041519551,1,0.4375
sub-031,nh,0,2,0.06204179893256706,-0.009716013718067244,0.0717578126506343,1,0.4375
sub-031,nh,0,3,0.011176922476497701,-0.03980478728776689,0.05098170976426459,1,0.4375
sub-031,nh,0,4,-0.046884412413199565,0.08042969640299963,-0.1273141088161992,0,0.4375
sub-031,nh,0,5,0.024485635643653275,0.02678655332927144,-0.002300917685618166,0,0.4375
sub-031,nh,0,6,0.03734583849465798,0.009604535874179131,0.02774130262047885,1,0.4375
sub-031,nh,0,7,0.02495914296225495,0.02222758039863651,0.00273156256361844,1,0.4375
sub-031,nh,0,8,0.015905370715309453,-0.024284714578977167,0.04019008529428662,1,0.4375
sub-031,nh,0,9,0.014898075145274881,0.003307760402703853,0.011590314742571028,1,0.4375
sub-031,nh,0,10,-0.09147312977405947,-0.03468476354577137,-0.0567883662282881,0,0.4375
sub-031,nh,0,11,-0.03539276373849173,-0.035911374067580264,0.0005186103290885369,1,0.4375
sub-031,nh,0,12,-0.031389676525676785,-0.06618264257178742,0.03479296604611064,1,0.4375
sub-031,nh,0,13,-0.01918743390371987,0.008665590457491162,-0.02785302436121103,0,0.4375
sub-031,nh,0,14,0.0435224071319684,-0.10270235202130443,0.14622475915327282,1,0.4375
sub-031,nh,0,15,-0.022844790432223178,0.04532763253166764,-0.06817242296389081,0,0.4375
sub-031,nh,0,16,-0.017929940227947576,-0.0005710311603082354,-0.01735890906763934,0,0.4375
sub-031,nh,0,17,-0.08847393170625414,-0.01934716679193417,-0.06912676491431997,0,0.4375
sub-031,nh,0,18,-0.045838078600607714,-0.03843891073528361,-0.007399167865324102,0,0.4375
sub-031,nh,0,19,-0.01751226872723764,0.04535812917472031,-0.06287039790195795,0,0.4375
sub-031,nh,0,20,0.006468322588336657,-0.00808856958228709,0.014556892170623746,1,0.4375
sub-031,nh,0,21,0.06946463693965609,-0.029237155038733798,0.09870179197838988,1,0.4375
sub-031,nh,0,22,-0.028777437865741586,-0.06473896230899646,0.03596152444325488,1,0.4375
sub-031,nh,0,23,-0.04957681546552211,0.04831385676999607,-0.09789067223551817,0,0.4375
sub-031,nh,0,24,-0.03433605739334092,0.04533791948351185,-0.07967397687685276,0,0.4375
sub-031,nh,0,25,-0.021332106021064286,0.06076334320232552,-0.08209544922338981,0,0.4375
sub-031,nh,0,26,-0.03358730453727961,0.05158832479499727,-0.08517562933227688,0,0.4375
sub-031,nh,0,27,-0.0010362776303084128,0.053755016309469376,-0.05479129393977779,0,0.4375
sub-031,nh,0,28,-0.02300394085214423,0.04528297130468777,-0.068286912156832,0,0.4375
sub-031,nh,0,29,-0.02315126692243281,0.003220266666450049,-0.02637153358888286,0,0.4375
sub-031,nh,0,30,0.010631724145933313,0.017685146724999358,-0.007053422579066045,0,0.4375
sub-031,nh,0,31,0.0836405662925443,-0.05670136790101836,0.14034193419356267,1,0.4375
sub-032,nh,0,0,-0.013273002076463486,-0.04222510927816442,0.02895210720170093,1,0.65625
sub-032,nh,0,1,0.01255362574961507,-0.11144362001655551,0.12399724576617058,1,0.65625
sub-032,nh,0,2,0.03339395707086107,-0.02623154009145288,0.059625497162313953,1,0.65625
sub-032,nh,0,3,-0.054532956573505965,0.06902741546999204,-0.12356037204349801,0,0.65625
sub-032,nh,0,4,0.06804952524694648,-0.013973119950351028,0.0820226451972975,1,0.65625
sub-032,nh,0,5,0.03103500233774145,-0.03293699676534317,0.06397199910308461,1,0.65625
sub-032,nh,0,6,-0.017614444074871612,0.08212559332806423,-0.09974003740293584,0,0.65625
sub-032,nh,0,7,0.028752361857585246,-0.017884804058930347,0.046637165916515594,1,0.65625
sub-032,nh,0,8,0.028443768137631293,0.01980635933244401,0.008637408805187284,1,0.65625
sub-032,nh,0,9,0.06164509652992177,-0.026293439973096435,0.08793853650301821,1,0.65625
sub-032,nh,0,10,0.022659367843842967,0.028467003935133253,-0.005807636091290286,0,0.65625
sub-032,nh,0,11,-0.013102603209720726,-0.04364611920089248,0.030543515991171756,1,0.65625
sub-032,nh,0,12,0.014257620839701527,-0.01137539802250522,0.025633018862206747,1,0.65625
sub-032,nh,0,13,0.017224561435271294,-0.01015583753093403,0.027380398966205324,1,0.65625
sub-032,nh,0,14,-0.04248481277893616,-0.011090487553283537,-0.03139432522565262,0,0.65625
sub-032,nh,0,15,0.007202204604866238,0.0028529737023261,0.004349230902540138,1,0.65625
sub-032,nh,0,16,0.013212884033650308,0.005506979075389798,0.0077059049582605095,1,0.65625
sub-032,nh,0,17,-0.010527052805112784,0.044561497772107383,-0.05508855057722017,0,0.65625
sub-032,nh,0,18,-0.023141615076440893,0.023643265009138572,-0.04678488008557946,0,0.65625
sub-032,nh,0,19,0.04085067466951285,-0.020235023126542486,0.06108569779605534,1,0.65625
sub-032,nh,0,20,0.02557045011112867,0.011200853400414481,0.014369596710714189,1,0.65625
sub-032,nh,0,21,0.07153847646776744,-0.03936895300556458,0.11090742947333201,1,0.65625
sub-032,nh,0,22,0.012022808775565722,0.029866535729845677,-0.017843726954279954,0,0.65625
sub-032,nh,0,23,0.04166500388991373,-0.03938941458451495,0.08105441847442868,1,0.65625
sub-032,nh,0,24,0.016266246221579735,-0.05042545726354494,0.06669170348512468,1,0.65625
sub-032,nh,0,25,0.010611203469527888,0.029538237055335603,-0.018927033585807714,0,0.65625
sub-032,nh,0,26,0.0681789415192243,-0.008235036922841776,0.07641397844206607,1,0.65625
sub-032,nh,0,27,0.0013249087706062224,0.012018554775363758,-0.010693646004757536,0,0.65625
sub-032,nh,0,28,0.009211930966784111,0.023184919241963895,-0.013972988275179784,0,0.65625
sub-032,nh,0,29,0.05196256878448126,0.024721405258609466,0.027241163525871793,1,0.65625
sub-032,nh,0,30,-0.08154623254094867,-0.08299545751482339,0.001449224973874716,1,0.65625
sub-032,nh,0,31,-0.06811410560725437,0.017112169597344844,-0.08522627520459922,0,0.65625
sub-033,nh,0,0,0.05523518129835478,0.02099025013695516,0.03424493116139962,1,0.6875
sub-033,nh,0,1,-0.049575580730404016,-0.049048833376192605,-0.0005267473542114112,0,0.6875
sub-033,nh,0,2,0.0021898499964718462,0.07631072048530398,-0.07412087048883213,0,0.6875
sub-033,nh,0,3,0.1406071603793842,0.04922967191196208,0.09137748846742212,1,0.6875
sub-033,nh,0,4,0.03540127160431574,-0.031294292893513244,0.06669556449782899,1,0.6875
sub-033,nh,0,5,0.025920264358419667,0.022792788125835364,0.003127476232584303,1,0.6875
sub-033,nh,0,6,0.03339424326337989,0.002378442804485952,0.03101580045889394,1,0.6875
sub-033,nh,0,7,0.042930437688331484,0.029638776633956542,0.013291661054374942,1,0.6875
sub-033,nh,0,8,0.004853577792275386,-0.0027186017512211983,0.007572179543496585,1,0.6875
sub-033,nh,0,9,-0.014073691299777284,0.03548565618551245,-0.049559347485289736,0,0.6875
sub-033,nh,0,10,-0.011679324942299561,0.0033466814946114705,-0.015026006436911031,0,0.6875
sub-033,nh,0,11,0.009973280051554935,0.009762731439698245,0.00021054861185668995,1,0.6875
sub-033,nh,0,12,0.09973737954812971,-0.0009203974456325481,0.10065777699376226,1,0.6875
sub-033,nh,0,13,0.09506160038352499,0.05805135226971354,0.03701024811381145,1,0.6875
sub-033,nh,0,14,-0.0891447232975551,-0.007604973039495429,-0.08153975025805968,0,0.6875
sub-033,nh,0,15,0.03721131080028865,-0.057182894905435794,0.09439420570572445,1,0.6875
sub-033,nh,0,16,0.040602490176931905,-0.019674424519174824,0.06027691469610673,1,0.6875
sub-033,nh,0,17,0.04295519790551463,-0.029100045973896312,0.07205524387941094,1,0.6875
sub-033,nh,0,18,0.00806575330195291,0.022932591476962624,-0.014866838175009714,0,0.6875
sub-033,nh,0,19,-0.03758621747284787,0.032328836725032034,-0.06991505419787991,0,0.6875
sub-033,nh,0,20,-0.006769653676401728,-0.008731627295657072,0.0019619736192553446,1,0.6875
sub-033,nh,0,21,-0.013683778272260893,-0.026618561144997804,0.012934782872736911,1,0.6875
sub-033,nh,0,22,0.05597816764745869,0.03787260768420149,0.018105559963257203,1,0.6875
sub-033,nh,0,23,0.08854624689412838,-0.08564951040364593,0.1741957572977743,1,0.6875
sub-033,nh,0,24,-0.08353086237062415,-0.018566538645198437,-0.06496432372542571,0,0.6875
sub-033,nh,0,25,0.13703356209251916,-0.12312129096298118,0.26015485305550035,1,0.6875
sub-033,nh,0,26,-0.010981484983961225,-0.03934215586641173,0.028360670882450506,1,0.6875
sub-033,nh,0,27,0.021871833058211332,-0.012315771789500597,0.034187604847711925,1,0.6875
sub-033,nh,0,28,-0.014896865686389696,0.10256070903702141,-0.1174575747234111,0,0.6875
sub-033,nh,0,29,0.06303868326912787,-0.04178942685769735,0.10482811012682522,1,0.6875
sub-033,nh,0,30,0.04037668861032803,-0.10018691352646986,0.1405636021367979,1,0.6875
sub-033,nh,0,31,-0.0697801863899351,-0.020177730454253733,-0.04960245593568137,0,0.6875
sub-034,nh,0,0,0.011787308689780632,-0.001201989315062902,0.012989298004843533,1,0.53125
sub-034,nh,0,1,-0.016786403323897026,0.032325417029138034,-0.04911182035303506,0,0.53125
sub-034,nh,0,2,-0.000118647309375027,-0.006127923733236157,0.00600927642386113,1,0.53125
sub-034,nh,0,3,0.05647111809657181,0.024701404936877277,0.031769713159694526,1,0.53125
sub-034,nh,0,4,-0.005805332511138653,-0.025422944025887715,0.019617611514749063,1,0.53125
sub-034,nh,0,5,0.04854796138945831,0.061337393938041045,-0.012789432548582731,0,0.53125
sub-034,nh,0,6,-0.03166251920033049,-0.08941326254361888,0.05775074334328839,1,0.53125
sub-034,nh,0,7,-0.015343581746136065,-0.0722416037774435,0.056898022031307435,1,0.53125
sub-034,nh,0,8,-0.04581575626947367,0.07262264728688218,-0.11843840355635585,0,0.53125
sub-034,nh,0,9,-0.036955017621420776,0.06216198169586533,-0.0991169993172861,0,0.53125
sub-034,nh,0,10,0.003825170111477104,0.017229196072000838,-0.013404025960523733,0,0.53125
sub-034,nh,0,11,0.008975408511289472,0.008627761128525351,0.0003476473827641203,1,0.53125
sub-034,nh,0,12,0.007422774825707488,0.02724401974280589,-0.019821244917098402,0,0.53125
sub-034,nh,0,13,0.04555684193601106,0.02353659967660962,0.02202024225940144,1,0.53125
sub-034,nh,0,14,-0.07878754943309477,-0.025704060219167348,-0.053083489213927415,0,0.53125
sub-034,nh,0,15,0.031081232577988827,0.015635159331742057,0.01544607324624677,1,0.53125
sub-034,nh,0,16,0.010300185561929187,0.022717022320479095,-0.012416836758549907,0,0.53125
sub-034,nh,0,17,-0.004468139716316495,-0.046857882547996645,0.04238974283168015,1,0.53125
sub-034,nh,0,18,-0.015385951373844194,-0.03706014444637296,0.02167419307252877,1,0.53125
sub-034,nh,0,19,0.035568942900623984,-0.017881383521619765,0.053450326422243746,1,0.53125
sub-034,nh,0,20,-0.011757103572272158,-0.027557168082743,0.015800064510470842,1,0.53125
sub-034,nh,0,21,-0.09206768197092527,-0.05509034841982819,-0.03697733355109708,0,0.53125
sub-034,nh,0,22,-0.02200339031270606,0.014810203716674348,-0.036813594029380406,0,0.53125
sub-034,nh,0,23,0.004891350726471919,0.013228291865463126,-0.008336941138991208,0,0.53125
sub-034,nh,0,24,0.02263004786549626,0.0062844444580652924,0.016345603407430964,1,0.53125
sub-034,nh,0,25,0.0029666394295630957,-0.08672473371301687,0.08969137314257997,1,0.53125
sub-034,nh,0,26,-0.036400806388326636,-0.06848692518602528,0.03208611879769865,1,0.53125
sub-034,nh,0,27,-0.034033811066488395,0.0005308669195381205,-0.03456467798602651,0,0.53125
sub-034,nh,0,28,-0.04447009636830925,0.016873695680213647,-0.0613437920485229,0,0.53125
sub-034,nh,0,29,-0.01809956615312684,-0.017599690980903207,-0.0004998751722236315,0,0.53125
sub-034,nh,0,30,0.009395353514590952,-0.007282997909080702,0.016678351423671654,1,0.53125
sub-034,nh,0,31,-0.08077972338764622,0.04547867595854249,-0.1262583993461887,0,0.53125
sub-035,nh,0,0,0.02568376400917827,0.016797952297536955,0.008885811711641316,1,0.375
sub-035,nh,0,1,-0.013365933246778594,-0.006799080644090838,-0.006566852602687756,0,0.375
sub-035,nh,0,2,-0.0033507701275301153,0.02253855314486042,-0.025889323272390536,0,0.375
sub-035,nh,0,3,0.04049498219966959,-0.07057983093460111,0.1110748131342707,1,0.375
sub-035,nh,0,4,-0.014917116510323736,-0.013087721729255715,-0.0018293947810680208,0,0.375
sub-035,nh,0,5,-0.010861919756567388,-0.0034486580797330594,-0.007413261676834329,0,0.375
sub-035,nh,0,6,-0.023697974503239454,-0.07172507274942204,0.048027098246182585,1,0.375
sub-035,nh,0,7,-0.0373387766594058,-0.06623979643301922,0.028901019773613423,1,0.375
sub-035,nh,0,8,0.055072327082059926,-0.02728670112201928,0.0823590282040792,1,0.375
sub-035,nh,0,9,0.028826387539635727,0.05340882575229753,-0.024582438212661803,0,0.375
sub-035,nh,0,10,-0.033589607792944134,0.06270395409483058,-0.09629356188777471,0,0.375
sub-035,nh,0,11,0.058020533264455776,-0.006702059815605443,0.06472259308006122,1,0.375
sub-035,nh,0,12,0.0776331709341962,0.08636595807973237,-0.008732787145536172,0,0.375
sub-035,nh,0,13,-0.03131038058757408,-0.011672946694091428,-0.01963743389348265,0,0.375
sub-035,nh,0,14,0.03602393166858985,0.021213730719328798,0.014810200949261054,1,0.375
sub-035,nh,0,15,-0.062285190189634236,0.10776912648859778,-0.170054316678232,0,0.375
sub-035,nh,0,16,-0.0026474653121361974,-0.015986612737008892,0.013339147424872695,1,0.375
sub-035,nh,0,17,-0.02907675745437058,-0.003109019193815008,-0.025967738260555574,0,0.375
sub-035,nh,0,18,-0.019234555415210467,-0.015557974727396534,-0.003676580687813933,0,0.375
sub-035,nh,0,19,-0.031709522663671594,-0.035449969275466814,0.00374044661179522,1,0.375
sub-035,nh,0,20,-0.02543494640912517,-0.013469067791874213,-0.011965878617250958,0,0.375
sub-035,nh,0,21,-0.0315811193024184,0.009703858705802877,-0.04128497800822128,0,0.375
sub-035,nh,0,22,-0.09589225856770411,0.11728358574053407,-0.2131758443082382,0,0.375
sub-035,nh,0,23,-0.03483063868102806,-0.0179632314004893,-0.016867407280538756,0,0.375
sub-035,nh,0,24,0.007139475096956936,-0.031924710274969216,0.03906418537192615,1,0.375
sub-035,nh,0,25,-0.018170492813466638,0.04848799532557845,-0.0666584881390451,0,0.375
sub-035,nh,0,26,-0.0274498292150744,-0.039210427566543506,0.011760598351469104,1,0.375
sub-035,nh,0,27,0.00014925581512208977,0.010987739248484644,-0.010838483433362554,0,0.375
sub-035,nh,0,28,-0.07825688281583823,0.01609089037809774,-0.09434777319393597,0,0.375
sub-035,nh,0,29,-0.01868840140059302,-0.04906518884520324,0.030376787444610222,1,0.375
sub-035,nh,0,30,-0.05662803259890704,-0.04485274060987635,-0.011775291989030684,0,0.375
sub-035,nh,0,31,0.016507189733850788,0.027226242568088418,-0.01071905283423763,0,0.375
sub-036,nh,0,0,-0.06367105324618734,-0.027643165510456157,-0.03602788773573118,0,0.53125
sub-036,nh,0,1,0.04023094019380603,-0.05257833551203681,0.09280927570584284,1,0.53125
sub-036,nh,0,2,0.02257082221663498,0.019517775875732554,0.003053046340902428,1,0.53125
sub-036,nh,0,3,0.06845103379599586,-0.02147846670086927,0.08992950049686513,1,0.53125
sub-036,nh,0,4,-0.014334051498226374,-0.06834770668685615,0.05401365518862977,1,0.53125
sub-036,nh,0,5,0.039895921469238996,-0.0414499984172162,0.0813459198864552,1,0.53125
sub-036,nh,0,6,0.03497453846471279,-0.024725791775206073,0.05970033023991886,1,0.53125
sub-036,nh,0,7,0.057523846536951535,0.006662785404579269,0.050861061132372265,1,0.53125
sub-036,nh,0,8,0.0062317885609921245,0.09889345056168129,-0.09266166200068916,0,0.53125
sub-036,nh,0,9,0.012922592163587633,-0.01638637389550874,0.029308966059096372,1,0.53125
sub-036,nh,0,10,-0.051260370519629825,0.0597747289325062,-0.11103509945213602,0,0.53125
sub-036,nh,0,11,0.07519638528442012,0.055424077810126884,0.019772307474293233,1,0.53125
sub-036,nh,0,12,-0.022449868262422706,0.039985974606571016,-0.06243584286899372,0,0.53125
sub-036,nh,0,13,-0.01204086983027685,-0.03930022514491241,0.02725935531463556,1,0.53125
sub-036,nh,0,14,0.013704892727468547,0.023740861928368967,-0.01003596920090042,0,0.53125
sub-036,nh,0,15,0.0015223278987095581,-0.004472534416369186,0.0059948623150787445,1,0.53125
sub-036,nh,0,16,-0.01052600408688765,-0.0459934819385527,0.03546747785166505,1,0.53125
sub-036,nh,0,17,0.005756349675431559,-0.03979428318097191,0.04555063285640347,1,0.53125
sub-036,nh,0,18,-0.08647043089012198,0.0113128027783896,-0.09778323366851158,0,0.53125
sub-036,nh,0,19,0.043733367589595576,0.005185135655371589,0.038548231934223985,1,0.53125
sub-036,nh,0,20,0.0286389333316636,0.06797483993926028,-0.03933590660759667,0,0.53125
sub-036,nh,0,21,-0.012953651481365075,0.03087341603299673,-0.04382706751436181,0,0.53125
sub-036,nh,0,22,-0.11272701148258787,-0.012003228768286188,-0.10072378271430169,0,0.53125
sub-036,nh,0,23,-0.025949465022708524,0.03401811309510007,-0.05996757811780859,0,0.53125
sub-036,nh,0,24,-0.014699859505951252,-0.0861279023361568,0.07142804283020555,1,0.53125
sub-036,nh,0,25,-0.04597708861753981,-0.09759695196032511,0.0516198633427853,1,0.53125
sub-036,nh,0,26,-0.08130307557462864,0.010743966184021818,-0.09204704175865046,0,0.53125
sub-036,nh,0,27,-0.053123546184732987,0.020536286255533526,-0.07365983244026651,0,0.53125
sub-036,nh,0,28,-0.06795208374126394,-0.011338577634930819,-0.05661350610633312,0,0.53125
sub-036,nh,0,29,0.03894612839822265,0.03481118563700724,0.004134942761215413,1,0.53125
sub-036,nh,0,30,-0.02710034199748573,-0.020580181486370513,-0.006520160511115217,0,0.53125
sub-036,nh,0,31,-0.05591152604509097,0.08645247859805162,-0.14236400464314258,0,0.53125
sub-037,nh,0,0,0.00037223792443888734,-0.04579632705040189,0.04616856497484077,1,0.15625
sub-037,nh,0,1,-0.056530292288290186,0.046750774809894265,-0.10328106709818445,0,0.15625
sub-037,nh,0,2,-0.06646937724228537,0.01223720286176166,-0.07870658010404703,0,0.15625
sub-037,nh,0,3,-0.03152023739214198,0.0023648086611318102,-0.03388504605327379,0,0.15625
sub-037,nh,0,4,0.008331726148445965,0.0549523044197668,-0.04662057827132084,0,0.15625
sub-037,nh,0,5,-0.06421781973041846,-0.008502543525016898,-0.05571527620540156,0,0.15625
sub-037,nh,0,6,0.013012141591722887,0.022937597256945396,-0.009925455665222509,0,0.15625
sub-037,nh,0,7,0.008970283386338335,-0.09624329359117922,0.10521357697751756,1,0.15625
sub-037,nh,0,8,-0.05328851727271517,0.07631530729586704,-0.12960382456858222,0,0.15625
sub-037,nh,0,9,0.02245987503016626,0.01221549346097186,0.010244381569194399,1,0.15625
sub-037,nh,0,10,-0.009342429146551989,0.0029568197021078908,-0.012299248848659879,0,0.15625
sub-037,nh,0,11,-0.007604544208839179,0.03182154316173018,-0.03942608737056936,0,0.15625
sub-037,nh,0,12,-0.041432999482077806,0.01592623256344593,-0.057359232045523734,0,0.15625
sub-037,nh,0,13,-0.04749846896085777,0.08158159171240344,-0.12908006067326122,0,0.15625
sub-037,nh,0,14,-0.012976416430354663,0.09171635533538665,-0.10469277176574131,0,0.15625
sub-037,nh,0,15,-0.08021619746968219,-0.04535477264947054,-0.034861424820211644,0,0.15625
sub-037,nh,0,16,0.036230352854466887,0.0367334786068283,-0.0005031257523614163,0,0.15625
sub-037,nh,0,17,0.02444112618751012,0.021969240590110305,0.0024718855973998137,1,0.15625
sub-037,nh,0,18,-0.004137861695472108,-0.0014687326838802907,-0.002669129011591818,0,0.15625
sub-037,nh,0,19,-0.006999479304611245,0.03123955623246041,-0.038239035537071656,0,0.15625
sub-037,nh,0,20,-0.051907562528942845,-0.01802447715364591,-0.03388308537529694,0,0.15625
sub-037,nh,0,21,0.005046289735719356,0.010381374155584657,-0.005335084419865301,0,0.15625
sub-037,nh,0,22,-0.045970855729473084,-0.036111925273193395,-0.00985893045627969,0,0.15625
sub-037,nh,0,23,-0.019559490798846398,0.0028669426304237526,-0.02242643342927015,0,0.15625
sub-037,nh,0,24,-0.019129788545178373,0.001496502823863305,-0.020626291369041677,0,0.15625
sub-037,nh,0,25,-0.06371035311188013,0.01188225579876413,-0.07559260891064426,0,0.15625
sub-037,nh,0,26,-0.0019291180502023176,0.0012775964411699914,-0.003206714491372309,0,0.15625
sub-037,nh,0,27,0.03444618965833761,0.09106610335819255,-0.056619913699854946,0,0.15625
sub-037,nh,0,28,0.04297292103599013,0.03070622861711071,0.012266692418879423,1,0.15625
sub-037,nh,0,29,0.022758487105326273,0.05475002021310811,-0.03199153310778184,0,0.15625
sub-037,nh,0,30,-0.001376961093248944,0.06707902065989503,-0.06845598175314398,0,0.15625
sub-037,nh,0,31,-0.05710577329277921,-0.010735491645024074,-0.046370281647755134,0,0.15625
sub-038,nh,0,0,-0.030723427642625655,0.08149068301039242,-0.11221411065301808,0,0.46875
sub-038,nh,0,1,-0.053892173613342885,0.042341116889654376,-0.09623329050299725,0,0.46875
sub-038,nh,0,2,0.03799407680652986,-0.013479946614944728,0.051474023421474585,1,0.46875
sub-038,nh,0,3,-0.05948648681704631,-0.007013470571364996,-0.05247301624568131,0,0.46875
sub-038,nh,0,4,-0.0365963538022863,0.037414910424853745,-0.07401126422714005,0,0.46875
sub-038,nh,0,5,-0.08457524624362439,0.017184073193186284,-0.10175931943681067,0,0.46875
sub-038,nh,0,6,0.022120450784547774,-0.03013979523835777,0.05226024602290555,1,0.46875
sub-038,nh,0,7,0.00322593183743261,0.0689570714781412,-0.06573113964070859,0,0.46875
sub-038,nh,0,8,0.013161124556519275,-0.010564601166119994,0.02372572572263927,1,0.46875
sub-038,nh,0,9,-0.02619099990194947,0.0016304484821783203,-0.02782144838412779,0,0.46875
sub-038,nh,0,10,0.03130361134220227,-0.021782531394420677,0.053086142736622946,1,0.46875
sub-038,nh,0,11,0.029414352446142124,-0.00011418629391734284,0.02952853874005947,1,0.46875
sub-038,nh,0,12,-0.06256525842585765,-0.04400588385874485,-0.018559374567112805,0,0.46875
sub-038,nh,0,13,-0.050197077798775705,0.02317433971610418,-0.07337141751487988,0,0.46875
sub-038,nh,0,14,0.008252073144194858,-0.01183276264426707,0.02008483578846193,1,0.46875
sub-038,nh,0,15,-0.10100639655095268,-0.06073721926670288,-0.04026917728424981,0,0.46875
sub-038,nh,0,16,0.03026585557411925,0.08761052022392737,-0.05734466464980813,0,0.46875
sub-038,nh,0,17,-0.024660840897214965,-0.01311744896529802,-0.011543391931916945,0,0.46875
sub-038,nh,0,18,0.02039214514082573,-0.016654270897158853,0.037046416037984586,1,0.46875
sub-038,nh,0,19,0.025608109754916585,0.08662949220847826,-0.06102138245356168,0,0.46875
sub-038,nh,0,20,0.04270007697081308,-0.012170216975994573,0.054870293946807654,1,0.46875
sub-038,nh,0,21,0.028952779771298478,-0.054612431820666864,0.08356521159196534,1,0.46875
sub-038,nh,0,22,0.016530271678737336,-0.06851510559012453,0.08504537726886185,1,0.46875
sub-038,nh,0,23,0.035980160840916334,0.024200716438676915,0.011779444402239419,1,0.46875
sub-038,nh,0,24,-0.08422076968768893,-0.060138678973018084,-0.02408209071467085,0,0.46875
sub-038,nh,0,25,-0.030760835969312682,-0.025879024179855464,-0.004881811789457218,0,0.46875
sub-038,nh,0,26,0.002153181348145971,-0.021554915585983322,0.023708096934129293,1,0.46875
sub-038,nh,0,27,0.011480130917640441,-0.017650773331516708,0.02913090424915715,1,0.46875
sub-038,nh,0,28,-0.03272327022826461,-0.0261481796994199,-0.006575090528844706,0,0.46875
sub-038,nh,0,29,-0.07060815410064714,-0.007048882420137505,-0.06355927168050964,0,0.46875
sub-038,nh,0,30,0.03577629886765556,-0.004232987537504138,0.040009286405159696,1,0.46875
sub-038,nh,0,31,0.011217443407346117,-0.023305985846079062,0.03452342925342518,1,0.46875
sub-039,nh,0,0,-0.04504723896496119,-0.021618015868144994,-0.023429223096816196,0,0.59375
sub-039,nh,0,1,-0.023958317239053728,-0.06296797651103453,0.0390096592719808,1,0.59375
sub-039,nh,0,2,-0.10409820298796862,-0.009051075454848052,-0.09504712753312057,0,0.59375
sub-039,nh,0,3,-0.03703342998729519,-0.10086225502956943,0.06382882504227425,1,0.59375
sub-039,nh,0,4,-0.01544038618692918,-0.016466260869831814,0.0010258746829026333,1,0.59375
sub-039,nh,0,5,0.03783429180797091,0.08403872546484109,-0.04620443365687018,0,0.59375
sub-039,nh,0,6,-0.05737216173068323,-0.0038715732001808095,-0.053500588530502415,0,0.59375
sub-039,nh,0,7,0.024874141422484928,0.008615687459545131,0.016258453962939796,1,0.59375
sub-039,nh,0,8,0.05294828310628358,-0.010011114382862249,0.06295939748914582,1,0.59375
sub-039,nh,0,9,0.042430485647189306,0.027649791494083076,0.01478069415310623,1,0.59375
sub-039,nh,0,10,0.02265932482126157,-0.060775105537953567,0.08343443035921513,1,0.59375
sub-039,nh,0,11,0.06756289823290257,-0.06790276080011436,0.13546565903301694,1,0.59375
sub-039,nh,0,12,0.02413569611985529,0.00469497219046465,0.01944072392939064,1,0.59375
sub-039,nh,0,13,0.03165521111867431,0.02726550615159965,0.004389704967074658,1,0.59375
sub-039,nh,0,14,-0.04176425566010991,-0.05199567414872575,0.010231418488615841,1,0.59375
sub-039,nh,0,15,0.03386652268203464,0.04437100541556362,-0.010504482733528983,0,0.59375
sub-039,nh,0,16,0.02409971651303841,-0.0067733835022537395,0.03087310001529215,1,0.59375
sub-039,nh,0,17,-0.033249302533198535,-0.027338650962056506,-0.005910651571142029,0,0.59375
sub-039,nh,0,18,-0.09082964692566839,0.07002110401244505,-0.16085075093811343,0,0.59375
sub-039,nh,0,19,-0.08989156286600239,0.0509991820334169,-0.14089074489941927,0,0.59375
sub-039,nh,0,20,0.031207990809437834,-0.02316283587421278,0.05437082668365062,1,0.59375
sub-039,nh,0,21,0.022811696554912473,-0.03288611933371249,0.05569781588862496,1,0.59375
sub-039,nh,0,22,0.006791154683454116,-0.021571995289304466,0.028363149972758583,1,0.59375
sub-039,nh,0,23,-0.0012151605425016101,-0.09321545000503703,0.09200028946253543,1,0.59375
sub-039,nh,0,24,0.010777777948158684,-0.008070542358724342,0.018848320306883028,1,0.59375
sub-039,nh,0,25,-0.0034424299793112565,0.017391183333427776,-0.020833613312739033,0,0.59375
sub-039,nh,0,26,-0.041914120591440146,0.04421720804482885,-0.08613132863626899,0,0.59375
sub-039,nh,0,27,0.04029163957593399,-0.03090597137838025,0.07119761095431425,1,0.59375
sub-039,nh,0,28,-0.08619559979193683,0.08078804534462847,-0.1669836451365653,0,0.59375
sub-039,nh,0,29,0.06387499592341364,-0.04412079654895833,0.10799579247237197,1,0.59375
sub-039,nh,0,30,0.0076317453368172535,0.009409391338187868,-0.0017776460013706145,0,0.59375
sub-039,nh,0,31,-0.011406991663065868,0.047360107611511985,-0.05876709927457785,0,0.59375
sub-040,nh,0,0,-0.13770616399162638,0.028086693431003142,-0.16579285742262953,0,0.53125
sub-040,nh,0,1,-0.07311006492065715,-0.023659187693130784,-0.04945087722752636,0,0.53125
sub-040,nh,0,2,-0.02935331131756957,0.05378967828247762,-0.08314298960004719,0,0.53125
sub-040,nh,0,3,0.04627679544859224,-0.10293965921718205,0.1492164546657743,1,0.53125
sub-040,nh,0,4,0.061611281910579345,-0.013561278231237959,0.07517256014181731,1,0.53125
sub-040,nh,0,5,0.023094147153469125,0.07440748173014701,-0.05131333457667789,0,0.53125
sub-040,nh,0,6,0.03493894188752255,-0.046752768182941024,0.08169171007046358,1,0.53125
sub-040,nh,0,7,-0.04322574605863855,-0.015363998063728027,-0.02786174799491052,0,0.53125
sub-040,nh,0,8,0.07563307631175013,0.022389038521744373,0.05324403779000576,1,0.53125
sub-040,nh,0,9,0.03477236597280802,-0.005662963429688317,0.04043532940249634,1,0.53125
sub-040,nh,0,10,-0.0010974894756135703,-0.043345864505561674,0.042248375029948104,1,0.53125
sub-040,nh,0,11,-0.021501262016569402,0.016878365478695544,-0.03837962749526495,0,0.53125
sub-040,nh,0,12,-0.020723444265389898,0.010758708851776804,-0.031482153117166706,0,0.53125
sub-040,nh,0,13,0.06050006079697726,-0.04250321077482639,0.10300327157180365,1,0.53125
sub-040,nh,0,14,-0.02215814146581263,-0.00041262389785098213,-0.02174551756796165,0,0.53125
sub-040,nh,0,15,0.00998523589289375,-0.03340379632194158,0.043389032214835324,1,0.53125
sub-040,nh,0,16,-0.018153506972638893,-0.007337681408437796,-0.010815825564201097,0,0.53125
sub-040,nh,0,17,0.02222971881552956,-0.007128222525082727,0.029357941340612287,1,0.53125
sub-040,nh,0,18,-0.03690115964667505,-0.0728898311100117,0.03598867146333665,1,0.53125
sub-040,nh,0,19,0.06250931641855802,-0.08042930951996094,0.14293862593851897,1,0.53125
sub-040,nh,0,20,0.01668840712051262,0.04164388370795897,-0.02495547658744635,0,0.53125
sub-040,nh,0,21,-0.024752168875567165,0.0005436256464494069,-0.025295794522016572,0,0.53125
sub-040,nh,0,22,0.011923834266448033,0.039706446998940374,-0.027782612732492343,0,0.53125
sub-040,nh,0,23,0.031579040941767125,-0.043487453639115596,0.07506649458088271,1,0.53125
sub-040,nh,0,24,-0.014884953001518365,-0.043694615197813605,0.02880966219629524,1,0.53125
sub-040,nh,0,25,0.06098757202223933,0.02365102333762867,0.03733654868461066,1,0.53125
sub-040,nh,0,26,0.008207021245707208,0.01705597354746499,-0.00884895230175778,0,0.53125
sub-040,nh,0,27,-0.002885984218182693,0.05601487686056927,-0.05890086107875196,0,0.53125
sub-040,nh,0,28,-0.0060727066222639025,0.10024192313695886,-0.10631462975922276,0,0.53125
sub-040,nh,0,29,0.029806760588766357,-0.06947355757604559,0.09928031816481195,1,0.53125
sub-040,nh,0,30,-0.004861957796982546,-0.03408505894151381,0.029223101144531267,1,0.53125
sub-040,nh,0,31,-0.003792764349704977,-0.06691901266922787,0.06312624831952289,1,0.53125
sub-041,hi,1,0,0.018662314408186654,0.021864149022038596,-0.003201834613851942,0,0.625
sub-041,hi,1,1,-0.013980112654947936,-0.03704541045431222,0.023065297799364285,1,0.625
sub-041,hi,1,2,0.08115242684459922,-0.005315548938267302,0.08646797578286652,1,0.625
sub-041,hi,1,3,0.01792403095774127,0.01382700001716049,0.004097030940580778,1,0.625
sub-041,hi,1,4,0.044637128769121744,-0.07511154236813962,0.11974867113726137,1,0.625
sub-041,hi,1,5,0.021351505848227714,0.0606741277639295,-0.03932262191570178,0,0.625
sub-041,hi,1,6,-0.007421964081143653,0.022799612063323267,-0.03022157614446692,0,0.625
sub-041,hi,1,7,0.027159551503055806,-0.014997539494552903,0.04215709099760871,1,0.625
sub-041,hi,1,8,-0.003656591670128814,-0.06176783311432904,0.058111241444200226,1,0.625
sub-041,hi,1,9,0.01561914495050468,0.0023319485850115925,0.013287196365493088,1,0.625
sub-041,hi,1,10,0.023541029918377532,-0.05877878569512743,0.08231981561350496,1,0.625
sub-041,hi,1,11,-0.10161870661290594,0.018960604288002517,-0.12057931090090845,0,0.625
sub-041,hi,1,12,-0.040399915149597225,-0.03667144618377921,-0.0037284689658180145,0,0.625
sub-041,hi,1,13,0.03640458506679327,-0.02093905404567099,0.05734363911246426,1,0.625
sub-041,hi,1,14,-0.004102727622776912,-0.10510501420943763,0.10100228658666072,1,0.625
sub-041,hi,1,15,0.10963960554047432,0.011847821757545706,0.09779178378292862,1,0.625
sub-041,hi,1,16,0.0365148160643952,-0.025927361493343154,0.06244217755773836,1,0.625
sub-041,hi,1,17,-0.06142379926684271,0.02957996757809985,-0.09100376684494256,0,0.625
sub-041,hi,1,18,-0.030746153847675078,0.02840941381830026,-0.05915556766597534,0,0.625
sub-041,hi,1,19,-0.011443284049015064,-0.07349147377380384,0.062048189724788774,1,0.625
sub-041,hi,1,20,0.0022050011332685796,0.05445289998532552,-0.05224789885205694,0,0.625
sub-041,hi,1,21,0.02176278210050837,-0.01949469407553107,0.04125747617603944,1,0.625
sub-041,hi,1,22,0.010197400394471407,-0.034987820604412995,0.045185220998884404,1,0.625
sub-041,hi,1,23,-0.006832984920487831,0.0615444737069324,-0.06837745862742023,0,0.625
sub-041,hi,1,24,0.006253393622089826,0.020087202407511755,-0.013833808785421928,0,0.625
sub-041,hi,1,25,-0.032440529661873656,-0.049072050653388606,0.01663152099151495,1,0.625
sub-041,hi,1,26,-0.003838480329187498,-0.0741567966901142,0.0703183163609267,1,0.625
sub-041,hi,1,27,-0.04828885560967125,0.05662161745198662,-0.10491047306165788,0,0.625
sub-041,hi,1,28,-0.04157432414735997,-0.08816970243467996,0.046595378287319994,1,0.625
sub-041,hi,1,29,-0.04089319120233874,0.0009654527178272021,-0.04185864392016594,0,0.625
sub-041,hi,1,30,-0.022475307406859713,-0.0748198562192932,0.052344548812433486,1,0.625
sub-041,hi,1,31,0.038460548051151226,-0.04765862775522997,0.0861191758063812,1,0.625
sub-042,hi,1,0,-0.011757770702660425,0.02215546798935861,-0.03391323869201904,0,0.375
sub-042,hi,1,1,-0.024024137295771256,-0.031335460529910306,0.00731132323413905,1,0.375
sub-042,hi,1,2,-0.04695568714101962,-0.00021208662825740736,-0.04674360051276222,0,0.375
sub-042,hi,1,3,0.07512522849209045,0.0242387188089375,0.050886509683152954,1,0.375
sub-042,hi,1,4,-0.038752191787106184,-0.027652800059745204,-0.01109939172736098,0,0.375
sub-042,hi,1,5,0.0019835822582889217,-0.04649101418299781,0.04847459644128673,1,0.375
sub-042,hi,1,6,0.00591296342767126,0.05644784941261773,-0.05053488598494647,0,0.375
sub-042,hi,1,7,0.026143529979938233,0.09287344675718619,-0.06672991677724796,0,0.375
sub-042,hi,1,8,0.024614623451309662,-0.03760283006071895,0.062217453512028606,1,0.375
sub-042,hi,1,9,0.038963043054341596,-0.0771234318556789,0.1160864749100205,1,0.375
sub-042,hi,1,10,-0.0808481254152592,-0.005007192666676984,-0.07584093274858221,0,0.375
sub-042,hi,1,11,0.042112702683503256,0.01779823475911531,0.024314467924387947,1,0.375
sub-042,hi,1,12,-0.009862177016262961,0.07975265780554369,-0.08961483482180665,0,0.375
sub-042,hi,1,13,0.030394314084789202,-0.04830203614168588,0.07869635022647509,1,0.375
sub-042,hi,1,14,-0.02634648691160167,0.03162367403333323,-0.0579701609449349,0,0.375
sub-042,hi,1,15,0.014849351926241788,-0.01423950668796539,0.02908885861420718,1,0.375
sub-042,hi,1,16,0.025724439799863368,-0.005295352202889748,0.031019792002753115,1,0.375
sub-042,hi,1,17,0.020876533101659187,0.0006169342500368956,0.02025959885162229,1,0.375
sub-042,hi,1,18,-0.05247186219957525,-0.014555859020589252,-0.037916003178986,0,0.375
sub-042,hi,1,19,-0.05304313445203251,-0.035484885508025664,-0.017558248944006843,0,0.375
sub-042,hi,1,20,-0.09912863163325587,0.026888703537727272,-0.12601733517098315,0,0.375
sub-042,hi,1,21,-0.02080969720871994,0.035262047877573977,-0.056071745086293916,0,0.375
sub-042,hi,1,22,0.09169452269630383,-0.07230123187334273,0.16399575456964655,1,0.375
sub-042,hi,1,23,-0.07168799108338776,-0.012308855440790635,-0.05937913564259713,0,0.375
sub-042,hi,1,24,-0.04691962604053879,-0.016693720191233934,-0.030225905849304853,0,0.375
sub-042,hi,1,25,-0.007707691942976833,0.012593036193624466,-0.020300728136601297,0,0.375
sub-042,hi,1,26,0.022171158159672258,-0.02767263949869144,0.0498437976583637,1,0.375
sub-042,hi,1,27,-0.02584690109781493,0.08417724696608996,-0.11002414806390488,0,0.375
sub-042,hi,1,28,-0.0022106034723958154,0.04070352373428933,-0.042914127206685145,0,0.375
sub-042,hi,1,29,-0.012121054247795464,0.013846722555282675,-0.025967776803078137,0,0.375
sub-042,hi,1,30,-0.024685388210010702,-0.01974062840470302,-0.004944759805307682,0,0.375
sub-042,hi,1,31,-0.05874749630326432,0.04801160591196392,-0.10675910221522825,0,0.375
sub-043,nh,0,0,0.04649265439321042,0.051441327733709866,-0.004948673340499449,0,0.46875
sub-043,nh,0,1,0.008835766532253497,-0.0830830588152667,0.0919188253475202,1,0.46875
sub-043,nh,0,2,0.05633646392675366,0.045366226943753946,0.010970236982999718,1,0.46875
sub-043,nh,0,3,-0.038422753930988165,0.034715242937183546,-0.07313799686817171,0,0.46875
sub-043,nh,0,4,0.03979077972543142,-0.006770711491197232,0.046561491216628656,1,0.46875
sub-043,nh,0,5,0.013713588277064412,0.005649161651186394,0.008064426625878019,1,0.46875
sub-043,nh,0,6,-0.1028019555734031,-0.029063588239442828,-0.07373836733396028,0,0.46875
sub-043,nh,0,7,0.007005353241225141,-0.005471664028570557,0.012477017269795698,1,0.46875
sub-043,nh,0,8,-0.02708175618017941,-0.008274821592468047,-0.018806934587711363,0,0.46875
sub-043,nh,0,9,-0.006440865201159141,0.014414767397735125,-0.020855632598894266,0,0.46875
sub-043,nh,0,10,-0.002558345599214688,-0.014649707528001758,0.01209136192878707,1,0.46875
sub-043,nh,0,11,-0.04149727982040103,-0.019996141187850876,-0.021501138632550154,0,0.46875
sub-043,nh,0,12,-0.038611627573107106,0.03931272893563581,-0.07792435650874291,0,0.46875
sub-043,nh,0,13,-0.032995885742904685,0.032740435435786544,-0.06573632117869123,0,0.46875
sub-043,nh,0,14,0.0946109626719374,-0.010685815612672763,0.10529677828461016,1,0.46875
sub-043,nh,0,15,0.0645748231446513,0.07042096905404753,-0.005846145909396236,0,0.46875
sub-043,nh,0,16,-0.028817942899986158,0.0648268718239631,-0.09364481472394925,0,0.46875
sub-043,nh,0,17,-0.02133826431937438,-0.0511143028918178,0.02977603857244342,1,0.46875
sub-043,nh,0,18,-0.030802258555030042,0.012693224585062345,-0.043495483140092384,0,0.46875
sub-043,nh,0,19,-0.016031316408978293,0.025482540526805493,-0.041513856935783786,0,0.46875
sub-043,nh,0,20,0.01563826362470623,-0.07361899450280755,0.08925725812751378,1,0.46875
sub-043,nh,0,21,0.026801050091354903,0.06862209827432926,-0.04182104818297436,0,0.46875
sub-043,nh,0,22,0.009765614757979109,-0.04416641946485263,0.053932034222831736,1,0.46875
sub-043,nh,0,23,-0.02932363799952614,-0.008949690118777604,-0.020373947880748533,0,0.46875
sub-043,nh,0,24,0.013788738436297285,-0.02506666087288145,0.03885539930917874,1,0.46875
sub-043,nh,0,25,-0.09340531914710948,-0.041688762792621084,-0.051716556354488394,0,0.46875
sub-043,nh,0,26,0.07307481246863853,0.0022368643788508113,0.07083794808978772,1,0.46875
sub-043,nh,0,27,-0.022637690587035676,0.013410778408515733,-0.036048468995551405,0,0.46875
sub-043,nh,0,28,-0.010326854482750687,-0.02694310640385818,0.016616251921107494,1,0.46875
sub-043,nh,0,29,0.013086461228756844,0.007260914201739363,0.005825547027017481,1,0.46875
sub-043,nh,0,30,-0.004430296849701028,0.028955316916207192,-0.03338561376590822,0,0.46875
sub-043,nh,0,31,0.0010254702653705614,-0.019592748271278916,0.02061821853664948,1,0.46875
sub-044,nh,0,0,0.03773190931137462,0.03259602520880622,0.0051358841025683985,1,0.375
sub-044,nh,0,1,0.01645152365949227,0.00532865771825641,0.01112286594123586,1,0.375
sub-044,nh,0,2,-0.048240453519082536,-0.01501232549900709,-0.033228128020075444,0,0.375
sub-044,nh,0,3,-0.07386549574196999,-0.013125259753057596,-0.06074023598891239,0,0.375
sub-044,nh,0,4,-0.05977322050765662,0.023608531588606582,-0.0833817520962632,0,0.375
sub-044,nh,0,5,0.05876713585947562,0.058283444335336346,0.000483691524139275,1,0.375
sub-044,nh,0,6,-0.09471651025731012,-0.02301517463138942,-0.07170133562592071,0,0.375
sub-044,nh,0,7,0.07193149684774493,0.04162913331296668,0.03030236353477825,1,0.375
sub-044,nh,0,8,0.03062486036896814,0.03651639371725017,-0.005891533348282029,0,0.375
sub-044,nh,0,9,-0.021525615228739716,-0.015132924616559941,-0.006392690612179775,0,0.375
sub-044,nh,0,10,-0.05244635449599592,-0.056263930135825736,0.0038175756398298177,1,0.375
sub-044,nh,0,11,0.01941388368262719,-0.11251732168982737,0.13193120537245456,1,0.375
sub-044,nh,0,12,-0.04704509542495207,0.06619066342982743,-0.1132357588547795,0,0.375
sub-044,nh,0,13,-0.059813720499856234,0.12538312480641656,-0.18519684530627278,0,0.375
sub-044,nh,0,14,-0.0064566022025260164,0.1167737025334149,-0.12323030473594092,0,0.375
sub-044,nh,0,15,0.006826281619163263,-0.06137531848954858,0.06820160010871185,1,0.375
sub-044,nh,0,16,0.04757601845852523,-0.028330617576131003,0.07590663603465624,1,0.375
sub-044,nh,0,17,0.04107668701022517,-0.006286970489883659,0.047363657500108826,1,0.375
sub-044,nh,0,18,-0.05713438669839353,-0.052470698100701915,-0.004663688597691618,0,0.375
sub-044,nh,0,19,-0.07689722521245007,0.04799335777251998,-0.12489058298497005,0,0.375
sub-044,nh,0,20,-0.047648141416759104,0.03956749315403094,-0.08721563457079004,0,0.375
sub-044,nh,0,21,-0.11884304363946604,-0.06995639237603464,-0.048886651263431405,0,0.375
sub-044,nh,0,22,-0.10531864227346406,0.01624236373044406,-0.12156100600390812,0,0.375
sub-044,nh,0,23,-0.05950740424625649,-0.014375469389246756,-0.04513193485700973,0,0.375
sub-044,nh,0,24,0.0008848634528658888,0.03127321856338736,-0.030388355110521473,0,0.375
sub-044,nh,0,25,-0.04731370079811105,0.0010713480600393261,-0.04838504885815038,0,0.375
sub-044,nh,0,26,0.0025770197131445675,0.010408529893387067,-0.0078315101802425,0,0.375
sub-044,nh,0,27,0.04132294046703546,0.10542084333819107,-0.0640979028711556,0,0.375
sub-044,nh,0,28,-0.055181140385196246,-0.1249698465584577,0.06978870617326147,1,0.375
sub-044,nh,0,29,-0.01544388574363028,-0.03384547801100662,0.018401592267376338,1,0.375
sub-044,nh,0,30,0.041929112876494624,-0.07124633921705062,0.11317545209354524,1,0.375
sub-044,nh,0,31,0.030100103031058343,0.0698430305955009,-0.03974292756444256,0,0.375
